rank,pseudo,points,level,date
1,scottsbury,2647,Abordable,2026-03-06
2,Cokeuhlikot,2644,Abordable,2026-03-06
3,levraieinstein,2623,Abordable,2026-03-06
4,mdr_olfan79,2620,Abordable,2026-03-06
5,XavINSA_,2591,Abordable,2026-03-06
6,akypiiik,2570,Abordable,2026-03-06
7,skayyrr0x,2554,Abordable,2026-03-06
8,DevilSoul_,2527,Abordable,2026-03-06
9,fabode26,2527,Abordable,2026-03-06
10,mycanou,2493,Abordable,2026-03-06
11,mighty_lorenzo,2492,Abordable,2026-03-06
12,Enarkael,2469,Abordable,2026-03-06
13,livhervient,2469,Abordable,2026-03-06
14,shazamgui,2461,Abordable,2026-03-06
15,Oriharaaa_,2454,Abordable,2026-03-06
16,leila110505,2449,Abordable,2026-03-06
17,slippingsatu,2430,Abordable,2026-03-06
18,tetraphenylporphyrine,2429,Abordable,2026-03-06
19,eden91940,2427,Abordable,2026-03-06
20,Herbiv,2420,Abordable,2026-03-06
21,ClemtiCP,2419,Abordable,2026-03-06
22,CVousLaServiette,2393,Abordable,2026-03-06
23,kecyftn,2391,Abordable,2026-03-06
24,Mentore36,2390,Abordable,2026-03-06
25,th3_fr3nch_baguette,2389,Abordable,2026-03-06
26,chocoregliss,2388,Abordable,2026-03-06
27,marcdupont2,2380,Abordable,2026-03-06
28,Microwifix,2380,Abordable,2026-03-06
29,daitogalaxy8,2379,Abordable,2026-03-06
30,motel_86,2376,Abordable,2026-03-06
31,sappheiross_,2374,Abordable,2026-03-06
32,Lvxn_,2369,Abordable,2026-03-06
33,torethiel,2367,Abordable,2026-03-06
34,narixrl,2364,Abordable,2026-03-06
35,ElColchoneroFR,2364,Abordable,2026-03-06
36,robin_des_boites_,2360,Abordable,2026-03-06
37,Pyjamartin,2355,Abordable,2026-03-06
38,Kukoru,2355,Abordable,2026-03-06
39,freulanf,2351,Abordable,2026-03-06
40,chaxnard,2346,Abordable,2026-03-06
41,gavheda,2343,Abordable,2026-03-06
42,Feelinqqq,2340,Abordable,2026-03-06
43,Poy0o7,2337,Abordable,2026-03-06
44,SkylagStream,2334,Abordable,2026-03-06
45,Generation_90,2331,Abordable,2026-03-06
46,Guit0u_,2327,Abordable,2026-03-06
47,ralph_flo,2323,Abordable,2026-03-06
48,JankieChad,2322,Abordable,2026-03-06
49,aymr_6,2319,Abordable,2026-03-06
50,Altaw,2319,Abordable,2026-03-06
51,geoozer,2318,Abordable,2026-03-06
52,carminacarlotta,2318,Abordable,2026-03-06
53,oopsxful,2317,Abordable,2026-03-06
54,Barde_Choco,2315,Abordable,2026-03-06
55,Theodiric3,2311,Abordable,2026-03-06
56,bipraxk,2304,Abordable,2026-03-06
57,guigsdu17,2302,Abordable,2026-03-06
58,xaviersteyer,2298,Abordable,2026-03-06
59,marethii,2292,Abordable,2026-03-06
60,TahzioRadioFrance,2289,Abordable,2026-03-06
61,KorovievBC,2285,Abordable,2026-03-06
62,Axelfauteuil,2284,Abordable,2026-03-06
63,RedySkull,2283,Abordable,2026-03-06
64,Akena_EFE,2282,Abordable,2026-03-06
65,DracoFlo_ssb,2281,Abordable,2026-03-06
66,wintersoldier_bas,2280,Abordable,2026-03-06
67,giorgiomoritz,2280,Abordable,2026-03-06
68,kingbourbondodo,2279,Abordable,2026-03-06
69,SquareVerySoft,2278,Abordable,2026-03-06
70,RED_JAZ,2276,Abordable,2026-03-06
71,pindeslandes2,2269,Abordable,2026-03-06
72,Cool_Yaoul,2266,Abordable,2026-03-06
73,doopsy2,2261,Abordable,2026-03-06
74,Ilowzzyy_,2259,Abordable,2026-03-06
75,lolokhali,2258,Abordable,2026-03-06
76,OutOfSight25,2257,Abordable,2026-03-06
77,alex_11_19_96,2257,Abordable,2026-03-06
78,alternatif_,2255,Abordable,2026-03-06
79,raph1414,2252,Abordable,2026-03-06
80,Deelfe,2252,Abordable,2026-03-06
81,benderrrrrrrrrrrrr,2250,Abordable,2026-03-06
82,hawkinsstv,2250,Abordable,2026-03-06
83,Rhadamante,2248,Abordable,2026-03-06
84,Tapalchoix,2248,Abordable,2026-03-06
85,jbOtech,2246,Abordable,2026-03-06
86,IsJorTheReal,2245,Abordable,2026-03-06
87,el_profesor1989,2245,Abordable,2026-03-06
88,Hodolink,2244,Abordable,2026-03-06
89,puunpuuun_,2243,Abordable,2026-03-06
90,LewisPaulson,2242,Abordable,2026-03-06
91,floriandrux,2242,Abordable,2026-03-06
92,la__golum,2241,Abordable,2026-03-06
93,isdohi,2240,Abordable,2026-03-06
94,arthur_britannia,2240,Abordable,2026-03-06
95,ronalbert33,2240,Abordable,2026-03-06
96,Bahkiir,2238,Abordable,2026-03-06
97,amulus91,2238,Abordable,2026-03-06
98,panqyz,2237,Abordable,2026-03-06
99,Bobinours_,2235,Abordable,2026-03-06
100,denissanchez1978,2235,Abordable,2026-03-06
101,windsorlockwood,2231,Abordable,2026-03-06
102,snailfucker,2231,Abordable,2026-03-06
103,Vayke084,2231,Abordable,2026-03-06
104,lucillep01,2230,Abordable,2026-03-06
105,Ikioub,2230,Abordable,2026-03-06
106,xanabud,2228,Abordable,2026-03-06
107,91benda,2227,Abordable,2026-03-06
108,demidieu12,2227,Abordable,2026-03-06
109,ari_billion2,2226,Abordable,2026-03-06
110,erag0nyc,2226,Abordable,2026-03-06
111,EmilienRCSA,2226,Abordable,2026-03-06
112,CharlemagneDuBled,2226,Abordable,2026-03-06
113,cocoleb17,2224,Abordable,2026-03-06
114,thehautifl,2223,Abordable,2026-03-06
115,magretmiel,2220,Abordable,2026-03-06
116,g8velo,2219,Abordable,2026-03-06
117,percvaldegalles,2219,Abordable,2026-03-06
118,nainbustibo,2217,Abordable,2026-03-06
119,Ascogone,2213,Abordable,2026-03-06
120,armosfr,2213,Abordable,2026-03-06
121,GMachine_TV,2211,Abordable,2026-03-06
122,TLecanu,2209,Abordable,2026-03-06
123,jimmyceltics95,2209,Abordable,2026-03-06
124,fabuleuxfabulle,2207,Abordable,2026-03-06
125,monsieursaf,2206,Abordable,2026-03-06
126,Poein,2204,Abordable,2026-03-06
127,gtolibrius,2203,Abordable,2026-03-06
128,Bouddhaly,2203,Abordable,2026-03-06
129,tan_tris,2201,Abordable,2026-03-06
130,mikados83,2200,Abordable,2026-03-06
131,N_Selenian,2198,Abordable,2026-03-06
132,gentilrital,2198,Abordable,2026-03-06
133,sethzx63,2197,Abordable,2026-03-06
134,DenisIP,2196,Abordable,2026-03-06
135,lacremiere07,2196,Abordable,2026-03-06
136,EmmyDeter,2195,Abordable,2026-03-06
137,novayaza_,2194,Abordable,2026-03-06
138,mrgdstuff,2192,Abordable,2026-03-06
139,rambou78,2191,Abordable,2026-03-06
140,thanann12,2190,Abordable,2026-03-06
141,yoyoseb29,2190,Abordable,2026-03-06
142,Superleupho,2187,Abordable,2026-03-06
143,bdmaniac70,2187,Abordable,2026-03-06
144,Fllorrin,2184,Abordable,2026-03-06
145,enzodalby,2183,Abordable,2026-03-06
146,adamounaking,2179,Abordable,2026-03-06
147,Blind_LeeSin_,2178,Abordable,2026-03-06
148,palox_213,2177,Abordable,2026-03-06
149,wazanimay_,2174,Abordable,2026-03-06
150,arboxen,2174,Abordable,2026-03-06
151,Zelz14,2173,Abordable,2026-03-06
152,kielll_l,2172,Abordable,2026-03-06
153,Aydrow_,2172,Abordable,2026-03-06
154,metafysike5,2171,Abordable,2026-03-06
155,BoisDeBuche,2167,Abordable,2026-03-06
156,monsieurzozo_,2167,Abordable,2026-03-06
157,raphair,2166,Abordable,2026-03-06
158,Valkeine,2166,Abordable,2026-03-06
159,livebreizh,2166,Abordable,2026-03-06
160,eddydet,2165,Abordable,2026-03-06
161,Bathemane,2164,Abordable,2026-03-06
162,nyyko77,2163,Abordable,2026-03-06
163,CamyrtilleMC,2162,Abordable,2026-03-06
164,quetzalitoo,2160,Abordable,2026-03-06
165,valqpuc,2159,Abordable,2026-03-06
166,Antear_Dis,2159,Abordable,2026-03-06
167,asdelatlas,2158,Abordable,2026-03-06
168,the_wolf_94,2154,Abordable,2026-03-06
169,iglishmek,2154,Abordable,2026-03-06
170,pr0vencallegaull0is,2154,Abordable,2026-03-06
171,pellegrino1kg,2154,Abordable,2026-03-06
172,Razac76,2154,Abordable,2026-03-06
173,bloodbulets,2153,Abordable,2026-03-06
174,Hvahel,2152,Abordable,2026-03-06
175,N0ox_hs,2152,Abordable,2026-03-06
176,itsjooris,2152,Abordable,2026-03-06
177,biugn,2152,Abordable,2026-03-06
178,lucamus34,2151,Abordable,2026-03-06
179,Helyades,2150,Abordable,2026-03-06
180,Kid_Treplev,2150,Abordable,2026-03-06
181,bapt_1823,2144,Abordable,2026-03-06
182,manoc2,2143,Abordable,2026-03-06
183,theludayack,2142,Abordable,2026-03-06
184,tislem81,2141,Abordable,2026-03-06
185,Exy29,2141,Abordable,2026-03-06
186,xelel06,2140,Abordable,2026-03-06
187,totototomas123,2139,Abordable,2026-03-06
188,malphas68,2138,Abordable,2026-03-06
189,aclrie,2138,Abordable,2026-03-06
190,the_real_alexx,2137,Abordable,2026-03-06
191,lopotipatxi,2136,Abordable,2026-03-06
192,jlklingler,2135,Abordable,2026-03-06
193,Luapago,2135,Abordable,2026-03-06
194,Maitre_JB,2134,Abordable,2026-03-06
195,Rusfly,2134,Abordable,2026-03-06
196,flouflouf,2132,Abordable,2026-03-06
197,soaad12345,2129,Abordable,2026-03-06
198,ThePylote,2128,Abordable,2026-03-06
199,TnT04100,2126,Abordable,2026-03-06
200,HashtagHilare,2125,Abordable,2026-03-06
201,rubyxcub,2124,Abordable,2026-03-06
202,ziquetjr,2124,Abordable,2026-03-06
203,Ttalanar,2122,Abordable,2026-03-06
204,mpaolinocd,2122,Abordable,2026-03-06
205,1BuissonFuribond,2122,Abordable,2026-03-06
206,Skioushi,2122,Abordable,2026-03-06
207,lorenzoo0o0o,2121,Abordable,2026-03-06
208,Orneon_,2121,Abordable,2026-03-06
209,PiR4nha,2119,Abordable,2026-03-06
210,pralun_,2118,Abordable,2026-03-06
211,gaofei__,2117,Abordable,2026-03-06
212,Gazpard,2117,Abordable,2026-03-06
213,eva_decabra,2116,Abordable,2026-03-06
214,jaxa1987,2116,Abordable,2026-03-06
215,Shandy_Ruggles,2115,Abordable,2026-03-06
216,haki47000,2115,Abordable,2026-03-06
217,dam_chx,2115,Abordable,2026-03-06
218,grosbidoucorporation,2114,Abordable,2026-03-06
219,minicopolis,2114,Abordable,2026-03-06
220,vinzoudesbois,2113,Abordable,2026-03-06
221,klaratsh,2113,Abordable,2026-03-06
222,sonoigmo,2112,Abordable,2026-03-06
223,Preponal,2111,Abordable,2026-03-06
224,lannoouu,2111,Abordable,2026-03-06
225,TheLordAC,2110,Abordable,2026-03-06
226,ZebraneGrochien,2110,Abordable,2026-03-06
227,internova_,2109,Abordable,2026-03-06
228,chardonnere,2109,Abordable,2026-03-06
229,playergab1,2108,Abordable,2026-03-06
230,pierrewimez,2107,Abordable,2026-03-06
231,crackitos69,2106,Abordable,2026-03-06
232,Monsieur_Legume,2105,Abordable,2026-03-06
233,brringer,2105,Abordable,2026-03-06
234,WarzazatXXL,2105,Abordable,2026-03-06
235,Sleepjin,2104,Abordable,2026-03-06
236,B0udrick,2104,Abordable,2026-03-06
237,Kaourentin_,2103,Abordable,2026-03-06
238,willy_pagnol,2103,Abordable,2026-03-06
239,Alostiss,2101,Abordable,2026-03-06
240,crazy_pasteque,2100,Abordable,2026-03-06
241,lacraw666,2099,Abordable,2026-03-06
242,boussaviola,2098,Abordable,2026-03-06
243,Azdakar,2095,Abordable,2026-03-06
244,e2mi,2095,Abordable,2026-03-06
245,Licorne_Flakes,2095,Abordable,2026-03-06
246,MonsieurBiganon,2093,Abordable,2026-03-06
247,gargazoth59,2091,Abordable,2026-03-06
248,annepo9,2091,Abordable,2026-03-06
249,vincentavellana,2091,Abordable,2026-03-06
250,Lyannah_,2091,Abordable,2026-03-06
251,TrollsDesPlaines,2091,Abordable,2026-03-06
252,Jibzzed,2090,Abordable,2026-03-06
253,laurenceb14,2088,Abordable,2026-03-06
254,JeanCatherine,2088,Abordable,2026-03-06
255,jyfiyfviyfv,2088,Abordable,2026-03-06
256,gaubian,2088,Abordable,2026-03-06
257,maxime_lef,2087,Abordable,2026-03-06
258,mur_de_brik,2087,Abordable,2026-03-06
259,patinho_44lh,2086,Abordable,2026-03-06
260,grozny97447,2085,Abordable,2026-03-06
261,iAyO,2084,Abordable,2026-03-06
262,aqualhya,2083,Abordable,2026-03-06
263,epinarinho,2083,Abordable,2026-03-06
264,fl8shblack,2083,Abordable,2026-03-06
265,RRRubiks,2083,Abordable,2026-03-06
266,thenightwatch1,2082,Abordable,2026-03-06
267,SabakuJulien,2082,Abordable,2026-03-06
268,cpegorier,2082,Abordable,2026-03-06
269,agentpet,2081,Abordable,2026-03-06
270,TamPoque,2079,Abordable,2026-03-06
271,Poiline,2078,Abordable,2026-03-06
272,h_jeune_sinj,2078,Abordable,2026-03-06
273,montgolfiere23,2078,Abordable,2026-03-06
274,trajaxx,2077,Abordable,2026-03-06
275,smokby24,2075,Abordable,2026-03-06
276,W_Sherman,2075,Abordable,2026-03-06
277,odisaure,2075,Abordable,2026-03-06
278,aikez7,2075,Abordable,2026-03-06
279,livio13007,2072,Abordable,2026-03-06
280,cchielli,2071,Abordable,2026-03-06
281,PapaDucorona,2071,Abordable,2026-03-06
282,Piloup974,2070,Abordable,2026-03-06
283,ninodechile,2069,Abordable,2026-03-06
284,Noahzis_,2067,Abordable,2026-03-06
285,vikinggisors,2066,Abordable,2026-03-06
286,pyroshiman,2065,Abordable,2026-03-06
287,BBAGin,2063,Abordable,2026-03-06
288,LubzLaDeveine,2062,Abordable,2026-03-06
289,Maleus1638,2062,Abordable,2026-03-06
290,Liquid0ceIot,2061,Abordable,2026-03-06
291,Itizemi,2061,Abordable,2026-03-06
292,mrraedwyn,2060,Abordable,2026-03-06
293,ThemaskOo,2060,Abordable,2026-03-06
294,Richbis,2057,Abordable,2026-03-06
295,ChercheurdOr,2056,Abordable,2026-03-06
296,florianllo,2056,Abordable,2026-03-06
297,khloette,2056,Abordable,2026-03-06
298,nnirrrrr,2055,Abordable,2026-03-06
299,Jukain,2054,Abordable,2026-03-06
300,CatCahuait,2053,Abordable,2026-03-06
301,svjaz,2052,Abordable,2026-03-06
302,zigzag_ld,2052,Abordable,2026-03-06
303,DefyinGrav,2052,Abordable,2026-03-06
304,didier_guepe,2051,Abordable,2026-03-06
305,suplex63,2051,Abordable,2026-03-06
306,fulgurys_noam,2051,Abordable,2026-03-06
307,universalis_max,2050,Abordable,2026-03-06
308,BlueHando,2049,Abordable,2026-03-06
309,Sebcube,2047,Abordable,2026-03-06
310,judo_63,2047,Abordable,2026-03-06
311,athena83__,2047,Abordable,2026-03-06
312,AliGerBrap,2047,Abordable,2026-03-06
313,exilayzon,2046,Abordable,2026-03-06
314,ju_mardy,2045,Abordable,2026-03-06
315,French_Ninja,2044,Abordable,2026-03-06
316,0xonium3,2044,Abordable,2026-03-06
317,kiiiiiwiiiiii1,2044,Abordable,2026-03-06
318,thibthibs7,2044,Abordable,2026-03-06
319,jeremiejk,2044,Abordable,2026-03-06
320,pluie14,2042,Abordable,2026-03-06
321,clemdude,2041,Abordable,2026-03-06
322,Elfander713,2039,Abordable,2026-03-06
323,TheGwakeuR,2039,Abordable,2026-03-06
324,spire30,2039,Abordable,2026-03-06
325,Cepafoh,2039,Abordable,2026-03-06
326,xfwonka,2037,Abordable,2026-03-06
327,baptisteazplume,2037,Abordable,2026-03-06
328,pecoot,2037,Abordable,2026-03-06
329,xpims,2036,Abordable,2026-03-06
330,nokiou,2036,Abordable,2026-03-06
331,eliaas755,2035,Abordable,2026-03-06
332,locoomotive,2035,Abordable,2026-03-06
333,nitmar0,2033,Abordable,2026-03-06
334,Aquarius_56,2033,Abordable,2026-03-06
335,tvkekage,2032,Abordable,2026-03-06
336,clem_du_42,2030,Abordable,2026-03-06
337,Duvoiing,2028,Abordable,2026-03-06
338,joviagaliega,2028,Abordable,2026-03-06
339,kingofgambas,2028,Abordable,2026-03-06
340,guimoooove,2026,Abordable,2026-03-06
341,angelique_grdn,2026,Abordable,2026-03-06
342,mousketons,2026,Abordable,2026-03-06
343,nysoss_,2025,Abordable,2026-03-06
344,Mazkeem,2024,Abordable,2026-03-06
345,emipictures,2024,Abordable,2026-03-06
346,Warbird0783,2024,Abordable,2026-03-06
347,lukscape,2021,Abordable,2026-03-06
348,thewatibg21,2020,Abordable,2026-03-06
349,Panulphe,2019,Abordable,2026-03-06
350,LordAzeth,2018,Abordable,2026-03-06
351,Clem31011,2018,Abordable,2026-03-06
352,angel0w_flo,2018,Abordable,2026-03-06
353,Cthouloulou,2017,Abordable,2026-03-06
354,milrehe1,2017,Abordable,2026-03-06
355,bafienfarq,2016,Abordable,2026-03-06
356,welyns_,2016,Abordable,2026-03-06
357,fracaz,2016,Abordable,2026-03-06
358,allexpresso,2013,Abordable,2026-03-06
359,hugeo2106,2011,Abordable,2026-03-06
360,dopeofchlo,2011,Abordable,2026-03-06
361,leminimoys49,2009,Abordable,2026-03-06
362,agnruv,2009,Abordable,2026-03-06
363,ArdanSTV,2008,Abordable,2026-03-06
364,dlem45,2007,Abordable,2026-03-06
365,noxilby23,2004,Abordable,2026-03-06
366,7nyguita7,2003,Abordable,2026-03-06
367,jujudepoire,2003,Abordable,2026-03-06
368,Blikii,2002,Abordable,2026-03-06
369,keuweuleu,2002,Abordable,2026-03-06
370,Didier_is_diamond,2001,Abordable,2026-03-06
371,Renflose,2001,Abordable,2026-03-06
372,TheApac,2001,Abordable,2026-03-06
373,ImFormalYT,2000,Abordable,2026-03-06
374,dieunicolaspepe,2000,Abordable,2026-03-06
375,Zodnas,2000,Abordable,2026-03-06
376,metallianmask,1999,Abordable,2026-03-06
377,loupac_,1999,Abordable,2026-03-06
378,timtamtoum94,1998,Abordable,2026-03-06
379,errno_,1998,Abordable,2026-03-06
380,eliot_cm09,1996,Abordable,2026-03-06
381,Blinky44,1996,Abordable,2026-03-06
382,fravoi,1995,Abordable,2026-03-06
383,peyo222,1995,Abordable,2026-03-06
384,spoutiii,1994,Abordable,2026-03-06
385,Smash_MonStreamMaBataille,1994,Abordable,2026-03-06
386,lukeju26,1994,Abordable,2026-03-06
387,JehanMenilpotene,1994,Abordable,2026-03-06
388,klefki1,1991,Abordable,2026-03-06
389,derkprono,1991,Abordable,2026-03-06
390,omchampionn,1991,Abordable,2026-03-06
391,HaLowZen,1990,Abordable,2026-03-06
392,theo_1503,1988,Abordable,2026-03-06
393,jyroure,1987,Abordable,2026-03-06
394,lnl8d,1987,Abordable,2026-03-06
395,freazeril,1985,Abordable,2026-03-06
396,gaelledm,1985,Abordable,2026-03-06
397,iamnotyourkind_1010,1984,Abordable,2026-03-06
398,chessopus111,1984,Abordable,2026-03-06
399,nicogo2155,1984,Abordable,2026-03-06
400,Unterfile,1984,Abordable,2026-03-06
401,senestia_19,1983,Abordable,2026-03-06
402,SpleenEtFlemme,1983,Abordable,2026-03-06
403,gladyathor7,1982,Abordable,2026-03-06
404,magimiel,1982,Abordable,2026-03-06
405,theyoooop,1981,Abordable,2026-03-06
406,jepeuxtemontrerlescrocs,1980,Abordable,2026-03-06
407,linkilou,1980,Abordable,2026-03-06
408,voilavoilaquoi31,1979,Abordable,2026-03-06
409,raphrigal,1979,Abordable,2026-03-06
410,niang46,1979,Abordable,2026-03-06
411,jbbjjbbj,1979,Abordable,2026-03-06
412,artistepeintre26,1979,Abordable,2026-03-06
413,spatiosaur,1978,Abordable,2026-03-06
414,apooooo__,1978,Abordable,2026-03-06
415,wayneseb,1977,Abordable,2026-03-06
416,Sentry_Down,1977,Abordable,2026-03-06
417,Lashlabaskme,1977,Abordable,2026-03-06
418,ABcornichon3,1976,Abordable,2026-03-06
419,trucmuche3,1976,Abordable,2026-03-06
420,RoseChateau,1976,Abordable,2026-03-06
421,mathieu_34920,1976,Abordable,2026-03-06
422,tomlg3415,1975,Abordable,2026-03-06
423,Alix_EnR,1975,Abordable,2026-03-06
424,krokodebil31,1975,Abordable,2026-03-06
425,Pano404,1975,Abordable,2026-03-06
426,BerbieTV,1974,Abordable,2026-03-06
427,eris_1207,1974,Abordable,2026-03-06
428,surielis,1973,Abordable,2026-03-06
429,alinecompass,1972,Abordable,2026-03-06
430,stone__island_,1971,Abordable,2026-03-06
431,spolioz,1970,Abordable,2026-03-06
432,LunTuuZ,1970,Abordable,2026-03-06
433,quindecim64,1970,Abordable,2026-03-06
434,Floftnl,1970,Abordable,2026-03-06
435,3kin39,1970,Abordable,2026-03-06
436,pietrohab,1970,Abordable,2026-03-06
437,Hedw1ge,1969,Abordable,2026-03-06
438,aurelbj75,1968,Abordable,2026-03-06
439,celinette2605,1967,Abordable,2026-03-06
440,cebinhodobrasil,1967,Abordable,2026-03-06
441,nutell01,1966,Abordable,2026-03-06
442,mpointc,1965,Abordable,2026-03-06
443,jesus00733,1965,Abordable,2026-03-06
444,BalSent,1963,Abordable,2026-03-06
445,redscreen6,1962,Abordable,2026-03-06
446,Robin_et,1962,Abordable,2026-03-06
447,jeanpaultartre71,1961,Abordable,2026-03-06
448,hi8hram,1960,Abordable,2026-03-06
449,101110101,1960,Abordable,2026-03-06
450,bobby_fischer_2,1960,Abordable,2026-03-06
451,val_cs224,1959,Abordable,2026-03-06
452,big_toto,1959,Abordable,2026-03-06
453,gauvain_adb,1959,Abordable,2026-03-06
454,dgdrhzse,1958,Abordable,2026-03-06
455,motzus,1958,Abordable,2026-03-06
456,Tryviss,1956,Abordable,2026-03-06
457,ClemBBBas,1956,Abordable,2026-03-06
458,Tchoupii66,1956,Abordable,2026-03-06
459,goldy23102007,1956,Abordable,2026-03-06
460,Loub_V,1956,Abordable,2026-03-06
461,remissile_,1955,Abordable,2026-03-06
462,Miamuxx,1954,Abordable,2026-03-06
463,don_azhon,1954,Abordable,2026-03-06
464,tortueagileexotique2,1953,Abordable,2026-03-06
465,pabl0escabo,1952,Abordable,2026-03-06
466,July_7even,1952,Abordable,2026-03-06
467,arthur_265,1950,Abordable,2026-03-06
468,TempoBack,1950,Abordable,2026-03-06
469,Bloom_8423,1950,Abordable,2026-03-06
470,lucie_loves_cheese,1949,Abordable,2026-03-06
471,flodel76,1949,Abordable,2026-03-06
472,piejeh,1949,Abordable,2026-03-06
473,didiecg,1949,Abordable,2026-03-06
474,HaznaN,1948,Abordable,2026-03-06
475,mm2956,1948,Abordable,2026-03-06
476,Zayro_twitch,1947,Abordable,2026-03-06
477,formiwan,1947,Abordable,2026-03-06
478,julfoulefoufou,1947,Abordable,2026-03-06
479,fatalmooon,1947,Abordable,2026-03-06
480,oreuga_,1945,Abordable,2026-03-06
481,youennig,1945,Abordable,2026-03-06
482,thomas050801,1944,Abordable,2026-03-06
483,Gostphenix2,1944,Abordable,2026-03-06
484,vduflot,1943,Abordable,2026-03-06
485,lakitex,1943,Abordable,2026-03-06
486,marie8263,1943,Abordable,2026-03-06
487,Annonyme31,1943,Abordable,2026-03-06
488,lukecrecy42,1942,Abordable,2026-03-06
489,prodigal59,1942,Abordable,2026-03-06
490,gervais26,1942,Abordable,2026-03-06
491,eblett,1941,Abordable,2026-03-06
492,antoine_chemin,1941,Abordable,2026-03-06
493,MrNerwey,1941,Abordable,2026-03-06
494,RxApi85,1940,Abordable,2026-03-06
495,Enerousse,1938,Abordable,2026-03-06
496,acotterl,1937,Abordable,2026-03-06
497,fl0r3_o7,1937,Abordable,2026-03-06
498,Antrav74,1936,Abordable,2026-03-06
499,Ancaragoum,1935,Abordable,2026-03-06
500,ort2108,1935,Abordable,2026-03-06
501,nouvier64,1935,Abordable,2026-03-06
502,dechannes,1935,Abordable,2026-03-06
503,bodopute,1935,Abordable,2026-03-06
504,romain_9_,1933,Abordable,2026-03-06
505,LaurentxLoL,1932,Abordable,2026-03-06
506,luckylukeol,1931,Abordable,2026-03-06
507,tommyboychamp,1930,Abordable,2026-03-06
508,Ascure,1930,Abordable,2026-03-06
509,HardenBoar,1930,Abordable,2026-03-06
510,Arkanisz,1930,Abordable,2026-03-06
511,picon02,1929,Abordable,2026-03-06
512,leokkaido,1928,Abordable,2026-03-06
513,timmy656565,1928,Abordable,2026-03-06
514,minadia_,1927,Abordable,2026-03-06
515,ndkdkoslzvdi,1927,Abordable,2026-03-06
516,LeMilouzeur,1927,Abordable,2026-03-06
517,morgane_888,1927,Abordable,2026-03-06
518,tutur4oo,1927,Abordable,2026-03-06
519,Joyphena,1926,Abordable,2026-03-06
520,hugrotu,1926,Abordable,2026-03-06
521,guitouille1,1926,Abordable,2026-03-06
522,siilbi,1925,Abordable,2026-03-06
523,louis540,1925,Abordable,2026-03-06
524,hermaniktor,1924,Abordable,2026-03-06
525,MsieurDodo,1924,Abordable,2026-03-06
526,toby_hornetsfr,1924,Abordable,2026-03-06
527,welcome_paris,1923,Abordable,2026-03-06
528,Karthaz_ow,1923,Abordable,2026-03-06
529,sunslayer7,1923,Abordable,2026-03-06
530,Lanriatho,1923,Abordable,2026-03-06
531,xavxav19,1923,Abordable,2026-03-06
532,Dj33zza,1922,Abordable,2026-03-06
533,Enwey,1922,Abordable,2026-03-06
534,simlucc,1922,Abordable,2026-03-06
535,pierre0042,1922,Abordable,2026-03-06
536,tengr1iaf,1922,Abordable,2026-03-06
537,arturizio,1922,Abordable,2026-03-06
538,n_legends,1921,Abordable,2026-03-06
539,Niflheim13,1921,Abordable,2026-03-06
540,prunodesbois,1921,Abordable,2026-03-06
541,CNeyo,1921,Abordable,2026-03-06
542,Astyazz,1921,Abordable,2026-03-06
543,Galdore_,1918,Abordable,2026-03-06
544,emma_poulpee,1917,Abordable,2026-03-06
545,keke91bzh,1917,Abordable,2026-03-06
546,anneflorence83,1916,Abordable,2026-03-06
547,Azaeps,1916,Abordable,2026-03-06
548,cloe5788a,1916,Abordable,2026-03-06
549,alain195417,1916,Abordable,2026-03-06
550,zecharentais,1915,Abordable,2026-03-06
551,Vladousse,1915,Abordable,2026-03-06
552,thanatosview,1915,Abordable,2026-03-06
553,modokomso,1915,Abordable,2026-03-06
554,Aiwha_Ardeo,1914,Abordable,2026-03-06
555,SenriSama,1914,Abordable,2026-03-06
556,viskerdro,1914,Abordable,2026-03-06
557,portalis37,1914,Abordable,2026-03-06
558,Mahkda,1912,Abordable,2026-03-06
559,zipss_,1910,Abordable,2026-03-06
560,Toomaahawks,1909,Abordable,2026-03-06
561,alicook25,1908,Abordable,2026-03-06
562,Djoyia,1908,Abordable,2026-03-06
563,captainfeeder2,1908,Abordable,2026-03-06
564,mkbzzz,1907,Abordable,2026-03-06
565,zmudh,1907,Abordable,2026-03-06
566,La_Gej_,1907,Abordable,2026-03-06
567,elise_05_tl,1907,Abordable,2026-03-06
568,rd_lou,1907,Abordable,2026-03-06
569,joeyxuyhj,1907,Abordable,2026-03-06
570,Pikaxyyy,1907,Abordable,2026-03-06
571,vanadiuuum,1905,Abordable,2026-03-06
572,foxyy1492,1904,Abordable,2026-03-06
573,jeloooh,1904,Abordable,2026-03-06
574,Durzoo,1904,Abordable,2026-03-06
575,Lwizhart,1904,Abordable,2026-03-06
576,herdilly,1903,Abordable,2026-03-06
577,b_49,1903,Abordable,2026-03-06
578,alexis_180_05,1903,Abordable,2026-03-06
579,romelcz,1902,Abordable,2026-03-06
580,matt3xbot,1902,Abordable,2026-03-06
581,Pud_Lag,1901,Abordable,2026-03-06
582,bao_tr,1901,Abordable,2026-03-06
583,loekus_,1901,Abordable,2026-03-06
584,Cheelou1306,1901,Abordable,2026-03-06
585,jelengele,1901,Abordable,2026-03-06
586,pieroncello,1901,Abordable,2026-03-06
587,thom_frtc3,1900,Abordable,2026-03-06
588,Fan_erudite,1900,Abordable,2026-03-06
589,armilz,1900,Abordable,2026-03-06
590,plydfonik,1899,Abordable,2026-03-06
591,itiuv,1899,Abordable,2026-03-06
592,groziflette,1898,Abordable,2026-03-06
593,Bluepsie,1898,Abordable,2026-03-06
594,alanbes76,1898,Abordable,2026-03-06
595,jojoko30,1898,Abordable,2026-03-06
596,romaincyg,1898,Abordable,2026-03-06
597,ikisbok1s,1897,Abordable,2026-03-06
598,Lohem54,1897,Abordable,2026-03-06
599,igrancee,1897,Abordable,2026-03-06
600,yuna_ymt,1897,Abordable,2026-03-06
601,qwavesan,1895,Abordable,2026-03-06
602,redbast_,1894,Abordable,2026-03-06
603,Pentateuques,1894,Abordable,2026-03-06
604,z_one107,1893,Abordable,2026-03-06
605,helshan,1893,Abordable,2026-03-06
606,justerango,1893,Abordable,2026-03-06
607,imjustjphil_,1892,Abordable,2026-03-06
608,kiriroule,1892,Abordable,2026-03-06
609,Kelzara,1892,Abordable,2026-03-06
610,miririri_,1892,Abordable,2026-03-06
611,Rugbyvier,1892,Abordable,2026-03-06
612,titicoco44,1891,Abordable,2026-03-06
613,melaninecolie,1891,Abordable,2026-03-06
614,tobias_frd,1890,Abordable,2026-03-06
615,streetfightermas,1890,Abordable,2026-03-06
616,tefalus,1890,Abordable,2026-03-06
617,Kerrigana,1890,Abordable,2026-03-06
618,coum12,1889,Abordable,2026-03-06
619,Gogogogo,1889,Abordable,2026-03-06
620,belette__feroce,1889,Abordable,2026-03-06
621,Basvit,1889,Abordable,2026-03-06
622,bydjskull,1888,Abordable,2026-03-06
623,Neicilef,1888,Abordable,2026-03-06
624,surfysamy23,1888,Abordable,2026-03-06
625,louis_lc2,1887,Abordable,2026-03-06
626,queenmamouche,1887,Abordable,2026-03-06
627,NagisaXpsionne,1887,Abordable,2026-03-06
628,FredjaacK,1887,Abordable,2026-03-06
629,toniiio9711,1887,Abordable,2026-03-06
630,emeuhhh,1886,Abordable,2026-03-06
631,MarCalifornium,1886,Abordable,2026-03-06
632,marti_jojo,1886,Abordable,2026-03-06
633,minizza59380,1885,Abordable,2026-03-06
634,schrymp,1884,Abordable,2026-03-06
635,suilono,1884,Abordable,2026-03-06
636,tim0thh,1883,Abordable,2026-03-06
637,matthid,1883,Abordable,2026-03-06
638,M8_lekyks,1883,Abordable,2026-03-06
639,missbuterffly,1883,Abordable,2026-03-06
640,tout_un_fromaj,1882,Abordable,2026-03-06
641,kevluct,1882,Abordable,2026-03-06
642,lauranne0564,1881,Abordable,2026-03-06
643,amosdq,1880,Abordable,2026-03-06
644,TsepmeTRednuhT,1880,Abordable,2026-03-06
645,roro911902,1879,Abordable,2026-03-06
646,JePossedeUnCousin,1879,Abordable,2026-03-06
647,rculpoiroi,1877,Abordable,2026-03-06
648,Landulyk,1877,Abordable,2026-03-06
649,balez88,1876,Abordable,2026-03-06
650,toneanother,1876,Abordable,2026-03-06
651,mourtonus,1875,Abordable,2026-03-06
652,batleroi_melba,1875,Abordable,2026-03-06
653,fbernable,1874,Abordable,2026-03-06
654,Kornog_XLR,1874,Abordable,2026-03-06
655,CaptainSebji,1874,Abordable,2026-03-06
656,exarium_,1874,Abordable,2026-03-06
657,jakomanobis,1873,Abordable,2026-03-06
658,Wirdenss,1873,Abordable,2026-03-06
659,flaow_,1873,Abordable,2026-03-06
660,SquaredGrunt,1873,Abordable,2026-03-06
661,kyaa05,1872,Abordable,2026-03-06
662,ridilion_13,1872,Abordable,2026-03-06
663,choixio,1872,Abordable,2026-03-06
664,lerifonaa,1872,Abordable,2026-03-06
665,kek_eight,1872,Abordable,2026-03-06
666,claraa_l,1872,Abordable,2026-03-06
667,mc_chombaart,1871,Abordable,2026-03-06
668,flo_w5763,1871,Abordable,2026-03-06
669,angrod17,1871,Abordable,2026-03-06
670,klemkarovska,1869,Abordable,2026-03-06
671,nat150210,1869,Abordable,2026-03-06
672,7thsymphony,1869,Abordable,2026-03-06
673,lewe_music,1869,Abordable,2026-03-06
674,LeRemiii,1868,Abordable,2026-03-06
675,bulbefesse,1867,Abordable,2026-03-06
676,adr75,1867,Abordable,2026-03-06
677,axorem0202,1867,Abordable,2026-03-06
678,friday_next,1867,Abordable,2026-03-06
679,justine_cllix,1867,Abordable,2026-03-06
680,camiilfi,1867,Abordable,2026-03-06
681,AOPMaroilles,1867,Abordable,2026-03-06
682,Guicri_,1867,Abordable,2026-03-06
683,lookiadia,1866,Abordable,2026-03-06
684,benjcoulis,1866,Abordable,2026-03-06
685,yomann988,1865,Abordable,2026-03-06
686,Erpic,1865,Abordable,2026-03-06
687,WatiMax98,1864,Abordable,2026-03-06
688,Yakouze,1863,Abordable,2026-03-06
689,bapt0511,1863,Abordable,2026-03-06
690,Kalexoo_,1862,Abordable,2026-03-06
691,yallah_8,1862,Abordable,2026-03-06
692,Kenzoche,1860,Abordable,2026-03-06
693,Babo_ucheTV,1860,Abordable,2026-03-06
694,Sans_Le_Ji,1859,Abordable,2026-03-06
695,d1435,1859,Abordable,2026-03-06
696,bribrii03,1859,Abordable,2026-03-06
697,Raiden27,1859,Abordable,2026-03-06
698,mariuscdd,1858,Abordable,2026-03-06
699,clemb2001,1858,Abordable,2026-03-06
700,aztronaute,1858,Abordable,2026-03-06
701,TurboMwet,1858,Abordable,2026-03-06
702,typhanie06,1857,Abordable,2026-03-06
703,omsi668,1857,Abordable,2026-03-06
704,magnoliarain,1856,Abordable,2026-03-06
705,Monsieur_Bol,1856,Abordable,2026-03-06
706,ogdec,1855,Abordable,2026-03-06
707,TerrliNainPosteur,1855,Abordable,2026-03-06
708,Folaste,1855,Abordable,2026-03-06
709,bisiaam,1855,Abordable,2026-03-06
710,Jeagles,1854,Abordable,2026-03-06
711,vital_sloth,1853,Abordable,2026-03-06
712,doctorkelogs,1852,Abordable,2026-03-06
713,ourssucrerie,1851,Abordable,2026-03-06
714,vincentmrr,1851,Abordable,2026-03-06
715,heehooeee,1850,Abordable,2026-03-06
716,metaphenix25,1849,Abordable,2026-03-06
717,noelflantier17,1849,Abordable,2026-03-06
718,celian7712,1849,Abordable,2026-03-06
719,okami_sp40,1848,Abordable,2026-03-06
720,koalysandre,1848,Abordable,2026-03-06
721,OldStan,1848,Abordable,2026-03-06
722,idris_440,1847,Abordable,2026-03-06
723,angelolive_m,1847,Abordable,2026-03-06
724,binouzeframboise,1847,Abordable,2026-03-06
725,TeslaTing,1847,Abordable,2026-03-06
726,gauwilzam_mp4,1846,Abordable,2026-03-06
727,galano_0,1846,Abordable,2026-03-06
728,gege0650,1846,Abordable,2026-03-06
729,Michy2tess,1846,Abordable,2026-03-06
730,flo_1412,1845,Abordable,2026-03-06
731,Ryad__c,1845,Abordable,2026-03-06
732,McCornickk,1844,Abordable,2026-03-06
733,un_nain_parfait,1843,Abordable,2026-03-06
734,3dozamon,1842,Abordable,2026-03-06
735,margocho,1842,Abordable,2026-03-06
736,glantichou,1842,Abordable,2026-03-06
737,xofyache,1842,Abordable,2026-03-06
738,lucasthelucky,1842,Abordable,2026-03-06
739,maeveaml25,1841,Abordable,2026-03-06
740,raphabetb,1841,Abordable,2026-03-06
741,FrenchArmyGuy,1841,Abordable,2026-03-06
742,Eusphodus,1841,Abordable,2026-03-06
743,s0lb33,1841,Abordable,2026-03-06
744,Dr_Niamor,1840,Abordable,2026-03-06
745,morlou_,1840,Abordable,2026-03-06
746,line26000,1840,Abordable,2026-03-06
747,PlanetGeek,1840,Abordable,2026-03-06
748,adddd21,1840,Abordable,2026-03-06
749,lucioole13,1840,Abordable,2026-03-06
750,Apatride_Dood,1840,Abordable,2026-03-06
751,fefer79,1839,Abordable,2026-03-06
752,andiamogo1,1838,Abordable,2026-03-06
753,lothorcanie,1838,Abordable,2026-03-06
754,cedced_tsubasa,1838,Abordable,2026-03-06
755,lopysc12,1838,Abordable,2026-03-06
756,Ludixcordes,1838,Abordable,2026-03-06
757,zigour,1838,Abordable,2026-03-06
758,skCrytek,1837,Abordable,2026-03-06
759,Valais14,1837,Abordable,2026-03-06
760,Yan369,1836,Abordable,2026-03-06
761,lololucky4238,1836,Abordable,2026-03-06
762,Shamanee,1836,Abordable,2026-03-06
763,provencal_le_gaulois_kmlt,1835,Abordable,2026-03-06
764,Naamsss,1835,Abordable,2026-03-06
765,Fressouer,1835,Abordable,2026-03-06
766,galakmoody,1835,Abordable,2026-03-06
767,neyteaa,1835,Abordable,2026-03-06
768,captnnoe,1835,Abordable,2026-03-06
769,paul_f_t,1835,Abordable,2026-03-06
770,tsquoir51,1834,Abordable,2026-03-06
771,raphou_35,1834,Abordable,2026-03-06
772,adrioux_,1834,Abordable,2026-03-06
773,MarghostC,1833,Abordable,2026-03-06
774,djoudjou0610,1833,Abordable,2026-03-06
775,Lilloote,1831,Abordable,2026-03-06
776,bea70fm,1831,Abordable,2026-03-06
777,meule_,1831,Abordable,2026-03-06
778,fruuhstuck,1831,Abordable,2026-03-06
779,black5ad,1831,Abordable,2026-03-06
780,ruuuulio_,1831,Abordable,2026-03-06
781,Mehfak,1830,Abordable,2026-03-06
782,manon_sports,1830,Abordable,2026-03-06
783,z_sensei,1830,Abordable,2026-03-06
784,Skeneros,1830,Abordable,2026-03-06
785,theplayerdu18,1829,Abordable,2026-03-06
786,Grantef,1828,Abordable,2026-03-06
787,thaddee_fm,1828,Abordable,2026-03-06
788,Tenshin_7,1828,Abordable,2026-03-06
789,ptnmjsp,1828,Abordable,2026-03-06
790,ZeTurboo_,1828,Abordable,2026-03-06
791,111111Bonjour,1828,Abordable,2026-03-06
792,miyen65,1827,Abordable,2026-03-06
793,Crayak88,1827,Abordable,2026-03-06
794,galures,1827,Abordable,2026-03-06
795,arthurlefu,1827,Abordable,2026-03-06
796,SiMGrX,1826,Abordable,2026-03-06
797,asterioa_,1825,Abordable,2026-03-06
798,HeebooKuro,1825,Abordable,2026-03-06
799,ant0ine_s,1824,Abordable,2026-03-06
800,trh1217,1824,Abordable,2026-03-06
801,Feainnwedd,1824,Abordable,2026-03-06
802,zazobonsangdebonjusdtang,1824,Abordable,2026-03-06
803,andreas09500,1824,Abordable,2026-03-06
804,Marie_Dicule,1823,Abordable,2026-03-06
805,R0ch8,1822,Abordable,2026-03-06
806,Selachimorpha__,1822,Abordable,2026-03-06
807,kalyse83,1822,Abordable,2026-03-06
808,Apost0phe,1822,Abordable,2026-03-06
809,lechapelier55,1822,Abordable,2026-03-06
810,Arg_a,1822,Abordable,2026-03-06
811,lambarKader,1821,Abordable,2026-03-06
812,eliox_lapox,1821,Abordable,2026-03-06
813,armyos,1821,Abordable,2026-03-06
814,chrisandco,1820,Abordable,2026-03-06
815,kepler_232,1820,Abordable,2026-03-06
816,thomas041036,1820,Abordable,2026-03-06
817,demesuros,1820,Abordable,2026-03-06
818,niamor3141,1820,Abordable,2026-03-06
819,Athaisback,1819,Abordable,2026-03-06
820,prnce08,1819,Abordable,2026-03-06
821,potterfan94,1819,Abordable,2026-03-06
822,aadelee,1819,Abordable,2026-03-06
823,Noseripe,1819,Abordable,2026-03-06
824,h_tes,1818,Abordable,2026-03-06
825,ponchouch,1818,Abordable,2026-03-06
826,planckifoire16,1818,Abordable,2026-03-06
827,rouge_et_rond,1817,Abordable,2026-03-06
828,LeagueOfQPUC,1817,Abordable,2026-03-06
829,En0zzz,1817,Abordable,2026-03-06
830,Waluigion,1817,Abordable,2026-03-06
831,iko7,1817,Abordable,2026-03-06
832,polar_circles,1816,Abordable,2026-03-06
833,kaitosamatv,1816,Abordable,2026-03-06
834,sorainx,1816,Abordable,2026-03-06
835,jordantoulalan,1816,Abordable,2026-03-06
836,el_vycram,1815,Abordable,2026-03-06
837,Ourimlive,1815,Abordable,2026-03-06
838,elcurbo,1815,Abordable,2026-03-06
839,FalconPoulet,1815,Abordable,2026-03-06
840,Amalrog,1815,Abordable,2026-03-06
841,archisteph,1814,Abordable,2026-03-06
842,EGO_bd,1814,Abordable,2026-03-06
843,beurredoux_namnam,1814,Abordable,2026-03-06
844,gaspacho2303,1814,Abordable,2026-03-06
845,mulesjarie,1813,Abordable,2026-03-06
846,VerveineV,1813,Abordable,2026-03-06
847,Gabivad,1813,Abordable,2026-03-06
848,lolo777x,1813,Abordable,2026-03-06
849,poii2carotte,1812,Abordable,2026-03-06
850,grandnounours8,1812,Abordable,2026-03-06
851,themaexako,1812,Abordable,2026-03-06
852,moowt,1811,Abordable,2026-03-06
853,Robiino,1811,Abordable,2026-03-06
854,Windshark_,1810,Abordable,2026-03-06
855,nouyork_hs,1810,Abordable,2026-03-06
856,linio6,1809,Abordable,2026-03-06
857,Inorack,1809,Abordable,2026-03-06
858,minora_mchx,1809,Abordable,2026-03-06
859,ascyltus_,1808,Abordable,2026-03-06
860,jomsu23,1808,Abordable,2026-03-06
861,skoothyx,1808,Abordable,2026-03-06
862,zenoovvv,1807,Abordable,2026-03-06
863,darkmattdu94,1807,Abordable,2026-03-06
864,traipser_,1807,Abordable,2026-03-06
865,bribri59,1807,Abordable,2026-03-06
866,maxmrld,1807,Abordable,2026-03-06
867,rapi2244,1807,Abordable,2026-03-06
868,mat_crbl,1806,Abordable,2026-03-06
869,elsa_gllt,1806,Abordable,2026-03-06
870,Ajax0ule,1806,Abordable,2026-03-06
871,Roubaixe,1806,Abordable,2026-03-06
872,shadit0,1806,Abordable,2026-03-06
873,analepses,1806,Abordable,2026-03-06
874,louisprague,1805,Abordable,2026-03-06
875,LineceMadu,1804,Abordable,2026-03-06
876,mother_oftears,1804,Abordable,2026-03-06
877,byakorh,1804,Abordable,2026-03-06
878,Troglodyte_Grognon,1803,Abordable,2026-03-06
879,blouig,1802,Abordable,2026-03-06
880,renniwoj18,1802,Abordable,2026-03-06
881,ouistitimarrant,1802,Abordable,2026-03-06
882,odysseus1234567,1802,Abordable,2026-03-06
883,mwtoshi,1802,Abordable,2026-03-06
884,veuchdeuf,1802,Abordable,2026-03-06
885,nausicaavallee,1802,Abordable,2026-03-06
886,dalmuti1,1801,Abordable,2026-03-06
887,hfhdhdggebehdgge,1801,Abordable,2026-03-06
888,velf_at,1801,Abordable,2026-03-06
889,win_le_maitre8,1800,Abordable,2026-03-06
890,PAragorni,1799,Abordable,2026-03-06
891,hugo_olvr,1799,Abordable,2026-03-06
892,clairedt07,1799,Abordable,2026-03-06
893,SaumonmanL,1799,Abordable,2026-03-06
894,Sebayer,1799,Abordable,2026-03-06
895,DarkfanchKuro,1798,Abordable,2026-03-06
896,jutype1,1798,Abordable,2026-03-06
897,thedoublecc,1798,Abordable,2026-03-06
898,Alex_Plozion,1798,Abordable,2026-03-06
899,Mauramyr,1797,Abordable,2026-03-06
900,gretirse,1797,Abordable,2026-03-06
901,moltary,1797,Abordable,2026-03-06
902,Dorevos,1797,Abordable,2026-03-06
903,guillaumev31,1797,Abordable,2026-03-06
904,goid42,1797,Abordable,2026-03-06
905,oryon1x,1797,Abordable,2026-03-06
906,LaGrosseBertrass,1797,Abordable,2026-03-06
907,hft40,1797,Abordable,2026-03-06
908,m3lyes,1796,Abordable,2026-03-06
909,laupatos378,1796,Abordable,2026-03-06
910,flo40404031,1795,Abordable,2026-03-06
911,reynier907,1795,Abordable,2026-03-06
912,sojade86,1794,Abordable,2026-03-06
913,AFGalaad,1794,Abordable,2026-03-06
914,killer14323a,1794,Abordable,2026-03-06
915,Spipers,1793,Abordable,2026-03-06
916,artepat,1793,Abordable,2026-03-06
917,eltah00,1793,Abordable,2026-03-06
918,badwolf_75013,1793,Abordable,2026-03-06
919,npnvn67,1793,Abordable,2026-03-06
920,aud75016,1793,Abordable,2026-03-06
921,tteckoo,1792,Abordable,2026-03-06
922,xx_jojodu42_xx,1792,Abordable,2026-03-06
923,jtz93,1792,Abordable,2026-03-06
924,sardaukar_roublard,1792,Abordable,2026-03-06
925,MrGravlax,1792,Abordable,2026-03-06
926,romainhg_9,1792,Abordable,2026-03-06
927,DocUtom,1792,Abordable,2026-03-06
928,calabasse31,1791,Abordable,2026-03-06
929,LittleYugo,1791,Abordable,2026-03-06
930,crgrd,1791,Abordable,2026-03-06
941,airone_44,1789,Abordable,2026-03-06
942,Ewylinia,1788,Abordable,2026-03-06
943,TessoTV,1788,Abordable,2026-03-06
944,tinychinesegirl,1788,Abordable,2026-03-06
945,arthurlongin,1788,Abordable,2026-03-06
946,TiboMarsiho,1788,Abordable,2026-03-06
947,Renaud___,1788,Abordable,2026-03-06
948,sidesoul,1787,Abordable,2026-03-06
949,marsoo80,1786,Abordable,2026-03-06
950,Patchi6249,1786,Abordable,2026-03-06
951,kat6335,1786,Abordable,2026-03-06
952,garnoule2,1785,Abordable,2026-03-06
953,Pasdlle,1785,Abordable,2026-03-06
954,lepriscie,1785,Abordable,2026-03-06
955,SpaceKrotte,1785,Abordable,2026-03-06
956,RickTus,1784,Abordable,2026-03-06
957,geek0flab,1784,Abordable,2026-03-06
958,coucoucmoi007,1784,Abordable,2026-03-06
959,GladXVI,1784,Abordable,2026-03-06
960,JeSuisUneChocoIatine,1784,Abordable,2026-03-06
961,jotunheim29,1783,Abordable,2026-03-06
962,Pimrov,1783,Abordable,2026-03-06
963,phngn_,1783,Abordable,2026-03-06
964,revfyawo,1783,Abordable,2026-03-06
965,Loucaluz,1783,Abordable,2026-03-06
966,alicio_kh,1783,Abordable,2026-03-06
967,camcombloux,1782,Abordable,2026-03-06
968,Mo0nKizz,1782,Abordable,2026-03-06
969,raphloursquimangedestacos,1782,Abordable,2026-03-06
970,CaNico3D,1782,Abordable,2026-03-06
971,leilamnccc,1782,Abordable,2026-03-06
972,Doubhea,1782,Abordable,2026-03-06
973,MystCloud,1781,Abordable,2026-03-06
974,nico_blackstar97,1781,Abordable,2026-03-06
975,alto_27,1781,Abordable,2026-03-06
976,simondaval_,1781,Abordable,2026-03-06
977,lougneh,1781,Abordable,2026-03-06
978,sisi_muybien,1780,Abordable,2026-03-06
979,chaouy,1780,Abordable,2026-03-06
980,PurpleTurtle34,1780,Abordable,2026-03-06
981,vulcocitronade,1780,Abordable,2026-03-06
982,cducharabia,1780,Abordable,2026-03-06
983,ngollo13,1780,Abordable,2026-03-06
984,seizeh,1779,Abordable,2026-03-06
985,Titroch,1779,Abordable,2026-03-06
986,beetle_21,1779,Abordable,2026-03-06
987,leb_theo,1779,Abordable,2026-03-06
988,hoshea_jaj,1779,Abordable,2026-03-06
989,romanbdp,1778,Abordable,2026-03-06
990,EldurionJ,1778,Abordable,2026-03-06
991,thepetitbreton,1778,Abordable,2026-03-06
992,dooomiiinooo,1778,Abordable,2026-03-06
993,N_zoh,1778,Abordable,2026-03-06
994,oak_trainer,1778,Abordable,2026-03-06
995,Guyom_K,1778,Abordable,2026-03-06
996,tochkom,1777,Abordable,2026-03-06
997,rmousse,1777,Abordable,2026-03-06
998,chatdego,1777,Abordable,2026-03-06
999,ahorushiro,1776,Abordable,2026-03-06
1000,fixfax83,1776,Abordable,2026-03-06
1001,LeGouicheur,1776,Abordable,2026-03-06
1002,mattouellettboucher,1775,Abordable,2026-03-06
1003,Vavalcelest,1775,Abordable,2026-03-06
1004,Hrognaar,1775,Abordable,2026-03-06
1005,amandine_1899,1774,Abordable,2026-03-06
1006,tyroga_,1774,Abordable,2026-03-06
1007,Nitrostarch,1773,Abordable,2026-03-06
1008,lilico0410,1773,Abordable,2026-03-06
1009,cartelqueen,1773,Abordable,2026-03-06
1010,Khrista_87,1773,Abordable,2026-03-06
1011,raiderdu24,1773,Abordable,2026-03-06
1012,Maudtiny,1773,Abordable,2026-03-06
1013,highdrien34,1773,Abordable,2026-03-06
1014,Patmol25,1773,Abordable,2026-03-06
1015,hadjee,1773,Abordable,2026-03-06
1016,mathis0303_,1772,Abordable,2026-03-06
1017,Sanzashinho,1772,Abordable,2026-03-06
1018,aniuw1,1772,Abordable,2026-03-06
1019,PleinDeSoupe,1771,Abordable,2026-03-06
1020,harveyslim,1771,Abordable,2026-03-06
1021,xMcMANx,1771,Abordable,2026-03-06
1022,afy_fou,1770,Abordable,2026-03-06
1023,barst_mc_plonte,1770,Abordable,2026-03-06
1024,Yuushinakin,1770,Abordable,2026-03-06
1025,simeon_rlu,1770,Abordable,2026-03-06
1026,Tartine_De_Gazoule,1770,Abordable,2026-03-06
1027,Thotolito,1770,Abordable,2026-03-06
1028,silskinrius,1769,Abordable,2026-03-06
1029,dydybulle55,1769,Abordable,2026-03-06
1030,louis_d_bras,1769,Abordable,2026-03-06
1031,takeso360,1768,Abordable,2026-03-06
1032,meleykali,1768,Abordable,2026-03-06
1033,ErmacRush,1768,Abordable,2026-03-06
1034,masterfish1004,1768,Abordable,2026-03-06
1035,Jannaimar,1768,Abordable,2026-03-06
1036,gao_2108,1767,Abordable,2026-03-06
1037,sheepsy_,1767,Abordable,2026-03-06
1038,pipoiapi,1767,Abordable,2026-03-06
1039,aktalordtw,1766,Abordable,2026-03-06
1040,mb3105,1766,Abordable,2026-03-06
1041,redst0,1766,Abordable,2026-03-06
1042,smfc95,1766,Abordable,2026-03-06
1043,fanchinho6,1765,Abordable,2026-03-06
1044,manuerequin,1765,Abordable,2026-03-06
1045,Toadallie,1765,Abordable,2026-03-06
1046,faberneird,1765,Abordable,2026-03-06
1047,Folamour,1764,Abordable,2026-03-06
1048,Cedric_______,1764,Abordable,2026-03-06
1049,doucirr,1764,Abordable,2026-03-06
1050,mllepams,1764,Abordable,2026-03-06
1051,batandleo,1764,Abordable,2026-03-06
1052,Grozene,1763,Abordable,2026-03-06
1053,charlesgeorges1976,1763,Abordable,2026-03-06
1054,magicmathis1,1763,Abordable,2026-03-06
1055,kyllian0_,1763,Abordable,2026-03-06
1056,bildungsromane,1763,Abordable,2026-03-06
1057,liv9171,1762,Abordable,2026-03-06
1058,eole1503,1762,Abordable,2026-03-06
1059,ar_t_mis_,1762,Abordable,2026-03-06
1060,9bloodblade9,1761,Abordable,2026-03-06
1061,mclpr,1761,Abordable,2026-03-06
1062,clemzy10,1761,Abordable,2026-03-06
1063,luziii3,1761,Abordable,2026-03-06
1064,Loos_Guccreen,1761,Abordable,2026-03-06
1065,nicowthehead,1761,Abordable,2026-03-06
1066,elgigantenn,1760,Abordable,2026-03-06
1067,GnR_Blitz,1760,Abordable,2026-03-06
1068,Dorky42,1760,Abordable,2026-03-06
1069,gab0utch,1760,Abordable,2026-03-06
1070,loulou_mcduck,1760,Abordable,2026-03-06
1071,katellpg,1760,Abordable,2026-03-06
1072,dr_andral,1760,Abordable,2026-03-06
1073,RdNetwork,1760,Abordable,2026-03-06
1074,Llu90,1760,Abordable,2026-03-06
1075,luluxette,1759,Abordable,2026-03-06
1076,Alexcendres,1759,Abordable,2026-03-06
1077,KotoLePlusBo,1759,Abordable,2026-03-06
1078,wonderabi,1758,Abordable,2026-03-06
1079,chocolapin33,1758,Abordable,2026-03-06
1080,snowkey_y,1758,Abordable,2026-03-06
1081,Manu230874,1757,Abordable,2026-03-06
1082,aprif,1757,Abordable,2026-03-06
1083,PoneyEnJupe,1757,Abordable,2026-03-06
1084,Oliv_Karnage,1757,Abordable,2026-03-06
1085,25784z,1757,Abordable,2026-03-06
1086,darkstar2710,1757,Abordable,2026-03-06
1087,nxxmxnd,1756,Abordable,2026-03-06
1088,SHALALALALAMSM,1755,Abordable,2026-03-06
1089,matteo_23456,1755,Abordable,2026-03-06
1090,P0piLeGrand,1755,Abordable,2026-03-06
1091,Toinz_,1755,Abordable,2026-03-06
1092,Fraudeman_,1754,Abordable,2026-03-06
1093,MyopicTortoise,1754,Abordable,2026-03-06
1094,flouze55,1754,Abordable,2026-03-06
1095,el_corsaire,1754,Abordable,2026-03-06
1096,Nawak80,1753,Abordable,2026-03-06
1097,hugskyhusky,1753,Abordable,2026-03-06
1098,Laaampadaire,1753,Abordable,2026-03-06
1099,kraken_ti,1753,Abordable,2026-03-06
1100,lucaspi6,1753,Abordable,2026-03-06
1101,blackraven560276,1753,Abordable,2026-03-06
1102,Onidre,1752,Abordable,2026-03-06
1103,cececerian,1752,Abordable,2026-03-06
1104,AmoAimo,1752,Abordable,2026-03-06
1105,Chavo_TheSchnibble,1752,Abordable,2026-03-06
1106,labarbiturique,1752,Abordable,2026-03-06
1107,alcarex09,1751,Abordable,2026-03-06
1108,carlitalovesbees,1751,Abordable,2026-03-06
1109,KuromeJ,1750,Abordable,2026-03-06
1110,yanisflxxx,1750,Abordable,2026-03-06
1111,Zigaroula,1750,Abordable,2026-03-06
1112,HadrienCl,1750,Abordable,2026-03-06
1113,b4949r,1750,Abordable,2026-03-06
1114,Etinamuh,1750,Abordable,2026-03-06
1115,vulcainta,1749,Abordable,2026-03-06
1116,sebnet25,1749,Abordable,2026-03-06
1117,atebaobab,1749,Abordable,2026-03-06
1118,BrorenTilTchoupi,1749,Abordable,2026-03-06
1119,boimer,1748,Abordable,2026-03-06
1120,NinjaBlanc54,1748,Abordable,2026-03-06
1121,fafoudu1,1747,Abordable,2026-03-06
1122,Toadio64,1747,Abordable,2026-03-06
1123,Pailletowin,1746,Abordable,2026-03-06
1124,ton_gros_front_lisse,1746,Abordable,2026-03-06
1125,hortensia06,1746,Abordable,2026-03-06
1126,Snailkeuh,1746,Abordable,2026-03-06
1127,izziquent,1746,Abordable,2026-03-06
1128,martfly26,1746,Abordable,2026-03-06
1129,lgxcinci,1746,Abordable,2026-03-06
1130,shymagres,1745,Abordable,2026-03-06
1131,bastien_cdr,1745,Abordable,2026-03-06
1132,boreal1333,1745,Abordable,2026-03-06
1133,zetiti270,1744,Abordable,2026-03-06
1134,FlashD19,1744,Abordable,2026-03-06
1135,padekdos,1744,Abordable,2026-03-06
1136,Spido39,1744,Abordable,2026-03-06
1137,gourde92831,1743,Abordable,2026-03-06
1138,Robi_Bine,1743,Abordable,2026-03-06
1139,unkebabultra,1743,Abordable,2026-03-06
1140,Nevulas_,1743,Abordable,2026-03-06
1141,sixdogs,1742,Abordable,2026-03-06
1142,Nisignem,1742,Abordable,2026-03-06
1143,math953900,1742,Abordable,2026-03-06
1144,Lilllibl,1741,Abordable,2026-03-06
1145,Gueguettee,1741,Abordable,2026-03-06
1146,Koalet,1741,Abordable,2026-03-06
1147,Hakiten,1741,Abordable,2026-03-06
1148,ev4n2,1741,Abordable,2026-03-06
1149,anais44000,1740,Abordable,2026-03-06
1150,Ximile,1740,Abordable,2026-03-06
1151,claire1_7,1740,Abordable,2026-03-06
1152,Simboy31,1740,Abordable,2026-03-06
1153,antvine,1740,Abordable,2026-03-06
1154,amsi476245,1740,Abordable,2026-03-06
1155,starofsky78,1740,Abordable,2026-03-06
1156,ouloulouu8,1739,Abordable,2026-03-06
1157,hugoooo0_,1739,Abordable,2026-03-06
1158,bastonks,1739,Abordable,2026-03-06
1159,chemisemauveacarreaux,1739,Abordable,2026-03-06
1160,mintarra21,1739,Abordable,2026-03-06
1161,SeigneurZigmou,1739,Abordable,2026-03-06
1162,Sipior4,1738,Abordable,2026-03-06
1163,flaflaxdup,1738,Abordable,2026-03-06
1164,taykeron,1738,Abordable,2026-03-06
1165,guylouche29,1738,Abordable,2026-03-06
1166,yannmdc,1738,Abordable,2026-03-06
1167,Canisback,1738,Abordable,2026-03-06
1168,Not_BhS,1738,Abordable,2026-03-06
1169,yooshi213,1738,Abordable,2026-03-06
1170,tetedejondi,1737,Abordable,2026-03-06
1171,princesse_cradouille,1737,Abordable,2026-03-06
1172,Neorigg,1737,Abordable,2026-03-06
1173,cactuspoeme6,1736,Abordable,2026-03-06
1174,Erx0n,1736,Abordable,2026-03-06
1175,lfbk_robz,1736,Abordable,2026-03-06
1176,anthofou31,1735,Abordable,2026-03-06
1177,Spiri_DocS,1735,Abordable,2026-03-06
1178,tor2010manta,1735,Abordable,2026-03-06
1179,the23ace,1734,Abordable,2026-03-06
1180,puputedu31,1734,Abordable,2026-03-06
1181,enzo99enzo,1734,Abordable,2026-03-06
1182,BigBlueMTG,1734,Abordable,2026-03-06
1183,poussichou,1733,Abordable,2026-03-06
1184,steph1769300,1733,Abordable,2026-03-06
1185,cel90600,1732,Abordable,2026-03-06
1186,marieange__,1732,Abordable,2026-03-06
1187,crepeauxfromages,1732,Abordable,2026-03-06
1188,toutoune_le_m,1731,Abordable,2026-03-06
1189,selyanarrow,1731,Abordable,2026-03-06
1190,frcrazypanda,1731,Abordable,2026-03-06
1191,cytshitan,1731,Abordable,2026-03-06
1192,TheFabulousLink_,1730,Abordable,2026-03-06
1193,TheSoulStealer,1730,Abordable,2026-03-06
1194,miniacs,1730,Abordable,2026-03-06
1195,alexflexx5,1730,Abordable,2026-03-06
1196,tuktuk286,1729,Abordable,2026-03-06
1197,raph6o,1729,Abordable,2026-03-06
1198,etharkan,1728,Abordable,2026-03-06
1199,kerviken,1728,Abordable,2026-03-06
1200,semper49,1728,Abordable,2026-03-06
1201,Enaira02,1728,Abordable,2026-03-06
1202,Takan0va,1727,Abordable,2026-03-06
1203,pandabubu,1727,Abordable,2026-03-06
1204,Tanukiiiiiiiiiii,1727,Abordable,2026-03-06
1205,bapinho_22,1727,Abordable,2026-03-06
1206,psycocci,1727,Abordable,2026-03-06
1207,PumPiz,1726,Abordable,2026-03-06
1208,gardenofshura,1726,Abordable,2026-03-06
1209,Rodent7,1726,Abordable,2026-03-06
1210,kunzki,1726,Abordable,2026-03-06
1211,hugokml1,1726,Abordable,2026-03-06
1212,luciefer___,1726,Abordable,2026-03-06
1213,aureltom,1726,Abordable,2026-03-06
1214,marie_etsespetitstraits,1726,Abordable,2026-03-06
1215,Praetrorian,1725,Abordable,2026-03-06
1216,tomnz945,1725,Abordable,2026-03-06
1217,sarode22_,1725,Abordable,2026-03-06
1218,komagik,1725,Abordable,2026-03-06
1219,annonymon198,1724,Abordable,2026-03-06
1220,SaghLaaaaa,1724,Abordable,2026-03-06
1221,the_rominou,1724,Abordable,2026-03-06
1222,ZoE_DuL,1724,Abordable,2026-03-06
1223,slaxdc,1723,Abordable,2026-03-06
1224,vingt_et_un,1723,Abordable,2026-03-06
1225,Acansee,1723,Abordable,2026-03-06
1226,ascooked,1723,Abordable,2026-03-06
1227,pau_line6,1722,Abordable,2026-03-06
1228,Nraitt,1722,Abordable,2026-03-06
1229,cronozisyt,1722,Abordable,2026-03-06
1230,vsatanas,1722,Abordable,2026-03-06
1231,Portalis,1722,Abordable,2026-03-06
1232,maxbezlegam,1722,Abordable,2026-03-06
1233,Lilehoux,1722,Abordable,2026-03-06
1234,groupamafdj,1722,Abordable,2026-03-06
1235,Rapik79,1722,Abordable,2026-03-06
1236,astwin76,1721,Abordable,2026-03-06
1237,Guirlyn,1721,Abordable,2026-03-06
1238,furlisht,1721,Abordable,2026-03-06
1239,alexdubinkss,1721,Abordable,2026-03-06
1240,leaa30,1720,Abordable,2026-03-06
1241,salomedutrieu,1720,Abordable,2026-03-06
1242,patate1654,1720,Abordable,2026-03-06
1243,alexinhos,1720,Abordable,2026-03-06
1244,sagefemmerie,1720,Abordable,2026-03-06
1245,lemael12,1720,Abordable,2026-03-06
1246,i_l_i_a_n,1720,Abordable,2026-03-06
1247,LeVram__,1720,Abordable,2026-03-06
1248,antkil02,1720,Abordable,2026-03-06
1249,thhiga,1719,Abordable,2026-03-06
1250,thebabet,1719,Abordable,2026-03-06
1251,idaje,1719,Abordable,2026-03-06
1252,PoireauPane,1719,Abordable,2026-03-06
1253,dem0_g,1718,Abordable,2026-03-06
1254,elliotlc,1718,Abordable,2026-03-06
1255,mfp_wanderer,1718,Abordable,2026-03-06
1256,NaaySquik,1717,Abordable,2026-03-06
1257,1_nain_connu_,1717,Abordable,2026-03-06
1258,mcgregg1977,1717,Abordable,2026-03-06
1259,hoodbabyluffy,1717,Abordable,2026-03-06
1260,infini1006,1716,Abordable,2026-03-06
1261,virgilux,1716,Abordable,2026-03-06
1262,romain_1410,1715,Abordable,2026-03-06
1263,loleli31,1715,Abordable,2026-03-06
1264,Atouxi,1715,Abordable,2026-03-06
1265,solalcoolo,1715,Abordable,2026-03-06
1266,Roxaasora,1715,Abordable,2026-03-06
1267,jakku003,1715,Abordable,2026-03-06
1268,rom1_nc,1715,Abordable,2026-03-06
1269,fireblaze9298,1714,Abordable,2026-03-06
1270,Xerland74,1714,Abordable,2026-03-06
1271,rylonne_,1714,Abordable,2026-03-06
1272,mariionfl,1714,Abordable,2026-03-06
1273,fee_lix,1714,Abordable,2026-03-06
1274,piglouss,1714,Abordable,2026-03-06
1275,sgtnooz,1713,Abordable,2026-03-06
1276,annashy27,1712,Abordable,2026-03-06
1277,Chaton_Trop_Mignon,1712,Abordable,2026-03-06
1278,spi8544,1712,Abordable,2026-03-06
1279,SilverDogTV,1712,Abordable,2026-03-06
1280,nint_44,1712,Abordable,2026-03-06
1281,majima_goro13,1712,Abordable,2026-03-06
1282,jonathan0dc,1711,Abordable,2026-03-06
1283,nanou33190,1711,Abordable,2026-03-06
1284,simon762300,1711,Abordable,2026-03-06
1285,guiguich9,1711,Abordable,2026-03-06
1286,Arotuf,1711,Abordable,2026-03-06
1287,Caro_ea,1711,Abordable,2026-03-06
1288,Jheo7,1711,Abordable,2026-03-06
1289,isa6137,1710,Abordable,2026-03-06
1290,eesil,1710,Abordable,2026-03-06
1291,Best_Platypus,1710,Abordable,2026-03-06
1292,tommy_tecim13,1709,Abordable,2026-03-06
1293,kb946,1709,Abordable,2026-03-06
1294,clallema,1709,Abordable,2026-03-06
1295,Evil3ye,1709,Abordable,2026-03-06
1296,Kehran,1709,Abordable,2026-03-06
1297,Gypp,1708,Abordable,2026-03-06
1298,Gafpix,1708,Abordable,2026-03-06
1299,HenriOOS,1708,Abordable,2026-03-06
1300,vacheenbois,1708,Abordable,2026-03-06
1301,notLeandre,1707,Abordable,2026-03-06
1302,lipstick44160,1707,Abordable,2026-03-06
1303,tams0078,1707,Abordable,2026-03-06
1304,Stormax92,1707,Abordable,2026-03-06
1305,jeanmichelrebou,1706,Abordable,2026-03-06
1306,Hinata_live,1706,Abordable,2026-03-06
1307,MrMich38,1706,Abordable,2026-03-06
1308,Ruityde,1706,Abordable,2026-03-06
1309,jolengengar,1706,Abordable,2026-03-06
1310,pitimikma3l,1706,Abordable,2026-03-06
1311,pduprieu,1705,Abordable,2026-03-06
1312,Drypaints,1705,Abordable,2026-03-06
1313,Karabiffle,1705,Abordable,2026-03-06
1314,ptitbouh,1705,Abordable,2026-03-06
1315,GuyStark,1705,Abordable,2026-03-06
1316,Maitre_leni,1705,Abordable,2026-03-06
1317,GiganThor_,1705,Abordable,2026-03-06
1318,TheJaecko,1703,Abordable,2026-03-06
1319,Corb1_,1703,Abordable,2026-03-06
1320,lepoutax,1703,Abordable,2026-03-06
1321,flozz42,1703,Abordable,2026-03-06
1322,lyria_prs,1703,Abordable,2026-03-06
1323,the_tttyui,1703,Abordable,2026-03-06
1324,emphaaaa,1703,Abordable,2026-03-06
1325,Amauryarti,1703,Abordable,2026-03-06
1326,just1mart1,1703,Abordable,2026-03-06
1327,skil0ne,1703,Abordable,2026-03-06
1328,Aphantasik,1702,Abordable,2026-03-06
1329,marionvgv,1702,Abordable,2026-03-06
1330,r3izher,1702,Abordable,2026-03-06
1331,megata__,1702,Abordable,2026-03-06
1332,PetitEwokk,1701,Abordable,2026-03-06
1333,lukasmelchior95,1701,Abordable,2026-03-06
1334,RoyalNwKadoc,1701,Abordable,2026-03-06
1335,poulpotiron,1701,Abordable,2026-03-06
1336,qskrobaka1991,1701,Abordable,2026-03-06
1337,thibaudrbo,1701,Abordable,2026-03-06
1338,lePabe,1700,Abordable,2026-03-06
1339,fifilebreton,1700,Abordable,2026-03-06
1340,labanane132,1700,Abordable,2026-03-06
1341,andulo9150,1700,Abordable,2026-03-06
1342,hiroshipanda2,1700,Abordable,2026-03-06
1343,FyyTox,1700,Abordable,2026-03-06
1344,Karreaux_,1700,Abordable,2026-03-06
1345,cecilia63730,1699,Abordable,2026-03-06
1346,dimargotgot,1699,Abordable,2026-03-06
1347,bob_the_k_indexor,1699,Abordable,2026-03-06
1348,larvecitron,1699,Abordable,2026-03-06
1349,fataraxe,1699,Abordable,2026-03-06
1350,globuleviolet,1698,Abordable,2026-03-06
1351,ElToomyFR,1698,Abordable,2026-03-06
1352,astrofeur,1698,Abordable,2026-03-06
1353,sys100817,1698,Abordable,2026-03-06
1354,iznogood29,1697,Abordable,2026-03-06
1355,Sanjicook51,1697,Abordable,2026-03-06
1356,marynell22,1697,Abordable,2026-03-06
1357,MamiePadoeu,1697,Abordable,2026-03-06
1358,johnnyjumper57,1697,Abordable,2026-03-06
1359,Gophie,1697,Abordable,2026-03-06
1360,skaikruhedab,1697,Abordable,2026-03-06
1361,Webelu,1696,Abordable,2026-03-06
1362,meliana91,1696,Abordable,2026-03-06
1363,tom22bzh,1696,Abordable,2026-03-06
1364,CorsicanGambler,1696,Abordable,2026-03-06
1365,Lykiell,1695,Abordable,2026-03-06
1366,axougerko08,1695,Abordable,2026-03-06
1367,paulfrrd,1695,Abordable,2026-03-06
1368,allan178679,1695,Abordable,2026-03-06
1369,didoudulabal,1695,Abordable,2026-03-06
1370,Kilard,1695,Abordable,2026-03-06
1371,AEG_Keppsyf,1694,Abordable,2026-03-06
1372,Lord_Drake_,1694,Abordable,2026-03-06
1373,katakeno,1693,Abordable,2026-03-06
1374,nicklas56400,1693,Abordable,2026-03-06
1375,pepitofurtif_,1693,Abordable,2026-03-06
1376,mat2o3,1693,Abordable,2026-03-06
1377,ZouaV__,1693,Abordable,2026-03-06
1378,gwen1083,1693,Abordable,2026-03-06
1379,TheRabtorr,1693,Abordable,2026-03-06
1380,downkyz,1693,Abordable,2026-03-06
1381,aepsilon2,1692,Abordable,2026-03-06
1382,bazach18,1692,Abordable,2026-03-06
1383,Boby_Boooba,1692,Abordable,2026-03-06
1384,wouchouuuu,1692,Abordable,2026-03-06
1385,Allys7,1691,Abordable,2026-03-06
1386,maxx_la_menaace,1691,Abordable,2026-03-06
1387,professeurghost,1691,Abordable,2026-03-06
1388,kikinou_spark_,1691,Abordable,2026-03-06
1389,Paultraunesofa,1691,Abordable,2026-03-06
1390,amelied33,1691,Abordable,2026-03-06
1391,suuuuzon,1691,Abordable,2026-03-06
1392,Ckija,1690,Abordable,2026-03-06
1393,loulou_le_fifou,1690,Abordable,2026-03-06
1394,tristan_ryu,1690,Abordable,2026-03-06
1395,shagasse_africa,1689,Abordable,2026-03-06
1396,TheFlatZeppelin,1689,Abordable,2026-03-06
1397,lacrimoty,1689,Abordable,2026-03-06
1398,beubeulafougere,1689,Abordable,2026-03-06
1399,anais391706,1688,Abordable,2026-03-06
1400,soussonoeil,1688,Abordable,2026-03-06
1401,hades763,1688,Abordable,2026-03-06
1402,R4tatosk,1688,Abordable,2026-03-06
1403,Cletri,1687,Abordable,2026-03-06
1404,donyzi,1687,Abordable,2026-03-06
1405,chihiro988,1686,Abordable,2026-03-06
1406,WizerWx,1686,Abordable,2026-03-06
1407,Tacsel,1685,Abordable,2026-03-06
1408,jean2cancun,1685,Abordable,2026-03-06
1409,eageln5,1685,Abordable,2026-03-06
1410,anais_sg,1685,Abordable,2026-03-06
1411,Ghighim0n,1684,Abordable,2026-03-06
1412,crashmirage,1684,Abordable,2026-03-06
1413,Noxetw,1684,Abordable,2026-03-06
1414,vejeam,1684,Abordable,2026-03-06
1415,mrgus25,1684,Abordable,2026-03-06
1416,thomasvbgh,1684,Abordable,2026-03-06
1417,ety_lore,1684,Abordable,2026-03-06
1418,KiViK___,1683,Abordable,2026-03-06
1419,leepidalord,1683,Abordable,2026-03-06
1420,titiriprag,1683,Abordable,2026-03-06
1421,pierbal,1683,Abordable,2026-03-06
1422,bapricbigbob,1682,Abordable,2026-03-06
1423,Valouu_LOL,1682,Abordable,2026-03-06
1424,fishman84,1682,Abordable,2026-03-06
1425,La_Siole,1681,Abordable,2026-03-06
1426,nobenjam,1681,Abordable,2026-03-06
1427,iResis_,1681,Abordable,2026-03-06
1428,IceZz_94,1681,Abordable,2026-03-06
1429,mamiem37,1680,Abordable,2026-03-06
1430,pouill4x,1680,Abordable,2026-03-06
1431,coinetifawl,1680,Abordable,2026-03-06
1432,Snowx2B,1680,Abordable,2026-03-06
1433,welana2002,1680,Abordable,2026-03-06
1434,royalcookie_,1679,Abordable,2026-03-06
1435,milobito,1679,Abordable,2026-03-06
1436,Serial76,1678,Abordable,2026-03-06
1437,Almagics_,1678,Abordable,2026-03-06
1438,Kerroaz,1678,Abordable,2026-03-06
1439,robxa27,1678,Abordable,2026-03-06
1440,benoireuhh,1677,Abordable,2026-03-06
1441,bltbd,1677,Abordable,2026-03-06
1442,martinounours_,1677,Abordable,2026-03-06
1443,syl400,1677,Abordable,2026-03-06
1444,Luky_Blake,1677,Abordable,2026-03-06
1445,CharlieSans,1676,Abordable,2026-03-06
1446,Noyyinn,1676,Abordable,2026-03-06
1447,emorej81290,1676,Abordable,2026-03-06
1448,consonne34,1676,Abordable,2026-03-06
1449,timar_san,1676,Abordable,2026-03-06
1450,Todomach,1676,Abordable,2026-03-06
1451,dornab,1676,Abordable,2026-03-06
1452,arthurhohlmann,1675,Abordable,2026-03-06
1453,MFonzatti,1675,Abordable,2026-03-06
1454,Samgam,1675,Abordable,2026-03-06
1455,0xdlo,1675,Abordable,2026-03-06
1456,eneoxy,1675,Abordable,2026-03-06
1457,martin_wiz,1675,Abordable,2026-03-06
1458,le_tennisman48,1674,Abordable,2026-03-06
1459,stephdestgenis,1674,Abordable,2026-03-06
1460,Sangti,1674,Abordable,2026-03-06
1461,sol3_n,1674,Abordable,2026-03-06
1462,victor_cizeh,1674,Abordable,2026-03-06
1463,lul_fdz,1673,Abordable,2026-03-06
1464,Scarf_88,1673,Abordable,2026-03-06
1465,Theobald,1673,Abordable,2026-03-06
1466,stanimal38,1673,Abordable,2026-03-06
1467,octanegirl77,1672,Abordable,2026-03-06
1468,JurassX,1672,Abordable,2026-03-06
1469,foucauloulou,1672,Abordable,2026-03-06
1470,ayanami236,1672,Abordable,2026-03-06
1471,hajimeta,1672,Abordable,2026-03-06
1472,zora__x,1672,Abordable,2026-03-06
1473,feroi350,1671,Abordable,2026-03-06
1474,ItsMangho,1671,Abordable,2026-03-06
1475,pepiteidem,1671,Abordable,2026-03-06
1476,DireMad_,1671,Abordable,2026-03-06
1477,adrizhed,1671,Abordable,2026-03-06
1478,norak_26,1671,Abordable,2026-03-06
1479,isobratistochrone,1671,Abordable,2026-03-06
1480,jchamign,1671,Abordable,2026-03-06
1481,sollu2,1671,Abordable,2026-03-06
1482,lebouftout,1671,Abordable,2026-03-06
1483,bloodychick_,1670,Abordable,2026-03-06
1484,ElendirGurdil,1670,Abordable,2026-03-06
1485,Imhoteptep1,1670,Abordable,2026-03-06
1486,lauranorak,1670,Abordable,2026-03-06
1487,stephanieylulu,1670,Abordable,2026-03-06
1488,cacoooolito,1669,Abordable,2026-03-06
1489,baglzz,1669,Abordable,2026-03-06
1490,myss4n,1669,Abordable,2026-03-06
1491,Va1ou_,1669,Abordable,2026-03-06
1492,cobra_jb51,1668,Abordable,2026-03-06
1493,C3PetDansLEau,1668,Abordable,2026-03-06
1494,lounapsch,1668,Abordable,2026-03-06
1495,Beerslayer06,1668,Abordable,2026-03-06
1496,guyom27,1667,Abordable,2026-03-06
1497,hugoo_23_,1667,Abordable,2026-03-06
1498,maxencedtz,1667,Abordable,2026-03-06
1499,a_heart_voice,1667,Abordable,2026-03-06
1500,ratinho__7,1667,Abordable,2026-03-06
1501,alpha_one_o,1667,Abordable,2026-03-06
1502,superslihf,1667,Abordable,2026-03-06
1503,Atinele,1667,Abordable,2026-03-06
1504,PandaduJapon,1666,Abordable,2026-03-06
1505,romain679,1666,Abordable,2026-03-06
1506,romanimaux,1666,Abordable,2026-03-06
1507,art_lbn,1666,Abordable,2026-03-06
1508,BehelFR,1666,Abordable,2026-03-06
1509,SileksTV,1666,Abordable,2026-03-06
1510,xtofsim,1666,Abordable,2026-03-06
1511,flibustier13,1665,Abordable,2026-03-06
1512,zeasonb,1665,Abordable,2026-03-06
1513,kethjin,1665,Abordable,2026-03-06
1514,poupoutte,1665,Abordable,2026-03-06
1515,0jram,1665,Abordable,2026-03-06
1516,aurelien_bayard,1665,Abordable,2026-03-06
1517,Gizaye,1665,Abordable,2026-03-06
1518,thot_alamin,1664,Abordable,2026-03-06
1519,freez_skiiz2,1664,Abordable,2026-03-06
1520,droums_,1664,Abordable,2026-03-06
1521,dr_gornum,1664,Abordable,2026-03-06
1522,uraniumonster,1663,Abordable,2026-03-06
1523,gotmarine,1663,Abordable,2026-03-06
1524,pierrham,1663,Abordable,2026-03-06
1525,nathan7826,1663,Abordable,2026-03-06
1526,AdrienElrico,1663,Abordable,2026-03-06
1527,alcyroco,1662,Abordable,2026-03-06
1528,mehdecin,1662,Abordable,2026-03-06
1529,noobspoky,1661,Abordable,2026-03-06
1530,Oree___,1661,Abordable,2026-03-06
1531,Herakles64,1661,Abordable,2026-03-06
1532,balledegolf,1661,Abordable,2026-03-06
1533,bnteau,1661,Abordable,2026-03-06
1534,ezila_3,1661,Abordable,2026-03-06
1535,Terkha,1661,Abordable,2026-03-06
1536,Aelystos,1661,Abordable,2026-03-06
1537,Enorotchka,1660,Abordable,2026-03-06
1538,lucieebl,1660,Abordable,2026-03-06
1539,Bombadeal,1660,Abordable,2026-03-06
1540,billmall44310,1660,Abordable,2026-03-06
1541,wtb_Xeto,1659,Abordable,2026-03-06
1542,xlinaelyoupi,1659,Abordable,2026-03-06
1543,FLOwN02,1659,Abordable,2026-03-06
1544,val_jnv,1659,Abordable,2026-03-06
1545,kafkakeske,1659,Abordable,2026-03-06
1546,kn__12,1658,Abordable,2026-03-06
1547,baptiste_mnst,1658,Abordable,2026-03-06
1548,arno_bab,1658,Abordable,2026-03-06
1549,aRReVn0,1658,Abordable,2026-03-06
1550,lafastod,1658,Abordable,2026-03-06
1551,Maxidroll,1657,Abordable,2026-03-06
1552,moilebgetpastoi,1657,Abordable,2026-03-06
1553,kirkou,1657,Abordable,2026-03-06
1554,adriknox,1656,Abordable,2026-03-06
1555,celsanfri,1656,Abordable,2026-03-06
1556,LeopoldoPisanello,1656,Abordable,2026-03-06
1557,titepiou,1656,Abordable,2026-03-06
1558,axzan06,1656,Abordable,2026-03-06
1559,MadeInGora,1656,Abordable,2026-03-06
1560,Slt_,1656,Abordable,2026-03-06
1561,Yamschas,1656,Abordable,2026-03-06
1562,ThisIsREDOU,1656,Abordable,2026-03-06
1563,g0sane,1655,Abordable,2026-03-06
1564,walkerbeni,1655,Abordable,2026-03-06
1565,kodamm21,1654,Abordable,2026-03-06
1566,FR_Agile,1654,Abordable,2026-03-06
1567,returns_10000,1654,Abordable,2026-03-06
1568,claro_quai_6,1654,Abordable,2026-03-06
1569,emiliegzz,1654,Abordable,2026-03-06
1570,claaa221104,1654,Abordable,2026-03-06
1571,Azuron_,1654,Abordable,2026-03-06
1572,bdubus,1654,Abordable,2026-03-06
1573,zach_ben_fods,1653,Abordable,2026-03-06
1574,vinaja85,1653,Abordable,2026-03-06
1575,Is4ki,1653,Abordable,2026-03-06
1576,naoofr,1653,Abordable,2026-03-06
1577,Miloumath,1653,Abordable,2026-03-06
1578,PorzFoll,1652,Abordable,2026-03-06
1579,saccard8,1652,Abordable,2026-03-06
1580,lordani44,1651,Abordable,2026-03-06
1581,lilirabe,1651,Abordable,2026-03-06
1582,Ramda_Pink,1651,Abordable,2026-03-06
1583,blouyu,1651,Abordable,2026-03-06
1584,marrrrrion,1651,Abordable,2026-03-06
1585,tractopoule_,1651,Abordable,2026-03-06
1586,Slafuss,1651,Abordable,2026-03-06
1587,theodamo,1651,Abordable,2026-03-06
1588,Aramandra,1650,Abordable,2026-03-06
1589,silvermarco97,1650,Abordable,2026-03-06
1590,oxwood06,1650,Abordable,2026-03-06
1591,Tatane_tv,1650,Abordable,2026-03-06
1592,Malassa5555,1650,Abordable,2026-03-06
1593,celine512,1650,Abordable,2026-03-06
1594,gfunkybasse,1650,Abordable,2026-03-06
1595,Asardoc20,1650,Abordable,2026-03-06
1596,Neohoops,1650,Abordable,2026-03-06
1597,loopipol,1649,Abordable,2026-03-06
1598,XenKami_IG,1649,Abordable,2026-03-06
1599,tortuegourmande,1649,Abordable,2026-03-06
1600,quinzmar,1649,Abordable,2026-03-06
1601,Lmon_Chok,1649,Abordable,2026-03-06
1602,I0u1s,1649,Abordable,2026-03-06
1603,Demurah,1649,Abordable,2026-03-06
1604,benj__4,1648,Abordable,2026-03-06
1605,IamSid3WiNdeR,1648,Abordable,2026-03-06
1606,moletg74,1648,Abordable,2026-03-06
1607,mockingjay1230,1648,Abordable,2026-03-06
1608,Idthesheep,1648,Abordable,2026-03-06
1609,morgane_polerina,1648,Abordable,2026-03-06
1610,La_Juuj,1648,Abordable,2026-03-06
1611,Raikuz,1647,Abordable,2026-03-06
1612,nicocena2203,1647,Abordable,2026-03-06
1613,lamangouste32,1647,Abordable,2026-03-06
1614,Asmowo,1647,Abordable,2026-03-06
1615,paola_cltr,1647,Abordable,2026-03-06
1616,naillik953,1647,Abordable,2026-03-06
1617,maxouzen,1647,Abordable,2026-03-06
1618,helenorma,1647,Abordable,2026-03-06
1619,miohne822,1647,Abordable,2026-03-06
1620,martincantineau,1647,Abordable,2026-03-06
1621,nadadrufio,1646,Abordable,2026-03-06
1622,adagio0,1646,Abordable,2026-03-06
1623,hamlew_44,1646,Abordable,2026-03-06
1624,ilyas_,1646,Abordable,2026-03-06
1625,LeNono_TV,1646,Abordable,2026-03-06
1626,melaniegrg,1645,Abordable,2026-03-06
1627,cdemoul1,1645,Abordable,2026-03-06
1628,aurelie_dtv,1645,Abordable,2026-03-06
1629,Hemistiche_,1645,Abordable,2026-03-06
1630,baatoou,1644,Abordable,2026-03-06
1631,ruggipi,1644,Abordable,2026-03-06
1632,Trantora,1644,Abordable,2026-03-06
1633,Fujimoto11,1644,Abordable,2026-03-06
1634,Chesley97,1644,Abordable,2026-03-06
1635,nash_ol,1644,Abordable,2026-03-06
1636,hassen_ijou,1644,Abordable,2026-03-06
1637,Elyar_TV,1644,Abordable,2026-03-06
1638,tartotartes,1643,Abordable,2026-03-06
1639,SoldatFlippy,1643,Abordable,2026-03-06
1640,ShinoxEU,1643,Abordable,2026-03-06
1641,staby33,1643,Abordable,2026-03-06
1642,paul_iblt,1643,Abordable,2026-03-06
1643,eurydicean,1643,Abordable,2026-03-06
1644,babouuuuuuuuuuuuuu67,1642,Abordable,2026-03-06
1645,Meepoi,1642,Abordable,2026-03-06
1646,LuluElloco,1642,Abordable,2026-03-06
1647,w0lf_ti9r0ux,1642,Abordable,2026-03-06
1648,Lito__9,1642,Abordable,2026-03-06
1649,anael_cph,1642,Abordable,2026-03-06
1650,Zhedexis,1642,Abordable,2026-03-06
1651,FlowFlowGAMING,1641,Abordable,2026-03-06
1652,BoulangerDeCristal,1641,Abordable,2026-03-06
1653,malo_dschs,1640,Abordable,2026-03-06
1654,fripomi,1640,Abordable,2026-03-06
1655,LeKagoule,1640,Abordable,2026-03-06
1656,tritonnosaure,1639,Abordable,2026-03-06
1657,fandebowie,1639,Abordable,2026-03-06
1658,Bigonoud,1639,Abordable,2026-03-06
1659,LudiVidiVici,1639,Abordable,2026-03-06
1660,TakoHetto,1639,Abordable,2026-03-06
1661,mimines1,1638,Abordable,2026-03-06
1662,ev4n1r56,1638,Abordable,2026-03-06
1663,felix_laf,1638,Abordable,2026-03-06
1664,Theagaphie,1638,Abordable,2026-03-06
1665,FaClaAn,1637,Abordable,2026-03-06
1666,jeanmarielepencvrmtlegoat,1637,Abordable,2026-03-06
1667,Lurok_,1637,Abordable,2026-03-06
1668,martinbiss,1637,Abordable,2026-03-06
1669,nicowdt,1637,Abordable,2026-03-06
1670,jbalvin88,1637,Abordable,2026-03-06
1671,fariostrewis,1636,Abordable,2026-03-06
1672,sim182737473,1636,Abordable,2026-03-06
1673,GenPro87,1636,Abordable,2026-03-06
1674,nz0z_,1635,Abordable,2026-03-06
1675,chokkxx,1635,Abordable,2026-03-06
1676,firox_91,1635,Abordable,2026-03-06
1677,tiennou49,1635,Abordable,2026-03-06
1678,cellowo,1635,Abordable,2026-03-06
1679,aziegenhagen,1634,Abordable,2026-03-06
1680,Ertaqq,1634,Abordable,2026-03-06
1681,Typlouf_,1634,Abordable,2026-03-06
1682,tibere167,1634,Abordable,2026-03-06
1683,katsuyaa,1633,Abordable,2026-03-06
1684,Ilhayo,1633,Abordable,2026-03-06
1685,davidg_247,1633,Abordable,2026-03-06
1686,batou128,1633,Abordable,2026-03-06
1687,gaetan_pav,1633,Abordable,2026-03-06
1688,LeWalui,1633,Abordable,2026-03-06
1689,Clemoslo,1633,Abordable,2026-03-06
1690,svz_anarion,1633,Abordable,2026-03-06
1691,warsoonn,1633,Abordable,2026-03-06
1692,sickman29,1633,Abordable,2026-03-06
1693,crockettor,1632,Abordable,2026-03-06
1694,jeremyone16,1632,Abordable,2026-03-06
1695,guepineuse,1632,Abordable,2026-03-06
1696,Caaaann_,1632,Abordable,2026-03-06
1697,Slitter087,1632,Abordable,2026-03-06
1698,aramistouille,1632,Abordable,2026-03-06
1699,123clara456saucisse,1632,Abordable,2026-03-06
1700,clement0330,1632,Abordable,2026-03-06
1701,Terraa_27,1632,Abordable,2026-03-06
1702,kame0c,1632,Abordable,2026-03-06
1703,r1e59,1632,Abordable,2026-03-06
1704,suffpapy,1631,Abordable,2026-03-06
1705,battlamenace,1631,Abordable,2026-03-06
1706,nnoooaaaa,1631,Abordable,2026-03-06
1707,Crinkrin,1631,Abordable,2026-03-06
1708,dfer1265,1631,Abordable,2026-03-06
1709,TazReload,1631,Abordable,2026-03-06
1710,kc_otomo,1631,Abordable,2026-03-06
1711,Kynuur,1630,Abordable,2026-03-06
1712,milkklei,1630,Abordable,2026-03-06
1713,RiquittaSanchez,1630,Abordable,2026-03-06
1714,Ocays,1630,Abordable,2026-03-06
1715,n4tsuy4,1630,Abordable,2026-03-06
1716,Helcay_,1630,Abordable,2026-03-06
1717,lakonik44,1629,Abordable,2026-03-06
1718,Bulebulle,1629,Abordable,2026-03-06
1719,Ofual,1629,Abordable,2026-03-06
1720,flavienric,1629,Abordable,2026-03-06
1721,responseau,1629,Abordable,2026-03-06
1722,bant0n,1629,Abordable,2026-03-06
1723,ofuikx,1628,Abordable,2026-03-06
1724,cecetino,1628,Abordable,2026-03-06
1725,pandaman_88,1628,Abordable,2026-03-06
1726,mogador42,1628,Abordable,2026-03-06
1727,periclees75,1628,Abordable,2026-03-06
1728,claude_maillou,1628,Abordable,2026-03-06
1729,Trafalgar_8sky,1628,Abordable,2026-03-06
1730,dafloc,1627,Abordable,2026-03-06
1731,silvamillon,1627,Abordable,2026-03-06
1732,nestlu_,1627,Abordable,2026-03-06
1733,louis__4,1627,Abordable,2026-03-06
1734,leo22971_2,1626,Abordable,2026-03-06
1735,tybald_cornelion,1626,Abordable,2026-03-06
1736,eyrochi,1626,Abordable,2026-03-06
1737,Eni_Plaid,1626,Abordable,2026-03-06
1738,le_skwi,1626,Abordable,2026-03-06
1739,asheb00,1625,Abordable,2026-03-06
1740,tomy7698,1625,Abordable,2026-03-06
1741,TatieParapluie,1625,Abordable,2026-03-06
1742,m8_nanocif,1625,Abordable,2026-03-06
1743,fanchito2677,1625,Abordable,2026-03-06
1744,axwayve,1625,Abordable,2026-03-06
1745,nawennebzh,1624,Abordable,2026-03-06
1746,Biscke,1624,Abordable,2026-03-06
1747,aliceeuh_,1624,Abordable,2026-03-06
1748,Setsunael,1624,Abordable,2026-03-06
1749,Sophie_Ldr,1624,Abordable,2026-03-06
1750,airvai,1624,Abordable,2026-03-06
1751,jchllx,1623,Abordable,2026-03-06
1752,hugotheup,1623,Abordable,2026-03-06
1753,ruminemoriarty,1623,Abordable,2026-03-06
1754,Markhat,1623,Abordable,2026-03-06
1755,Zayli__,1623,Abordable,2026-03-06
1756,Vorax2102,1623,Abordable,2026-03-06
1757,melvineuer22,1623,Abordable,2026-03-06
1758,Oasiisgood,1623,Abordable,2026-03-06
1759,anna_pmette,1622,Abordable,2026-03-06
1760,Matthieu_avec_2T,1622,Abordable,2026-03-06
1761,antoines07,1622,Abordable,2026-03-06
1762,blablacar09420,1622,Abordable,2026-03-06
1763,ridzen10,1622,Abordable,2026-03-06
1764,Erinn653,1622,Abordable,2026-03-06
1765,GeoNonooo,1622,Abordable,2026-03-06
1766,jossleboloss,1621,Abordable,2026-03-06
1767,martiinuuus,1621,Abordable,2026-03-06
1768,etriname_twitch,1621,Abordable,2026-03-06
1769,Satan_FR,1621,Abordable,2026-03-06
1770,snakinho74,1621,Abordable,2026-03-06
1771,nicolens62_,1620,Abordable,2026-03-06
1772,chaptainx,1620,Abordable,2026-03-06
1773,arlettechabotgaming,1620,Abordable,2026-03-06
1774,jujustumeuh,1620,Abordable,2026-03-06
1775,Dem0xiS,1620,Abordable,2026-03-06
1776,togepi_boardgame,1620,Abordable,2026-03-06
1777,berrytos,1619,Abordable,2026-03-06
1778,damydamm,1618,Abordable,2026-03-06
1779,Skouaibe,1618,Abordable,2026-03-06
1780,Lyllubia,1618,Abordable,2026-03-06
1781,laharen,1618,Abordable,2026-03-06
1782,CoorbX,1618,Abordable,2026-03-06
1783,devotneedler,1618,Abordable,2026-03-06
1784,renardcrousti,1617,Abordable,2026-03-06
1785,polymathe14,1617,Abordable,2026-03-06
1786,tizibob,1617,Abordable,2026-03-06
1787,TonyDan_,1617,Abordable,2026-03-06
1788,douti40,1617,Abordable,2026-03-06
1789,hydroshadowz,1617,Abordable,2026-03-06
1790,Patatours,1616,Abordable,2026-03-06
1791,justineblcn,1616,Abordable,2026-03-06
1792,ssk68100,1616,Abordable,2026-03-06
1793,Eindall,1616,Abordable,2026-03-06
1794,Tseko_tm,1616,Abordable,2026-03-06
1795,AuziXx15,1616,Abordable,2026-03-06
1796,nolbi_,1615,Abordable,2026-03-06
1797,stupidest_dane,1615,Abordable,2026-03-06
1798,3timit3,1615,Abordable,2026-03-06
1799,mattmagh,1615,Abordable,2026-03-06
1800,yeloi,1615,Abordable,2026-03-06
1801,sttaniss,1615,Abordable,2026-03-06
1802,maatelott,1614,Abordable,2026-03-06
1803,leamorvan5,1614,Abordable,2026-03-06
1804,ore_d,1614,Abordable,2026-03-06
1805,WeeZay_,1613,Abordable,2026-03-06
1806,Ar_Keez,1613,Abordable,2026-03-06
1807,AirCeos_,1613,Abordable,2026-03-06
1808,marcatounu,1613,Abordable,2026-03-06
1809,zienckar,1613,Abordable,2026-03-06
1810,L13_Graphics,1613,Abordable,2026-03-06
1811,kiddy87,1613,Abordable,2026-03-06
1812,chavouille,1613,Abordable,2026-03-06
1813,Albanane__,1613,Abordable,2026-03-06
1814,ThaoIan,1613,Abordable,2026-03-06
1815,lajayce,1612,Abordable,2026-03-06
1816,AEG_Maltuin,1612,Abordable,2026-03-06
1817,habedywin,1612,Abordable,2026-03-06
1818,bill_playmo,1612,Abordable,2026-03-06
1819,sylvjeu31,1612,Abordable,2026-03-06
1820,poulpy46,1612,Abordable,2026-03-06
1821,mathxlabeuteu,1612,Abordable,2026-03-06
1822,totobonsoir48,1612,Abordable,2026-03-06
1823,Scotchill,1612,Abordable,2026-03-06
1824,crewana,1611,Abordable,2026-03-06
1825,thomio2565,1611,Abordable,2026-03-06
1826,adriencalvet96,1611,Abordable,2026-03-06
1827,anatole_py,1610,Abordable,2026-03-06
1828,emilienrb,1609,Abordable,2026-03-06
1829,chloeamt,1609,Abordable,2026-03-06
1830,maxou1409,1609,Abordable,2026-03-06
1831,DANLCARTON,1609,Abordable,2026-03-06
1832,Suiden95,1608,Abordable,2026-03-06
1833,ctoptom,1608,Abordable,2026-03-06
1834,armand08_,1608,Abordable,2026-03-06
1835,pierro2992,1608,Abordable,2026-03-06
1836,vt12_levrai,1607,Abordable,2026-03-06
1837,Gousp34,1607,Abordable,2026-03-06
1838,mathwindou2k04,1607,Abordable,2026-03-06
1839,epicviip,1607,Abordable,2026-03-06
1840,pkch25,1607,Abordable,2026-03-06
1841,norritt16,1607,Abordable,2026-03-06
1842,Ralmnor,1607,Abordable,2026-03-06
1843,Wolfwar78,1607,Abordable,2026-03-06
1844,Akirariri,1607,Abordable,2026-03-06
1845,khobiche,1606,Abordable,2026-03-06
1846,CptnMcBalls,1606,Abordable,2026-03-06
1847,titinelagrande,1606,Abordable,2026-03-06
1848,djbetrim,1606,Abordable,2026-03-06
1849,Shilvana,1606,Abordable,2026-03-06
1850,10lukh01,1606,Abordable,2026-03-06
1851,Ekeho,1605,Abordable,2026-03-06
1852,lennythemystery,1605,Abordable,2026-03-06
1853,Eadliyn,1605,Abordable,2026-03-06
1854,vandeveldefabian,1604,Abordable,2026-03-06
1855,Medocc1,1604,Abordable,2026-03-06
1856,Menquia,1604,Abordable,2026-03-06
1857,rem_lv,1603,Abordable,2026-03-06
1858,KoalSheep,1603,Abordable,2026-03-06
1859,poipoi_0,1603,Abordable,2026-03-06
1860,romstyle45,1603,Abordable,2026-03-06
1861,luffysanlb,1603,Abordable,2026-03-06
1862,vanptide,1603,Abordable,2026-03-06
1863,Aiveune,1603,Abordable,2026-03-06
1864,kent11200,1602,Abordable,2026-03-06
1865,CapCous_,1602,Abordable,2026-03-06
1866,albatros_consanguin,1602,Abordable,2026-03-06
1867,ciber_fr35,1602,Abordable,2026-03-06
1868,Piveau1,1602,Abordable,2026-03-06
1869,Redfirds,1602,Abordable,2026-03-06
1870,magentathecolor,1602,Abordable,2026-03-06
1871,joer7374,1601,Abordable,2026-03-06
1872,stibimi,1601,Abordable,2026-03-06
1873,Koyannis,1601,Abordable,2026-03-06
1874,rlafosse54,1601,Abordable,2026-03-06
1875,Adwon_,1601,Abordable,2026-03-06
1876,Apocalypse88666,1600,Abordable,2026-03-06
1877,may3316,1600,Abordable,2026-03-06
1878,jozy64,1600,Abordable,2026-03-06
1879,Luavex,1600,Abordable,2026-03-06
1880,seboude,1600,Abordable,2026-03-06
1881,Priamster,1600,Abordable,2026-03-06
1882,peacefulcatworld,1600,Abordable,2026-03-06
1883,ninibouquiine,1599,Abordable,2026-03-06
1884,mpt4eva,1599,Abordable,2026-03-06
1885,siropmonarde,1599,Abordable,2026-03-06
1886,agent974_,1599,Abordable,2026-03-06
1887,Cyliaelle,1599,Abordable,2026-03-06
1888,frafrax,1599,Abordable,2026-03-06
1889,sylker22,1598,Abordable,2026-03-06
1890,Pisteur_alpin,1598,Abordable,2026-03-06
1891,mathiswolfie,1598,Abordable,2026-03-06
1892,clem170350,1598,Abordable,2026-03-06
1893,MaxSheune,1598,Abordable,2026-03-06
1894,Zifuko_de_la_B,1598,Abordable,2026-03-06
1895,punzeer,1598,Abordable,2026-03-06
1896,alb_z,1598,Abordable,2026-03-06
1897,misfeet35,1598,Abordable,2026-03-06
1898,rara090,1598,Abordable,2026-03-06
1899,nymos19,1598,Abordable,2026-03-06
1900,sow__sow,1597,Abordable,2026-03-06
1901,jujuteux,1597,Abordable,2026-03-06
1902,FrancoisBdeCharles,1597,Abordable,2026-03-06
1903,gudulesuperstar,1597,Abordable,2026-03-06
1904,escomparr,1597,Abordable,2026-03-06
1905,Athalset,1597,Abordable,2026-03-06
1906,man0nmaoui,1597,Abordable,2026-03-06
1907,roro2553,1597,Abordable,2026-03-06
1908,passerine23,1597,Abordable,2026-03-06
1909,Prsova,1596,Abordable,2026-03-06
1910,TakenGood10,1596,Abordable,2026-03-06
1911,earendyyl,1596,Abordable,2026-03-06
1912,Tantei_,1596,Abordable,2026-03-06
1913,vandalmonde,1595,Abordable,2026-03-06
1914,JessLivraddict,1595,Abordable,2026-03-06
1915,Rostazore,1595,Abordable,2026-03-06
1916,Sattamuse,1595,Abordable,2026-03-06
1917,sand0731,1595,Abordable,2026-03-06
1918,guigvk,1595,Abordable,2026-03-06
1919,xxcocr7rsclxx,1595,Abordable,2026-03-06
1920,lefermier10,1595,Abordable,2026-03-06
1921,hagoty,1595,Abordable,2026-03-06
1922,Zeltharyon,1595,Abordable,2026-03-06
1923,davidd2662119,1594,Abordable,2026-03-06
1924,cherub_fan,1594,Abordable,2026-03-06
1925,dy0uu,1594,Abordable,2026-03-06
1926,lexa0106,1594,Abordable,2026-03-06
1927,Randommer52,1594,Abordable,2026-03-06
1928,bigodiche,1593,Abordable,2026-03-06
1929,ZRKNG13,1593,Abordable,2026-03-06
1930,sukuweasoft,1593,Abordable,2026-03-06
1931,pneumattix,1593,Abordable,2026-03-06
1932,LhaexTV,1593,Abordable,2026-03-06
1933,Stillau,1593,Abordable,2026-03-06
1934,milochevrier,1593,Abordable,2026-03-06
1935,baretus,1593,Abordable,2026-03-06
1936,Anodece,1592,Abordable,2026-03-06
1937,derpepino,1592,Abordable,2026-03-06
1938,en7itoo,1592,Abordable,2026-03-06
1939,matteoctlx,1592,Abordable,2026-03-06
1940,tictac609,1592,Abordable,2026-03-06
1941,NezukYe,1592,Abordable,2026-03-06
1942,Vylkhin,1592,Abordable,2026-03-06
1943,viklervi,1591,Abordable,2026-03-06
1944,KeyhoJackk,1591,Abordable,2026-03-06
1945,Zau____,1591,Abordable,2026-03-06
1946,Whytetiger,1591,Abordable,2026-03-06
1947,LSel_grenade,1591,Abordable,2026-03-06
1948,srusru0805,1591,Abordable,2026-03-06
1949,m3ch3l,1591,Abordable,2026-03-06
1950,camoxx_,1590,Abordable,2026-03-06
1951,robinase1,1589,Abordable,2026-03-06
1952,beavounet12,1589,Abordable,2026-03-06
1953,Cihrzad,1589,Abordable,2026-03-06
1954,Tiba_Ulte,1589,Abordable,2026-03-06
1955,DiableCornu,1589,Abordable,2026-03-06
1956,kvrnvg,1589,Abordable,2026-03-06
1957,moltocortes,1589,Abordable,2026-03-06
1958,swiitch_fr,1589,Abordable,2026-03-06
1959,Amethyste_tp,1589,Abordable,2026-03-06
1960,Ernal7,1589,Abordable,2026-03-06
1961,slicer_29,1588,Abordable,2026-03-06
1962,nnrclt,1588,Abordable,2026-03-06
1963,pierre52190,1588,Abordable,2026-03-06
1964,slip_kangourex,1588,Abordable,2026-03-06
1965,TruEsdrael,1587,Abordable,2026-03-06
1966,baaarde,1587,Abordable,2026-03-06
1967,lyxtoo,1587,Abordable,2026-03-06
1968,edera22,1587,Abordable,2026-03-06
1969,LeNareux,1587,Abordable,2026-03-06
1970,navichou,1587,Abordable,2026-03-06
1971,choc0tube,1587,Abordable,2026-03-06
1972,theyannou23,1587,Abordable,2026-03-06
1973,noebsn,1587,Abordable,2026-03-06
1974,rust_cohle87,1587,Abordable,2026-03-06
1975,Tornoz,1587,Abordable,2026-03-06
1976,JustAWildPotatoo,1586,Abordable,2026-03-06
1977,testzzrot,1586,Abordable,2026-03-06
1978,kuramazer,1586,Abordable,2026-03-06
1979,Piroulis,1586,Abordable,2026-03-06
1980,ShoTam3,1586,Abordable,2026-03-06
1981,banana752b,1585,Abordable,2026-03-06
1982,mahed_le_chauve,1585,Abordable,2026-03-06
1983,bananaspif,1585,Abordable,2026-03-06
1984,xayah_play,1585,Abordable,2026-03-06
1985,Komorebi_LD,1585,Abordable,2026-03-06
1986,oscarcpg13,1584,Abordable,2026-03-06
1987,yeerduaa,1584,Abordable,2026-03-06
1988,baptister42,1584,Abordable,2026-03-06
1989,RiriLaLoutre,1584,Abordable,2026-03-06
1990,why_you_tousser,1584,Abordable,2026-03-06
1991,gwenvel1,1584,Abordable,2026-03-06
1992,wolfgang111,1584,Abordable,2026-03-06
1993,wilho77,1584,Abordable,2026-03-06
1994,zirifkxkldlvjnx,1584,Abordable,2026-03-06
1995,Roro_L,1583,Abordable,2026-03-06
1996,eliottou,1583,Abordable,2026-03-06
1997,Dovakiwi,1583,Abordable,2026-03-06
1998,loubln22,1583,Abordable,2026-03-06
1999,saggitose,1583,Abordable,2026-03-06
2000,dadap94,1583,Abordable,2026-03-06
2001,Dexte03,1583,Abordable,2026-03-06
2002,Rainbow_Firefly,1583,Abordable,2026-03-06
2003,isabo56,1582,Abordable,2026-03-06
2004,muhfassa,1582,Abordable,2026-03-06
2005,DarkHiito,1582,Abordable,2026-03-06
2006,lisalyca,1581,Abordable,2026-03-06
2007,bridouze_,1581,Abordable,2026-03-06
2008,mario_kartoffel,1581,Abordable,2026-03-06
2009,delugedekk,1581,Abordable,2026-03-06
2010,Bryssse,1580,Abordable,2026-03-06
2011,ysliro,1579,Abordable,2026-03-06
2012,Pheoda,1579,Abordable,2026-03-06
2013,Alm4___,1579,Abordable,2026-03-06
2014,vicdpre,1579,Abordable,2026-03-06
2015,xovves,1579,Abordable,2026-03-06
2016,ivlian,1579,Abordable,2026-03-06
2017,tatan42,1578,Abordable,2026-03-06
2018,clemeclair31,1578,Abordable,2026-03-06
2019,Kobiwano_off,1578,Abordable,2026-03-06
2020,soulsxreaper,1578,Abordable,2026-03-06
2021,corazoninho,1577,Abordable,2026-03-06
2022,cltanais,1577,Abordable,2026-03-06
2023,jylix_,1577,Abordable,2026-03-06
2024,papender18,1577,Abordable,2026-03-06
2025,pierronoopy,1577,Abordable,2026-03-06
2026,Mugis,1577,Abordable,2026-03-06
2027,effygies26,1577,Abordable,2026-03-06
2028,alexyhiro,1577,Abordable,2026-03-06
2029,TorTotor,1576,Abordable,2026-03-06
2030,remaku77,1576,Abordable,2026-03-06
2031,percheval,1576,Abordable,2026-03-06
2032,Loisyoyo_,1576,Abordable,2026-03-06
2033,hesiodar,1575,Abordable,2026-03-06
2034,BlueSkySapphire,1575,Abordable,2026-03-06
2035,magics_wolf,1575,Abordable,2026-03-06
2036,Triguneur28,1575,Abordable,2026-03-06
2037,DocMegPomit,1575,Abordable,2026-03-06
2038,mjdavel,1575,Abordable,2026-03-06
2039,FlorusHippocampe,1575,Abordable,2026-03-06
2040,matbudd,1575,Abordable,2026-03-06
2041,KixLaMenace_,1575,Abordable,2026-03-06
2042,plntel,1574,Abordable,2026-03-06
2043,yoballers,1573,Abordable,2026-03-06
2044,RasperGrimm,1573,Abordable,2026-03-06
2045,elonuf49,1573,Abordable,2026-03-06
2046,cestdric,1573,Abordable,2026-03-06
2047,Nomepac29,1573,Abordable,2026-03-06
2048,TamagoSpace,1573,Abordable,2026-03-06
2049,Moky06,1573,Abordable,2026-03-06
2050,tonio385,1572,Abordable,2026-03-06
2051,missjujuj,1572,Abordable,2026-03-06
2052,bidet76,1572,Abordable,2026-03-06
2053,finalfansebi,1571,Abordable,2026-03-06
2054,Aniade_,1571,Abordable,2026-03-06
2055,Lugdus,1571,Abordable,2026-03-06
2056,lekerx24,1571,Abordable,2026-03-06
2057,bi_e,1571,Abordable,2026-03-06
2058,nicoland33,1571,Abordable,2026-03-06
2059,Meryth,1570,Abordable,2026-03-06
2060,arthuroo1,1570,Abordable,2026-03-06
2061,terrorking97,1570,Abordable,2026-03-06
2062,caerwyn8,1570,Abordable,2026-03-06
2063,magicdidou34,1570,Abordable,2026-03-06
2064,toujoudelika,1570,Abordable,2026-03-06
2065,maidnori,1569,Abordable,2026-03-06
2066,nathan_brs57,1569,Abordable,2026-03-06
2067,gladiare,1569,Abordable,2026-03-06
2068,maxcanette,1569,Abordable,2026-03-06
2069,zenytram_,1568,Abordable,2026-03-06
2070,alexward74,1568,Abordable,2026-03-06
2071,SantiDeRiv,1568,Abordable,2026-03-06
2072,eliot_mh,1568,Abordable,2026-03-06
2073,robsfool,1568,Abordable,2026-03-06
2074,el_manchot05,1567,Abordable,2026-03-06
2075,toinou_442,1567,Abordable,2026-03-06
2076,onaxium,1567,Abordable,2026-03-06
2077,Titourno,1567,Abordable,2026-03-06
2078,arkogy,1567,Abordable,2026-03-06
2079,R3dden,1567,Abordable,2026-03-06
2080,Nerwing,1567,Abordable,2026-03-06
2081,pandapo__,1566,Abordable,2026-03-06
2082,AnatomoRun,1566,Abordable,2026-03-06
2083,bertine4,1566,Abordable,2026-03-06
2084,alxieann,1566,Abordable,2026-03-06
2085,pyrodaz,1566,Abordable,2026-03-06
2086,Fusce_,1566,Abordable,2026-03-06
2087,Bad_Zulu,1566,Abordable,2026-03-06
2088,malhys_,1565,Abordable,2026-03-06
2089,camilia_cr,1565,Abordable,2026-03-06
2090,Zaringers,1565,Abordable,2026-03-06
2091,F4yaman,1565,Abordable,2026-03-06
2092,rebis47,1564,Abordable,2026-03-06
2093,guighzy,1564,Abordable,2026-03-06
2094,Damonarix,1564,Abordable,2026-03-06
2095,Potamochoerus_porcus,1563,Abordable,2026-03-06
2096,Duagolth,1563,Abordable,2026-03-06
2097,lulu77_,1563,Abordable,2026-03-06
2098,MelanieHDF,1563,Abordable,2026-03-06
2099,Sirobu_,1563,Abordable,2026-03-06
2100,maosra,1563,Abordable,2026-03-06
2101,Xtktxb,1563,Abordable,2026-03-06
2102,franny59,1563,Abordable,2026-03-06
2103,nounours1019,1562,Abordable,2026-03-06
2104,Lea_R2899,1562,Abordable,2026-03-06
2105,Luxian71,1562,Abordable,2026-03-06
2106,OzymandiasFG,1562,Abordable,2026-03-06
2107,copinedesouper,1561,Abordable,2026-03-06
2108,drianis_a,1561,Abordable,2026-03-06
2109,captaindeadpool55,1561,Abordable,2026-03-06
2110,Lodjigg,1561,Abordable,2026-03-06
2111,lumvert_,1561,Abordable,2026-03-06
2112,Loutrakwatic,1560,Abordable,2026-03-06
2113,Laerl_crtrs,1560,Abordable,2026-03-06
2114,fahmln,1560,Abordable,2026-03-06
2115,Jenroule,1560,Abordable,2026-03-06
2116,Aeglo,1560,Abordable,2026-03-06
2117,y0sh00,1560,Abordable,2026-03-06
2118,larzizeninja,1560,Abordable,2026-03-06
2119,lecoach_cp,1560,Abordable,2026-03-06
2120,prg_apollo,1560,Abordable,2026-03-06
2121,enzomrgtt,1560,Abordable,2026-03-06
2122,vigneauuu,1560,Abordable,2026-03-06
2123,wizard_sp3,1560,Abordable,2026-03-06
2124,harry_dean_stanton,1559,Abordable,2026-03-06
2125,noetnette,1559,Abordable,2026-03-06
2126,cocoboit,1559,Abordable,2026-03-06
2127,tintin433,1559,Abordable,2026-03-06
2128,laurentribeiro,1558,Abordable,2026-03-06
2129,adrien2vin,1558,Abordable,2026-03-06
2130,seiggate_,1558,Abordable,2026-03-06
2131,didiermet,1558,Abordable,2026-03-06
2132,yazoso,1558,Abordable,2026-03-06
2133,patheman69,1558,Abordable,2026-03-06
2134,realiion,1558,Abordable,2026-03-06
2135,santorodu46,1558,Abordable,2026-03-06
2136,Saurien69,1557,Abordable,2026-03-06
2137,frvt109,1557,Abordable,2026-03-06
2138,Tourop29,1557,Abordable,2026-03-06
2139,seleneris,1557,Abordable,2026-03-06
2140,DohkoSensei,1556,Abordable,2026-03-06
2141,bastiennumberfive,1556,Abordable,2026-03-06
2142,teammind_tealie,1556,Abordable,2026-03-06
2143,maattieu16,1556,Abordable,2026-03-06
2144,tn_la_street,1556,Abordable,2026-03-06
2145,neyka_a,1556,Abordable,2026-03-06
2146,Dodo2308,1556,Abordable,2026-03-06
2147,lucienchinaski,1555,Abordable,2026-03-06
2148,arntet,1555,Abordable,2026-03-06
2149,WanDayo_,1555,Abordable,2026-03-06
2150,alkapss,1555,Abordable,2026-03-06
2151,Xeno2797_,1555,Abordable,2026-03-06
2152,Bhullnatik,1555,Abordable,2026-03-06
2153,blurvial,1554,Abordable,2026-03-06
2154,Xyphior,1554,Abordable,2026-03-06
2155,kc_axl974,1554,Abordable,2026-03-06
2156,gloria2326,1554,Abordable,2026-03-06
2157,elmalaiz,1554,Abordable,2026-03-06
2158,roilions,1554,Abordable,2026-03-06
2159,akirabane,1553,Abordable,2026-03-06
2160,jrm_f,1553,Abordable,2026-03-06
2161,Glornuk,1553,Abordable,2026-03-06
2162,LeMart14,1553,Abordable,2026-03-06
2163,HouussLeRetour,1553,Abordable,2026-03-06
2164,yukimura921,1552,Abordable,2026-03-06
2165,patinmau,1552,Abordable,2026-03-06
2166,waystar_r0yco,1552,Abordable,2026-03-06
2167,18cmz,1552,Abordable,2026-03-06
2168,gregouze62,1552,Abordable,2026-03-06
2169,julien_de_marseille,1552,Abordable,2026-03-06
2170,Belkahiaa,1552,Abordable,2026-03-06
2171,maldemer_gb,1551,Abordable,2026-03-06
2172,Pax_VLR,1551,Abordable,2026-03-06
2173,salsifier,1551,Abordable,2026-03-06
2174,labball,1551,Abordable,2026-03-06
2175,Kiza_ru,1551,Abordable,2026-03-06
2176,Shatrani44,1551,Abordable,2026-03-06
2177,naily_b,1551,Abordable,2026-03-06
2178,thegamb_,1551,Abordable,2026-03-06
2179,Kadoum07,1551,Abordable,2026-03-06
2180,Skymonn,1551,Abordable,2026-03-06
2181,zeyrixxu,1551,Abordable,2026-03-06
2182,zor_fen34,1550,Abordable,2026-03-06
2183,Pateapizza44,1550,Abordable,2026-03-06
2184,cloyyy3,1550,Abordable,2026-03-06
2185,clara9306,1550,Abordable,2026-03-06
2186,Ritz_Fickz,1550,Abordable,2026-03-06
2187,geoffrey151203,1550,Abordable,2026-03-06
2188,EmilieGU,1550,Abordable,2026-03-06
2189,conni2507,1550,Abordable,2026-03-06
2190,alhand1912,1549,Abordable,2026-03-06
2191,zoopsy3175,1549,Abordable,2026-03-06
2192,domitille_sans,1549,Abordable,2026-03-06
2193,RagnarLeBouff,1549,Abordable,2026-03-06
2194,poulet_braise_bbq,1549,Abordable,2026-03-06
2195,remoseven,1549,Abordable,2026-03-06
2196,daemon21051,1548,Abordable,2026-03-06
2197,jojomars13,1548,Abordable,2026-03-06
2198,yamineb57,1548,Abordable,2026-03-06
2199,takkii_nna,1548,Abordable,2026-03-06
2200,joseyari7722,1548,Abordable,2026-03-06
2201,corpsenthym_,1548,Abordable,2026-03-06
2202,daceae_,1548,Abordable,2026-03-06
2203,Kivtoon,1548,Abordable,2026-03-06
2204,justinekaali,1547,Abordable,2026-03-06
2205,martinfc2a15,1547,Abordable,2026-03-06
2206,totolebgdu66,1547,Abordable,2026-03-06
2207,wyngfire,1547,Abordable,2026-03-06
2208,benjir21,1547,Abordable,2026-03-06
2209,fryzzshark,1547,Abordable,2026-03-06
2210,riflettee,1547,Abordable,2026-03-06
2211,duchmol3692,1547,Abordable,2026-03-06
2212,lulustucru_17,1547,Abordable,2026-03-06
2213,grain2riiz,1546,Abordable,2026-03-06
2214,IDeox02,1546,Abordable,2026-03-06
2215,estorel_,1546,Abordable,2026-03-06
2216,oNAILUJo,1546,Abordable,2026-03-06
2217,joshuadepedi,1546,Abordable,2026-03-06
2218,Erle_Davidson,1546,Abordable,2026-03-06
2219,Kudsak,1545,Abordable,2026-03-06
2220,Myu_Cosplay,1545,Abordable,2026-03-06
2221,sky_little,1545,Abordable,2026-03-06
2222,stervox_,1545,Abordable,2026-03-06
2223,clems696,1544,Abordable,2026-03-06
2224,jordinhodhur,1544,Abordable,2026-03-06
2225,alouckatv,1544,Abordable,2026-03-06
2226,Zestios,1544,Abordable,2026-03-06
2227,padlena,1544,Abordable,2026-03-06
2228,cakopommes,1543,Abordable,2026-03-06
2229,benji1606,1543,Abordable,2026-03-06
2230,nytrap2,1543,Abordable,2026-03-06
2231,basilemh22,1543,Abordable,2026-03-06
2232,lejaajman,1542,Abordable,2026-03-06
2233,clems1899,1542,Abordable,2026-03-06
2234,therealjeanbidon,1542,Abordable,2026-03-06
2235,WellDoneYouWin,1542,Abordable,2026-03-06
2236,lulurpz2740,1542,Abordable,2026-03-06
2237,los_julianos,1542,Abordable,2026-03-06
2238,laclem_,1542,Abordable,2026-03-06
2239,ethany42,1542,Abordable,2026-03-06
2240,eli0x58,1542,Abordable,2026-03-06
2241,jv9034,1542,Abordable,2026-03-06
2242,cam_b2lt16,1541,Abordable,2026-03-06
2243,FCF_justinho,1541,Abordable,2026-03-06
2244,bonabatou,1541,Abordable,2026-03-06
2245,eugeniemhn,1541,Abordable,2026-03-06
2246,m_bouly67,1541,Abordable,2026-03-06
2247,mattgamerbg,1541,Abordable,2026-03-06
2248,MrRuseur,1541,Abordable,2026-03-06
2249,Jakp0t_,1541,Abordable,2026-03-06
2250,Mbemsmile,1541,Abordable,2026-03-06
2251,Robzy26,1540,Abordable,2026-03-06
2252,estnavas,1540,Abordable,2026-03-06
2253,homard_scie,1540,Abordable,2026-03-06
2254,Twitcheuse_64,1540,Abordable,2026-03-06
2255,Aldherrian,1540,Abordable,2026-03-06
2256,lisalakoala,1540,Abordable,2026-03-06
2257,Yoyi29,1540,Abordable,2026-03-06
2258,uotab,1540,Abordable,2026-03-06
2259,philippeflavigny,1539,Abordable,2026-03-06
2260,UneChipMasquee,1539,Abordable,2026-03-06
2261,ratch_hou3,1539,Abordable,2026-03-06
2262,yatowaa,1539,Abordable,2026-03-06
2263,FIDE0__,1538,Abordable,2026-03-06
2264,ZachLeStream,1538,Abordable,2026-03-06
2265,pierto840,1538,Abordable,2026-03-06
2266,le_biblionaute,1537,Abordable,2026-03-06
2267,alexis_taniere,1537,Abordable,2026-03-06
2268,kr1st0feur,1537,Abordable,2026-03-06
2269,KC_GuigooZ,1536,Abordable,2026-03-06
2270,karltobanias,1536,Abordable,2026-03-06
2271,exyyyy85,1536,Abordable,2026-03-06
2272,roi_sans_les_i,1536,Abordable,2026-03-06
2273,Amalfir,1536,Abordable,2026-03-06
2274,barbre,1536,Abordable,2026-03-06
2275,Dukkon,1535,Abordable,2026-03-06
2276,sosomadeleine,1535,Abordable,2026-03-06
2277,lili449944,1535,Abordable,2026-03-06
2278,zettaleaf,1535,Abordable,2026-03-06
2279,egaia31,1535,Abordable,2026-03-06
2280,samamoth3e,1535,Abordable,2026-03-06
2281,geomax372,1534,Abordable,2026-03-06
2282,RobiNoobFR,1534,Abordable,2026-03-06
2283,iroflane,1534,Abordable,2026-03-06
2284,OneL_MoTo,1534,Abordable,2026-03-06
2285,loloproduction,1534,Abordable,2026-03-06
2286,foxie_22,1534,Abordable,2026-03-06
2287,minouche7463,1533,Abordable,2026-03-06
2288,snow26200,1533,Abordable,2026-03-06
2289,IHelias,1533,Abordable,2026-03-06
2290,Hanma_SSB,1533,Abordable,2026-03-06
2291,charles_25_leplusbeau,1533,Abordable,2026-03-06
2292,microzgueg,1533,Abordable,2026-03-06
2293,OxiumIRL,1533,Abordable,2026-03-06
2294,skorenoxx,1532,Abordable,2026-03-06
2295,blubryn,1532,Abordable,2026-03-06
2296,MrThanaka,1532,Abordable,2026-03-06
2297,laulaux_,1532,Abordable,2026-03-06
2298,tamsoueg,1532,Abordable,2026-03-06
2299,Mekagae,1532,Abordable,2026-03-06
2300,Khryd,1532,Abordable,2026-03-06
2301,anirielle,1532,Abordable,2026-03-06
2302,zaizai_38,1532,Abordable,2026-03-06
2303,fellamilou,1531,Abordable,2026-03-06
2304,azgar0,1531,Abordable,2026-03-06
2305,yroza_,1531,Abordable,2026-03-06
2306,Misay_y,1531,Abordable,2026-03-06
2307,redsooh,1530,Abordable,2026-03-06
2308,cormaway44,1530,Abordable,2026-03-06
2309,ExploToutCourt,1530,Abordable,2026-03-06
2310,martincloson,1530,Abordable,2026-03-06
2311,naa7_,1530,Abordable,2026-03-06
2312,arbicho_,1530,Abordable,2026-03-06
2313,Kilique,1529,Abordable,2026-03-06
2314,karagzz_jojo,1529,Abordable,2026-03-06
2315,SAYGUS,1529,Abordable,2026-03-06
2316,Eihas_,1528,Abordable,2026-03-06
2317,supermarbouu,1528,Abordable,2026-03-06
2318,AsTriD37,1528,Abordable,2026-03-06
2319,max5960,1528,Abordable,2026-03-06
2320,Shocked_Tmrg33,1528,Abordable,2026-03-06
2321,azertyuiopsik,1528,Abordable,2026-03-06
2322,amndnb,1527,Abordable,2026-03-06
2323,omerour,1527,Abordable,2026-03-06
2324,2Maoam,1527,Abordable,2026-03-06
2325,Electrro44,1527,Abordable,2026-03-06
2326,jade_100606,1527,Abordable,2026-03-06
2327,wosper17,1527,Abordable,2026-03-06
2328,max_plg,1526,Abordable,2026-03-06
2329,NiuPe,1526,Abordable,2026-03-06
2330,IlLouMah,1526,Abordable,2026-03-06
2331,Hereticmonster,1526,Abordable,2026-03-06
2332,stratagos27,1526,Abordable,2026-03-06
2333,MMat_14,1526,Abordable,2026-03-06
2334,heccaaiguille,1526,Abordable,2026-03-06
2335,Acheum,1526,Abordable,2026-03-06
2336,Morgys,1525,Abordable,2026-03-06
2337,Shikoroh,1525,Abordable,2026-03-06
2338,matteo_mgnt,1525,Abordable,2026-03-06
2339,the_wave222,1525,Abordable,2026-03-06
2340,kimpawssible,1524,Abordable,2026-03-06
2341,linfinitumm,1524,Abordable,2026-03-06
2342,sltcestmarie,1524,Abordable,2026-03-06
2343,nicosop25,1524,Abordable,2026-03-06
2344,kwirmoustache,1524,Abordable,2026-03-06
2345,lex123lex23,1524,Abordable,2026-03-06
2346,Hydra1316,1524,Abordable,2026-03-06
2347,ruhtraba10,1524,Abordable,2026-03-06
2348,Cynelya,1523,Abordable,2026-03-06
2349,ypnoz,1523,Abordable,2026-03-06
2350,JudastaZ_,1523,Abordable,2026-03-06
2351,konoha_senpu_,1522,Abordable,2026-03-06
2352,Bacon_Grille,1522,Abordable,2026-03-06
2353,loukuffner,1522,Abordable,2026-03-06
2354,yayachoucroute_officiel,1522,Abordable,2026-03-06
2355,damso_22,1522,Abordable,2026-03-06
2356,guill0mme,1522,Abordable,2026-03-06
2357,rv31650,1522,Abordable,2026-03-06
2358,lacagoal23,1522,Abordable,2026-03-06
2359,asteria3038,1522,Abordable,2026-03-06
2360,kerbeleg22,1522,Abordable,2026-03-06
2361,pachangaboi,1522,Abordable,2026-03-06
2362,BranlixLeGaulois,1522,Abordable,2026-03-06
2363,marinamarinette,1521,Abordable,2026-03-06
2364,romoche_,1521,Abordable,2026-03-06
2365,Rolfi6205,1521,Abordable,2026-03-06
2366,Tak0de,1521,Abordable,2026-03-06
2367,Justdothatman,1521,Abordable,2026-03-06
2368,yolandaoklm,1521,Abordable,2026-03-06
2369,cla_bou_,1521,Abordable,2026-03-06
2370,Dintitan_G,1521,Abordable,2026-03-06
2371,cinsault88,1521,Abordable,2026-03-06
2372,prealexx,1521,Abordable,2026-03-06
2373,Senshi62,1521,Abordable,2026-03-06
2374,benjammin973,1521,Abordable,2026-03-06
2375,Narkanne,1521,Abordable,2026-03-06
2376,clintwestwoodtv,1520,Abordable,2026-03-06
2377,daffyduckamaru,1520,Abordable,2026-03-06
2378,bobzersoy,1520,Abordable,2026-03-06
2379,legervinois,1520,Abordable,2026-03-06
2380,KingChurros_tw,1519,Abordable,2026-03-06
2381,maelululu,1519,Abordable,2026-03-06
2382,loulou4426,1519,Abordable,2026-03-06
2383,Ralli_kh,1519,Abordable,2026-03-06
2384,zebullon10,1519,Abordable,2026-03-06
2385,Colonel_M0utarde,1519,Abordable,2026-03-06
2386,xkayah73,1519,Abordable,2026-03-06
2387,Dedfynx,1518,Abordable,2026-03-06
2388,captflam,1518,Abordable,2026-03-06
2389,maxkass_13,1518,Abordable,2026-03-06
2390,ItsS0ul,1518,Abordable,2026-03-06
2391,BananCeleste,1518,Abordable,2026-03-06
2392,mgdelatess,1518,Abordable,2026-03-06
2393,maxoubabinx,1517,Abordable,2026-03-06
2394,solenegp,1517,Abordable,2026-03-06
2395,aurrel27,1517,Abordable,2026-03-06
2396,relies1,1517,Abordable,2026-03-06
2397,guizzzb,1517,Abordable,2026-03-06
2398,ls_pas_sub,1517,Abordable,2026-03-06
2399,caamcam1,1516,Abordable,2026-03-06
2400,Mimozia_,1516,Abordable,2026-03-06
2401,nanor20p,1516,Abordable,2026-03-06
2402,wanon8,1516,Abordable,2026-03-06
2403,Shapa_,1516,Abordable,2026-03-06
2404,j_o_k_o,1516,Abordable,2026-03-06
2405,corentincvr,1515,Abordable,2026-03-06
2406,vood_ou,1515,Abordable,2026-03-06
2407,hearthstonecestpositif,1515,Abordable,2026-03-06
2408,justme_0972,1515,Abordable,2026-03-06
2409,hirosh06,1515,Abordable,2026-03-06
2410,the_trazom,1515,Abordable,2026-03-06
2411,waliwalou76,1515,Abordable,2026-03-06
2412,Epidemio,1515,Abordable,2026-03-06
2413,Naathan___,1515,Abordable,2026-03-06
2414,Eleven_Lo,1515,Abordable,2026-03-06
2415,nanet3974,1515,Abordable,2026-03-06
2416,xSlayz7,1514,Abordable,2026-03-06
2417,FrencheQuiche,1514,Abordable,2026-03-06
2418,Machayu00,1514,Abordable,2026-03-06
2419,jerdnaxela1,1514,Abordable,2026-03-06
2420,Tranchk,1514,Abordable,2026-03-06
2421,Cheiik_,1514,Abordable,2026-03-06
2422,rugbyab,1514,Abordable,2026-03-06
2423,val_7894,1513,Abordable,2026-03-06
2424,guillaume_alld62,1513,Abordable,2026-03-06
2425,Yaya_180,1512,Abordable,2026-03-06
2426,bobby42555,1512,Abordable,2026-03-06
2427,xiram95,1512,Abordable,2026-03-06
2428,kiiara1234,1512,Abordable,2026-03-06
2429,Matmaxd_,1511,Abordable,2026-03-06
2430,Troycorser,1511,Abordable,2026-03-06
2431,Xazou72,1511,Abordable,2026-03-06
2432,bolchepitch,1511,Abordable,2026-03-06
2433,Nitneroc74,1511,Abordable,2026-03-06
2434,alfredlezedoumaster,1511,Abordable,2026-03-06
2435,CeroDos__,1511,Abordable,2026-03-06
2436,draekoth39,1511,Abordable,2026-03-06
2437,Loyyso,1511,Abordable,2026-03-06
2438,pneumothorman,1511,Abordable,2026-03-06
2439,KuuZ_,1511,Abordable,2026-03-06
2440,minininja73110,1510,Abordable,2026-03-06
2441,guiguictn,1510,Abordable,2026-03-06
2442,Lily_ace,1510,Abordable,2026-03-06
2443,wshHAYKOO,1510,Abordable,2026-03-06
2444,rekkvinnan,1510,Abordable,2026-03-06
2445,khoral,1509,Abordable,2026-03-06
2446,bbinitials,1509,Abordable,2026-03-06
2447,edgar_2204,1509,Abordable,2026-03-06
2448,tchipettchoup,1508,Abordable,2026-03-06
2449,Lucas73540,1508,Abordable,2026-03-06
2450,ftfade3,1508,Abordable,2026-03-06
2451,OrgeVenus,1508,Abordable,2026-03-06
2452,Nidelor,1508,Abordable,2026-03-06
2453,bolic47,1507,Abordable,2026-03-06
2454,ttbox21,1507,Abordable,2026-03-06
2455,lebanni35,1507,Abordable,2026-03-06
2456,chibrillignac,1507,Abordable,2026-03-06
2457,Fubinix,1507,Abordable,2026-03-06
2458,matth1600,1507,Abordable,2026-03-06
2459,RultyFR,1507,Abordable,2026-03-06
2460,viviboni,1507,Abordable,2026-03-06
2461,marickette,1507,Abordable,2026-03-06
2462,yodamun5,1507,Abordable,2026-03-06
2463,MrManuluigi,1506,Abordable,2026-03-06
2464,chaloupen,1506,Abordable,2026-03-06
2465,jch029,1506,Abordable,2026-03-06
2466,blanxhelaunx17,1506,Abordable,2026-03-06
2467,fhorn23,1506,Abordable,2026-03-06
2468,noellapatrick,1506,Abordable,2026-03-06
2469,PoLLux5,1506,Abordable,2026-03-06
2470,boonthy,1505,Abordable,2026-03-06
2471,Pedr0madaire,1505,Abordable,2026-03-06
2472,Tryxfr,1505,Abordable,2026-03-06
2473,goonie,1505,Abordable,2026-03-06
2474,Fixoox,1505,Abordable,2026-03-06
2475,Gachet65,1505,Abordable,2026-03-06
2476,sogozn,1505,Abordable,2026-03-06
2477,Colas_TheSF,1505,Abordable,2026-03-06
2478,falimou,1505,Abordable,2026-03-06
2479,aggie85,1504,Abordable,2026-03-06
2480,Nyarahlie,1504,Abordable,2026-03-06
2481,sachaaaaaaaa8,1504,Abordable,2026-03-06
2482,71bobmorane,1503,Abordable,2026-03-06
2483,louvarde,1503,Abordable,2026-03-06
2484,micheldubrasil1,1503,Abordable,2026-03-06
2485,nounours3d,1503,Abordable,2026-03-06
2486,GaetanTiti,1503,Abordable,2026-03-06
2487,Mastack,1503,Abordable,2026-03-06
2488,gundal_gundal,1503,Abordable,2026-03-06
2489,griicha,1502,Abordable,2026-03-06
2490,xisifg0d,1502,Abordable,2026-03-06
2491,Xblaixs,1502,Abordable,2026-03-06
2492,crazyteamtest,1502,Abordable,2026-03-06
2493,malozer35,1502,Abordable,2026-03-06
2494,utopie_r,1502,Abordable,2026-03-06
2495,leo_r3,1502,Abordable,2026-03-06
2496,bart_au_lit,1502,Abordable,2026-03-06
2497,mateteee,1502,Abordable,2026-03-06
2498,JulosLL,1502,Abordable,2026-03-06
2499,enzolaplante,1502,Abordable,2026-03-06
2500,EvilNinaSoapy,1501,Abordable,2026-03-06
2501,yoyoh_,1501,Abordable,2026-03-06
2502,nyxaura,1501,Abordable,2026-03-06
2503,epastrouil,1501,Abordable,2026-03-06
2504,whitefox1806,1501,Abordable,2026-03-06
2505,Valent175,1501,Abordable,2026-03-06
2506,flore_05_,1501,Abordable,2026-03-06
2507,TTouille,1501,Abordable,2026-03-06
2508,Pascalouuu,1501,Abordable,2026-03-06
2509,m2blueeyes,1500,Abordable,2026-03-06
2510,mathewu9,1500,Abordable,2026-03-06
2511,Banzai99,1500,Abordable,2026-03-06
2512,Ombrias,1500,Abordable,2026-03-06
2513,loiclebeatnik,1500,Abordable,2026-03-06
2514,WBCorp,1499,Abordable,2026-03-06
2515,sharpyl,1499,Abordable,2026-03-06
2516,XmasFather,1499,Abordable,2026-03-06
2517,callie_nt,1499,Abordable,2026-03-06
2518,Mr_Arnak,1499,Abordable,2026-03-06
2519,clemcloum_76,1499,Abordable,2026-03-06
2520,laurelineldr,1499,Abordable,2026-03-06
2521,Alpoca1,1499,Abordable,2026-03-06
2522,olivierpapaye,1498,Abordable,2026-03-06
2523,jumars33,1498,Abordable,2026-03-06
2524,maloprovis,1498,Abordable,2026-03-06
2525,Damdam13600,1498,Abordable,2026-03-06
2526,fortnite20092016,1498,Abordable,2026-03-06
2527,maximehrd,1498,Abordable,2026-03-06
2528,hugoninio35,1498,Abordable,2026-03-06
2529,DTJ_01,1498,Abordable,2026-03-06
2530,TenryuKa,1497,Abordable,2026-03-06
2531,Alcha333,1497,Abordable,2026-03-06
2532,molabikhov,1497,Abordable,2026-03-06
2533,RedcraftMaster,1497,Abordable,2026-03-06
2534,valivaloucmoi,1496,Abordable,2026-03-06
2535,firegenji1,1496,Abordable,2026-03-06
2536,Pims_alorange,1496,Abordable,2026-03-06
2537,blago64300,1496,Abordable,2026-03-06
2538,maelyslb,1496,Abordable,2026-03-06
2539,Gui13700,1496,Abordable,2026-03-06
2540,matou44310,1496,Abordable,2026-03-06
2541,mathismegacool,1496,Abordable,2026-03-06
2542,larvecomplice,1496,Abordable,2026-03-06
2543,p_senex,1496,Abordable,2026-03-06
2544,Kramer_McBarrett,1496,Abordable,2026-03-06
2545,deltyxx_,1495,Abordable,2026-03-06
2546,lanasavannah,1495,Abordable,2026-03-06
2547,sunjuux3,1495,Abordable,2026-03-06
2548,arp1er,1495,Abordable,2026-03-06
2549,kcrach,1495,Abordable,2026-03-06
2550,jujustine008,1495,Abordable,2026-03-06
2551,mahlerovich,1494,Abordable,2026-03-06
2552,Agoo_12,1494,Abordable,2026-03-06
2553,Naldalin,1494,Abordable,2026-03-06
2554,sf_mat,1494,Abordable,2026-03-06
2555,enaireK,1494,Abordable,2026-03-06
2556,tsakatac,1494,Abordable,2026-03-06
2557,SpammeurDeFAB,1494,Abordable,2026-03-06
2558,jefloow,1494,Abordable,2026-03-06
2559,LePigeon_Catcher,1494,Abordable,2026-03-06
2560,slumpator,1493,Abordable,2026-03-06
2561,mao_m_,1493,Abordable,2026-03-06
2562,victorchavy,1493,Abordable,2026-03-06
2563,burro8366,1493,Abordable,2026-03-06
2564,aiko34_,1493,Abordable,2026-03-06
2565,LaVraieChoucroute,1493,Abordable,2026-03-06
2566,gusguss22,1493,Abordable,2026-03-06
2567,Tyney_,1493,Abordable,2026-03-06
2568,jaykyz_et_michel,1493,Abordable,2026-03-06
2569,dionysos1310,1493,Abordable,2026-03-06
2570,k4tshumoto,1492,Abordable,2026-03-06
2571,TangDara,1492,Abordable,2026-03-06
2572,Potetoz2000_,1492,Abordable,2026-03-06
2573,Airaina,1492,Abordable,2026-03-06
2574,Pouchka13,1492,Abordable,2026-03-06
2575,Pititlink,1492,Abordable,2026-03-06
2576,Sherlock_3571,1492,Abordable,2026-03-06
2577,louis_bzl,1492,Abordable,2026-03-06
2578,hugo42170,1492,Abordable,2026-03-06
2579,onicapnod,1491,Abordable,2026-03-06
2580,bejul_418,1491,Abordable,2026-03-06
2581,artichou3,1491,Abordable,2026-03-06
2582,smylego44,1491,Abordable,2026-03-06
2583,Thomasguez,1491,Abordable,2026-03-06
2584,leader_supreme_leo,1491,Abordable,2026-03-06
2585,marie_rsslt9,1491,Abordable,2026-03-06
2586,Areki_,1491,Abordable,2026-03-06
2587,bamouhs,1491,Abordable,2026-03-06
2588,giobd28,1490,Abordable,2026-03-06
2589,banane_a_l_huile,1490,Abordable,2026-03-06
2590,corteip,1490,Abordable,2026-03-06
2591,Ascerf,1490,Abordable,2026-03-06
2592,neocommedansmatrix,1490,Abordable,2026-03-06
2593,jo_dieuze,1490,Abordable,2026-03-06
2594,Capitaine_ixe,1490,Abordable,2026-03-06
2595,jeunepoulet,1490,Abordable,2026-03-06
2596,luca27inter,1490,Abordable,2026-03-06
2597,elsobrdt,1489,Abordable,2026-03-06
2598,yolocomander,1489,Abordable,2026-03-06
2599,Rekamas0,1489,Abordable,2026-03-06
2600,templitude,1489,Abordable,2026-03-06
2601,Foxdural,1489,Abordable,2026-03-06
2602,mamaxiximememomorinrin,1489,Abordable,2026-03-06
2603,chewbagirl,1488,Abordable,2026-03-06
2604,qdurk,1488,Abordable,2026-03-06
2605,ForixTM,1488,Abordable,2026-03-06
2606,crazypoulett,1488,Abordable,2026-03-06
2607,Attroost,1488,Abordable,2026-03-06
2608,uncledrew_85,1488,Abordable,2026-03-06
2609,SigmaC30,1488,Abordable,2026-03-06
2610,camillermnd,1488,Abordable,2026-03-06
2611,frzzzzz63,1488,Abordable,2026-03-06
2612,lm_oc,1488,Abordable,2026-03-06
2613,padalux,1488,Abordable,2026-03-06
2614,Escarryna,1487,Abordable,2026-03-06
2615,yestoren,1487,Abordable,2026-03-06
2616,reluvdk,1487,Abordable,2026-03-06
2617,julien_gsmt,1487,Abordable,2026-03-06
2618,mata1dor,1487,Abordable,2026-03-06
2619,nathan_bocal,1487,Abordable,2026-03-06
2620,Just1U,1487,Abordable,2026-03-06
2621,emmabuisson222,1487,Abordable,2026-03-06
2622,poryoneuve,1487,Abordable,2026-03-06
2623,roi_des_cramptes_rj,1487,Abordable,2026-03-06
2624,legorel2,1487,Abordable,2026-03-06
2625,mrpoulpe0191,1486,Abordable,2026-03-06
2626,Ber_________,1486,Abordable,2026-03-06
2627,ikonnah,1486,Abordable,2026-03-06
2628,dondiego6818_,1486,Abordable,2026-03-06
2629,lumaaa2308,1486,Abordable,2026-03-06
2630,Ninow,1486,Abordable,2026-03-06
2631,faus_phore,1486,Abordable,2026-03-06
2632,breizhwizard29_,1485,Abordable,2026-03-06
2633,Nwardezyr,1485,Abordable,2026-03-06
2634,Paplenos,1485,Abordable,2026-03-06
2635,tethys_96,1485,Abordable,2026-03-06
2636,ananas_0201,1485,Abordable,2026-03-06
2637,Gyrestio,1485,Abordable,2026-03-06
2638,rygs98,1485,Abordable,2026-03-06
2639,justin_mnz19,1485,Abordable,2026-03-06
2640,Truepika,1484,Abordable,2026-03-06
2641,valoutxs,1484,Abordable,2026-03-06
2642,wyrross,1484,Abordable,2026-03-06
2643,elflavosss,1484,Abordable,2026-03-06
2644,ademonio3,1484,Abordable,2026-03-06
2645,ez_basket,1484,Abordable,2026-03-06
2646,audrey1865,1484,Abordable,2026-03-06
2647,NitroFirZen,1484,Abordable,2026-03-06
2648,Bobberta,1484,Abordable,2026-03-06
2649,mstrsolodolo,1484,Abordable,2026-03-06
2650,Vicdum01,1483,Abordable,2026-03-06
2651,hannimessina,1483,Abordable,2026-03-06
2652,0xard,1483,Abordable,2026-03-06
2653,Helpy_,1483,Abordable,2026-03-06
2654,AmySomething,1483,Abordable,2026-03-06
2655,zkkdlin,1483,Abordable,2026-03-06
2656,Pivihi,1483,Abordable,2026-03-06
2657,aspi4777,1482,Abordable,2026-03-06
2658,Galaxio153,1482,Abordable,2026-03-06
2659,windu003,1482,Abordable,2026-03-06
2660,Ksempac,1482,Abordable,2026-03-06
2661,matte0zzz,1482,Abordable,2026-03-06
2662,namou_tv,1482,Abordable,2026-03-06
2663,zsuzska___,1482,Abordable,2026-03-06
2664,cecidrole,1482,Abordable,2026-03-06
2665,far_innn,1482,Abordable,2026-03-06
2666,thibaultt0805,1481,Abordable,2026-03-06
2667,dyonisos086,1481,Abordable,2026-03-06
2668,AlxBes1,1481,Abordable,2026-03-06
2669,its_ficuuusss,1480,Abordable,2026-03-06
2670,Issmar,1480,Abordable,2026-03-06
2671,ohlegigi,1480,Abordable,2026-03-06
2672,BetterCallSaum,1480,Abordable,2026-03-06
2673,kirchhoff4,1480,Abordable,2026-03-06
2674,allas08,1480,Abordable,2026-03-06
2675,tipix_9,1479,Abordable,2026-03-06
2676,Stormetal,1479,Abordable,2026-03-06
2677,Felisamici,1479,Abordable,2026-03-06
2678,galicatu,1478,Abordable,2026-03-06
2679,jxdesssss,1478,Abordable,2026-03-06
2680,Sworty02,1478,Abordable,2026-03-06
2681,lou_lb5,1478,Abordable,2026-03-06
2682,escargodelieve,1477,Abordable,2026-03-06
2683,pandette_shaky,1477,Abordable,2026-03-06
2684,pierrotproscuito,1477,Abordable,2026-03-06
2685,crimsonrom,1476,Abordable,2026-03-06
2686,lotusroussette,1476,Abordable,2026-03-06
2687,turrix_zip,1476,Abordable,2026-03-06
2688,gob1lad_,1476,Abordable,2026-03-06
2689,justarlet,1476,Abordable,2026-03-06
2690,titich49,1476,Abordable,2026-03-06
2691,champinouf,1475,Abordable,2026-03-06
2692,jeannezub,1475,Abordable,2026-03-06
2693,Dimoushh,1475,Abordable,2026-03-06
2694,Eris_of_Chaos,1475,Abordable,2026-03-06
2695,sammatac,1475,Abordable,2026-03-06
2696,akawert,1475,Abordable,2026-03-06
2697,jojoshawa,1475,Abordable,2026-03-06
2698,Fusio200,1475,Abordable,2026-03-06
2699,nico_conut_,1475,Abordable,2026-03-06
2700,Faudero,1475,Abordable,2026-03-06
2701,GT_Mano,1475,Abordable,2026-03-06
2702,n_lc,1474,Abordable,2026-03-06
2703,LuuDny,1474,Abordable,2026-03-06
2704,twitchbolognaise,1474,Abordable,2026-03-06
2705,G2_Draco,1474,Abordable,2026-03-06
2706,ttrixo,1474,Abordable,2026-03-06
2707,roms0578,1474,Abordable,2026-03-06
2708,nassbsd,1474,Abordable,2026-03-06
2709,sylvulinasse,1474,Abordable,2026-03-06
2710,cerealex_p,1473,Abordable,2026-03-06
2711,wiggly_boy,1473,Abordable,2026-03-06
2712,sv_romain,1473,Abordable,2026-03-06
2713,ael_df,1473,Abordable,2026-03-06
2714,tgraudie83,1473,Abordable,2026-03-06
2715,Qorback,1473,Abordable,2026-03-06
2716,TenshiArakawa,1472,Abordable,2026-03-06
2717,n3iviv,1472,Abordable,2026-03-06
2718,draggio22,1472,Abordable,2026-03-06
2719,roidada5,1472,Abordable,2026-03-06
2720,keyrran,1472,Abordable,2026-03-06
2721,zqralex555,1472,Abordable,2026-03-06
2722,brie_de_meaux,1472,Abordable,2026-03-06
2723,laurentdu3556,1471,Abordable,2026-03-06
2724,moonlight349,1471,Abordable,2026-03-06
2725,Pikcaam,1471,Abordable,2026-03-06
2726,flomiam29,1471,Abordable,2026-03-06
2727,leana_amor,1471,Abordable,2026-03-06
2728,flash_mc_cime,1471,Abordable,2026-03-06
2729,Dekkhen,1471,Abordable,2026-03-06
2730,helios_ssss,1471,Abordable,2026-03-06
2731,Fefelhhhh,1471,Abordable,2026-03-06
2732,emmatchatcha,1470,Abordable,2026-03-06
2733,Cyrianus,1470,Abordable,2026-03-06
2734,Zangdai,1470,Abordable,2026-03-06
2735,anthostr,1470,Abordable,2026-03-06
2736,w4ld00,1470,Abordable,2026-03-06
2737,jeditom,1470,Abordable,2026-03-06
2738,Onysuce,1470,Abordable,2026-03-06
2739,leabzt77,1470,Abordable,2026-03-06
2740,bletzpack,1470,Abordable,2026-03-06
2741,ben_poisson,1470,Abordable,2026-03-06
2742,alvin19011,1469,Abordable,2026-03-06
2743,lolmen38,1469,Abordable,2026-03-06
2744,Elllundril,1469,Abordable,2026-03-06
2745,rudlu_,1469,Abordable,2026-03-06
2746,cinegamer1,1469,Abordable,2026-03-06
2747,choukakiller,1469,Abordable,2026-03-06
2748,romaiin3898,1468,Abordable,2026-03-06
2749,adamaxledozzo,1468,Abordable,2026-03-06
2750,Tiriano,1468,Abordable,2026-03-06
2751,Cezawy,1468,Abordable,2026-03-06
2752,air_locatt,1468,Abordable,2026-03-06
2753,akillonia,1468,Abordable,2026-03-06
2754,bouyougoudou,1468,Abordable,2026-03-06
2755,VirtuoCyka,1468,Abordable,2026-03-06
2756,myzno42,1467,Abordable,2026-03-06
2757,mariefan58,1467,Abordable,2026-03-06
2758,bacteries_metalorgie,1467,Abordable,2026-03-06
2759,matdudedude,1467,Abordable,2026-03-06
2760,Loukas26,1467,Abordable,2026-03-06
2761,toufyc,1467,Abordable,2026-03-06
2762,albertalbe72,1467,Abordable,2026-03-06
2763,scout_jean_raoul,1467,Abordable,2026-03-06
2764,Okaym42,1467,Abordable,2026-03-06
2765,Light_srh,1467,Abordable,2026-03-06
2766,oremilak,1467,Abordable,2026-03-06
2767,feelairslow,1466,Abordable,2026-03-06
2768,Lucy0le_,1466,Abordable,2026-03-06
2769,Camouloux,1466,Abordable,2026-03-06
2770,pedro6974,1466,Abordable,2026-03-06
2771,Goshtbusters44,1466,Abordable,2026-03-06
2772,Azedine85,1466,Abordable,2026-03-06
2773,neantdistorduu,1465,Abordable,2026-03-06
2774,ouaisouais01,1465,Abordable,2026-03-06
2775,lechatdusoir,1465,Abordable,2026-03-06
2776,zenox170,1465,Abordable,2026-03-06
2777,Sylchicha,1465,Abordable,2026-03-06
2778,dolcepatata,1465,Abordable,2026-03-06
2779,baguette2paincomplet,1465,Abordable,2026-03-06
2780,lealavraiee,1465,Abordable,2026-03-06
2781,arsn44,1464,Abordable,2026-03-06
2782,D_Tomz,1464,Abordable,2026-03-06
2783,hughasm,1464,Abordable,2026-03-06
2784,lebrynz,1464,Abordable,2026-03-06
2785,allanlp10,1464,Abordable,2026-03-06
2786,xoyvep04,1464,Abordable,2026-03-06
2787,carlos_ej9,1464,Abordable,2026-03-06
2788,mattt_fr,1463,Abordable,2026-03-06
2789,anan3s_,1463,Abordable,2026-03-06
2790,dautremax,1463,Abordable,2026-03-06
2791,MeuhsieurMeuh,1463,Abordable,2026-03-06
2792,t_es_hautt,1463,Abordable,2026-03-06
2793,jokair09,1463,Abordable,2026-03-06
2794,LukaaR6S,1463,Abordable,2026-03-06
2795,Deklain_,1462,Abordable,2026-03-06
2796,Driendle,1462,Abordable,2026-03-06
2797,Cocobogo32,1462,Abordable,2026-03-06
2798,ocooc_,1462,Abordable,2026-03-06
2799,so_lait,1461,Abordable,2026-03-06
2800,0gust1__,1461,Abordable,2026-03-06
2801,bpoopo,1461,Abordable,2026-03-06
2802,ju98_,1461,Abordable,2026-03-06
2803,romslatempete,1461,Abordable,2026-03-06
2804,Nonobus45,1461,Abordable,2026-03-06
2805,pampoo44,1461,Abordable,2026-03-06
2806,abdelkiks,1461,Abordable,2026-03-06
2807,raph_casa,1461,Abordable,2026-03-06
2808,Hey_Im_Bandit,1460,Abordable,2026-03-06
2809,Amitayu,1460,Abordable,2026-03-06
2810,Plaizir0,1460,Abordable,2026-03-06
2811,ajappe,1460,Abordable,2026-03-06
2812,lemptegy,1459,Abordable,2026-03-06
2813,fafar0,1459,Abordable,2026-03-06
2814,heyleaudit,1458,Abordable,2026-03-06
2815,CoyoteJunior,1458,Abordable,2026-03-06
2816,machicouliis,1458,Abordable,2026-03-06
2817,t0ul0use47,1458,Abordable,2026-03-06
2818,Jean_Pepito,1458,Abordable,2026-03-06
2819,MDCe,1458,Abordable,2026-03-06
2820,soledad_nvr,1458,Abordable,2026-03-06
2821,vassago1986,1458,Abordable,2026-03-06
2822,E_TzT_Silver,1458,Abordable,2026-03-06
2823,elgrandecoco1,1457,Abordable,2026-03-06
2824,yannis_drq,1457,Abordable,2026-03-06
2825,ninja_indiscret,1457,Abordable,2026-03-06
2826,wiIIiam31,1457,Abordable,2026-03-06
2827,martinbrth,1457,Abordable,2026-03-06
2828,noemiekoe,1457,Abordable,2026-03-06
2829,aikkinox,1457,Abordable,2026-03-06
2830,messbarzo,1457,Abordable,2026-03-06
2831,gabsdou,1457,Abordable,2026-03-06
2832,theworldstoler,1457,Abordable,2026-03-06
2833,blurrynat,1457,Abordable,2026-03-06
2834,Arcahel8,1456,Abordable,2026-03-06
2835,remitrinita,1456,Abordable,2026-03-06
2836,armandinho__,1456,Abordable,2026-03-06
2837,devolution3120,1456,Abordable,2026-03-06
2838,passionparpaing,1456,Abordable,2026-03-06
2839,moumoune12,1456,Abordable,2026-03-06
2840,remi3191,1456,Abordable,2026-03-06
2841,DarkCharlemagne,1456,Abordable,2026-03-06
2842,Aresss220,1456,Abordable,2026-03-06
2843,Defa_Taranis,1455,Abordable,2026-03-06
2844,PlutoCho,1455,Abordable,2026-03-06
2845,xxmatiloux_spikexx,1455,Abordable,2026-03-06
2846,iron1265,1455,Abordable,2026-03-06
2847,sergio_gamos,1455,Abordable,2026-03-06
2848,Picow42,1455,Abordable,2026-03-06
2849,ha_bex,1454,Abordable,2026-03-06
2850,biscuitsandwich06,1454,Abordable,2026-03-06
2851,choupie1994,1454,Abordable,2026-03-06
2852,LeonCousteau,1454,Abordable,2026-03-06
2853,celinettedu94,1454,Abordable,2026-03-06
2854,jochef59,1454,Abordable,2026-03-06
2855,jeangrf,1454,Abordable,2026-03-06
2856,Jal0rda,1454,Abordable,2026-03-06
2857,phteu,1454,Abordable,2026-03-06
2858,saiko_reiji,1454,Abordable,2026-03-06
2859,romainconversin,1454,Abordable,2026-03-06
2860,universdewilliam,1454,Abordable,2026-03-06
2861,christelesilvaart,1453,Abordable,2026-03-06
2862,robilastup,1453,Abordable,2026-03-06
2863,archer__off,1453,Abordable,2026-03-06
2864,gugusbad,1453,Abordable,2026-03-06
2865,TanguyOM,1453,Abordable,2026-03-06
2866,rajouOmega,1453,Abordable,2026-03-06
2867,anaaaiis,1453,Abordable,2026-03-06
2868,besticule,1453,Abordable,2026-03-06
2869,eniotna64000,1453,Abordable,2026-03-06
2870,sallychoute,1452,Abordable,2026-03-06
2871,LeoReval,1452,Abordable,2026-03-06
2872,arbo7ito,1452,Abordable,2026-03-06
2873,matthieu_dfr,1452,Abordable,2026-03-06
2874,Arkehlor,1452,Abordable,2026-03-06
2875,senseiquenechou,1452,Abordable,2026-03-06
2876,babioole,1452,Abordable,2026-03-06
2877,celin_brownie,1452,Abordable,2026-03-06
2878,lijiko98,1452,Abordable,2026-03-06
2879,themis547,1452,Abordable,2026-03-06
2880,Syphirrr,1452,Abordable,2026-03-06
2881,amiralgialackbar,1451,Abordable,2026-03-06
2882,louacdc,1451,Abordable,2026-03-06
2883,wulllol,1451,Abordable,2026-03-06
2884,PEACaps,1451,Abordable,2026-03-06
2885,soazig_,1451,Abordable,2026-03-06
2886,ares_p13,1451,Abordable,2026-03-06
2887,enair0d,1450,Abordable,2026-03-06
2888,LeQuills,1450,Abordable,2026-03-06
2889,breakdown_killer3,1450,Abordable,2026-03-06
2890,tonton_tom88,1450,Abordable,2026-03-06
2891,ecureuilbleu,1450,Abordable,2026-03-06
2892,moijoras,1450,Abordable,2026-03-06
2893,Raygas,1450,Abordable,2026-03-06
2894,maitre_oasis,1450,Abordable,2026-03-06
2895,elou85,1450,Abordable,2026-03-06
2896,lomsa16,1450,Abordable,2026-03-06
2897,tomisy14,1450,Abordable,2026-03-06
2898,sandyspoon35,1449,Abordable,2026-03-06
2899,clementlaimant,1449,Abordable,2026-03-06
2900,thatblondfrenchguy,1449,Abordable,2026-03-06
2901,sulfettte,1449,Abordable,2026-03-06
2902,maximesmrd,1449,Abordable,2026-03-06
2903,Anathos31,1449,Abordable,2026-03-06
2904,manue2805,1448,Abordable,2026-03-06
2905,Kaizonic,1448,Abordable,2026-03-06
2906,xenol57,1448,Abordable,2026-03-06
2907,Nxlqn,1448,Abordable,2026-03-06
2908,hysmarae,1448,Abordable,2026-03-06
2909,Petouille,1447,Abordable,2026-03-06
2910,Dharnek_,1447,Abordable,2026-03-06
2911,john_cartouche,1447,Abordable,2026-03-06
2912,Zedsters,1447,Abordable,2026-03-06
2913,myst_09_2025,1447,Abordable,2026-03-06
2914,xjulienx02,1447,Abordable,2026-03-06
2915,zeeroz_,1447,Abordable,2026-03-06
2916,Thorna_dodu,1446,Abordable,2026-03-06
2917,kylidan,1446,Abordable,2026-03-06
2918,Tandauri,1445,Abordable,2026-03-06
2919,damien_lafay,1445,Abordable,2026-03-06
2920,shiro3038,1445,Abordable,2026-03-06
2921,pommedeterrz,1445,Abordable,2026-03-06
2922,31mdlp,1445,Abordable,2026-03-06
2923,maitre_platine,1445,Abordable,2026-03-06
2924,SulfuryDBX,1445,Abordable,2026-03-06
2925,gashii_na,1445,Abordable,2026-03-06
2926,amarok_jm,1444,Abordable,2026-03-06
2927,Erhebor,1444,Abordable,2026-03-06
2928,heisenberg2729,1444,Abordable,2026-03-06
2929,Clem_Brule,1444,Abordable,2026-03-06
2930,pawaaaa_,1444,Abordable,2026-03-06
2931,Ikael2,1444,Abordable,2026-03-06
2932,Kalfl0,1444,Abordable,2026-03-06
2933,jlmfj,1443,Abordable,2026-03-06
2934,Space_700,1443,Abordable,2026-03-06
2935,elpiteleto,1443,Abordable,2026-03-06
2936,lisongdd,1443,Abordable,2026-03-06
2937,shadowbrezhy,1443,Abordable,2026-03-06
2938,thelmacharlie,1442,Abordable,2026-03-06
2939,pouletath,1442,Abordable,2026-03-06
2940,servietsky488,1442,Abordable,2026-03-06
2941,nora_fitroll,1442,Abordable,2026-03-06
2942,liliyii,1442,Abordable,2026-03-06
2943,Aliceward,1442,Abordable,2026-03-06
2944,Cuenzo,1442,Abordable,2026-03-06
2945,mariesarahyls,1442,Abordable,2026-03-06
2946,dodoydu35,1442,Abordable,2026-03-06
2947,krolafoldingue,1442,Abordable,2026-03-06
2948,angelique51000,1442,Abordable,2026-03-06
2949,paowl24,1441,Abordable,2026-03-06
2950,Le_42e_O,1441,Abordable,2026-03-06
2951,clmchrt,1441,Abordable,2026-03-06
2952,elisa6796,1441,Abordable,2026-03-06
2953,charleliegood,1441,Abordable,2026-03-06
2954,Melodron,1440,Abordable,2026-03-06
2955,emma547397,1440,Abordable,2026-03-06
2956,Lenzy__,1440,Abordable,2026-03-06
2957,BenjiElChti,1440,Abordable,2026-03-06
2958,cost4r,1440,Abordable,2026-03-06
2959,zeddou7,1440,Abordable,2026-03-06
2960,Neaflys,1440,Abordable,2026-03-06
2961,cost4r,1440,Abordable,2026-03-06
2962,zeddou7,1440,Abordable,2026-03-06
2963,Neaflys,1440,Abordable,2026-03-06
2964,Tlash67,1439,Abordable,2026-03-06
2965,poneybg,1439,Abordable,2026-03-06
2966,abe_sp,1439,Abordable,2026-03-06
2967,jubryant,1439,Abordable,2026-03-06
2968,LordMarcel69,1439,Abordable,2026-03-06
2969,matuszak5,1439,Abordable,2026-03-06
2970,chloe__cinnamon,1439,Abordable,2026-03-06
2971,Araclove31,1439,Abordable,2026-03-06
2972,yoshil0,1438,Abordable,2026-03-06
2973,menoar,1438,Abordable,2026-03-06
2974,adele298,1438,Abordable,2026-03-06
2975,thebrume2110,1438,Abordable,2026-03-06
2976,Vinz_Applebutt,1437,Abordable,2026-03-06
2977,abrrrrruti,1437,Abordable,2026-03-06
2978,kevindiesel__,1437,Abordable,2026-03-06
2979,steel_x1823,1437,Abordable,2026-03-06
2980,adeleill,1437,Abordable,2026-03-06
2981,lefakir5,1436,Abordable,2026-03-06
2982,minipain_,1436,Abordable,2026-03-06
2983,elisoux3,1436,Abordable,2026-03-06
2984,mikethrough,1436,Abordable,2026-03-06
2985,tanguy_lpr,1436,Abordable,2026-03-06
2986,azog301,1436,Abordable,2026-03-06
2987,Encore_Un_Hugo,1435,Abordable,2026-03-06
2988,LoannTrop,1435,Abordable,2026-03-06
2989,Khazu_,1435,Abordable,2026-03-06
2990,psycholink91,1435,Abordable,2026-03-06
2991,l_apprentit,1435,Abordable,2026-03-06
2992,Meaumaux,1435,Abordable,2026-03-06
2993,lecop1,1435,Abordable,2026-03-06
2994,Buttercupsz_,1435,Abordable,2026-03-06
2995,Maximstreme,1435,Abordable,2026-03-06
2996,DouceLindoriel,1435,Abordable,2026-03-06
2997,fourmymy,1434,Abordable,2026-03-06
2998,nemesys369,1434,Abordable,2026-03-06
2999,StrangerOfChaos,1434,Abordable,2026-03-06
3000,segotte70,1434,Abordable,2026-03-06
3001,simonp2869,1433,Abordable,2026-03-06
3002,borisbeauval,1433,Abordable,2026-03-06
3003,popydou,1433,Abordable,2026-03-06
3004,Soonzenough,1433,Abordable,2026-03-06
3005,jmorypicture,1433,Abordable,2026-03-06
3006,poupouille101400,1433,Abordable,2026-03-06
3007,titi__fr,1433,Abordable,2026-03-06
3008,eliott00000000,1433,Abordable,2026-03-06
3009,alexd60,1433,Abordable,2026-03-06
3010,Dany__,1433,Abordable,2026-03-06
3011,Bifsteak,1432,Abordable,2026-03-06
3012,St0l3n,1432,Abordable,2026-03-06
3013,kuzigaban,1432,Abordable,2026-03-06
3014,PattAuBeurre,1432,Abordable,2026-03-06
3015,cledesol45,1432,Abordable,2026-03-06
3016,damienpepito,1432,Abordable,2026-03-06
3017,potatorider_s,1431,Abordable,2026-03-06
3018,elisapeug,1431,Abordable,2026-03-06
3019,valjms,1431,Abordable,2026-03-06
3020,Carlalad,1431,Abordable,2026-03-06
3021,ascaali,1431,Abordable,2026-03-06
3022,zodiacqwety,1431,Abordable,2026-03-06
3023,Lyaass_,1431,Abordable,2026-03-06
3024,dowez,1431,Abordable,2026-03-06
3025,Adamas_____,1431,Abordable,2026-03-06
3026,dsazathoth,1431,Abordable,2026-03-06
3027,clem_thfc,1431,Abordable,2026-03-06
3028,leligmanitou,1430,Abordable,2026-03-06
3029,l1xep,1430,Abordable,2026-03-06
3030,nonoshaq,1430,Abordable,2026-03-06
3031,fannyyyyyyyyyy1,1430,Abordable,2026-03-06
3032,julienlussat,1430,Abordable,2026-03-06
3033,Remi29T,1430,Abordable,2026-03-06
3034,lauried1,1430,Abordable,2026-03-06
3035,corenpain,1430,Abordable,2026-03-06
3036,Ted_Pauley,1429,Abordable,2026-03-06
3037,sakramtow,1429,Abordable,2026-03-06
3038,Linkata,1429,Abordable,2026-03-06
3039,Howinta,1429,Abordable,2026-03-06
3040,overfleek,1429,Abordable,2026-03-06
3041,shimz22,1429,Abordable,2026-03-06
3042,marijuainaa,1429,Abordable,2026-03-06
3043,spdrmax,1429,Abordable,2026-03-06
3044,amazingguy_,1429,Abordable,2026-03-06
3045,iceberg_lounge_,1429,Abordable,2026-03-06
3046,jooka3,1429,Abordable,2026-03-06
3047,guetguet20,1429,Abordable,2026-03-06
3048,Sivund_,1429,Abordable,2026-03-06
3049,Clemerfed,1428,Abordable,2026-03-06
3050,embrouaze,1428,Abordable,2026-03-06
3051,KittensEmpress,1428,Abordable,2026-03-06
3052,chris22480,1428,Abordable,2026-03-06
3053,deydey237,1428,Abordable,2026-03-06
3054,Merygold_,1428,Abordable,2026-03-06
3055,titoulacerise,1428,Abordable,2026-03-06
3056,babajem,1428,Abordable,2026-03-06
3057,sim1010again,1428,Abordable,2026-03-06
3058,koluyantrez,1428,Abordable,2026-03-06
3059,lycroh,1428,Abordable,2026-03-06
3060,ElHash17,1428,Abordable,2026-03-06
3061,Zanekou,1428,Abordable,2026-03-06
3062,luuuciiie,1428,Abordable,2026-03-06
3063,chaflry,1427,Abordable,2026-03-06
3064,Dante3enfer,1427,Abordable,2026-03-06
3065,topinambour18,1426,Abordable,2026-03-06
3066,liam_2307,1426,Abordable,2026-03-06
3067,Nnoctua,1426,Abordable,2026-03-06
3068,neynerl67,1426,Abordable,2026-03-06
3069,emiplooo,1426,Abordable,2026-03-06
3070,Tipp_ex__,1426,Abordable,2026-03-06
3071,laura_zm12,1426,Abordable,2026-03-06
3072,barthos_chn,1426,Abordable,2026-03-06
3073,Aquamancien,1426,Abordable,2026-03-06
3074,StrixLuscinia,1426,Abordable,2026-03-06
3075,Nowe_76,1426,Abordable,2026-03-06
3076,ululik,1426,Abordable,2026-03-06
3077,dhbfhdfhb,1426,Abordable,2026-03-06
3078,giboulett,1425,Abordable,2026-03-06
3079,pyrene87,1425,Abordable,2026-03-06
3080,sebway,1425,Abordable,2026-03-06
3081,nich4uve,1425,Abordable,2026-03-06
3082,noahmaille,1425,Abordable,2026-03-06
3083,stam1211,1425,Abordable,2026-03-06
3084,Zakhi,1425,Abordable,2026-03-06
3085,flamiingfrost,1425,Abordable,2026-03-06
3086,sinjusinge,1425,Abordable,2026-03-06
3087,mariedomp,1425,Abordable,2026-03-06
3088,malovalade2,1425,Abordable,2026-03-06
3089,darkofu,1424,Abordable,2026-03-06
3090,thomas12705,1424,Abordable,2026-03-06
3091,Xperience_Design,1424,Abordable,2026-03-06
3092,Sam_Sar4h,1424,Abordable,2026-03-06
3093,Hulver_,1423,Abordable,2026-03-06
3094,volhidr,1423,Abordable,2026-03-06
3095,natdel91,1423,Abordable,2026-03-06
3096,ambraser,1423,Abordable,2026-03-06
3097,pikadoc42,1423,Abordable,2026-03-06
3098,sirnitneroc,1423,Abordable,2026-03-06
3099,Erzonne,1423,Abordable,2026-03-06
3100,tarl2,1423,Abordable,2026-03-06
3101,KCGnabil,1423,Abordable,2026-03-06
3102,guiguikebab,1423,Abordable,2026-03-06
3103,motokultor42,1423,Abordable,2026-03-06
3104,DraoxTips,1423,Abordable,2026-03-06
3105,Pyxisa_,1423,Abordable,2026-03-06
3106,Licinius___,1423,Abordable,2026-03-06
3107,batlamy49,1422,Abordable,2026-03-06
3108,aaalliiccee,1422,Abordable,2026-03-06
3109,MiniBenoit,1422,Abordable,2026-03-06
3110,antoine61600,1422,Abordable,2026-03-06
3111,yugzr,1422,Abordable,2026-03-06
3112,FolEnto,1422,Abordable,2026-03-06
3113,paulofiac,1422,Abordable,2026-03-06
3114,mogglivrogne,1422,Abordable,2026-03-06
3115,Chapaapaaa,1422,Abordable,2026-03-06
3116,jeannettejeanne,1421,Abordable,2026-03-06
3117,Mikkoku_chan,1421,Abordable,2026-03-06
3118,nech_,1421,Abordable,2026-03-06
3119,alilabase18,1421,Abordable,2026-03-06
3120,SKlearner,1421,Abordable,2026-03-06
3121,robugaming57,1420,Abordable,2026-03-06
3122,clementlapieuvre,1420,Abordable,2026-03-06
3123,Dilaa_,1420,Abordable,2026-03-06
3124,jackprtm,1420,Abordable,2026-03-06
3125,sniperriseur,1420,Abordable,2026-03-06
3126,QuaszarMeister,1420,Abordable,2026-03-06
3127,thecoconuteffect,1420,Abordable,2026-03-06
3128,pauvalpo6,1420,Abordable,2026-03-06
3129,Mrtomoy,1419,Abordable,2026-03-06
3130,WilfriedSaha,1419,Abordable,2026-03-06
3131,MavRoche_,1419,Abordable,2026-03-06
3132,pksc51,1419,Abordable,2026-03-06
3133,lolilolblop,1419,Abordable,2026-03-06
3134,dragonorix,1419,Abordable,2026-03-06
3135,calaobicorne0,1419,Abordable,2026-03-06
3136,zazu2490,1419,Abordable,2026-03-06
3137,agnesf83,1418,Abordable,2026-03-06
3138,Deorl2000,1418,Abordable,2026-03-06
3139,mickael50,1418,Abordable,2026-03-06
3140,yoha41,1418,Abordable,2026-03-06
3141,knight_max21,1418,Abordable,2026-03-06
3142,milord4444,1418,Abordable,2026-03-06
3143,mazegnarg33,1417,Abordable,2026-03-06
3144,maxime_chs,1417,Abordable,2026-03-06
3145,alexwatch_esport,1417,Abordable,2026-03-06
3146,shushu_capri,1416,Abordable,2026-03-06
3147,tomduc04,1416,Abordable,2026-03-06
3148,Waylannon,1416,Abordable,2026-03-06
3149,Hestionero,1416,Abordable,2026-03-06
3150,marcassim,1416,Abordable,2026-03-06
3151,paupaudefleurs,1416,Abordable,2026-03-06
3152,ModZoL,1416,Abordable,2026-03-06
3153,celia_007_,1416,Abordable,2026-03-06
3154,Enigma15_01,1416,Abordable,2026-03-06
3155,speedygonzalix,1416,Abordable,2026-03-06
3156,liliaxx56,1416,Abordable,2026-03-06
3157,nausycaaaaa,1415,Abordable,2026-03-06
3158,Hiindy,1415,Abordable,2026-03-06
3159,coupeknot,1415,Abordable,2026-03-06
3160,master_coffee,1415,Abordable,2026-03-06
3161,demonrider_155,1415,Abordable,2026-03-06
3162,nico5br,1415,Abordable,2026-03-06
3163,shagore_magal,1415,Abordable,2026-03-06
3164,antwan_gns,1415,Abordable,2026-03-06
3165,annotir,1415,Abordable,2026-03-06
3166,belloche,1414,Abordable,2026-03-06
3167,KCconstantin,1414,Abordable,2026-03-06
3168,infer_not,1414,Abordable,2026-03-06
3169,mouss_64,1414,Abordable,2026-03-06
3170,vic0_04,1414,Abordable,2026-03-06
3171,melandrom,1414,Abordable,2026-03-06
3172,Kyrraa,1414,Abordable,2026-03-06
3173,Kip3tchis,1413,Abordable,2026-03-06
3174,Achernar182,1413,Abordable,2026-03-06
3175,Delc0r,1413,Abordable,2026-03-06
3176,Omasashi,1413,Abordable,2026-03-06
3177,rk11zer,1413,Abordable,2026-03-06
3178,yerdef,1413,Abordable,2026-03-06
3179,alolo_pons,1413,Abordable,2026-03-06
3180,yannloub06,1412,Abordable,2026-03-06
3181,adrien06s,1412,Abordable,2026-03-06
3182,Mericor,1412,Abordable,2026-03-06
3183,un_piti_bonhomme,1412,Abordable,2026-03-06
3184,Galam08,1412,Abordable,2026-03-06
3185,Fl0bio,1412,Abordable,2026-03-06
3186,Fanagetsu,1412,Abordable,2026-03-06
3187,campiignon,1411,Abordable,2026-03-06
3188,ilokij4,1411,Abordable,2026-03-06
3189,D0ucluffy,1411,Abordable,2026-03-06
3190,riquinos,1411,Abordable,2026-03-06
3191,arcythorin,1411,Abordable,2026-03-06
3192,clakie57,1410,Abordable,2026-03-06
3193,rmch,1410,Abordable,2026-03-06
3194,Dodoala77,1410,Abordable,2026-03-06
3195,baptiste_350,1410,Abordable,2026-03-06
3196,GanggofJah,1409,Abordable,2026-03-06
3197,TicTacTaw,1409,Abordable,2026-03-06
3198,marge__sbr,1409,Abordable,2026-03-06
3199,Ziponey,1409,Abordable,2026-03-06
3200,cbonneau,1409,Abordable,2026-03-06
3201,amdi_lry,1409,Abordable,2026-03-06
3202,sophie_lxn,1409,Abordable,2026-03-06
3203,Ashroke,1409,Abordable,2026-03-06
3204,paul_noch,1408,Abordable,2026-03-06
3205,robzfr4,1408,Abordable,2026-03-06
3206,strainedbutcute,1408,Abordable,2026-03-06
3207,Pierma_,1408,Abordable,2026-03-06
3208,Patate_Perdue,1408,Abordable,2026-03-06
3209,chashse,1408,Abordable,2026-03-06
3210,Meiin__,1408,Abordable,2026-03-06
3211,gros_nazeee,1408,Abordable,2026-03-06
3212,Batulith,1408,Abordable,2026-03-06
3213,krakendude,1408,Abordable,2026-03-06
3214,Aragolos,1408,Abordable,2026-03-06
3215,alex_pingg,1407,Abordable,2026-03-06
3216,flor3nt7,1407,Abordable,2026-03-06
3217,pauline16972,1407,Abordable,2026-03-06
3218,palosbeats,1407,Abordable,2026-03-06
3219,jmdanslaplace,1407,Abordable,2026-03-06
3220,mikaduboutte,1407,Abordable,2026-03-06
3221,lodestroy,1407,Abordable,2026-03-06
3222,Blazia_,1407,Abordable,2026-03-06
3223,librarian_yohann,1407,Abordable,2026-03-06
3224,lerefugedugamer,1407,Abordable,2026-03-06
3225,zlc_zip,1406,Abordable,2026-03-06
3226,darkboss976,1406,Abordable,2026-03-06
3227,physiowazaby,1406,Abordable,2026-03-06
3228,loisgriff18,1406,Abordable,2026-03-06
3229,Seffrig,1406,Abordable,2026-03-06
3230,Alynous,1406,Abordable,2026-03-06
3231,Pottame,1406,Abordable,2026-03-06
3232,Youplaboum42,1406,Abordable,2026-03-06
3233,Biambo6,1406,Abordable,2026-03-06
3234,crvsier_alex,1406,Abordable,2026-03-06
3235,thecrazyman594,1405,Abordable,2026-03-06
3236,lykobro,1405,Abordable,2026-03-06
3237,diditrixma,1405,Abordable,2026-03-06
3238,Leptonyxx,1405,Abordable,2026-03-06
3239,fyrageeeee,1405,Abordable,2026-03-06
3240,youssefcultg,1405,Abordable,2026-03-06
3241,Saru_4,1405,Abordable,2026-03-06
3242,ArnaudFox,1404,Abordable,2026-03-06
3243,zetla7,1404,Abordable,2026-03-06
3244,aveyarkov,1404,Abordable,2026-03-06
3245,arthurhinnekens,1404,Abordable,2026-03-06
3246,victorial7_,1404,Abordable,2026-03-06
3247,Crakstic,1404,Abordable,2026-03-06
3248,Rabelaiz,1404,Abordable,2026-03-06
3249,legrandrolla,1403,Abordable,2026-03-06
3250,Edenrok,1403,Abordable,2026-03-06
3251,flobnfo,1403,Abordable,2026-03-06
3252,flilian43260,1403,Abordable,2026-03-06
3253,superpoisonaigle,1403,Abordable,2026-03-06
3254,swals__,1402,Abordable,2026-03-06
3255,FXzoroarc,1402,Abordable,2026-03-06
3256,AntoinePenhard,1402,Abordable,2026-03-06
3257,clarartichaud,1402,Abordable,2026-03-06
3258,nista2,1402,Abordable,2026-03-06
3259,bethored25,1402,Abordable,2026-03-06
3260,damis59,1402,Abordable,2026-03-06
3261,Astraroth16,1402,Abordable,2026-03-06
3262,svenitosaurus,1402,Abordable,2026-03-06
3263,yohantrouvin2,1401,Abordable,2026-03-06
3264,Lem0n_seed,1401,Abordable,2026-03-06
3265,alexandre071106,1401,Abordable,2026-03-06
3266,SR__edgar,1401,Abordable,2026-03-06
3267,TheoMoCapaldi,1400,Abordable,2026-03-06
3268,somoka24,1400,Abordable,2026-03-06
3269,R_oCKe_T,1400,Abordable,2026-03-06
3270,hendeck_2001_darkiller94,1400,Abordable,2026-03-06
3271,mulef78,1399,Abordable,2026-03-06
3272,jacklemalin,1399,Abordable,2026-03-06
3273,Thib_ouille,1399,Abordable,2026-03-06
3274,kaliro_fr,1399,Abordable,2026-03-06
3275,clepcidre,1399,Abordable,2026-03-06
3276,jeilort,1398,Abordable,2026-03-06
3277,mam2ly,1398,Abordable,2026-03-06
3278,damnit14390,1398,Abordable,2026-03-06
3279,AlexisM208,1398,Abordable,2026-03-06
3280,Basteop,1398,Abordable,2026-03-06
3281,marine1306,1398,Abordable,2026-03-06
3282,Sjetdu77,1397,Abordable,2026-03-06
3283,NaOmy446,1397,Abordable,2026-03-06
3284,beubaz,1397,Abordable,2026-03-06
3285,leg4b_,1397,Abordable,2026-03-06
3286,momotte21,1397,Abordable,2026-03-06
3287,blueberryzzzzzzz,1396,Abordable,2026-03-06
3288,hugo_rv_,1396,Abordable,2026-03-06
3289,Alistair_l,1396,Abordable,2026-03-06
3290,gemelechibre,1396,Abordable,2026-03-06
3291,Greatantoine,1396,Abordable,2026-03-06
3292,leducdannam,1396,Abordable,2026-03-06
3293,lynk5391,1396,Abordable,2026-03-06
3294,orsauce_,1396,Abordable,2026-03-06
3295,skiteek,1395,Abordable,2026-03-06
3296,lilianlr10,1395,Abordable,2026-03-06
3297,Ju_Tess,1395,Abordable,2026-03-06
3298,flolad59,1394,Abordable,2026-03-06
3299,Ah_Pierrot,1394,Abordable,2026-03-06
3300,pourvoir61,1394,Abordable,2026-03-06
3301,Delsard,1394,Abordable,2026-03-06
3302,hypoallergenique__,1394,Abordable,2026-03-06
3303,Jee64,1394,Abordable,2026-03-06
3304,babzos,1394,Abordable,2026-03-06
3305,Gauffragon,1394,Abordable,2026-03-06
3306,noeriarame,1394,Abordable,2026-03-06
3307,CactusPikkant,1394,Abordable,2026-03-06
3308,eliott_bnl,1393,Abordable,2026-03-06
3309,nyx7502,1393,Abordable,2026-03-06
3310,elennwe78,1393,Abordable,2026-03-06
3311,pepitto84,1393,Abordable,2026-03-06
3312,superlipopette_zazou,1393,Abordable,2026-03-06
3313,TintinTamarre,1393,Abordable,2026-03-06
3314,dridrib,1393,Abordable,2026-03-06
3315,igamii_,1393,Abordable,2026-03-06
3316,lucia351,1393,Abordable,2026-03-06
3317,tylos_zyquo,1393,Abordable,2026-03-06
3318,map35a,1393,Abordable,2026-03-06
3319,noman_sboy,1392,Abordable,2026-03-06
3320,michberger69,1392,Abordable,2026-03-06
3321,djolissu,1392,Abordable,2026-03-06
3322,Bipshape,1392,Abordable,2026-03-06
3323,guillaume25835,1392,Abordable,2026-03-06
3324,wolfi140600,1392,Abordable,2026-03-06
3325,kailess_,1392,Abordable,2026-03-06
3326,cha_gbb_,1392,Abordable,2026-03-06
3327,lau_ra_7,1392,Abordable,2026-03-06
3328,ultito123,1392,Abordable,2026-03-06
3329,AntoninJury,1392,Abordable,2026-03-06
3330,bouing23,1391,Abordable,2026-03-06
3331,dest6n6,1391,Abordable,2026-03-06
3332,Tarkhol,1391,Abordable,2026-03-06
3333,cosmicdindon,1391,Abordable,2026-03-06
3334,retroknight75,1391,Abordable,2026-03-06
3335,Phantom_du_Live,1391,Abordable,2026-03-06
3336,lacquemant_,1391,Abordable,2026-03-06
3337,helenouilles_,1391,Abordable,2026-03-06
3338,eclairmetal9201,1391,Abordable,2026-03-06
3339,JLELUCKY,1391,Abordable,2026-03-06
3340,asaplalways,1391,Abordable,2026-03-06
3341,Wacryeur,1390,Abordable,2026-03-06
3342,axelleg1605,1390,Abordable,2026-03-06
3343,orionus,1390,Abordable,2026-03-06
3344,audelb,1390,Abordable,2026-03-06
3345,mianzib,1390,Abordable,2026-03-06
3346,maximeouais,1390,Abordable,2026-03-06
3347,ewan1408fvr,1390,Abordable,2026-03-06
3348,mama_blooky,1390,Abordable,2026-03-06
3349,valairlines_,1390,Abordable,2026-03-06
3350,BobyLudique,1389,Abordable,2026-03-06
3351,Don_Djanggo,1389,Abordable,2026-03-06
3352,tst212,1389,Abordable,2026-03-06
3353,Paroxysmique,1389,Abordable,2026-03-06
3354,abllt19,1389,Abordable,2026-03-06
3355,oxymetalli,1389,Abordable,2026-03-06
3356,Rabenas,1389,Abordable,2026-03-06
3357,Neineiiiii,1388,Abordable,2026-03-06
3358,yvel29000,1388,Abordable,2026-03-06
3359,Alepharian,1388,Abordable,2026-03-06
3360,ju__p,1388,Abordable,2026-03-06
3361,przpyrrhula,1388,Abordable,2026-03-06
3362,TheNathy_,1388,Abordable,2026-03-06
3363,mimilafranss,1387,Abordable,2026-03-06
3364,sullyzok25,1387,Abordable,2026-03-06
3365,cyril8831012,1387,Abordable,2026-03-06
3366,balthazarpicsou_,1387,Abordable,2026-03-06
3367,semoulez,1387,Abordable,2026-03-06
3368,dhufar44,1387,Abordable,2026-03-06
3369,captainmoumoute,1387,Abordable,2026-03-06
3370,cath2180,1386,Abordable,2026-03-06
3371,velewrl,1386,Abordable,2026-03-06
3372,istose12,1386,Abordable,2026-03-06
3373,test3775,1386,Abordable,2026-03-06
3374,petite_jo,1386,Abordable,2026-03-06
3375,hugoo_n,1386,Abordable,2026-03-06
3376,lucassn49,1385,Abordable,2026-03-06
3377,fum3role,1385,Abordable,2026-03-06
3378,katacrom,1385,Abordable,2026-03-06
3379,inspecteurderrik,1385,Abordable,2026-03-06
3380,la_souillure,1385,Abordable,2026-03-06
3381,Nyckollah,1385,Abordable,2026-03-06
3382,caroline_grgs,1385,Abordable,2026-03-06
3383,reavstone19,1385,Abordable,2026-03-06
3384,sebvlm,1385,Abordable,2026-03-06
3385,jaskier26,1385,Abordable,2026-03-06
3386,mahe2258,1385,Abordable,2026-03-06
3387,Marohama_,1385,Abordable,2026-03-06
3388,doomsmld,1385,Abordable,2026-03-06
3389,Thatshyt,1384,Abordable,2026-03-06
3390,pascalbouc,1384,Abordable,2026-03-06
3391,prince_sans_rire,1384,Abordable,2026-03-06
3392,TalArtemis,1384,Abordable,2026-03-06
3393,Gaga_san,1384,Abordable,2026-03-06
3394,n0t_my_name,1384,Abordable,2026-03-06
3395,xbroos23,1384,Abordable,2026-03-06
3396,ana76290,1384,Abordable,2026-03-06
3397,buswapiti27,1383,Abordable,2026-03-06
3398,DG_Sebator11,1383,Abordable,2026-03-06
3399,234679002358809358,1383,Abordable,2026-03-06
3400,laykuo_,1383,Abordable,2026-03-06
3401,fuji_yeah,1383,Abordable,2026-03-06
3402,Canape_Iit,1383,Abordable,2026-03-06
3403,axouldu35,1383,Abordable,2026-03-06
3404,floryan_evlt,1383,Abordable,2026-03-06
3405,dulator147,1383,Abordable,2026-03-06
3406,fanywise17,1383,Abordable,2026-03-06
3407,ralf_le_renne,1382,Abordable,2026-03-06
3408,Ahoge_master,1382,Abordable,2026-03-06
3409,Nico_Olyvian,1382,Abordable,2026-03-06
3410,PareyL,1382,Abordable,2026-03-06
3411,Coquerette,1382,Abordable,2026-03-06
3412,gigagagagig0,1382,Abordable,2026-03-06
3413,Killeutt,1382,Abordable,2026-03-06
3414,rustinadellapatata,1381,Abordable,2026-03-06
3415,Hoz02,1381,Abordable,2026-03-06
3416,Frizlav,1381,Abordable,2026-03-06
3417,morgenrot_,1381,Abordable,2026-03-06
3418,ladeadfish,1381,Abordable,2026-03-06
3419,Arnifoste,1381,Abordable,2026-03-06
3420,Schnappy__,1380,Abordable,2026-03-06
3421,lykos_35,1380,Abordable,2026-03-06
3422,penroyal56,1380,Abordable,2026-03-06
3423,chouphelie,1380,Abordable,2026-03-06
3424,titounours56,1380,Abordable,2026-03-06
3425,DrRichard89,1380,Abordable,2026-03-06
3426,romain_cleda,1380,Abordable,2026-03-06
3427,cdrcbd,1380,Abordable,2026-03-06
3428,LeBonJAN,1380,Abordable,2026-03-06
3429,iamthesnips,1380,Abordable,2026-03-06
3430,davluzz,1379,Abordable,2026-03-06
3431,Candyce,1379,Abordable,2026-03-06
3432,cloucloudegirofle,1379,Abordable,2026-03-06
3433,Magicaboy1,1379,Abordable,2026-03-06
3434,spailerr,1379,Abordable,2026-03-06
3435,aymericdep,1379,Abordable,2026-03-06
3436,JosNeko,1379,Abordable,2026-03-06
3437,By_Skydrum,1379,Abordable,2026-03-06
3438,alois903,1378,Abordable,2026-03-06
3439,tintochette_,1378,Abordable,2026-03-06
3440,meliliine,1378,Abordable,2026-03-06
3441,deerator,1378,Abordable,2026-03-06
3442,lepetitlouloudanslaforet,1378,Abordable,2026-03-06
3443,jossuine,1378,Abordable,2026-03-06
3444,jejeroro_,1377,Abordable,2026-03-06
3445,antoinemton14,1377,Abordable,2026-03-06
3446,WayUnderground,1377,Abordable,2026-03-06
3447,druidebonux,1377,Abordable,2026-03-06
3448,lakiias,1377,Abordable,2026-03-06
3449,leniplentqui,1377,Abordable,2026-03-06
3450,canclaux,1377,Abordable,2026-03-06
3451,Oltarian_,1377,Abordable,2026-03-06
3452,Pedrolito___,1377,Abordable,2026-03-06
3453,venini92,1376,Abordable,2026-03-06
3454,tintin2oo4,1376,Abordable,2026-03-06
3455,arclaf,1376,Abordable,2026-03-06
3456,dom_hollow_2738,1376,Abordable,2026-03-06
3457,marine_thevenin,1376,Abordable,2026-03-06
3458,TROP1CA_,1376,Abordable,2026-03-06
3459,eemeline_,1376,Abordable,2026-03-06
3460,Skipig,1376,Abordable,2026-03-06
3461,djyoyo123,1376,Abordable,2026-03-06
3462,minidefalo,1375,Abordable,2026-03-06
3463,christophe121986,1375,Abordable,2026-03-06
3464,sedarito,1375,Abordable,2026-03-06
3465,gael_hnz,1375,Abordable,2026-03-06
3466,TitiSco49,1375,Abordable,2026-03-06
3467,doud1901,1374,Abordable,2026-03-06
3468,alaixtidia,1374,Abordable,2026-03-06
3469,Benji45275,1374,Abordable,2026-03-06
3470,Pierrox5,1374,Abordable,2026-03-06
3471,zozziotte,1374,Abordable,2026-03-06
3472,slalomixxx,1374,Abordable,2026-03-06
3473,falidro,1374,Abordable,2026-03-06
3474,Jl_maxou,1374,Abordable,2026-03-06
3475,Miffor26,1373,Abordable,2026-03-06
3476,Jeremfrite,1373,Abordable,2026-03-06
3477,flow56300,1373,Abordable,2026-03-06
3478,OUGOUGOUG,1373,Abordable,2026-03-06
3479,alvarobonpinilla,1373,Abordable,2026-03-06
3480,TheRizzenTV,1373,Abordable,2026-03-06
3481,EusebeLeSimple,1373,Abordable,2026-03-06
3482,ZenysDrago,1373,Abordable,2026-03-06
3483,CaptainBaroud,1373,Abordable,2026-03-06
3484,alexsjbite,1373,Abordable,2026-03-06
3485,thor_kel,1372,Abordable,2026-03-06
3486,Skyla04_,1372,Abordable,2026-03-06
3487,HalfGun_,1372,Abordable,2026-03-06
3488,obus325,1372,Abordable,2026-03-06
3489,EstebanF13_,1372,Abordable,2026-03-06
3490,rugbymen_2,1372,Abordable,2026-03-06
3491,victorhermet,1372,Abordable,2026-03-06
3492,kylian_ldy,1372,Abordable,2026-03-06
3493,Clemmenntt,1371,Abordable,2026-03-06
3494,DarkEagle_FPU,1371,Abordable,2026-03-06
3495,lucie_b_,1371,Abordable,2026-03-06
3496,JordanVdl,1371,Abordable,2026-03-06
3497,ncoinon10,1371,Abordable,2026-03-06
3498,y3sss6,1371,Abordable,2026-03-06
3499,Horrros,1371,Abordable,2026-03-06
3500,pierrefixe5,1370,Abordable,2026-03-06
3501,nythan14,1370,Abordable,2026-03-06
3502,thamos63,1370,Abordable,2026-03-06
3503,TournamentTokens,1370,Abordable,2026-03-06
3504,Prototype4K,1370,Abordable,2026-03-06
3505,missw3010,1370,Abordable,2026-03-06
3506,Antifascinant,1370,Abordable,2026-03-06
3507,riddchan,1369,Abordable,2026-03-06
3508,pierrot261507,1369,Abordable,2026-03-06
3509,thgemme,1369,Abordable,2026-03-06
3510,Kyrns,1369,Abordable,2026-03-06
3511,marguerite225,1369,Abordable,2026-03-06
3512,briac_b,1369,Abordable,2026-03-06
3513,Aemri_,1369,Abordable,2026-03-06
3514,SXVAAJ,1369,Abordable,2026-03-06
3515,Tehk_Now,1368,Abordable,2026-03-06
3516,louproch,1368,Abordable,2026-03-06
3517,mawoudsky,1368,Abordable,2026-03-06
3518,erg0t,1368,Abordable,2026-03-06
3519,mingaw_,1368,Abordable,2026-03-06
3520,vivipouce,1368,Abordable,2026-03-06
3521,floyd123456701,1368,Abordable,2026-03-06
3522,Anekitous,1368,Abordable,2026-03-06
3523,nagalippo,1367,Abordable,2026-03-06
3524,pascaline5956,1367,Abordable,2026-03-06
3525,trtjuliette,1367,Abordable,2026-03-06
3526,Benoist_M,1367,Abordable,2026-03-06
3527,tristouill9,1367,Abordable,2026-03-06
3528,gylgrissom,1367,Abordable,2026-03-06
3529,chbeb73,1367,Abordable,2026-03-06
3530,belagriculteur,1367,Abordable,2026-03-06
3531,V0lteck_,1367,Abordable,2026-03-06
3532,davynoux,1367,Abordable,2026-03-06
3533,natemery,1367,Abordable,2026-03-06
3534,majoritymoon26,1367,Abordable,2026-03-06
3535,Smaxkiller,1367,Abordable,2026-03-06
3536,holysleepybeany,1367,Abordable,2026-03-06
3537,Lexfik,1366,Abordable,2026-03-06
3538,mathildegregoire,1366,Abordable,2026-03-06
3539,silia4,1366,Abordable,2026-03-06
3540,lajove,1366,Abordable,2026-03-06
3541,landayse,1366,Abordable,2026-03-06
3542,mrgnmth,1365,Abordable,2026-03-06
3543,yav_jr,1365,Abordable,2026-03-06
3544,k1tk4t_08,1365,Abordable,2026-03-06
3545,Nono_17000,1365,Abordable,2026-03-06
3546,silver2994,1365,Abordable,2026-03-06
3547,Ferd0che,1364,Abordable,2026-03-06
3548,sirius47th,1364,Abordable,2026-03-06
3549,mlin_le_capucin,1364,Abordable,2026-03-06
3550,lechaceur,1364,Abordable,2026-03-06
3551,Koriio,1364,Abordable,2026-03-06
3552,xhugor_rx,1364,Abordable,2026-03-06
3553,JPemlabier,1364,Abordable,2026-03-06
3554,highfive340,1364,Abordable,2026-03-06
3555,astrologia14,1364,Abordable,2026-03-06
3556,zerom_13,1364,Abordable,2026-03-06
3557,frnt85,1364,Abordable,2026-03-06
3558,songotek,1363,Abordable,2026-03-06
3559,emilion24,1363,Abordable,2026-03-06
3560,apolline_gndn,1363,Abordable,2026-03-06
3561,lelapincarla,1363,Abordable,2026-03-06
3562,JpigeMC,1363,Abordable,2026-03-06
3563,YejiYujin,1363,Abordable,2026-03-06
3564,grincgrinc,1363,Abordable,2026-03-06
3565,BlopBlop2012,1363,Abordable,2026-03-06
3566,dadaxx91,1363,Abordable,2026-03-06
3567,Louijis,1362,Abordable,2026-03-06
3568,LEBlnd68,1362,Abordable,2026-03-06
3569,nyben123,1362,Abordable,2026-03-06
3570,baiikoo,1362,Abordable,2026-03-06
3571,couragio,1362,Abordable,2026-03-06
3572,tt68310,1362,Abordable,2026-03-06
3573,xerank,1362,Abordable,2026-03-06
3574,Nostral_,1362,Abordable,2026-03-06
3575,atsuya_nasu,1361,Abordable,2026-03-06
3576,Effeta,1361,Abordable,2026-03-06
3577,XI0D,1361,Abordable,2026-03-06
3578,manonduruisseau,1361,Abordable,2026-03-06
3579,cleophae_,1361,Abordable,2026-03-06
3580,maikeskifou,1361,Abordable,2026-03-06
3581,yusledragibus,1361,Abordable,2026-03-06
3582,starkyz_,1361,Abordable,2026-03-06
3583,galaxy101201,1361,Abordable,2026-03-06
3584,apfjbl,1360,Abordable,2026-03-06
3585,poulopo4827,1360,Abordable,2026-03-06
3586,fruitdusoleil,1360,Abordable,2026-03-06
3587,podarue,1360,Abordable,2026-03-06
3588,colineluffy,1360,Abordable,2026-03-06
3589,hazgaiie,1360,Abordable,2026-03-06
3590,dropuxx55,1360,Abordable,2026-03-06
3591,pierre2408,1360,Abordable,2026-03-06
3592,iovationn,1360,Abordable,2026-03-06
3593,ChatRose49,1360,Abordable,2026-03-06
3594,cotonpearl,1359,Abordable,2026-03-06
3595,SlyErwan,1359,Abordable,2026-03-06
3596,antoop1,1359,Abordable,2026-03-06
3597,gogomar30,1359,Abordable,2026-03-06
3598,guix1702,1359,Abordable,2026-03-06
3599,lovecraft49,1359,Abordable,2026-03-06
3600,mathildlry,1359,Abordable,2026-03-06
3601,raphaelll__0,1359,Abordable,2026-03-06
3602,Vapo_____,1359,Abordable,2026-03-06
3603,nekronith,1358,Abordable,2026-03-06
3604,MrCotFish,1358,Abordable,2026-03-06
3605,poulparia,1358,Abordable,2026-03-06
3606,Max0ver,1358,Abordable,2026-03-06
3607,atoumai,1358,Abordable,2026-03-06
3608,BlueCham2000,1358,Abordable,2026-03-06
3609,41_3X15,1358,Abordable,2026-03-06
3610,nioura64,1357,Abordable,2026-03-06
3611,bika4262d,1357,Abordable,2026-03-06
3612,Tanguer_18,1357,Abordable,2026-03-06
3613,alxorb,1357,Abordable,2026-03-06
3614,jiiraph,1357,Abordable,2026-03-06
3615,taitailo,1357,Abordable,2026-03-06
3616,lucien698,1357,Abordable,2026-03-06
3617,Rozen_wynn,1357,Abordable,2026-03-06
3618,O_Tawa,1357,Abordable,2026-03-06
3619,alexl58,1357,Abordable,2026-03-06
3620,utoooopie,1357,Abordable,2026-03-06
3621,RGX_ArioX,1357,Abordable,2026-03-06
3622,jerem_987,1357,Abordable,2026-03-06
3623,pepelitossss,1357,Abordable,2026-03-06
3624,delire_rousse_1312,1357,Abordable,2026-03-06
3625,andynino25,1357,Abordable,2026-03-06
3626,Chlorexine,1356,Abordable,2026-03-06
3627,legcles9,1356,Abordable,2026-03-06
3628,clapuik,1356,Abordable,2026-03-06
3629,rafferrreira,1356,Abordable,2026-03-06
3630,AlanGoud,1356,Abordable,2026-03-06
3631,seblepieux,1355,Abordable,2026-03-06
3632,patricestm,1355,Abordable,2026-03-06
3633,eldes5,1355,Abordable,2026-03-06
3634,irissushi,1355,Abordable,2026-03-06
3635,rach_ats,1355,Abordable,2026-03-06
3636,melosb23,1355,Abordable,2026-03-06
3637,betabrook,1354,Abordable,2026-03-06
3638,andrea3974,1354,Abordable,2026-03-06
3639,coraliej1707,1354,Abordable,2026-03-06
3640,cesyl,1354,Abordable,2026-03-06
3641,richie_partou,1354,Abordable,2026-03-06
3642,asrevan8,1354,Abordable,2026-03-06
3643,manclay,1354,Abordable,2026-03-06
3644,cha_todo,1354,Abordable,2026-03-06
3645,ikerlabat64,1354,Abordable,2026-03-06
3646,tarayac,1353,Abordable,2026-03-06
3647,lordcalvinator,1353,Abordable,2026-03-06
3648,kev_482,1353,Abordable,2026-03-06
3649,banaane06,1353,Abordable,2026-03-06
3650,Skribbled_,1353,Abordable,2026-03-06
3651,claraspberry,1353,Abordable,2026-03-06
3652,vale_mnsk_,1353,Abordable,2026-03-06
3653,Mehori,1353,Abordable,2026-03-06
3654,Njuk,1353,Abordable,2026-03-06
3655,rivkaka,1353,Abordable,2026-03-06
3656,matlhhg31,1353,Abordable,2026-03-06
3657,JadixaTV,1353,Abordable,2026-03-06
3658,achanvin,1352,Abordable,2026-03-06
3659,bagaaaare2000,1352,Abordable,2026-03-06
3660,sgued03,1352,Abordable,2026-03-06
3661,al_barthar,1352,Abordable,2026-03-06
3662,luckerninjacop,1352,Abordable,2026-03-06
3663,Moronbest,1352,Abordable,2026-03-06
3664,KaiserJb,1352,Abordable,2026-03-06
3665,amkuwu_,1352,Abordable,2026-03-06
3666,kaboumza85,1352,Abordable,2026-03-06
3667,eve_bds,1351,Abordable,2026-03-06
3668,ritchi_verssaci,1351,Abordable,2026-03-06
3669,playerbox13,1351,Abordable,2026-03-06
3670,devilaure,1351,Abordable,2026-03-06
3671,rafaleguepard,1351,Abordable,2026-03-06
3672,pantatruelle_,1351,Abordable,2026-03-06
3673,gabrielmaquison,1350,Abordable,2026-03-06
3674,Patakorn88,1350,Abordable,2026-03-06
3675,saaam888,1350,Abordable,2026-03-06
3676,henrifrommexico,1350,Abordable,2026-03-06
3677,bribri286,1350,Abordable,2026-03-06
3678,apoxx59300,1350,Abordable,2026-03-06
3679,Alexia64nb,1350,Abordable,2026-03-06
3680,zeligggg,1350,Abordable,2026-03-06
3681,Leb_tm,1349,Abordable,2026-03-06
3682,alchemistery21,1349,Abordable,2026-03-06
3683,Baba_477,1349,Abordable,2026-03-06
3684,blowie_18,1349,Abordable,2026-03-06
3685,egrvs,1349,Abordable,2026-03-06
3686,tachypsychie,1349,Abordable,2026-03-06
3687,lily_dnl,1349,Abordable,2026-03-06
3688,pepitos002,1348,Abordable,2026-03-06
3689,chia_picu,1348,Abordable,2026-03-06
3690,KibaVz,1348,Abordable,2026-03-06
3691,dracsou,1348,Abordable,2026-03-06
3692,prosperid,1348,Abordable,2026-03-06
3693,jeremy594401,1348,Abordable,2026-03-06
3694,mmsth227valley,1347,Abordable,2026-03-06
3695,eleonoreech,1347,Abordable,2026-03-06
3696,clembgrs,1347,Abordable,2026-03-06
3697,Balem88,1347,Abordable,2026-03-06
3698,shivaskunky,1347,Abordable,2026-03-06
3699,titilebest2,1347,Abordable,2026-03-06
3700,jmpunk59,1347,Abordable,2026-03-06
3701,solenetlzt,1347,Abordable,2026-03-06
3702,colibri2002,1347,Abordable,2026-03-06
3703,YounggPablo,1347,Abordable,2026-03-06
3704,PrepelBret8,1347,Abordable,2026-03-06
3705,aodhan_lb,1347,Abordable,2026-03-06
3706,niksputt,1346,Abordable,2026-03-06
3707,TryfTryf,1346,Abordable,2026-03-06
3708,5quix,1346,Abordable,2026-03-06
3709,herefor_reasons,1346,Abordable,2026-03-06
3710,beatricejumeau,1346,Abordable,2026-03-06
3711,cscmieu,1346,Abordable,2026-03-06
3712,kieskiela,1346,Abordable,2026-03-06
3713,clarizounette,1345,Abordable,2026-03-06
3714,Kuzuroshi,1345,Abordable,2026-03-06
3715,fufut,1345,Abordable,2026-03-06
3716,cecou_potterhead,1345,Abordable,2026-03-06
3717,M00n_Hero,1345,Abordable,2026-03-06
3718,Nonajo29,1345,Abordable,2026-03-06
3719,Alima098,1345,Abordable,2026-03-06
3720,cloegrmn,1345,Abordable,2026-03-06
3721,altnabla,1345,Abordable,2026-03-06
3722,pixzelle,1344,Abordable,2026-03-06
3723,cgantier,1344,Abordable,2026-03-06
3724,MxDDD,1344,Abordable,2026-03-06
3725,Maghinox,1344,Abordable,2026-03-06
3726,Rorotte_,1344,Abordable,2026-03-06
3727,isabelledsf,1344,Abordable,2026-03-06
3728,maxenzz,1344,Abordable,2026-03-06
3729,cous12,1343,Abordable,2026-03-06
3730,lho5,1343,Abordable,2026-03-06
3731,romanododo,1343,Abordable,2026-03-06
3732,LauranneChavel,1343,Abordable,2026-03-06
3733,MegaiSaa,1343,Abordable,2026-03-06
3734,smyno0,1343,Abordable,2026-03-06
3735,juklie_art,1343,Abordable,2026-03-06
3736,celliiinee,1343,Abordable,2026-03-06
3737,killoxdu56,1343,Abordable,2026-03-06
3738,worldy29,1343,Abordable,2026-03-06
3739,lianna_chase,1343,Abordable,2026-03-06
3740,axelair79,1343,Abordable,2026-03-06
3741,isaidol,1343,Abordable,2026-03-06
3742,ba_asti1,1343,Abordable,2026-03-06
3743,Je_me_mouche,1343,Abordable,2026-03-06
3744,youngnouille,1342,Abordable,2026-03-06
3745,norolonorolo,1342,Abordable,2026-03-06
3746,tak_tak91,1342,Abordable,2026-03-06
3747,clems574,1342,Abordable,2026-03-06
3748,FriMinG,1342,Abordable,2026-03-06
3749,viveeto,1342,Abordable,2026-03-06
3750,ananasthassia,1342,Abordable,2026-03-06
3751,fykotid,1342,Abordable,2026-03-06
3752,Guitouuu,1342,Abordable,2026-03-06
3753,mag1278,1341,Abordable,2026-03-06
3754,croustibatigol,1341,Abordable,2026-03-06
3755,Mikeyran,1341,Abordable,2026-03-06
3756,Moriani75,1341,Abordable,2026-03-06
3757,Kahaniel,1341,Abordable,2026-03-06
3758,Sunabozu_SK8,1341,Abordable,2026-03-06
3759,LHV_Sky_DreaM_,1341,Abordable,2026-03-06
3760,Ragnarok410,1341,Abordable,2026-03-06
3761,azr0d44,1341,Abordable,2026-03-06
3762,KunDX,1341,Abordable,2026-03-06
3763,alafi__,1341,Abordable,2026-03-06
3764,helina44,1341,Abordable,2026-03-06
3765,MiisterBueno,1341,Abordable,2026-03-06
3766,Grixouu,1341,Abordable,2026-03-06
3767,helmaguiche,1340,Abordable,2026-03-06
3768,dimvalax,1340,Abordable,2026-03-06
3769,darkwar1er,1340,Abordable,2026-03-06
3770,evapore5,1340,Abordable,2026-03-06
3771,A11ex,1339,Abordable,2026-03-06
3772,nonamnitud,1339,Abordable,2026-03-06
3773,jijii236,1339,Abordable,2026-03-06
3774,ylqa212,1339,Abordable,2026-03-06
3775,ImJoe_King,1339,Abordable,2026-03-06
3776,bababucks,1339,Abordable,2026-03-06
3777,chpupi,1339,Abordable,2026-03-06
3778,TagadaPurple,1338,Abordable,2026-03-06
3779,junkyduck,1338,Abordable,2026-03-06
3780,cloclochlo_b,1338,Abordable,2026-03-06
3781,coeurpendule,1338,Abordable,2026-03-06
3782,tristzerr,1338,Abordable,2026-03-06
3783,LadyD4rk_,1338,Abordable,2026-03-06
3784,integeek,1338,Abordable,2026-03-06
3785,Quicholardon,1338,Abordable,2026-03-06
3786,vatickinq,1337,Abordable,2026-03-06
3787,Jagauar,1337,Abordable,2026-03-06
3788,daddychan__,1337,Abordable,2026-03-06
3789,ageke7,1337,Abordable,2026-03-06
3790,azrogbrs,1337,Abordable,2026-03-06
3791,capeverglas,1337,Abordable,2026-03-06
3792,Frexiuu,1336,Abordable,2026-03-06
3793,Niels_Elit,1336,Abordable,2026-03-06
3794,flapflap05,1336,Abordable,2026-03-06
3795,coxlelynel,1336,Abordable,2026-03-06
3796,versun834,1336,Abordable,2026-03-06
3797,torim27,1336,Abordable,2026-03-06
3798,baptoubapteu,1335,Abordable,2026-03-06
3799,valderane,1335,Abordable,2026-03-06
3800,nihilisrho,1335,Abordable,2026-03-06
3801,theovtie,1335,Abordable,2026-03-06
3802,BeBeerMaster,1335,Abordable,2026-03-06
3803,sebastienosaurus_recx,1335,Abordable,2026-03-06
3804,kikito24240,1335,Abordable,2026-03-06
3805,AnarionBZH,1335,Abordable,2026-03-06
3806,zaynwtf_,1335,Abordable,2026-03-06
3807,petitpotdetabasco_,1335,Abordable,2026-03-06
3808,Daf_Nez,1335,Abordable,2026-03-06
3809,dragulios,1335,Abordable,2026-03-06
3810,extdarc,1335,Abordable,2026-03-06
3811,leclocliquot,1334,Abordable,2026-03-06
3812,tom_gushu_lp,1334,Abordable,2026-03-06
3813,atropine35,1334,Abordable,2026-03-06
3814,yuumaas,1334,Abordable,2026-03-06
3815,mariebtrx,1334,Abordable,2026-03-06
3816,Cykaap,1333,Abordable,2026-03-06
3817,eldragof,1333,Abordable,2026-03-06
3818,mael_brs197,1333,Abordable,2026-03-06
3819,loris_hlt,1333,Abordable,2026-03-06
3820,jose_bovee,1333,Abordable,2026-03-06
3821,torcheur,1333,Abordable,2026-03-06
3822,odessaxrx,1333,Abordable,2026-03-06
3823,legaut18,1333,Abordable,2026-03-06
3824,elisonsnous,1333,Abordable,2026-03-06
3825,mica_noir,1332,Abordable,2026-03-06
3826,Skkay,1332,Abordable,2026-03-06
3827,cristaltym,1332,Abordable,2026-03-06
3828,emerancel,1332,Abordable,2026-03-06
3829,ilau30,1332,Abordable,2026-03-06
3830,beringeid,1332,Abordable,2026-03-06
3831,Reydark59,1332,Abordable,2026-03-06
3832,ubutterflyu,1332,Abordable,2026-03-06
3833,Mysto_OPFR,1331,Abordable,2026-03-06
3834,Teelry,1331,Abordable,2026-03-06
3835,jtei_69,1331,Abordable,2026-03-06
3836,sf_izaro,1331,Abordable,2026-03-06
3837,rosdoxx,1331,Abordable,2026-03-06
3838,morgane0950,1331,Abordable,2026-03-06
3839,neibof,1330,Abordable,2026-03-06
3840,ElGogol_,1330,Abordable,2026-03-06
3841,fantacola6,1330,Abordable,2026-03-06
3842,navyfrench,1330,Abordable,2026-03-06
3843,suomidamy,1330,Abordable,2026-03-06
3844,johker121,1330,Abordable,2026-03-06
3845,trynoos,1330,Abordable,2026-03-06
3846,njt_spart,1330,Abordable,2026-03-06
3847,arthur20171066,1329,Abordable,2026-03-06
3848,Bepo____,1329,Abordable,2026-03-06
3849,teilmon,1329,Abordable,2026-03-06
3850,louissap,1329,Abordable,2026-03-06
3851,la__chips,1329,Abordable,2026-03-06
3852,perroquetbavard,1329,Abordable,2026-03-06
3853,clairette2dy,1328,Abordable,2026-03-06
3854,moaaaaaaaaaaaaaaaa_______,1328,Abordable,2026-03-06
3855,mooncake394,1328,Abordable,2026-03-06
3856,ninchat31,1328,Abordable,2026-03-06
3857,benj77680,1328,Abordable,2026-03-06
3858,BillyBeardo,1328,Abordable,2026-03-06
3859,Timeuuh,1328,Abordable,2026-03-06
3860,vendeecoco,1328,Abordable,2026-03-06
3861,julietteglln,1327,Abordable,2026-03-06
3862,RavnIV,1327,Abordable,2026-03-06
3863,valdav15,1327,Abordable,2026-03-06
3864,carlosmir96,1327,Abordable,2026-03-06
3865,cehey,1327,Abordable,2026-03-06
3866,Spaaradrap,1327,Abordable,2026-03-06
3867,KerevizEkmek,1327,Abordable,2026-03-06
3868,FirsTerZ,1327,Abordable,2026-03-06
3869,Waaave__,1327,Abordable,2026-03-06
3870,Pheololz,1326,Abordable,2026-03-06
3871,nucleous_,1326,Abordable,2026-03-06
3872,kekeyakari7,1326,Abordable,2026-03-06
3873,knirff,1326,Abordable,2026-03-06
3874,ericzimi91,1326,Abordable,2026-03-06
3875,Alberich85,1326,Abordable,2026-03-06
3876,agunndass,1326,Abordable,2026-03-06
3877,shinigami_132518,1326,Abordable,2026-03-06
3878,lilyhime_,1325,Abordable,2026-03-06
3879,marakebben,1325,Abordable,2026-03-06
3880,charlotteg4,1325,Abordable,2026-03-06
3881,bongo_gatto,1325,Abordable,2026-03-06
3882,Retsillo,1325,Abordable,2026-03-06
3883,Beyanor,1324,Abordable,2026-03-06
3884,kayli69_8,1324,Abordable,2026-03-06
3885,taralexandra,1324,Abordable,2026-03-06
3886,Mororah,1324,Abordable,2026-03-06
3887,quenssee,1324,Abordable,2026-03-06
3888,antoine_t_07,1324,Abordable,2026-03-06
3889,cleowantkfc,1324,Abordable,2026-03-06
3890,pllaf_,1324,Abordable,2026-03-06
3891,sphinx355,1324,Abordable,2026-03-06
3892,evaseline,1323,Abordable,2026-03-06
3893,broooookkkkkk,1323,Abordable,2026-03-06
3894,gabseg2,1323,Abordable,2026-03-06
3895,Eeridann,1323,Abordable,2026-03-06
3896,6m67,1323,Abordable,2026-03-06
3897,lafeuille1830,1323,Abordable,2026-03-06
3898,chloebarjojo,1322,Abordable,2026-03-06
3899,Hakure__,1322,Abordable,2026-03-06
3900,jemsta_lynn_,1322,Abordable,2026-03-06
3901,la_bigue,1321,Abordable,2026-03-06
3902,antofwar_,1321,Abordable,2026-03-06
3903,francoislag,1321,Abordable,2026-03-06
3904,BadBeatTheory,1321,Abordable,2026-03-06
3905,fab_oo,1321,Abordable,2026-03-06
3906,MCEDARVIN,1321,Abordable,2026-03-06
3907,Ellie_357,1321,Abordable,2026-03-06
3908,riiixxx,1321,Abordable,2026-03-06
3909,janneau5,1320,Abordable,2026-03-06
3910,moutig29200,1320,Abordable,2026-03-06
3911,erupto_,1320,Abordable,2026-03-06
3912,Jiwalzz,1320,Abordable,2026-03-06
3913,Galaxy541,1320,Abordable,2026-03-06
3914,Ar4kn3,1319,Abordable,2026-03-06
3915,tetsyomi,1319,Abordable,2026-03-06
3916,BahlkogTV,1319,Abordable,2026-03-06
3917,mayell,1319,Abordable,2026-03-06
3918,Alronax,1319,Abordable,2026-03-06
3919,samuel020633,1319,Abordable,2026-03-06
3920,Doway,1319,Abordable,2026-03-06
3921,YogiKasai,1318,Abordable,2026-03-06
3922,BlueMaxOff,1318,Abordable,2026-03-06
3923,huguesletemplier,1317,Abordable,2026-03-06
3924,tphfcht,1317,Abordable,2026-03-06
3925,ValouClutch,1317,Abordable,2026-03-06
3926,clarinette___,1317,Abordable,2026-03-06
3927,rikku30420,1317,Abordable,2026-03-06
3928,de0uss,1317,Abordable,2026-03-06
3929,k_leq,1317,Abordable,2026-03-06
3930,THC_YolkOr,1316,Abordable,2026-03-06
3931,LeXavDLF,1316,Abordable,2026-03-06
3932,Adnets,1316,Abordable,2026-03-06
3933,grootplan,1316,Abordable,2026-03-06
3934,Ufeffe,1316,Abordable,2026-03-06
3935,Spryven_,1316,Abordable,2026-03-06
3936,nanachii93,1316,Abordable,2026-03-06
3937,claragrbx,1316,Abordable,2026-03-06
3938,otikiz,1316,Abordable,2026-03-06
3939,sorzi,1316,Abordable,2026-03-06
3940,Lucasyuyuy,1316,Abordable,2026-03-06
3941,gadji_tarp1n_edgy,1316,Abordable,2026-03-06
3942,Bonozoo,1316,Abordable,2026-03-06
3943,ash___lre,1315,Abordable,2026-03-06
3944,cdrix93,1315,Abordable,2026-03-06
3945,lucky3292,1315,Abordable,2026-03-06
3946,lapoju,1315,Abordable,2026-03-06
3947,lesavoiranimal,1315,Abordable,2026-03-06
3948,trunks92i,1315,Abordable,2026-03-06
3949,flova55,1315,Abordable,2026-03-06
3950,theraven2806,1315,Abordable,2026-03-06
3951,roro130592,1315,Abordable,2026-03-06
3952,AEG_Mimiyoupla,1315,Abordable,2026-03-06
3953,eliot25000,1315,Abordable,2026-03-06
3954,noa31411,1314,Abordable,2026-03-06
3955,lzouc,1314,Abordable,2026-03-06
3956,HeaRtsen,1314,Abordable,2026-03-06
3957,alexlemonthe,1314,Abordable,2026-03-06
3958,rasball,1314,Abordable,2026-03-06
3959,Clempok1026_,1314,Abordable,2026-03-06
3960,robipou,1314,Abordable,2026-03-06
3961,eduaaru,1314,Abordable,2026-03-06
3962,louwkaas,1314,Abordable,2026-03-06
3963,aleos_21,1313,Abordable,2026-03-06
3964,Obaille,1313,Abordable,2026-03-06
3965,Enliem,1313,Abordable,2026-03-06
3966,jaden37_,1313,Abordable,2026-03-06
3967,wymklas,1313,Abordable,2026-03-06
3968,Paekaa,1313,Abordable,2026-03-06
3969,l_arba,1313,Abordable,2026-03-06
3970,Yotinshull,1313,Abordable,2026-03-06
3971,galw1n,1312,Abordable,2026-03-06
3972,Mystere_p,1312,Abordable,2026-03-06
3973,stiglitztz,1312,Abordable,2026-03-06
3974,thibo_32,1312,Abordable,2026-03-06
3975,pv1pe,1312,Abordable,2026-03-06
3976,kalliyane,1312,Abordable,2026-03-06
3977,esperanzaclo,1312,Abordable,2026-03-06
3978,izanaaami,1312,Abordable,2026-03-06
3979,Lusuke42,1312,Abordable,2026-03-06
3980,Freezix___,1312,Abordable,2026-03-06
3981,abricotine01,1311,Abordable,2026-03-06
3982,fran_ssbu,1311,Abordable,2026-03-06
3983,Ulty07,1311,Abordable,2026-03-06
3984,abraksas95,1311,Abordable,2026-03-06
3985,moutontuf,1311,Abordable,2026-03-06
3986,J0kehhh,1311,Abordable,2026-03-06
3987,doyono62,1310,Abordable,2026-03-06
3988,selena22,1310,Abordable,2026-03-06
3989,Maxbda74,1310,Abordable,2026-03-06
3990,camxcccc,1310,Abordable,2026-03-06
3991,a_bernard22,1310,Abordable,2026-03-06
3992,arsabe,1310,Abordable,2026-03-06
3993,simontagneeee,1310,Abordable,2026-03-06
3994,ewilan60,1310,Abordable,2026-03-06
3995,lecycliste023,1310,Abordable,2026-03-06
3996,hellboy24,1309,Abordable,2026-03-06
3997,GilDev,1309,Abordable,2026-03-06
3998,ThexBloopers,1309,Abordable,2026-03-06
3999,knackiy,1309,Abordable,2026-03-06
4000,TheAmazingBishop,1309,Abordable,2026-03-06
4001,tibodoh,1308,Abordable,2026-03-06
4002,lescargotvadrouilleur,1308,Abordable,2026-03-06
4003,duduninitotor,1308,Abordable,2026-03-06
4004,tiikaylie,1308,Abordable,2026-03-06
4005,Nesayane,1308,Abordable,2026-03-06
4006,hey_malin,1307,Abordable,2026-03-06
4007,antoine525252,1307,Abordable,2026-03-06
4008,Yohonet,1307,Abordable,2026-03-06
4009,TheOfficialLilas,1307,Abordable,2026-03-06
4010,Dragon2Jade,1307,Abordable,2026-03-06
4011,afghangoat,1307,Abordable,2026-03-06
4012,moicmoi00,1307,Abordable,2026-03-06
4013,Chloeefff,1307,Abordable,2026-03-06
4014,Nicolarth,1306,Abordable,2026-03-06
4015,Laserbrain27,1306,Abordable,2026-03-06
4016,aequiii,1306,Abordable,2026-03-06
4017,suzybe,1306,Abordable,2026-03-06
4018,lenroy98,1306,Abordable,2026-03-06
4019,the_remus56,1306,Abordable,2026-03-06
4020,falgarr,1306,Abordable,2026-03-06
4021,Rastosaurus,1306,Abordable,2026-03-06
4022,Veklord,1305,Abordable,2026-03-06
4023,tan__ki,1305,Abordable,2026-03-06
4024,lhuluberluu,1305,Abordable,2026-03-06
4025,nomimi10,1305,Abordable,2026-03-06
4026,nonolabiscottezer,1305,Abordable,2026-03-06
4027,The_Storme035,1305,Abordable,2026-03-06
4028,audidous,1304,Abordable,2026-03-06
4029,Wasabarque,1304,Abordable,2026-03-06
4030,TOsphere,1304,Abordable,2026-03-06
4031,eliecreart,1304,Abordable,2026-03-06
4032,MonsieurJo_,1304,Abordable,2026-03-06
4033,ridzuWZK,1304,Abordable,2026-03-06
4034,flolepetitflocon,1303,Abordable,2026-03-06
4035,boblepongeismyhero,1303,Abordable,2026-03-06
4036,sun713705,1303,Abordable,2026-03-06
4037,lemonkilter,1303,Abordable,2026-03-06
4038,sshade33,1303,Abordable,2026-03-06
4039,maxlego08_,1303,Abordable,2026-03-06
4040,Mirou_fr,1303,Abordable,2026-03-06
4041,capuchebrindille,1302,Abordable,2026-03-06
4042,ereysie,1302,Abordable,2026-03-06
4043,kybss,1302,Abordable,2026-03-06
4044,otterice_,1302,Abordable,2026-03-06
4045,REsdeh,1302,Abordable,2026-03-06
4046,Skivik8,1302,Abordable,2026-03-06
4047,edito28,1301,Abordable,2026-03-06
4048,CortoLaggaff,1301,Abordable,2026-03-06
4049,Granolan3,1301,Abordable,2026-03-06
4050,CrunchEastwooD,1301,Abordable,2026-03-06
4051,MaroixCompagnie,1301,Abordable,2026-03-06
4052,VertJanus_,1301,Abordable,2026-03-06
4053,gir_pir,1301,Abordable,2026-03-06
4054,bergos80,1300,Abordable,2026-03-06
4055,hananais,1300,Abordable,2026-03-06
4056,M8_Cuzco,1300,Abordable,2026-03-06
4057,faabouche,1300,Abordable,2026-03-06
4058,arnaud_ft3,1300,Abordable,2026-03-06
4059,Perrinegn,1300,Abordable,2026-03-06
4060,kiugg_,1300,Abordable,2026-03-06
4061,geof7971,1300,Abordable,2026-03-06
4062,ls_watrix,1300,Abordable,2026-03-06
4063,Gougou05D,1300,Abordable,2026-03-06
4064,cemaxence,1300,Abordable,2026-03-06
4065,WalkCrow,1300,Abordable,2026-03-06
4066,naylie__,1300,Abordable,2026-03-06
4067,Pibeurre,1299,Abordable,2026-03-06
4068,salutbob720,1299,Abordable,2026-03-06
4069,cloclolette,1299,Abordable,2026-03-06
4070,Sw4pyG4m3s,1299,Abordable,2026-03-06
4071,Turbulete,1298,Abordable,2026-03-06
4072,petit_tiplouf,1298,Abordable,2026-03-06
4073,chlo__10,1298,Abordable,2026-03-06
4074,Riri_d,1298,Abordable,2026-03-06
4075,2Mimoch,1298,Abordable,2026-03-06
4076,PMLCG_Filou,1298,Abordable,2026-03-06
4077,rougergt0,1298,Abordable,2026-03-06
4078,chome36,1298,Abordable,2026-03-06
4079,lucia5_7,1298,Abordable,2026-03-06
4080,zoebullition,1297,Abordable,2026-03-06
4081,blaisematuidigoat,1297,Abordable,2026-03-06
4082,arlequiin21,1297,Abordable,2026-03-06
4083,itsineshihi,1297,Abordable,2026-03-06
4084,Tonyo_x_,1297,Abordable,2026-03-06
4085,mammy_buisson,1297,Abordable,2026-03-06
4086,mlx974,1297,Abordable,2026-03-06
4087,Supermousin,1297,Abordable,2026-03-06
4088,z4ch202,1296,Abordable,2026-03-06
4089,romanitou_,1296,Abordable,2026-03-06
4090,machalade,1296,Abordable,2026-03-06
4091,vacances1717,1296,Abordable,2026-03-06
4092,kurohigggge,1295,Abordable,2026-03-06
4093,el_iidiablo,1295,Abordable,2026-03-06
4094,jean_marie___,1295,Abordable,2026-03-06
4095,SeRongue,1295,Abordable,2026-03-06
4096,FulgurisS,1295,Abordable,2026-03-06
4097,Yrtiop,1295,Abordable,2026-03-06
4098,clem44g,1295,Abordable,2026-03-06
4099,Arkinn2,1295,Abordable,2026-03-06
4100,Jules_m04,1295,Abordable,2026-03-06
4101,mathieudfr13,1295,Abordable,2026-03-06
4102,flo85280,1295,Abordable,2026-03-06
4103,Kezelem_TL,1295,Abordable,2026-03-06
4104,Lord_Rank,1294,Abordable,2026-03-06
4105,Evil_Lapinou,1294,Abordable,2026-03-06
4106,slaxze2,1294,Abordable,2026-03-06
4107,lenagnes,1294,Abordable,2026-03-06
4108,kalistobalisto,1294,Abordable,2026-03-06
4109,MrFanPDF,1294,Abordable,2026-03-06
4110,traulle,1294,Abordable,2026-03-06
4111,iceberg__1,1294,Abordable,2026-03-06
4112,tatiananas1,1294,Abordable,2026-03-06
4113,hansftn,1294,Abordable,2026-03-06
4114,Naatch__,1293,Abordable,2026-03-06
4115,fabounettte,1293,Abordable,2026-03-06
4116,hulot3012,1293,Abordable,2026-03-06
4117,cailloce,1293,Abordable,2026-03-06
4118,time_llord,1293,Abordable,2026-03-06
4119,hasegawa_madao,1293,Abordable,2026-03-06
4120,chiara_srn,1293,Abordable,2026-03-06
4121,lemalin76,1293,Abordable,2026-03-06
4122,Thorgrimar,1293,Abordable,2026-03-06
4123,Kotaplasm,1293,Abordable,2026-03-06
4124,waldersaab,1293,Abordable,2026-03-06
4125,margalchakal,1292,Abordable,2026-03-06
4126,malpz7,1292,Abordable,2026-03-06
4127,26Clemence,1292,Abordable,2026-03-06
4128,globules_fk,1292,Abordable,2026-03-06
4129,Andianmaa,1292,Abordable,2026-03-06
4130,zexal107,1292,Abordable,2026-03-06
4131,gohu38,1292,Abordable,2026-03-06
4132,lymphocyte_b,1292,Abordable,2026-03-06
4133,wilougraou,1292,Abordable,2026-03-06
4134,Altruyz21,1292,Abordable,2026-03-06
4135,armaofchaos,1292,Abordable,2026-03-06
4136,ionisx,1291,Abordable,2026-03-06
4137,juhan_est_ma_chimere,1291,Abordable,2026-03-06
4138,kaffalow,1291,Abordable,2026-03-06
4139,orcr1st4,1291,Abordable,2026-03-06
4140,totom2212,1291,Abordable,2026-03-06
4141,willouleskieurfou,1291,Abordable,2026-03-06
4142,Loucica,1291,Abordable,2026-03-06
4143,floriangar51110,1291,Abordable,2026-03-06
4144,Midowo,1291,Abordable,2026-03-06
4145,dustizo,1291,Abordable,2026-03-06
4146,gabmb_7,1291,Abordable,2026-03-06
4147,r1lejal,1290,Abordable,2026-03-06
4148,j_____213,1290,Abordable,2026-03-06
4149,marion_fd,1290,Abordable,2026-03-06
4150,JunKiyohata,1290,Abordable,2026-03-06
4151,baba_au_rhum17,1290,Abordable,2026-03-06
4152,tristancho2,1290,Abordable,2026-03-06
4153,timothegr,1290,Abordable,2026-03-06
4154,atmostudio,1289,Abordable,2026-03-06
4155,Flodef404,1288,Abordable,2026-03-06
4156,jeckl__,1288,Abordable,2026-03-06
4157,Asyns,1288,Abordable,2026-03-06
4158,anuyy_,1288,Abordable,2026-03-06
4159,lucasgelll,1288,Abordable,2026-03-06
4160,anthobisso,1288,Abordable,2026-03-06
4161,bonjourpierre,1288,Abordable,2026-03-06
4162,boulkiclak,1288,Abordable,2026-03-06
4163,ccclaurie,1288,Abordable,2026-03-06
4164,Thepolo2409,1288,Abordable,2026-03-06
4165,ProvencallLeGaulois,1288,Abordable,2026-03-06
4166,fouduvillage,1287,Abordable,2026-03-06
4167,the_garmer_995,1287,Abordable,2026-03-06
4168,frogii_ii,1287,Abordable,2026-03-06
4169,WeKantStop,1287,Abordable,2026-03-06
4170,luckysamesam,1287,Abordable,2026-03-06
4171,TadaiLive,1287,Abordable,2026-03-06
4172,michellegros,1287,Abordable,2026-03-06
4173,luzdn15,1286,Abordable,2026-03-06
4174,python_5926,1286,Abordable,2026-03-06
4175,noiram3312,1286,Abordable,2026-03-06
4176,tinoubliable,1286,Abordable,2026-03-06
4177,shoopi745,1285,Abordable,2026-03-06
4178,El_Concombre,1285,Abordable,2026-03-06
4179,AyFeeLinG,1285,Abordable,2026-03-06
4180,CapucheGianni,1285,Abordable,2026-03-06
4181,bobbbyz,1285,Abordable,2026-03-06
4182,jeleditoujeleditpas,1285,Abordable,2026-03-06
4183,CivicDesk6754,1285,Abordable,2026-03-06
4184,carlalagg,1285,Abordable,2026-03-06
4185,emmacptn_,1285,Abordable,2026-03-06
4186,arnauld256,1285,Abordable,2026-03-06
4187,allez_ol69,1285,Abordable,2026-03-06
4188,zeqgterg,1285,Abordable,2026-03-06
4189,monkey_d_dana24,1285,Abordable,2026-03-06
4190,jeromix4,1284,Abordable,2026-03-06
4191,Lucitare,1284,Abordable,2026-03-06
4192,gone69480,1284,Abordable,2026-03-06
4193,margottt_d,1284,Abordable,2026-03-06
4194,Serviiiietsky,1284,Abordable,2026-03-06
4195,hattmilces,1284,Abordable,2026-03-06
4196,niwiarz,1284,Abordable,2026-03-06
4197,lilouisx,1284,Abordable,2026-03-06
4198,Tchiktchikk,1284,Abordable,2026-03-06
4199,Soudjay,1283,Abordable,2026-03-06
4200,Lytwarmox,1283,Abordable,2026-03-06
4201,watson1998_,1283,Abordable,2026-03-06
4202,pac_val,1283,Abordable,2026-03-06
4203,romero7u,1283,Abordable,2026-03-06
4204,touklakos___,1283,Abordable,2026-03-06
4205,depeiche_moie,1283,Abordable,2026-03-06
4206,zeropour100,1283,Abordable,2026-03-06
4207,momoscp35,1283,Abordable,2026-03-06
4208,languedepoche,1282,Abordable,2026-03-06
4209,hug0lrv,1282,Abordable,2026-03-06
4210,bernie41000,1282,Abordable,2026-03-06
4211,asteryaaa,1282,Abordable,2026-03-06
4212,fannyfvrg,1282,Abordable,2026-03-06
4213,Narim0,1282,Abordable,2026-03-06
4214,rev__an,1282,Abordable,2026-03-06
4215,beloncy,1281,Abordable,2026-03-06
4216,Askellllllllll,1281,Abordable,2026-03-06
4217,melyxis,1281,Abordable,2026-03-06
4218,Kiraelx,1281,Abordable,2026-03-06
4219,FIowyy,1281,Abordable,2026-03-06
4220,hippo__games,1280,Abordable,2026-03-06
4221,tuturforever,1280,Abordable,2026-03-06
4222,laulaubeauf,1280,Abordable,2026-03-06
4223,josianmajorel,1280,Abordable,2026-03-06
4224,Quentin_FTW,1280,Abordable,2026-03-06
4225,coluchito,1279,Abordable,2026-03-06
4226,Wayky,1279,Abordable,2026-03-06
4227,ewenbb,1279,Abordable,2026-03-06
4228,Xaana,1279,Abordable,2026-03-06
4229,vapr0x,1279,Abordable,2026-03-06
4230,FLLAT_,1279,Abordable,2026-03-06
4231,jujy57,1279,Abordable,2026-03-06
4232,Racynnes,1279,Abordable,2026-03-06
4233,Harkka,1278,Abordable,2026-03-06
4234,Shaauno,1278,Abordable,2026-03-06
4235,tinael_dfc,1278,Abordable,2026-03-06
4236,ivyix,1278,Abordable,2026-03-06
4237,lovizou,1278,Abordable,2026-03-06
4238,eriakhor,1278,Abordable,2026-03-06
4239,leadici,1278,Abordable,2026-03-06
4240,sherpearce,1278,Abordable,2026-03-06
4241,nino_vt_,1278,Abordable,2026-03-06
4242,sam03sam03,1278,Abordable,2026-03-06
4243,Leopoulpinator,1278,Abordable,2026-03-06
4244,emmagd2175,1277,Abordable,2026-03-06
4245,smaug_san,1277,Abordable,2026-03-06
4246,LOxy_phone,1277,Abordable,2026-03-06
4247,lyrdis,1277,Abordable,2026-03-06
4248,ShiNiGaMii30,1277,Abordable,2026-03-06
4249,alexsan66430,1277,Abordable,2026-03-06
4250,bubbledraagon,1277,Abordable,2026-03-06
4251,warblaik566,1277,Abordable,2026-03-06
4252,Ruyuik,1277,Abordable,2026-03-06
4253,yann_m15,1277,Abordable,2026-03-06
4254,lasnoe7,1276,Abordable,2026-03-06
4255,Decaaaaaaaaaaa,1276,Abordable,2026-03-06
4256,vlc57,1276,Abordable,2026-03-06
4257,leo_dt3,1276,Abordable,2026-03-06
4258,Winfare,1276,Abordable,2026-03-06
4259,Ukiera,1276,Abordable,2026-03-06
4260,mathis_lgdc,1276,Abordable,2026-03-06
4261,el_mikado,1276,Abordable,2026-03-06
4262,veronic68,1275,Abordable,2026-03-06
4263,black_wh_01,1275,Abordable,2026-03-06
4264,alexandre_1707,1275,Abordable,2026-03-06
4265,seeliyaah,1275,Abordable,2026-03-06
4266,Thakeax,1275,Abordable,2026-03-06
4267,Lioad,1275,Abordable,2026-03-06
4268,ringo_65,1275,Abordable,2026-03-06
4269,Thephoenix15,1275,Abordable,2026-03-06
4270,riquetdu37,1274,Abordable,2026-03-06
4271,clemtouille107,1274,Abordable,2026-03-06
4272,dante42600,1274,Abordable,2026-03-06
4273,jaysjuc,1274,Abordable,2026-03-06
4274,SuperCookie37,1274,Abordable,2026-03-06
4275,lukasdurok,1274,Abordable,2026-03-06
4276,Parp1g,1274,Abordable,2026-03-06
4277,shooteerr85,1274,Abordable,2026-03-06
4278,acariens_depasse,1273,Abordable,2026-03-06
4279,logzinfinity,1273,Abordable,2026-03-06
4280,Kenshima,1273,Abordable,2026-03-06
4281,guillef77,1273,Abordable,2026-03-06
4282,valou5555,1273,Abordable,2026-03-06
4283,wolfox__12,1273,Abordable,2026-03-06
4284,neron_vao,1273,Abordable,2026-03-06
4285,ZackSabreTime,1273,Abordable,2026-03-06
4286,hiyoko_and_kitties,1273,Abordable,2026-03-06
4287,Mobitus,1273,Abordable,2026-03-06
4288,LaMangueColerique,1272,Abordable,2026-03-06
4289,mineur_2_gemmes,1272,Abordable,2026-03-06
4290,BluePonk31,1272,Abordable,2026-03-06
4291,jadees_88,1272,Abordable,2026-03-06
4292,eusstass_kid10,1272,Abordable,2026-03-06
4293,nipsybs,1272,Abordable,2026-03-06
4294,knoecayak,1272,Abordable,2026-03-06
4295,darti032,1271,Abordable,2026-03-06
4296,eglrn,1271,Abordable,2026-03-06
4297,baptiste6959,1271,Abordable,2026-03-06
4298,KC_Fekirinho,1271,Abordable,2026-03-06
4299,salome_cvr,1271,Abordable,2026-03-06
4300,nemesis_0503,1271,Abordable,2026-03-06
4301,Garizii8,1271,Abordable,2026-03-06
4302,kot_db,1270,Abordable,2026-03-06
4303,Alexandre44321,1270,Abordable,2026-03-06
4304,toxxinswitch,1270,Abordable,2026-03-06
4305,Yshuro13,1270,Abordable,2026-03-06
4306,joypolo,1270,Abordable,2026-03-06
4307,inuotiz18,1269,Abordable,2026-03-06
4308,MisterAlex75,1269,Abordable,2026-03-06
4309,xTwenkyy,1269,Abordable,2026-03-06
4310,lrouzeval,1269,Abordable,2026-03-06
4311,jimlajungle973,1269,Abordable,2026-03-06
4312,shadowandhopes,1269,Abordable,2026-03-06
4313,Janken01,1269,Abordable,2026-03-06
4314,mister_tjo,1268,Abordable,2026-03-06
4315,kibbus,1268,Abordable,2026-03-06
4316,deos5,1268,Abordable,2026-03-06
4317,vanHinano,1268,Abordable,2026-03-06
4318,reaubin5,1268,Abordable,2026-03-06
4319,amelioooooooooo,1268,Abordable,2026-03-06
4320,NerthusTheMother,1268,Abordable,2026-03-06
4321,billyboy290307,1268,Abordable,2026-03-06
4322,Myssa,1268,Abordable,2026-03-06
4323,matsouk_,1267,Abordable,2026-03-06
4324,chcreel,1267,Abordable,2026-03-06
4325,Clarches,1267,Abordable,2026-03-06
4326,qghr_,1267,Abordable,2026-03-06
4327,lisauline,1267,Abordable,2026-03-06
4328,nimzojuju84,1267,Abordable,2026-03-06
4329,romaneaah,1267,Abordable,2026-03-06
4330,Allenavir,1267,Abordable,2026-03-06
4331,liagar,1266,Abordable,2026-03-06
4332,YT_Shirotv,1266,Abordable,2026-03-06
4333,Titoouu_,1266,Abordable,2026-03-06
4334,yannick_72,1266,Abordable,2026-03-06
4335,buggsbun2856,1266,Abordable,2026-03-06
4336,julesc84,1266,Abordable,2026-03-06
4337,julien923,1265,Abordable,2026-03-06
4338,Serdaveg,1265,Abordable,2026-03-06
4339,KitamBBX,1265,Abordable,2026-03-06
4340,meyouxx,1265,Abordable,2026-03-06
4341,MrHeltos,1265,Abordable,2026-03-06
4342,filia_00_,1265,Abordable,2026-03-06
4343,ARTHGAM457,1265,Abordable,2026-03-06
4344,wewen_17,1265,Abordable,2026-03-06
4345,deltimekl,1265,Abordable,2026-03-06
4346,Haryle_,1264,Abordable,2026-03-06
4347,Itaque,1264,Abordable,2026-03-06
4348,fabloup,1264,Abordable,2026-03-06
4349,Brigadoon8,1264,Abordable,2026-03-06
4350,lalolecoco,1264,Abordable,2026-03-06
4351,marc_gchd,1264,Abordable,2026-03-06
4352,mirt9000,1264,Abordable,2026-03-06
4353,paulux_75,1263,Abordable,2026-03-06
4354,twitch_batou,1263,Abordable,2026-03-06
4355,crazyjost,1263,Abordable,2026-03-06
4356,nikodindon,1263,Abordable,2026-03-06
4357,hugojoubert01,1263,Abordable,2026-03-06
4358,ttontton64,1263,Abordable,2026-03-06
4359,milan_05hb,1262,Abordable,2026-03-06
4360,denki2906,1262,Abordable,2026-03-06
4361,starboyyprime,1262,Abordable,2026-03-06
4362,oliel64,1262,Abordable,2026-03-06
4363,Filou_San,1262,Abordable,2026-03-06
4364,cellinnem,1262,Abordable,2026-03-06
4365,p3eeps,1262,Abordable,2026-03-06
4366,em_littledreamer,1262,Abordable,2026-03-06
4367,calvassepower,1262,Abordable,2026-03-06
4368,maveriq10,1262,Abordable,2026-03-06
4369,valeberge,1262,Abordable,2026-03-06
4370,cursed_username_,1262,Abordable,2026-03-06
4371,la_teix,1262,Abordable,2026-03-06
4372,nave77,1261,Abordable,2026-03-06
4373,popkornmichel,1261,Abordable,2026-03-06
4374,leoluffyfannnn,1261,Abordable,2026-03-06
4375,Somhokie,1261,Abordable,2026-03-06
4376,RampiProd,1260,Abordable,2026-03-06
4377,clarissemw,1260,Abordable,2026-03-06
4378,lolideluxe,1260,Abordable,2026-03-06
4379,maxou_b_85,1260,Abordable,2026-03-06
4380,champyjk,1260,Abordable,2026-03-06
4381,branks234,1260,Abordable,2026-03-06
4382,bench_3741,1259,Abordable,2026-03-06
4383,hugom64,1259,Abordable,2026-03-06
4384,Lologarou,1259,Abordable,2026-03-06
4385,freez_elbg,1259,Abordable,2026-03-06
4386,fusilcorbeau32,1258,Abordable,2026-03-06
4387,jesus_irl,1258,Abordable,2026-03-06
4388,meteor21x,1258,Abordable,2026-03-06
4389,the_gros_rat,1258,Abordable,2026-03-06
4390,kaholom,1258,Abordable,2026-03-06
4391,MrYannSan,1258,Abordable,2026-03-06
4392,jeanlion78,1258,Abordable,2026-03-06
4393,roarslan,1257,Abordable,2026-03-06
4394,rexthehog,1257,Abordable,2026-03-06
4395,DoggyMD,1257,Abordable,2026-03-06
4396,WillySChen,1257,Abordable,2026-03-06
4397,flanbyy,1257,Abordable,2026-03-06
4398,maztrak56,1257,Abordable,2026-03-06
4399,Tha_inator,1257,Abordable,2026-03-06
4400,petitcactus_,1257,Abordable,2026-03-06
4401,Hiohotv,1257,Abordable,2026-03-06
4402,Chokolats,1257,Abordable,2026-03-06
4403,skyman62,1257,Abordable,2026-03-06
4404,atomikzzfr,1257,Abordable,2026-03-06
4405,fabthehedgehog,1257,Abordable,2026-03-06
4406,ls_juanito,1257,Abordable,2026-03-06
4407,knox59125,1257,Abordable,2026-03-06
4408,Kalepom,1257,Abordable,2026-03-06
4409,piecout,1256,Abordable,2026-03-06
4410,cjdkxkfbvkjfkhncxnvvjnc,1256,Abordable,2026-03-06
4411,lorilis,1256,Abordable,2026-03-06
4412,triniteomois,1256,Abordable,2026-03-06
4413,emma_1724,1256,Abordable,2026-03-06
4414,gamagims22,1256,Abordable,2026-03-06
4415,ZeneliTV,1255,Abordable,2026-03-06
4416,pookies_,1255,Abordable,2026-03-06
4417,Hattir,1255,Abordable,2026-03-06
4418,parti_chercher_du_pain,1255,Abordable,2026-03-06
4419,Sabatou,1254,Abordable,2026-03-06
4420,raphaelle_dgy,1254,Abordable,2026-03-06
4421,akawa_sensei,1254,Abordable,2026-03-06
4422,julian12122005,1254,Abordable,2026-03-06
4423,toine723,1254,Abordable,2026-03-06
4424,isa_mks,1254,Abordable,2026-03-06
4425,leeana_hi,1254,Abordable,2026-03-06
4426,clementelmagnifico,1253,Abordable,2026-03-06
4427,bdlzgall,1253,Abordable,2026-03-06
4428,Florelsan,1253,Abordable,2026-03-06
4429,chichkapon,1253,Abordable,2026-03-06
4430,migemary,1253,Abordable,2026-03-06
4431,Fantomas44,1252,Abordable,2026-03-06
4432,panpanixix,1252,Abordable,2026-03-06
4433,enzolebogose,1252,Abordable,2026-03-06
4434,mademoisellegreench,1252,Abordable,2026-03-06
4435,kyIiann_,1252,Abordable,2026-03-06
4436,lumi5717,1251,Abordable,2026-03-06
4437,Crouton_Mou,1251,Abordable,2026-03-06
4438,tuthur72,1251,Abordable,2026-03-06
4439,yonico23,1251,Abordable,2026-03-06
4440,quentin_1993,1251,Abordable,2026-03-06
4441,Carbonito75,1251,Abordable,2026-03-06
4442,nini_2810,1250,Abordable,2026-03-06
4443,AlexandreL0L,1250,Abordable,2026-03-06
4444,pete_herparker,1250,Abordable,2026-03-06
4445,m_a_r_i_o_n_n_e_t_t_e,1249,Abordable,2026-03-06
4446,catinr,1249,Abordable,2026-03-06
4447,baptouzzz,1249,Abordable,2026-03-06
4448,empereurgoummeur,1249,Abordable,2026-03-06
4449,Boubouze25,1249,Abordable,2026-03-06
4450,Ramei_Taphore,1249,Abordable,2026-03-06
4451,ines_602,1248,Abordable,2026-03-06
4452,v_ycare,1248,Abordable,2026-03-06
4453,ToniitruantT,1248,Abordable,2026-03-06
4454,LeRoms19,1248,Abordable,2026-03-06
4455,Bretagnee,1248,Abordable,2026-03-06
4456,AVistaDeNas,1248,Abordable,2026-03-06
4457,qwicko_,1248,Abordable,2026-03-06
4458,Hasdrul,1248,Abordable,2026-03-06
4459,marine24630,1247,Abordable,2026-03-06
4460,pespoet,1247,Abordable,2026-03-06
4461,jesuislanui,1247,Abordable,2026-03-06
4462,novag3,1247,Abordable,2026-03-06
4463,laurapvl_,1247,Abordable,2026-03-06
4464,AmateraZer,1247,Abordable,2026-03-06
4465,quentindenice,1247,Abordable,2026-03-06
4466,thomas_lacombe_,1247,Abordable,2026-03-06
4467,cmoiemo,1247,Abordable,2026-03-06
4468,Yokai67twitch,1247,Abordable,2026-03-06
4469,sabw68,1246,Abordable,2026-03-06
4470,marcolino13000,1246,Abordable,2026-03-06
4471,clemlo23,1246,Abordable,2026-03-06
4472,maquiloutre,1246,Abordable,2026-03-06
4473,aughall22,1246,Abordable,2026-03-06
4474,bartimeus26,1245,Abordable,2026-03-06
4475,emrenerezh,1245,Abordable,2026-03-06
4476,nagann__,1245,Abordable,2026-03-06
4477,louannchr,1245,Abordable,2026-03-06
4478,gaaston____,1245,Abordable,2026-03-06
4479,gland_alf,1245,Abordable,2026-03-06
4480,Darkkryt,1245,Abordable,2026-03-06
4481,no_lan_deng,1245,Abordable,2026-03-06
4482,poupsip,1244,Abordable,2026-03-06
4483,Bej3be,1244,Abordable,2026-03-06
4484,lucie_lsr,1244,Abordable,2026-03-06
4485,gryng74,1244,Abordable,2026-03-06
4486,raphaeel08,1244,Abordable,2026-03-06
4487,miminion,1244,Abordable,2026-03-06
4488,cocom42,1244,Abordable,2026-03-06
4489,aika1912,1244,Abordable,2026-03-06
4490,dranelyh,1243,Abordable,2026-03-06
4491,chichiou63,1243,Abordable,2026-03-06
4492,boogawanga,1243,Abordable,2026-03-06
4493,nussss14,1243,Abordable,2026-03-06
4494,eyklaa,1243,Abordable,2026-03-06
4495,dbrain770,1243,Abordable,2026-03-06
4496,matooooooooooo0,1243,Abordable,2026-03-06
4497,StarTheTop,1243,Abordable,2026-03-06
4498,solli_dg,1243,Abordable,2026-03-06
4499,QuEntiNn53,1243,Abordable,2026-03-06
4500,mariuslscl,1242,Abordable,2026-03-06
4501,Phantominumm,1242,Abordable,2026-03-06
4502,Lycaon_tminh,1242,Abordable,2026-03-06
4503,zdtmasar,1242,Abordable,2026-03-06
4504,lisa_las11,1242,Abordable,2026-03-06
4505,skyiscyan91,1242,Abordable,2026-03-06
4506,catinpower,1242,Abordable,2026-03-06
4507,happyti33,1242,Abordable,2026-03-06
4508,lenalbc22,1241,Abordable,2026-03-06
4509,moutiklegros,1241,Abordable,2026-03-06
4510,matthieulav,1241,Abordable,2026-03-06
4511,Kafla__,1241,Abordable,2026-03-06
4512,creepstone,1241,Abordable,2026-03-06
4513,minimath13,1241,Abordable,2026-03-06
4514,gytex,1241,Abordable,2026-03-06
4515,taima34,1240,Abordable,2026-03-06
4516,jofromlapalasse,1240,Abordable,2026-03-06
4517,marleduc,1240,Abordable,2026-03-06
4518,Nentiss_,1240,Abordable,2026-03-06
4519,el_jaguar8,1240,Abordable,2026-03-06
4520,AmineLDZ,1240,Abordable,2026-03-06
4521,dedechhh,1239,Abordable,2026-03-06
4522,Thierry358,1239,Abordable,2026-03-06
4523,chrisconchit,1239,Abordable,2026-03-06
4524,oumpaloumps,1239,Abordable,2026-03-06
4525,gothisak,1239,Abordable,2026-03-06
4526,5kronizer,1239,Abordable,2026-03-06
4527,celaulaucurine,1239,Abordable,2026-03-06
4528,delbosque35,1239,Abordable,2026-03-06
4529,RequiesPace,1238,Abordable,2026-03-06
4530,mrmax1436,1238,Abordable,2026-03-06
4531,la__cacahuete_,1238,Abordable,2026-03-06
4532,intersideral,1238,Abordable,2026-03-06
4533,colinson_10,1238,Abordable,2026-03-06
4534,fanganf,1238,Abordable,2026-03-06
4535,CBliz,1238,Abordable,2026-03-06
4536,t0m_velard,1237,Abordable,2026-03-06
4537,hugo_prs73,1237,Abordable,2026-03-06
4538,mickey2302,1237,Abordable,2026-03-06
4539,asstorm1,1237,Abordable,2026-03-06
4540,MagicSarma,1236,Abordable,2026-03-06
4541,nitram_v,1236,Abordable,2026-03-06
4542,poppypops1,1236,Abordable,2026-03-06
4543,reminyan78,1236,Abordable,2026-03-06
4544,nelgintam,1235,Abordable,2026-03-06
4545,paultub91,1235,Abordable,2026-03-06
4546,testecole45,1235,Abordable,2026-03-06
4547,goubzerr,1235,Abordable,2026-03-06
4548,Ellipsx,1235,Abordable,2026-03-06
4549,wonowono,1235,Abordable,2026-03-06
4550,evan_gski,1235,Abordable,2026-03-06
4551,cleliebeum,1235,Abordable,2026-03-06
4552,banxne87,1234,Abordable,2026-03-06
4553,joshdup971,1234,Abordable,2026-03-06
4554,f4lco_10,1234,Abordable,2026-03-06
4555,tryeh_,1234,Abordable,2026-03-06
4556,nobodylikeit,1233,Abordable,2026-03-06
4557,nataachaaa,1233,Abordable,2026-03-06
4558,timeo150,1233,Abordable,2026-03-06
4559,gagadux,1231,Abordable,2026-03-06
4560,luiop34,1231,Abordable,2026-03-06
4561,ek0hlb,1231,Abordable,2026-03-06
4562,matsushi347,1231,Abordable,2026-03-06
4563,wartrapp__,1231,Abordable,2026-03-06
4564,Chromasensei,1231,Abordable,2026-03-06
4565,alex_azerty,1231,Abordable,2026-03-06
4566,ajk3em,1231,Abordable,2026-03-06
4567,massou_clt,1230,Abordable,2026-03-06
4568,marindargent,1230,Abordable,2026-03-06
4569,Soliass,1230,Abordable,2026-03-06
4570,lehiatus,1230,Abordable,2026-03-06
4571,rnobz71,1230,Abordable,2026-03-06
4572,Asefy42,1230,Abordable,2026-03-06
4573,valenting9378,1230,Abordable,2026-03-06
4574,EmkirTano,1230,Abordable,2026-03-06
4575,zetaxc25,1230,Abordable,2026-03-06
4576,gignac27,1230,Abordable,2026-03-06
4577,smartin59,1230,Abordable,2026-03-06
4578,gauhier4,1230,Abordable,2026-03-06
4579,Hurryuu,1230,Abordable,2026-03-06
4580,coco_n9_,1230,Abordable,2026-03-06
4581,calibandalsal,1229,Abordable,2026-03-06
4582,azukesen,1229,Abordable,2026-03-06
4583,JackDoe25,1229,Abordable,2026-03-06
4584,celia1408,1229,Abordable,2026-03-06
4585,Affewan,1229,Abordable,2026-03-06
4586,yoalios,1229,Abordable,2026-03-06
4587,alizeemonti,1228,Abordable,2026-03-06
4588,Alexdr_sle,1228,Abordable,2026-03-06
4589,rowix_la_baltringue,1228,Abordable,2026-03-06
4590,drbengg,1228,Abordable,2026-03-06
4591,cleeeeeemb,1227,Abordable,2026-03-06
4592,pheger,1227,Abordable,2026-03-06
4593,liaaasbl,1227,Abordable,2026-03-06
4594,Monsieur_Juj,1227,Abordable,2026-03-06
4595,dramacoum,1227,Abordable,2026-03-06
4596,tellure52,1227,Abordable,2026-03-06
4597,juuuuuryy,1226,Abordable,2026-03-06
4598,aliamelo,1226,Abordable,2026-03-06
4599,nicodemus32,1226,Abordable,2026-03-06
4600,wyrm_is_op_bro,1226,Abordable,2026-03-06
4601,hermes_0708,1226,Abordable,2026-03-06
4602,thisma78_1,1226,Abordable,2026-03-06
4603,Julie__mr,1226,Abordable,2026-03-06
4604,Felixx__e,1225,Abordable,2026-03-06
4605,MrSkorpiox,1225,Abordable,2026-03-06
4606,lucielebrn,1225,Abordable,2026-03-06
4607,kc_tuturlavoiture,1225,Abordable,2026-03-06
4608,MKZ_de_twitch,1225,Abordable,2026-03-06
4609,kiraletp,1224,Abordable,2026-03-06
4610,Felicia_Chan,1224,Abordable,2026-03-06
4611,Fruytix,1224,Abordable,2026-03-06
4612,noa_jenai,1224,Abordable,2026-03-06
4613,lana_mchd,1224,Abordable,2026-03-06
4614,DirectorCulte,1224,Abordable,2026-03-06
4615,milobonnet,1224,Abordable,2026-03-06
4616,TayKo007,1224,Abordable,2026-03-06
4617,cartouchaud,1224,Abordable,2026-03-06
4618,nathbgnn,1224,Abordable,2026-03-06
4619,tigromaniaaa,1224,Abordable,2026-03-06
4620,Lilymage,1224,Abordable,2026-03-06
4621,mayyy_outcast,1224,Abordable,2026-03-06
4622,atarxes,1223,Abordable,2026-03-06
4623,lunagathe18,1223,Abordable,2026-03-06
4624,loum0s,1223,Abordable,2026-03-06
4625,batlepiratee,1223,Abordable,2026-03-06
4626,bouuuuum06,1223,Abordable,2026-03-06
4627,j4rr0w,1222,Abordable,2026-03-06
4628,Baotelo,1222,Abordable,2026-03-06
4629,adl83,1222,Abordable,2026-03-06
4630,lnbrz,1222,Abordable,2026-03-06
4631,estebanesteban98,1222,Abordable,2026-03-06
4632,coraliearg,1222,Abordable,2026-03-06
4633,n0rtus17,1222,Abordable,2026-03-06
4634,TocheCS,1222,Abordable,2026-03-06
4635,imaginejuste,1221,Abordable,2026-03-06
4636,eclairdelune27,1221,Abordable,2026-03-06
4637,lukz280801,1221,Abordable,2026-03-06
4638,jademrqt,1221,Abordable,2026-03-06
4639,ninamnr,1220,Abordable,2026-03-06
4640,Kernatol,1220,Abordable,2026-03-06
4641,emma_mrty,1220,Abordable,2026-03-06
4642,valkertoka,1220,Abordable,2026-03-06
4643,molarno,1220,Abordable,2026-03-06
4644,Maeridiann,1220,Abordable,2026-03-06
4645,T0IT0INE__,1220,Abordable,2026-03-06
4646,Nepthib,1219,Abordable,2026-03-06
4647,lalalai_de,1219,Abordable,2026-03-06
4648,loulehibou,1219,Abordable,2026-03-06
4649,Poussinock,1219,Abordable,2026-03-06
4650,devotchka74,1219,Abordable,2026-03-06
4651,zegreatmat,1219,Abordable,2026-03-06
4652,K13b3r,1219,Abordable,2026-03-06
4653,River_BR,1219,Abordable,2026-03-06
4654,cos_twitch,1218,Abordable,2026-03-06
4655,prissunny,1218,Abordable,2026-03-06
4656,pingouin_sourd,1217,Abordable,2026-03-06
4657,jadouille76,1217,Abordable,2026-03-06
4658,YodaSparrow,1217,Abordable,2026-03-06
4659,shadgard_,1217,Abordable,2026-03-06
4660,guiguicraft62,1217,Abordable,2026-03-06
4661,alphaliink,1216,Abordable,2026-03-06
4662,mistermt10,1216,Abordable,2026-03-06
4663,Cleaamazing,1216,Abordable,2026-03-06
4664,OnEnAggros_,1216,Abordable,2026-03-06
4665,fab_412,1216,Abordable,2026-03-06
4666,echoox_1,1216,Abordable,2026-03-06
4667,Le_Plata,1216,Abordable,2026-03-06
4668,drderrien,1215,Abordable,2026-03-06
4669,Darkoookie,1215,Abordable,2026-03-06
4670,gaugau380,1215,Abordable,2026-03-06
4671,tombasket4426,1215,Abordable,2026-03-06
4672,eliaator30,1214,Abordable,2026-03-06
4673,makzime_,1214,Abordable,2026-03-06
4674,keketor70000,1214,Abordable,2026-03-06
4675,nolwennhkn,1214,Abordable,2026-03-06
4676,estelle_lbrd,1214,Abordable,2026-03-06
4677,loloperdro,1214,Abordable,2026-03-06
4678,vickivicko1,1214,Abordable,2026-03-06
4679,rayython,1214,Abordable,2026-03-06
4680,mmaattd,1213,Abordable,2026-03-06
4681,susulakilleuse,1213,Abordable,2026-03-06
4682,Baptist3364,1213,Abordable,2026-03-06
4683,ethanslow_,1212,Abordable,2026-03-06
4684,lefarfadet302906,1212,Abordable,2026-03-06
4685,chloe19sch,1212,Abordable,2026-03-06
4686,Dorb44,1212,Abordable,2026-03-06
4687,Clem329,1212,Abordable,2026-03-06
4688,loisinho26,1212,Abordable,2026-03-06
4689,yougeu,1212,Abordable,2026-03-06
4690,marine_bsqt19,1212,Abordable,2026-03-06
4691,Tibogecko59,1211,Abordable,2026-03-06
4692,kikinoellie,1211,Abordable,2026-03-06
4693,DVSN_KNightmare,1211,Abordable,2026-03-06
4694,loic_scndr,1210,Abordable,2026-03-06
4695,steph_prtl,1210,Abordable,2026-03-06
4696,vectapaul078,1210,Abordable,2026-03-06
4697,jeoparadize,1210,Abordable,2026-03-06
4698,KuriStream,1209,Abordable,2026-03-06
4699,laff_tssr,1209,Abordable,2026-03-06
4700,beeemote,1209,Abordable,2026-03-06
4701,jeoparadize,1210,Abordable,2026-03-06
4702,KuriStream,1209,Abordable,2026-03-06
4703,laff_tssr,1209,Abordable,2026-03-06
4704,beeemote,1209,Abordable,2026-03-06
4705,ST_Elouek,1209,Abordable,2026-03-06
4706,cathym66,1209,Abordable,2026-03-06
4707,Nixo1333,1209,Abordable,2026-03-06
4708,ptithibou,1209,Abordable,2026-03-06
4709,Dylan__b,1209,Abordable,2026-03-06
4710,thekan_antexis,1208,Abordable,2026-03-06
4711,annsofie1967,1208,Abordable,2026-03-06
4712,siz_zzz,1208,Abordable,2026-03-06
4713,ssybele,1208,Abordable,2026-03-06
4714,maridex78,1208,Abordable,2026-03-06
4715,clemrev85,1208,Abordable,2026-03-06
4716,dana4448,1207,Abordable,2026-03-06
4717,flavi1___,1207,Abordable,2026-03-06
4718,sergio63ander,1207,Abordable,2026-03-06
4719,pinkwid0w,1207,Abordable,2026-03-06
4720,vilef78,1207,Abordable,2026-03-06
4721,dorian_p_,1207,Abordable,2026-03-06
4722,ClaadG,1207,Abordable,2026-03-06
4723,margaux_ltrd,1207,Abordable,2026-03-06
4724,merkure_,1207,Abordable,2026-03-06
4725,teooo12__,1207,Abordable,2026-03-06
4726,Bapt08077,1207,Abordable,2026-03-06
4727,McCaow,1207,Abordable,2026-03-06
4728,Bilain_,1206,Abordable,2026-03-06
4729,Lde46,1206,Abordable,2026-03-06
4730,asmflo64,1206,Abordable,2026-03-06
4731,emmavossoeurs2,1206,Abordable,2026-03-06
4732,adroseee,1206,Abordable,2026-03-06
4733,spokyfury19,1206,Abordable,2026-03-06
4734,brouzoud,1205,Abordable,2026-03-06
4735,bate610,1205,Abordable,2026-03-06
4736,sglomy,1205,Abordable,2026-03-06
4737,monkeyddamss,1205,Abordable,2026-03-06
4738,z44444kk,1205,Abordable,2026-03-06
4739,jeruil_,1205,Abordable,2026-03-06
4740,cendrionn,1205,Abordable,2026-03-06
4741,minieuch3,1205,Abordable,2026-03-06
4742,matthieuadam,1204,Abordable,2026-03-06
4743,koub1009,1204,Abordable,2026-03-06
4744,lynn_22_,1204,Abordable,2026-03-06
4745,lucieoutrelo,1204,Abordable,2026-03-06
4746,Lumberjacky_,1204,Abordable,2026-03-06
4747,supertimcraft,1204,Abordable,2026-03-06
4748,LAMA_Hobbes,1203,Abordable,2026-03-06
4749,phenixia_7,1203,Abordable,2026-03-06
4750,crazywheel64,1203,Abordable,2026-03-06
4751,NhanVinh,1203,Abordable,2026-03-06
4752,orlanegym4,1203,Abordable,2026-03-06
4753,babou945,1203,Abordable,2026-03-06
4754,nolwenn0301,1203,Abordable,2026-03-06
4755,marliline,1203,Abordable,2026-03-06
4756,x_Keilo,1203,Abordable,2026-03-06
4757,Aleowyne,1203,Abordable,2026-03-06
4758,sakurashirakawa44,1202,Abordable,2026-03-06
4759,Swepsologie,1202,Abordable,2026-03-06
4760,red_spider_radiata,1202,Abordable,2026-03-06
4761,m9a8r7,1202,Abordable,2026-03-06
4762,rob1bouchet,1202,Abordable,2026-03-06
4763,CsuzdiG,1202,Abordable,2026-03-06
4764,MitchBuchannon,1201,Abordable,2026-03-06
4765,klemomenneteau,1201,Abordable,2026-03-06
4766,clementlac42,1201,Abordable,2026-03-06
4767,titouan_blc26,1201,Abordable,2026-03-06
4768,Hisoris,1200,Abordable,2026-03-06
4769,zjach75,1200,Abordable,2026-03-06
4770,KeT_Brown,1200,Abordable,2026-03-06
4771,didier3169,1200,Abordable,2026-03-06
4772,dineben,1200,Abordable,2026-03-06
4773,Chaoury,1200,Abordable,2026-03-06
4774,badgones_umtiti,1200,Abordable,2026-03-06
4775,vincenzo35230,1200,Abordable,2026-03-06
4776,jujusuede,1200,Abordable,2026-03-06
4777,messi_210,1200,Abordable,2026-03-06
4778,fenixx_cr2,1200,Abordable,2026-03-06
4779,P0zeYdon,1200,Abordable,2026-03-06
4780,Kirakof,1200,Abordable,2026-03-06
4781,rusmais,1199,Abordable,2026-03-06
4782,eltiablo79,1199,Abordable,2026-03-06
4783,MatForceur,1199,Abordable,2026-03-06
4784,OziGamer59,1199,Abordable,2026-03-06
4785,kooy535,1199,Abordable,2026-03-06
4786,Pjvlt,1198,Abordable,2026-03-06
4787,kctets,1198,Abordable,2026-03-06
4788,ggdegolfe4,1198,Abordable,2026-03-06
4789,shakablumus,1198,Abordable,2026-03-06
4790,Asocialanonyme,1198,Abordable,2026-03-06
4791,snk_timarmay,1198,Abordable,2026-03-06
4792,almelella,1198,Abordable,2026-03-06
4793,lecholismo_,1198,Abordable,2026-03-06
4794,Healinski,1198,Abordable,2026-03-06
4795,babouchesakho,1198,Abordable,2026-03-06
4796,mogiwan,1197,Abordable,2026-03-06
4797,chrichri_cq,1197,Abordable,2026-03-06
4798,calas50,1197,Abordable,2026-03-06
4799,margotgirard976,1197,Abordable,2026-03-06
4800,Omega_Abyss97,1197,Abordable,2026-03-06
4801,VoImoG,1197,Abordable,2026-03-06
4802,tofi38,1197,Abordable,2026-03-06
4803,Arnoldinhwow,1197,Abordable,2026-03-06
4804,SolEau_,1197,Abordable,2026-03-06
4805,Lheyst,1197,Abordable,2026-03-06
4806,katelbtv,1197,Abordable,2026-03-06
4807,Piorte06,1197,Abordable,2026-03-06
4808,almizzz64,1196,Abordable,2026-03-06
4809,longlivestan13,1196,Abordable,2026-03-06
4810,aline8555,1196,Abordable,2026-03-06
4811,mariericard,1196,Abordable,2026-03-06
4812,nico_frrs,1196,Abordable,2026-03-06
4813,Tezahc,1196,Abordable,2026-03-06
4814,kmv78,1196,Abordable,2026-03-06
4815,Elixos911,1196,Abordable,2026-03-06
4816,GL_Gabdau,1196,Abordable,2026-03-06
4817,gutenbergan,1196,Abordable,2026-03-06
4818,cost159,1195,Abordable,2026-03-06
4819,standotcow,1195,Abordable,2026-03-06
4820,rozankya,1195,Abordable,2026-03-06
4821,alexxmecc,1195,Abordable,2026-03-06
4822,sassalulu,1195,Abordable,2026-03-06
4823,ehjuan1,1195,Abordable,2026-03-06
4824,flexyyzzz,1195,Abordable,2026-03-06
4825,gbberu,1194,Abordable,2026-03-06
4826,lerazey,1194,Abordable,2026-03-06
4827,peterkoston,1194,Abordable,2026-03-06
4828,thomxs10,1194,Abordable,2026-03-06
4829,impala1305,1194,Abordable,2026-03-06
4830,stitax_,1194,Abordable,2026-03-06
4831,margaux30cleo,1194,Abordable,2026-03-06
4832,kingg_4995,1194,Abordable,2026-03-06
4833,sophiejsl,1193,Abordable,2026-03-06
4834,menios16,1193,Abordable,2026-03-06
4835,gegeiss,1193,Abordable,2026-03-06
4836,candoudouz,1193,Abordable,2026-03-06
4837,deathtroyer77,1193,Abordable,2026-03-06
4838,dibz_94,1193,Abordable,2026-03-06
4839,CClaudeFrollo,1193,Abordable,2026-03-06
4840,avalam63,1193,Abordable,2026-03-06
4841,nathan_32200,1193,Abordable,2026-03-06
4842,theoo_54,1193,Abordable,2026-03-06
4843,Coba6,1192,Abordable,2026-03-06
4844,AmSurTwitch,1192,Abordable,2026-03-06
4845,titiver,1192,Abordable,2026-03-06
4846,dbu67,1191,Abordable,2026-03-06
4847,blobygameur,1191,Abordable,2026-03-06
4848,aAlphie,1191,Abordable,2026-03-06
4849,v2ajnbl9,1191,Abordable,2026-03-06
4850,asile0,1191,Abordable,2026-03-06
4851,touille84,1191,Abordable,2026-03-06
4852,Tystair,1191,Abordable,2026-03-06
4853,duezeo69,1190,Abordable,2026-03-06
4854,lasalle1205,1190,Abordable,2026-03-06
4855,ffflowpi,1190,Abordable,2026-03-06
4856,stupidzigounet,1190,Abordable,2026-03-06
4857,multicolorous,1190,Abordable,2026-03-06
4858,Kwev,1190,Abordable,2026-03-06
4859,knockcyber,1189,Abordable,2026-03-06
4860,alexpain007,1189,Abordable,2026-03-06
4861,jul_fls,1189,Abordable,2026-03-06
4862,raphoupedr,1189,Abordable,2026-03-06
4863,Theofon_,1189,Abordable,2026-03-06
4864,netero_017,1189,Abordable,2026-03-06
4865,blackraven_abyss,1189,Abordable,2026-03-06
4866,biwan93_,1188,Abordable,2026-03-06
4867,lola17017,1188,Abordable,2026-03-06
4868,martysw,1188,Abordable,2026-03-06
4869,bnk3rrr,1188,Abordable,2026-03-06
4870,noaaaaaa65,1188,Abordable,2026-03-06
4871,jln_zoe,1187,Abordable,2026-03-06
4872,elmiagli,1187,Abordable,2026-03-06
4873,Dzerky7,1187,Abordable,2026-03-06
4874,soblirs971,1187,Abordable,2026-03-06
4875,PxReaz,1186,Abordable,2026-03-06
4876,mathiasprtr,1186,Abordable,2026-03-06
4877,lamalbab,1186,Abordable,2026-03-06
4878,chloe_lbx,1186,Abordable,2026-03-06
4879,saperlipopetteeee,1186,Abordable,2026-03-06
4880,excalibur2924,1186,Abordable,2026-03-06
4881,MaNia_1021,1186,Abordable,2026-03-06
4882,youzy_99,1185,Abordable,2026-03-06
4883,ApollodorosMystikos,1185,Abordable,2026-03-06
4884,rockfohr,1185,Abordable,2026-03-06
4885,matxalla,1185,Abordable,2026-03-06
4886,manondjool,1185,Abordable,2026-03-06
4887,allanitoooo,1185,Abordable,2026-03-06
4888,JuuDuClem,1185,Abordable,2026-03-06
4889,dz13_,1185,Abordable,2026-03-06
4890,IAmPanda___,1185,Abordable,2026-03-06
4891,reysmeliodas,1185,Abordable,2026-03-06
4892,samouraialex,1184,Abordable,2026-03-06
4893,sefffar,1184,Abordable,2026-03-06
4894,arsirezz,1184,Abordable,2026-03-06
4895,HarisTheFrenchMonster,1184,Abordable,2026-03-06
4896,tthod,1184,Abordable,2026-03-06
4897,mrjors34,1184,Abordable,2026-03-06
4898,pilloweli,1184,Abordable,2026-03-06
4899,haricot_vert_,1184,Abordable,2026-03-06
4900,lechevalgeek,1183,Abordable,2026-03-06
4901,damneddown,1183,Abordable,2026-03-06
4902,antobis98,1183,Abordable,2026-03-06
4903,ge0geoo,1183,Abordable,2026-03-06
4904,popiohh,1183,Abordable,2026-03-06
4905,stazz07,1183,Abordable,2026-03-06
4906,lasnelus_,1183,Abordable,2026-03-06
4907,roylapoutre68,1183,Abordable,2026-03-06
4908,z0ryon,1183,Abordable,2026-03-06
4909,sarahlalisse,1182,Abordable,2026-03-06
4910,lookn64,1182,Abordable,2026-03-06
4911,a_t_tnt,1182,Abordable,2026-03-06
4912,vf34,1182,Abordable,2026-03-06
4913,ladydarkkk1,1182,Abordable,2026-03-06
4914,lemeounien,1182,Abordable,2026-03-06
4915,jul_le_rs,1181,Abordable,2026-03-06
4916,jadoutraore,1181,Abordable,2026-03-06
4917,petochedu52,1181,Abordable,2026-03-06
4918,brask0_33,1181,Abordable,2026-03-06
4919,anton1_b,1181,Abordable,2026-03-06
4920,Rica60,1181,Abordable,2026-03-06
4921,vincentluc14,1181,Abordable,2026-03-06
4922,hugo840,1181,Abordable,2026-03-06
4923,kiska_x33,1180,Abordable,2026-03-06
4924,minzgrun,1180,Abordable,2026-03-06
4925,Minipix_,1180,Abordable,2026-03-06
4926,kiedx,1180,Abordable,2026-03-06
4927,morg_aane,1180,Abordable,2026-03-06
4928,littledesire73,1180,Abordable,2026-03-06
4929,findarsim,1179,Abordable,2026-03-06
4930,nommathis,1179,Abordable,2026-03-06
4931,Khloewi_,1179,Abordable,2026-03-06
4932,ThidPiloup,1179,Abordable,2026-03-06
4933,Syron17,1179,Abordable,2026-03-06
4934,Izkira_M,1179,Abordable,2026-03-06
4935,tajineee_,1179,Abordable,2026-03-06
4936,KC_Mathieu_,1179,Abordable,2026-03-06
4937,Coqenstock26,1178,Abordable,2026-03-06
4938,metfedam,1178,Abordable,2026-03-06
4939,zayfire,1178,Abordable,2026-03-06
4940,Caelly_,1178,Abordable,2026-03-06
4941,Scadeur,1178,Abordable,2026-03-06
4942,Millay,1178,Abordable,2026-03-06
4943,tomzer10,1177,Abordable,2026-03-06
4944,perry_ice,1177,Abordable,2026-03-06
4945,annemupm,1177,Abordable,2026-03-06
4946,ocb111,1177,Abordable,2026-03-06
4947,sortt2,1177,Abordable,2026-03-06
4948,barbe_qbs,1177,Abordable,2026-03-06
4949,kikos____,1177,Abordable,2026-03-06
4950,dkaizoku26,1177,Abordable,2026-03-06
4951,c_am_ss,1176,Abordable,2026-03-06
4952,drdcclem,1176,Abordable,2026-03-06
4953,thomascir97,1176,Abordable,2026-03-06
4954,ccrom08,1176,Abordable,2026-03-06
4955,loozyh,1176,Abordable,2026-03-06
4956,markaragnos501,1176,Abordable,2026-03-06
4957,linebhg,1176,Abordable,2026-03-06
4958,DiamondRT,1176,Abordable,2026-03-06
4959,mwaelle,1176,Abordable,2026-03-06
4960,rebox_fn,1176,Abordable,2026-03-06
4961,katchaw01,1176,Abordable,2026-03-06
4962,zazette40,1175,Abordable,2026-03-06
4963,kevin1664,1175,Abordable,2026-03-06
4964,Mikak00,1175,Abordable,2026-03-06
4965,arianeblack,1175,Abordable,2026-03-06
4966,lucilecdt,1175,Abordable,2026-03-06
4967,firewhool,1175,Abordable,2026-03-06
4968,njloupnoir,1174,Abordable,2026-03-06
4969,julietta_p94,1174,Abordable,2026-03-06
4970,misteralex2112,1174,Abordable,2026-03-06
4971,M2_R6s,1174,Abordable,2026-03-06
4972,Triskell_29,1174,Abordable,2026-03-06
4973,leflowww_,1173,Abordable,2026-03-06
4974,henchard31,1173,Abordable,2026-03-06
4975,Alybeez,1173,Abordable,2026-03-06
4976,its_balkab,1173,Abordable,2026-03-06
4977,cquinette,1173,Abordable,2026-03-06
4978,Thomatoh,1173,Abordable,2026-03-06
4979,lenaikare63,1173,Abordable,2026-03-06
4980,grosclem22,1173,Abordable,2026-03-06
4981,Tilston,1173,Abordable,2026-03-06
4982,granolan08,1173,Abordable,2026-03-06
4983,Maximus_HS,1173,Abordable,2026-03-06
4984,prunorigolo,1172,Abordable,2026-03-06
4985,PurpleLiiz,1172,Abordable,2026-03-06
4986,pipit_farlcgr,1172,Abordable,2026-03-06
4987,caammiiii_,1172,Abordable,2026-03-06
4988,Brieum,1172,Abordable,2026-03-06
4989,ririjr25,1172,Abordable,2026-03-06
4990,elizorus,1172,Abordable,2026-03-06
4991,achonx51,1172,Abordable,2026-03-06
4992,regenbogen483,1172,Abordable,2026-03-06
4993,abysmes,1172,Abordable,2026-03-06
4994,loggal,1172,Abordable,2026-03-06
4995,gabriel73848285748,1172,Abordable,2026-03-06
4996,SuroZ,1172,Abordable,2026-03-06
4997,aymericpierre29,1171,Abordable,2026-03-06
4998,kuroshin33330,1171,Abordable,2026-03-06
4999,NASUKO9545,1171,Abordable,2026-03-06
5000,Pangolinooo_,1171,Abordable,2026-03-06
5001,fmt253,1171,Abordable,2026-03-06
5002,stinkysidh,1171,Abordable,2026-03-06
5003,triskell35,1171,Abordable,2026-03-06
5004,difiit,1170,Abordable,2026-03-06
5005,Gurgarath,1170,Abordable,2026-03-06
5006,emmaa_trg,1170,Abordable,2026-03-06
5007,Wataroux,1170,Abordable,2026-03-06
5008,matthieum121,1170,Abordable,2026-03-06
5009,Vincentissime,1170,Abordable,2026-03-06
5010,fushighuroh,1169,Abordable,2026-03-06
5011,mgndpt,1169,Abordable,2026-03-06
5012,Dalekan,1169,Abordable,2026-03-06
5013,un3sly,1169,Abordable,2026-03-06
5014,elnoledozo,1169,Abordable,2026-03-06
5015,Souuulli,1169,Abordable,2026-03-06
5016,sanctuc0,1169,Abordable,2026-03-06
5017,ugo_7,1169,Abordable,2026-03-06
5018,kevin_0440,1169,Abordable,2026-03-06
5019,DeuxAiles,1168,Abordable,2026-03-06
5020,vever2134,1168,Abordable,2026-03-06
5021,Crikxi,1168,Abordable,2026-03-06
5022,tiraq_,1168,Abordable,2026-03-06
5023,heyn0xx,1168,Abordable,2026-03-06
5024,lufffffyyyyy,1168,Abordable,2026-03-06
5025,mxth_ou,1168,Abordable,2026-03-06
5026,sc6mon,1167,Abordable,2026-03-06
5027,KanTinoush,1167,Abordable,2026-03-06
5028,horuseye74,1167,Abordable,2026-03-06
5029,jooseyyyy,1167,Abordable,2026-03-06
5030,inferno_marto,1167,Abordable,2026-03-06
5031,valentin_versluys,1166,Abordable,2026-03-06
5032,acjoka97,1166,Abordable,2026-03-06
5033,oxygenguigui,1166,Abordable,2026-03-06
5034,cha_pristi,1166,Abordable,2026-03-06
5035,n4ydan,1166,Abordable,2026-03-06
5036,Amixtub,1166,Abordable,2026-03-06
5037,vailocs,1166,Abordable,2026-03-06
5038,maximek29,1165,Abordable,2026-03-06
5039,sossaoul,1165,Abordable,2026-03-06
5040,StarDreams_,1165,Abordable,2026-03-06
5041,Nemotaku,1165,Abordable,2026-03-06
5042,rodeo2a,1165,Abordable,2026-03-06
5043,chaaaaaa___,1164,Abordable,2026-03-06
5044,evinrough,1164,Abordable,2026-03-06
5045,ejiil2,1164,Abordable,2026-03-06
5046,utalbot,1163,Abordable,2026-03-06
5047,Guilain_TV,1163,Abordable,2026-03-06
5048,LicorneMagique77,1163,Abordable,2026-03-06
5049,Baalker,1163,Abordable,2026-03-06
5050,OrelChien,1163,Abordable,2026-03-06
5051,tonylolipop,1163,Abordable,2026-03-06
5052,Zaroxy0,1162,Abordable,2026-03-06
5053,f10id,1162,Abordable,2026-03-06
5054,pitch6472,1162,Abordable,2026-03-06
5055,leleludique,1162,Abordable,2026-03-06
5056,piga023,1162,Abordable,2026-03-06
5057,feizako_bs,1162,Abordable,2026-03-06
5058,ber_bdg,1161,Abordable,2026-03-06
5059,axouxx31,1161,Abordable,2026-03-06
5060,sylaly,1161,Abordable,2026-03-06
5061,Topyx768,1160,Abordable,2026-03-06
5062,onestufflevrai,1160,Abordable,2026-03-06
5063,khlaue_,1160,Abordable,2026-03-06
5064,amaryss_8,1160,Abordable,2026-03-06
5065,kadjoraxontwitch,1160,Abordable,2026-03-06
5066,totony44830,1160,Abordable,2026-03-06
5067,pi_doune,1160,Abordable,2026-03-06
5068,STEUSSO,1160,Abordable,2026-03-06
5069,auca125,1160,Abordable,2026-03-06
5070,linkseff,1160,Abordable,2026-03-06
5071,toniooo77,1159,Abordable,2026-03-06
5072,Zelphino_,1159,Abordable,2026-03-06
5073,adritrap,1159,Abordable,2026-03-06
5074,moonyjuly,1159,Abordable,2026-03-06
5075,celia_vnd,1159,Abordable,2026-03-06
5076,kkev67,1159,Abordable,2026-03-06
5077,xraymnd,1159,Abordable,2026-03-06
5078,fraiseM,1159,Abordable,2026-03-06
5079,iTom01,1159,Abordable,2026-03-06
5080,jeffSeven,1158,Abordable,2026-03-06
5081,lilas_celeste,1158,Abordable,2026-03-06
5082,Grumpy_TwitchTv,1158,Abordable,2026-03-06
5083,PeroStriker,1158,Abordable,2026-03-06
5084,pxul966,1157,Abordable,2026-03-06
5085,baptchevry,1157,Abordable,2026-03-06
5086,MINISKYFALL,1157,Abordable,2026-03-06
5087,heleneltr,1157,Abordable,2026-03-06
5088,blakmik_,1157,Abordable,2026-03-06
5089,foxyy_foxy,1157,Abordable,2026-03-06
5090,SocksWithScandals,1157,Abordable,2026-03-06
5091,Mcdarling,1157,Abordable,2026-03-06
5092,RuxMy,1157,Abordable,2026-03-06
5093,PapyPomme,1157,Abordable,2026-03-06
5094,angeliiine_,1157,Abordable,2026-03-06
5095,rollo2k17,1156,Abordable,2026-03-06
5096,loooulouuuuuuuuuuuuu,1156,Abordable,2026-03-06
5097,thomaslr713,1156,Abordable,2026-03-06
5098,atti_la_matrice,1156,Abordable,2026-03-06
5099,lebro64,1156,Abordable,2026-03-06
5100,orion_nebul,1156,Abordable,2026-03-06
5101,ktrlis,1155,Abordable,2026-03-06
5102,KC_Feloux,1155,Abordable,2026-03-06
5103,mayosotis,1155,Abordable,2026-03-06
5104,sinjy13,1154,Abordable,2026-03-06
5105,smilybubble,1154,Abordable,2026-03-06
5106,rv_du_07,1154,Abordable,2026-03-06
5107,veektorya2481,1153,Abordable,2026-03-06
5108,droledejaguar,1153,Abordable,2026-03-06
5109,ifsci0s,1153,Abordable,2026-03-06
5110,furose,1153,Abordable,2026-03-06
5111,ShowtimeXIII,1153,Abordable,2026-03-06
5112,Larson__9,1153,Abordable,2026-03-06
5113,phhierre,1153,Abordable,2026-03-06
5114,clemdefreu,1153,Abordable,2026-03-06
5115,freipapagei,1153,Abordable,2026-03-06
5116,SharuunTV,1153,Abordable,2026-03-06
5117,matz_flo,1152,Abordable,2026-03-06
5118,angetwch,1152,Abordable,2026-03-06
5119,hvnt_r,1152,Abordable,2026-03-06
5120,nicochrls,1152,Abordable,2026-03-06
5121,estarossaaa18,1152,Abordable,2026-03-06
5122,nait0__,1151,Abordable,2026-03-06
5123,eli_3653289,1151,Abordable,2026-03-06
5124,sar_yer,1151,Abordable,2026-03-06
5125,Leenoo__,1151,Abordable,2026-03-06
5126,jojo100201,1151,Abordable,2026-03-06
5127,zel_daa,1151,Abordable,2026-03-06
5128,senjogami,1150,Abordable,2026-03-06
5129,zuzubou,1150,Abordable,2026-03-06
5130,Feralasse,1150,Abordable,2026-03-06
5131,kermitcowboy_,1150,Abordable,2026-03-06
5132,jpascal591200,1150,Abordable,2026-03-06
5133,mrgxxxx,1150,Abordable,2026-03-06
5134,moonivers02,1150,Abordable,2026-03-06
5135,Dodolechat,1150,Abordable,2026-03-06
5136,maummaauu,1150,Abordable,2026-03-06
5137,enzo_loe,1149,Abordable,2026-03-06
5138,Chachoudiles,1149,Abordable,2026-03-06
5139,happy_burger2,1149,Abordable,2026-03-06
5140,cathou3101,1149,Abordable,2026-03-06
5141,lo_srttt,1149,Abordable,2026-03-06
5142,j0n77,1149,Abordable,2026-03-06
5143,Baguette_roze,1149,Abordable,2026-03-06
5144,luceeloy23,1148,Abordable,2026-03-06
5145,emmarnaque,1148,Abordable,2026-03-06
5146,OlySheep,1148,Abordable,2026-03-06
5147,melamamie,1148,Abordable,2026-03-06
5148,Rodsyyy,1148,Abordable,2026-03-06
5149,cassou182,1148,Abordable,2026-03-06
5150,paul_drj_72,1148,Abordable,2026-03-06
5151,miiiiilllls,1148,Abordable,2026-03-06
5152,vippara,1148,Abordable,2026-03-06
5153,spannkywolf,1148,Abordable,2026-03-06
5154,boulette0096,1147,Abordable,2026-03-06
5155,dustyne0209,1147,Abordable,2026-03-06
5156,ScarrsX,1147,Abordable,2026-03-06
5157,maers91,1147,Abordable,2026-03-06
5158,brolocli,1147,Abordable,2026-03-06
5159,LilithMajor,1147,Abordable,2026-03-06
5160,diopt_ase,1147,Abordable,2026-03-06
5161,dinalithe,1146,Abordable,2026-03-06
5162,tribaaa,1146,Abordable,2026-03-06
5163,Cuissot,1146,Abordable,2026-03-06
5164,Brice2Nils,1146,Abordable,2026-03-06
5165,GuiggzTV,1146,Abordable,2026-03-06
5166,lei955,1146,Abordable,2026-03-06
5167,lge_dorian,1146,Abordable,2026-03-06
5168,hippopow,1146,Abordable,2026-03-06
5169,astridgnd,1146,Abordable,2026-03-06
5170,Kamaruuu_,1146,Abordable,2026-03-06
5171,kiyuq666,1146,Abordable,2026-03-06
5172,badmad357,1145,Abordable,2026-03-06
5173,syra63,1145,Abordable,2026-03-06
5174,hornetlafrappejesus,1145,Abordable,2026-03-06
5175,fanlugia1,1145,Abordable,2026-03-06
5176,francheskho,1145,Abordable,2026-03-06
5177,manapredoux,1145,Abordable,2026-03-06
5178,mmr17_,1145,Abordable,2026-03-06
5179,madepres1,1144,Abordable,2026-03-06
5180,AmysSmile,1144,Abordable,2026-03-06
5181,JeanneFakaye,1144,Abordable,2026-03-06
5182,Sebino,1144,Abordable,2026-03-06
5183,improsteur,1143,Abordable,2026-03-06
5184,elinaaax,1143,Abordable,2026-03-06
5185,lr_smr12,1143,Abordable,2026-03-06
5186,theolgrs,1143,Abordable,2026-03-06
5187,foulimage,1143,Abordable,2026-03-06
5188,eliemeunier,1142,Abordable,2026-03-06
5189,YannCaillou,1142,Abordable,2026-03-06
5190,K4zuM4t,1142,Abordable,2026-03-06
5191,coco23671,1142,Abordable,2026-03-06
5192,tom_460,1142,Abordable,2026-03-06
5193,cocopipelette,1142,Abordable,2026-03-06
5194,SpectrimBP,1141,Abordable,2026-03-06
5195,averagequote,1141,Abordable,2026-03-06
5196,SadakoKimimura,1141,Abordable,2026-03-06
5197,jb64a,1141,Abordable,2026-03-06
5198,quentino5900,1141,Abordable,2026-03-06
5199,captaineFlem,1140,Abordable,2026-03-06
5200,Zilbabg,1140,Abordable,2026-03-06
5201,lamere68,1140,Abordable,2026-03-06
5202,fofie72,1140,Abordable,2026-03-06
5203,baptiste_dem,1140,Abordable,2026-03-06
5204,mxmahe,1140,Abordable,2026-03-06
5205,true_horacio,1140,Abordable,2026-03-06
5206,RyZum,1140,Abordable,2026-03-06
5207,latabledessavoirs,1140,Abordable,2026-03-06
5208,llampion,1140,Abordable,2026-03-06
5209,carolteagirl,1140,Abordable,2026-03-06
5210,GuizzHD,1140,Abordable,2026-03-06
5211,Bix0u,1140,Abordable,2026-03-06
5212,titouunnnne,1140,Abordable,2026-03-06
5213,Ironfirst_ow,1139,Abordable,2026-03-06
5214,valisco73,1139,Abordable,2026-03-06
5215,totobass08600,1139,Abordable,2026-03-06
5216,Ostralo,1139,Abordable,2026-03-06
5217,SpadoS,1139,Abordable,2026-03-06
5218,kyinio,1139,Abordable,2026-03-06
5219,celinou7,1139,Abordable,2026-03-06
5220,marcoflo69,1138,Abordable,2026-03-06
5221,archiduc_devineta,1138,Abordable,2026-03-06
5222,dayzarak,1138,Abordable,2026-03-06
5223,AllStarZz_,1138,Abordable,2026-03-06
5224,100chicoo,1138,Abordable,2026-03-06
5225,evantocarlos,1138,Abordable,2026-03-06
5226,mahtis_blv,1138,Abordable,2026-03-06
5227,maotaamo,1137,Abordable,2026-03-06
5228,plaquette2frein961,1137,Abordable,2026-03-06
5229,anthoo_1705,1137,Abordable,2026-03-06
5230,PlanctonCosmique,1137,Abordable,2026-03-06
5231,jeeeun63,1136,Abordable,2026-03-06
5232,brn_karine05,1136,Abordable,2026-03-06
5233,Dodoziarro,1136,Abordable,2026-03-06
5234,IAmRigel,1136,Abordable,2026-03-06
5235,wolfidu,1135,Abordable,2026-03-06
5236,alexjoker1608,1135,Abordable,2026-03-06
5237,Tozkaaa_,1135,Abordable,2026-03-06
5238,rmnmf,1135,Abordable,2026-03-06
5239,loukaysi,1135,Abordable,2026-03-06
5240,kyhosa,1135,Abordable,2026-03-06
5241,Kowalsky06,1134,Abordable,2026-03-06
5242,saeed_303,1134,Abordable,2026-03-06
5243,Tem_Dreemurr,1134,Abordable,2026-03-06
5244,Kreavy,1134,Abordable,2026-03-06
5245,Vondemarie,1134,Abordable,2026-03-06
5246,GrayFooxX,1134,Abordable,2026-03-06
5247,kamogami_,1134,Abordable,2026-03-06
5248,boulie12,1133,Abordable,2026-03-06
5249,Zokhross,1133,Abordable,2026-03-06
5250,jeanvaldut,1133,Abordable,2026-03-06
5251,emilie_brbt,1133,Abordable,2026-03-06
5252,djeaja,1133,Abordable,2026-03-06
5253,farfadetjovial,1133,Abordable,2026-03-06
5254,morganeb14,1133,Abordable,2026-03-06
5255,PequenoMPG,1133,Abordable,2026-03-06
5256,Keraloon,1133,Abordable,2026-03-06
5257,oh_une_marmotte,1133,Abordable,2026-03-06
5258,krogu_live,1133,Abordable,2026-03-06
5259,qualouche24,1132,Abordable,2026-03-06
5260,lnoah1,1132,Abordable,2026-03-06
5261,seb_bugeja,1132,Abordable,2026-03-06
5262,v_mnx,1132,Abordable,2026-03-06
5263,najayaaa,1132,Abordable,2026-03-06
5264,Samoussam,1132,Abordable,2026-03-06
5265,roa250,1132,Abordable,2026-03-06
5266,Freezyyyyy_,1132,Abordable,2026-03-06
5267,jaxsorano,1131,Abordable,2026-03-06
5268,deudeuneuneu,1131,Abordable,2026-03-06
5269,Mitalias_,1131,Abordable,2026-03-06
5270,xeliott_,1131,Abordable,2026-03-06
5271,b0ub0uu_,1131,Abordable,2026-03-06
5272,LeandroZut,1131,Abordable,2026-03-06
5273,tytuuuuuuu,1131,Abordable,2026-03-06
5274,jade_sicsic,1130,Abordable,2026-03-06
5275,lorengamer89,1130,Abordable,2026-03-06
5276,skIyde,1130,Abordable,2026-03-06
5277,nonoboul,1130,Abordable,2026-03-06
5278,AhriRoseElmac,1130,Abordable,2026-03-06
5279,lilyymaya21,1130,Abordable,2026-03-06
5280,johnpaquito,1129,Abordable,2026-03-06
5281,digoarj,1129,Abordable,2026-03-06
5282,lilieflore,1129,Abordable,2026-03-06
5283,Jalaga,1129,Abordable,2026-03-06
5284,TintinInvisible,1129,Abordable,2026-03-06
5285,Line_stone,1129,Abordable,2026-03-06
5286,lea0199,1129,Abordable,2026-03-06
5287,voutedidier,1129,Abordable,2026-03-06
5288,benji_lbs,1128,Abordable,2026-03-06
5289,filmo_,1128,Abordable,2026-03-06
5290,laumor21940,1128,Abordable,2026-03-06
5291,fostinesar,1128,Abordable,2026-03-06
5292,starkiIIer_,1128,Abordable,2026-03-06
5293,tiny_slippers,1128,Abordable,2026-03-06
5294,g1ns3i,1127,Abordable,2026-03-06
5295,diahblok,1127,Abordable,2026-03-06
5296,lrc_samuel,1127,Abordable,2026-03-06
5297,maedandelion,1127,Abordable,2026-03-06
5298,alabrosse23,1127,Abordable,2026-03-06
5299,quentinhgg27,1127,Abordable,2026-03-06
5300,ysartist,1127,Abordable,2026-03-06
5301,Atoms974,1126,Abordable,2026-03-06
5302,81juju81,1126,Abordable,2026-03-06
5303,cluxui,1126,Abordable,2026-03-06
5304,charlottekdo,1126,Abordable,2026-03-06
5305,redstarsquirell,1126,Abordable,2026-03-06
5306,magn3tik17,1126,Abordable,2026-03-06
5307,amethystea,1126,Abordable,2026-03-06
5308,zouzettte,1126,Abordable,2026-03-06
5309,SpaceCamembert,1125,Abordable,2026-03-06
5310,dopp0,1125,Abordable,2026-03-06
5311,nicomygoddd,1125,Abordable,2026-03-06
5312,Amii____,1124,Abordable,2026-03-06
5313,Malchezzar2,1124,Abordable,2026-03-06
5314,PadaiOS,1124,Abordable,2026-03-06
5315,kiiroylw,1124,Abordable,2026-03-06
5316,Elmire_,1124,Abordable,2026-03-06
5317,claudiegmlove,1124,Abordable,2026-03-06
5318,sachiel66,1124,Abordable,2026-03-06
5319,Ploufaway,1124,Abordable,2026-03-06
5320,philllliiiii,1124,Abordable,2026-03-06
5321,willimouz,1124,Abordable,2026-03-06
5322,BUT2TREZEGUET,1124,Abordable,2026-03-06
5323,trottinette60,1123,Abordable,2026-03-06
5324,another_deidara,1123,Abordable,2026-03-06
5325,xy_astral,1123,Abordable,2026-03-06
5326,elicapy,1123,Abordable,2026-03-06
5327,OverLoordss,1123,Abordable,2026-03-06
5328,via56,1123,Abordable,2026-03-06
5329,Organicbro666,1123,Abordable,2026-03-06
5330,malo_ok,1123,Abordable,2026-03-06
5331,mantaloutra,1122,Abordable,2026-03-06
5332,r0r0z3r,1122,Abordable,2026-03-06
5333,bobylete,1122,Abordable,2026-03-06
5334,Enitnemelc,1122,Abordable,2026-03-06
5335,Adar59,1122,Abordable,2026-03-06
5336,nargoune,1122,Abordable,2026-03-06
5337,corentin59292,1122,Abordable,2026-03-06
5338,peufien,1122,Abordable,2026-03-06
5339,M4sh19,1122,Abordable,2026-03-06
5340,Clipex_Mp4,1122,Abordable,2026-03-06
5341,niffleur3,1122,Abordable,2026-03-06
5342,Elstir__,1121,Abordable,2026-03-06
5343,AelloEinomrah,1121,Abordable,2026-03-06
5344,Ayume_Yuko,1121,Abordable,2026-03-06
5345,lynxpegase13784,1121,Abordable,2026-03-06
5346,clarycems23,1121,Abordable,2026-03-06
5347,EmiEmo02,1121,Abordable,2026-03-06
5348,icebibird,1121,Abordable,2026-03-06
5349,lucasinhoom,1121,Abordable,2026-03-06
5350,FeedLJR,1121,Abordable,2026-03-06
5351,Antho_Clacos,1121,Abordable,2026-03-06
5352,cowboydu75,1120,Abordable,2026-03-06
5353,tiaaaphrr,1120,Abordable,2026-03-06
5354,imantome,1120,Abordable,2026-03-06
5355,foufooteam,1120,Abordable,2026-03-06
5356,LaGrotteAGeeks,1120,Abordable,2026-03-06
5357,ebolalc,1120,Abordable,2026-03-06
5358,mattmattador,1120,Abordable,2026-03-06
5359,scurt51,1119,Abordable,2026-03-06
5360,SwardenWarking,1119,Abordable,2026-03-06
5361,ginnosss,1118,Abordable,2026-03-06
5362,quid311,1118,Abordable,2026-03-06
5363,evabrnd,1118,Abordable,2026-03-06
5364,matthisbienfait,1117,Abordable,2026-03-06
5365,mathiiIde_,1117,Abordable,2026-03-06
5366,djidji1390,1117,Abordable,2026-03-06
5367,kaktuso_o,1117,Abordable,2026-03-06
5368,emelinedubois42,1116,Abordable,2026-03-06
5369,Siromenthe,1116,Abordable,2026-03-06
5370,pralauline,1116,Abordable,2026-03-06
5371,Vincea04,1116,Abordable,2026-03-06
5372,suprasinvocatus,1116,Abordable,2026-03-06
5373,helios2643,1116,Abordable,2026-03-06
5374,fewart24,1116,Abordable,2026-03-06
5375,superchat21,1115,Abordable,2026-03-06
5376,anoaeureka,1115,Abordable,2026-03-06
5377,iMafio,1115,Abordable,2026-03-06
5378,Micare22,1115,Abordable,2026-03-06
5379,jeannedelneste,1115,Abordable,2026-03-06
5380,wiper33,1115,Abordable,2026-03-06
5381,JoshBrolin34,1115,Abordable,2026-03-06
5382,nina_adjr,1115,Abordable,2026-03-06
5383,Floco_YT,1115,Abordable,2026-03-06
5384,jana0934,1115,Abordable,2026-03-06
5385,Who_sThatGirl,1115,Abordable,2026-03-06
5386,lozn27,1115,Abordable,2026-03-06
5387,yotsubaet_,1115,Abordable,2026-03-06
5388,mikawritesbooks,1115,Abordable,2026-03-06
5389,dasschico,1115,Abordable,2026-03-06
5390,ElKraks_,1114,Abordable,2026-03-06
5391,clement_mch78,1114,Abordable,2026-03-06
5392,The_Doctor_Brown,1114,Abordable,2026-03-06
5393,RizFlex,1114,Abordable,2026-03-06
5394,alshimistes,1114,Abordable,2026-03-06
5395,marius_gltz,1114,Abordable,2026-03-06
5396,Maneex__,1113,Abordable,2026-03-06
5397,l1louuu,1113,Abordable,2026-03-06
5398,asteriak3110,1113,Abordable,2026-03-06
5399,Tohkar,1113,Abordable,2026-03-06
5400,shinji_59,1113,Abordable,2026-03-06
5401,mesmichel,1112,Abordable,2026-03-06
5402,paullmrtn,1112,Abordable,2026-03-06
5403,marie_amrt,1112,Abordable,2026-03-06
5404,Comme_une_ombre,1112,Abordable,2026-03-06
5405,maudidoune,1112,Abordable,2026-03-06
5406,violaineguigue,1112,Abordable,2026-03-06
5407,karax18,1111,Abordable,2026-03-06
5408,zoho_lv,1111,Abordable,2026-03-06
5409,manon_lgn_,1111,Abordable,2026-03-06
5410,laetichxtte,1110,Abordable,2026-03-06
5411,labubette,1110,Abordable,2026-03-06
5412,Goldeenchicken,1110,Abordable,2026-03-06
5413,axel64200,1110,Abordable,2026-03-06
5414,Desillusion0,1110,Abordable,2026-03-06
5415,tgrey26,1110,Abordable,2026-03-06
5416,tomtouch_,1110,Abordable,2026-03-06
5417,abelb8,1110,Abordable,2026-03-06
5418,eaterz6,1110,Abordable,2026-03-06
5419,tommyyren,1110,Abordable,2026-03-06
5420,lilllice,1110,Abordable,2026-03-06
5421,Gritam,1110,Abordable,2026-03-06
5422,ThorPenn,1110,Abordable,2026-03-06
5423,Bresko_Emc,1110,Abordable,2026-03-06
5424,colinecrb,1109,Abordable,2026-03-06
5425,tolo76,1109,Abordable,2026-03-06
5426,FloreilleKayou,1109,Abordable,2026-03-06
5427,peachy_louns,1109,Abordable,2026-03-06
5428,Pagui,1109,Abordable,2026-03-06
5429,vtt3d,1109,Abordable,2026-03-06
5430,Guespenguel,1109,Abordable,2026-03-06
5431,LadyClarence89,1109,Abordable,2026-03-06
5432,Kaeleborn,1109,Abordable,2026-03-06
5433,QbHugo,1109,Abordable,2026-03-06
5434,firetif,1109,Abordable,2026-03-06
5435,z_0ee_l,1109,Abordable,2026-03-06
5436,romensco10,1109,Abordable,2026-03-06
5437,vaas_1998,1109,Abordable,2026-03-06
5438,Maxdb90,1108,Abordable,2026-03-06
5439,inesr81,1108,Abordable,2026-03-06
5440,tatianabibiche,1108,Abordable,2026-03-06
5441,Holail,1108,Abordable,2026-03-06
5442,Poweriser144,1108,Abordable,2026-03-06
5443,deiv_hihi,1107,Abordable,2026-03-06
5444,gmaxe57,1107,Abordable,2026-03-06
5445,mega_game972,1107,Abordable,2026-03-06
5446,camillcb,1107,Abordable,2026-03-06
5447,nikoko,1107,Abordable,2026-03-06
5448,acapulcoo_,1107,Abordable,2026-03-06
5449,furiousgaming_26,1107,Abordable,2026-03-06
5450,CyberSatellite,1107,Abordable,2026-03-06
5451,mayzefa,1107,Abordable,2026-03-06
5452,frenchmithrandir,1107,Abordable,2026-03-06
5453,leRandom___,1107,Abordable,2026-03-06
5454,lolilelalu,1106,Abordable,2026-03-06
5455,romzzin,1106,Abordable,2026-03-06
5456,Wowtwinka,1106,Abordable,2026-03-06
5457,popolp5678,1106,Abordable,2026-03-06
5458,tiimottheus,1106,Abordable,2026-03-06
5459,liuiseee,1106,Abordable,2026-03-06
5460,alibaba_24,1106,Abordable,2026-03-06
5461,Darkmatt1708,1106,Abordable,2026-03-06
5462,helios444,1106,Abordable,2026-03-06
5463,kmeuh,1106,Abordable,2026-03-06
5464,lakhdar1607,1105,Abordable,2026-03-06
5465,NicolaW51,1105,Abordable,2026-03-06
5466,anelotte_,1105,Abordable,2026-03-06
5467,snetremo,1105,Abordable,2026-03-06
5468,sixbears6,1105,Abordable,2026-03-06
5469,bickyjeff,1105,Abordable,2026-03-06
5470,hpo59,1105,Abordable,2026-03-06
5471,ProStats,1105,Abordable,2026-03-06
5472,rustyju2,1105,Abordable,2026-03-06
5473,berteye7,1105,Abordable,2026-03-06
5474,xLe0_,1105,Abordable,2026-03-06
5475,valentinelcn,1105,Abordable,2026-03-06
5476,sniif_,1105,Abordable,2026-03-06
5477,theolebgdu35,1104,Abordable,2026-03-06
5478,diwine26,1104,Abordable,2026-03-06
5479,Zed__d,1104,Abordable,2026-03-06
5480,lil_cakke,1103,Abordable,2026-03-06
5481,Kaidas31,1103,Abordable,2026-03-06
5482,titouzeubi,1103,Abordable,2026-03-06
5483,clarask6,1103,Abordable,2026-03-06
5484,guezman555,1103,Abordable,2026-03-06
5485,jeremystranger,1103,Abordable,2026-03-06
5486,miguespeed1,1103,Abordable,2026-03-06
5487,thefrenchhufflepuffie,1103,Abordable,2026-03-06
5488,Benenuts23,1102,Abordable,2026-03-06
5489,tittttiiiii,1102,Abordable,2026-03-06
5490,fixtib,1102,Abordable,2026-03-06
5491,josh76260,1102,Abordable,2026-03-06
5492,nicopauls,1102,Abordable,2026-03-06
5493,Pixounouille,1102,Abordable,2026-03-06
5494,memerrex,1102,Abordable,2026-03-06
5495,nicovega76,1102,Abordable,2026-03-06
5496,Trynzix,1102,Abordable,2026-03-06
5497,Leroms1,1102,Abordable,2026-03-06
5498,poyo_vibes,1102,Abordable,2026-03-06
5499,Apparence,1102,Abordable,2026-03-06
5500,UnePtiteMarie,1101,Abordable,2026-03-06
5501,fripon51,1101,Abordable,2026-03-06
5502,wind57050,1101,Abordable,2026-03-06
5503,kyyz444,1101,Abordable,2026-03-06
5504,Crawdge,1100,Abordable,2026-03-06
5505,diane_stan,1100,Abordable,2026-03-06
5506,damelelou,1100,Abordable,2026-03-06
5507,zotiqx,1100,Abordable,2026-03-06
5508,Nairod7200,1100,Abordable,2026-03-06
5509,theRealKetsumei,1100,Abordable,2026-03-06
5510,YukariYuii,1100,Abordable,2026-03-06
5511,giytorofdoutcluyflu,1099,Abordable,2026-03-06
5512,peppeeeerrrr,1099,Abordable,2026-03-06
5513,miette_de_patate,1099,Abordable,2026-03-06
5514,Ruthrise,1099,Abordable,2026-03-06
5515,cybernetic85,1099,Abordable,2026-03-06
5516,marieth_2770,1098,Abordable,2026-03-06
5517,Zemijisu_,1098,Abordable,2026-03-06
5518,what_the_feuj,1098,Abordable,2026-03-06
5519,AlphaH3lo,1098,Abordable,2026-03-06
5520,Matt_entre_parentheses,1098,Abordable,2026-03-06
5521,garriesk,1098,Abordable,2026-03-06
5522,astrophysi_cee_ene,1097,Abordable,2026-03-06
5523,Pierroc76,1097,Abordable,2026-03-06
5524,BjrDorian,1097,Abordable,2026-03-06
5525,ccandylene,1097,Abordable,2026-03-06
5526,B3NN0X,1097,Abordable,2026-03-06
5527,luxakyy,1097,Abordable,2026-03-06
5528,ophe_j,1097,Abordable,2026-03-06
5529,Grabape,1097,Abordable,2026-03-06
5530,02mel0291,1096,Abordable,2026-03-06
5531,christoschriss,1096,Abordable,2026-03-06
5532,tgaudin13,1096,Abordable,2026-03-06
5533,Kalou_04,1096,Abordable,2026-03-06
5534,LuanGTV,1096,Abordable,2026-03-06
5535,poule655,1096,Abordable,2026-03-06
5536,manonuseroff,1096,Abordable,2026-03-06
5537,lamyaya07,1096,Abordable,2026-03-06
5538,Particulle,1096,Abordable,2026-03-06
5539,Percevelo,1095,Abordable,2026-03-06
5540,ji_yuna,1095,Abordable,2026-03-06
5541,alpacyo,1095,Abordable,2026-03-06
5542,apeyx37300,1095,Abordable,2026-03-06
5543,leunachos,1095,Abordable,2026-03-06
5544,Ratman258,1095,Abordable,2026-03-06
5545,djinn789,1095,Abordable,2026-03-06
5546,moriartt,1095,Abordable,2026-03-06
5547,Shogaro,1094,Abordable,2026-03-06
5548,dellybellules,1094,Abordable,2026-03-06
5549,Tuuttuurr,1094,Abordable,2026-03-06
5550,N0maann,1094,Abordable,2026-03-06
5551,mynooos,1094,Abordable,2026-03-06
5552,M8_juweyz,1094,Abordable,2026-03-06
5553,marioneliden,1094,Abordable,2026-03-06
5554,Fikdaan,1094,Abordable,2026-03-06
5555,mate0_oooo,1093,Abordable,2026-03-06
5556,enirual0404,1093,Abordable,2026-03-06
5557,trobidon_,1093,Abordable,2026-03-06
5558,Kamaya4251,1093,Abordable,2026-03-06
5559,m0uking,1093,Abordable,2026-03-06
5560,Zlu_glu,1093,Abordable,2026-03-06
5561,bosbablue,1093,Abordable,2026-03-06
5562,chloum33,1093,Abordable,2026-03-06
5563,libongo8,1093,Abordable,2026-03-06
5564,Bubble__Lisa,1093,Abordable,2026-03-06
5565,Enorme_Daube,1092,Abordable,2026-03-06
5566,jeanbradley,1092,Abordable,2026-03-06
5567,yoyo_le_puant,1092,Abordable,2026-03-06
5568,claquette02,1092,Abordable,2026-03-06
5569,clemento__,1092,Abordable,2026-03-06
5570,nother14,1092,Abordable,2026-03-06
5571,lyrtimev2,1092,Abordable,2026-03-06
5572,CydoniaVT,1091,Abordable,2026-03-06
5573,nolann_lm20,1091,Abordable,2026-03-06
5574,laurinef38,1091,Abordable,2026-03-06
5575,LeJawadien,1091,Abordable,2026-03-06
5576,DaSanta_,1090,Abordable,2026-03-06
5577,Befstream,1090,Abordable,2026-03-06
5578,phoenix125603,1090,Abordable,2026-03-06
5579,n_7_95,1090,Abordable,2026-03-06
5580,kunfandi,1090,Abordable,2026-03-06
5581,pikapikatrash,1090,Abordable,2026-03-06
5582,baowben,1090,Abordable,2026-03-06
5583,Cailloux_q,1089,Abordable,2026-03-06
5584,liloupons26,1089,Abordable,2026-03-06
5585,savolpao,1089,Abordable,2026-03-06
5586,clmnt_mntr,1089,Abordable,2026-03-06
5587,DJK_F,1089,Abordable,2026-03-06
5588,oumsafiya69,1089,Abordable,2026-03-06
5589,ludivine_59400,1089,Abordable,2026-03-06
5590,ujjutz,1089,Abordable,2026-03-06
5591,witchylilyotaku,1089,Abordable,2026-03-06
5592,Daurihan,1089,Abordable,2026-03-06
5593,raaa_aph,1089,Abordable,2026-03-06
5594,Nevarem,1089,Abordable,2026-03-06
5595,so_mrr,1089,Abordable,2026-03-06
5596,atchoum3456,1088,Abordable,2026-03-06
5597,solene2662,1088,Abordable,2026-03-06
5598,12yboke,1088,Abordable,2026-03-06
5599,Venatys,1088,Abordable,2026-03-06
5600,SkySpirit320,1088,Abordable,2026-03-06
5601,oriane2409,1088,Abordable,2026-03-06
5602,Docxyclaque,1088,Abordable,2026-03-06
5603,gigibangbang,1088,Abordable,2026-03-06
5604,liakarat,1088,Abordable,2026-03-06
5605,CivilViperYT,1088,Abordable,2026-03-06
5606,biottop,1087,Abordable,2026-03-06
5607,tigreguerrier,1087,Abordable,2026-03-06
5608,eshiloe,1087,Abordable,2026-03-06
5609,MTX_Magikzz,1087,Abordable,2026-03-06
5610,dalaxie,1087,Abordable,2026-03-06
5611,citronentn,1087,Abordable,2026-03-06
5612,Kiddy74,1086,Abordable,2026-03-06
5613,Jaimyys,1086,Abordable,2026-03-06
5614,Pierokarei,1086,Abordable,2026-03-06
5615,Pierre_Desproges,1086,Abordable,2026-03-06
5616,dindon_furieux,1085,Abordable,2026-03-06
5617,julesbrggg,1085,Abordable,2026-03-06
5618,Sachad_,1085,Abordable,2026-03-06
5619,farlgerann,1085,Abordable,2026-03-06
5620,Ananassassin,1085,Abordable,2026-03-06
5621,boudin07,1085,Abordable,2026-03-06
5622,cassss2002,1085,Abordable,2026-03-06
5623,Cokotier,1084,Abordable,2026-03-06
5624,Almo_le_trublion,1084,Abordable,2026-03-06
5625,MoiJePerd,1084,Abordable,2026-03-06
5626,hugsz_,1084,Abordable,2026-03-06
5627,homerunner,1084,Abordable,2026-03-06
5628,titi2004brgsvictor,1084,Abordable,2026-03-06
5629,lilou_fx,1084,Abordable,2026-03-06
5630,Paulsan_,1084,Abordable,2026-03-06
5631,NiDehelp,1084,Abordable,2026-03-06
5632,Anzge,1083,Abordable,2026-03-06
5633,Mbaptiste20,1083,Abordable,2026-03-06
5634,eva_606,1083,Abordable,2026-03-06
5635,musaraygne,1083,Abordable,2026-03-06
5636,ratchetrobs29,1083,Abordable,2026-03-06
5637,estellane_,1083,Abordable,2026-03-06
5638,NicoNey,1082,Abordable,2026-03-06
5639,lololeparigo,1082,Abordable,2026-03-06
5640,Swingrummi,1082,Abordable,2026-03-06
5641,teo_bnmr,1082,Abordable,2026-03-06
5642,Fass2Pet,1082,Abordable,2026-03-06
5643,Sangonico21,1082,Abordable,2026-03-06
5644,ritonfonfon,1081,Abordable,2026-03-06
5645,hut096,1081,Abordable,2026-03-06
5646,dypsiiiiie,1081,Abordable,2026-03-06
5647,xNumerobis,1081,Abordable,2026-03-06
5648,not4kids_,1081,Abordable,2026-03-06
5649,lulu_2711,1081,Abordable,2026-03-06
5650,margros_777,1081,Abordable,2026-03-06
5651,karducu,1081,Abordable,2026-03-06
5652,imanimii,1081,Abordable,2026-03-06
5653,toxadaz,1081,Abordable,2026-03-06
5654,Heximius,1081,Abordable,2026-03-06
5655,nicoyon29,1081,Abordable,2026-03-06
5656,oceaneo2005,1081,Abordable,2026-03-06
5657,deline360,1081,Abordable,2026-03-06
5658,victor_nts,1081,Abordable,2026-03-06
5659,micropo1,1081,Abordable,2026-03-06
5660,laeyvaten,1080,Abordable,2026-03-06
5661,sam61123,1080,Abordable,2026-03-06
5662,ItebZz_,1080,Abordable,2026-03-06
5663,ttomy91,1080,Abordable,2026-03-06
5664,SoBgd,1080,Abordable,2026-03-06
5665,clemger30,1080,Abordable,2026-03-06
5666,chibredubengale_,1080,Abordable,2026-03-06
5667,zoemonon,1080,Abordable,2026-03-06
5668,Plo44,1080,Abordable,2026-03-06
5669,marleyy59,1080,Abordable,2026-03-06
5670,charlottepst,1079,Abordable,2026-03-06
5671,liyu06,1079,Abordable,2026-03-06
5672,anto_8544,1079,Abordable,2026-03-06
5673,feuszefeus,1079,Abordable,2026-03-06
5674,Hydroptic__,1079,Abordable,2026-03-06
5675,axeIeax,1079,Abordable,2026-03-06
5676,general_vador,1079,Abordable,2026-03-06
5677,Jaask__,1079,Abordable,2026-03-06
5678,mkmelodic,1078,Abordable,2026-03-06
5679,tomtom_w,1078,Abordable,2026-03-06
5680,b0fuox,1078,Abordable,2026-03-06
5681,Lesathus,1078,Abordable,2026-03-06
5682,eldon947,1077,Abordable,2026-03-06
5683,tatouille31830,1077,Abordable,2026-03-06
5684,littleeewolf,1077,Abordable,2026-03-06
5685,lelia_charp,1077,Abordable,2026-03-06
5686,celiaato,1077,Abordable,2026-03-06
5687,jejewargun,1077,Abordable,2026-03-06
5688,hugo140604,1077,Abordable,2026-03-06
5689,noVinnieshere,1077,Abordable,2026-03-06
5690,sanaga682,1077,Abordable,2026-03-06
5691,manypiment,1076,Abordable,2026-03-06
5692,xavh28,1076,Abordable,2026-03-06
5693,GreenSnakeN,1076,Abordable,2026-03-06
5694,WillouDelWillou,1076,Abordable,2026-03-06
5695,cyrrey,1076,Abordable,2026-03-06
5696,pautcho_,1076,Abordable,2026-03-06
5697,thetoniocarbo,1075,Abordable,2026-03-06
5698,paulperrier,1075,Abordable,2026-03-06
5699,xRoublard,1075,Abordable,2026-03-06
5700,Baxoille,1075,Abordable,2026-03-06
5701,maxxxx_la_menace,1075,Abordable,2026-03-06
5702,eqilibr,1074,Abordable,2026-03-06
5703,loulekaty,1074,Abordable,2026-03-06
5704,tiago97338,1074,Abordable,2026-03-06
5705,lechatdelanuit,1074,Abordable,2026-03-06
5706,karimlevoleur93,1074,Abordable,2026-03-06
5707,carvalv,1073,Abordable,2026-03-06
5708,fb_julien,1073,Abordable,2026-03-06
5709,wiikiix,1073,Abordable,2026-03-06
5710,aki_dvn,1073,Abordable,2026-03-06
5711,clem_entine,1073,Abordable,2026-03-06
5712,annhe156464,1073,Abordable,2026-03-06
5713,merouane_sb,1073,Abordable,2026-03-06
5714,amel1901,1073,Abordable,2026-03-06
5715,comep8,1073,Abordable,2026-03-06
5716,othello37,1073,Abordable,2026-03-06
5717,flomoul,1073,Abordable,2026-03-06
5718,Aiyarij,1073,Abordable,2026-03-06
5719,radine3,1073,Abordable,2026-03-06
5720,yvnnislefaux,1073,Abordable,2026-03-06
5721,clementdjir,1073,Abordable,2026-03-06
5722,ylanlb_,1073,Abordable,2026-03-06
5723,fflloflo,1072,Abordable,2026-03-06
5724,sarahbnl1,1072,Abordable,2026-03-06
5725,sauce_kikkoman,1072,Abordable,2026-03-06
5726,mariec_r,1072,Abordable,2026-03-06
5727,itsmillycts,1072,Abordable,2026-03-06
5728,Peohina,1072,Abordable,2026-03-06
5729,Olvibo,1072,Abordable,2026-03-06
5730,justinelng,1072,Abordable,2026-03-06
5731,Noddinoir,1072,Abordable,2026-03-06
5732,snow__coffee,1072,Abordable,2026-03-06
5733,OhannaSky,1071,Abordable,2026-03-06
5734,salutdddh,1071,Abordable,2026-03-06
5735,golrad,1071,Abordable,2026-03-06
5736,tshallan,1071,Abordable,2026-03-06
5737,timojs63,1071,Abordable,2026-03-06
5738,apple7954,1071,Abordable,2026-03-06
5739,alexanepineau,1071,Abordable,2026-03-06
5740,BisonTruffe,1071,Abordable,2026-03-06
5741,LeonRillettes,1070,Abordable,2026-03-06
5742,cherryflz,1070,Abordable,2026-03-06
5743,mathias_mim,1070,Abordable,2026-03-06
5744,ixeros_,1070,Abordable,2026-03-06
5745,Kraccoon,1069,Abordable,2026-03-06
5746,hannibaldaquin,1069,Abordable,2026-03-06
5747,TransiIvanya_,1069,Abordable,2026-03-06
5748,NeoXHyriz,1069,Abordable,2026-03-06
5749,Pitoufo,1069,Abordable,2026-03-06
5750,escanors7s,1069,Abordable,2026-03-06
5751,laslolas06,1069,Abordable,2026-03-06
5752,maey11,1069,Abordable,2026-03-06
5753,anachocolat78,1069,Abordable,2026-03-06
5754,dryamate,1069,Abordable,2026-03-06
5755,lorrie49,1068,Abordable,2026-03-06
5756,shaliyana15212,1068,Abordable,2026-03-06
5757,marsovar1,1068,Abordable,2026-03-06
5758,alexandresazy,1068,Abordable,2026-03-06
5759,remip_14,1068,Abordable,2026-03-06
5760,Gali_LAlligator,1068,Abordable,2026-03-06
5761,manonch05,1068,Abordable,2026-03-06
5762,manonska,1068,Abordable,2026-03-06
5763,maheru_,1068,Abordable,2026-03-06
5764,alix91105,1067,Abordable,2026-03-06
5765,juliethefrog16,1067,Abordable,2026-03-06
5766,Heligo,1067,Abordable,2026-03-06
5767,PierreBertran,1067,Abordable,2026-03-06
5768,crex31,1067,Abordable,2026-03-06
5769,Sytorex_,1067,Abordable,2026-03-06
5770,bla473,1067,Abordable,2026-03-06
5771,sandrasospoir,1066,Abordable,2026-03-06
5772,carlota_1321,1066,Abordable,2026-03-06
5773,lagon1009,1066,Abordable,2026-03-06
5774,HBRG_LoupXray,1066,Abordable,2026-03-06
5775,CeresLaPlanete,1066,Abordable,2026-03-06
5776,tvX3NON,1066,Abordable,2026-03-06
5777,chek56,1066,Abordable,2026-03-06
5778,Z4RM,1065,Abordable,2026-03-06
5779,averageyouth,1065,Abordable,2026-03-06
5780,xeraatys,1065,Abordable,2026-03-06
5781,yourcraft2935,1065,Abordable,2026-03-06
5782,chap3000,1065,Abordable,2026-03-06
5783,valentinechnl1234,1065,Abordable,2026-03-06
5784,gagelibuzz,1065,Abordable,2026-03-06
5785,Blobloob,1064,Abordable,2026-03-06
5786,dragonkouki,1064,Abordable,2026-03-06
5787,oslano11,1064,Abordable,2026-03-06
5788,MissMerrily,1063,Abordable,2026-03-06
5789,Kisholegum,1063,Abordable,2026-03-06
5790,romenaizer,1063,Abordable,2026-03-06
5791,thedwarfmithril,1063,Abordable,2026-03-06
5792,gregoiresimon89,1063,Abordable,2026-03-06
5793,florent_mvy,1063,Abordable,2026-03-06
5794,Monsieur__K__,1063,Abordable,2026-03-06
5795,z_soodz_a,1063,Abordable,2026-03-06
5796,graphik_dob,1063,Abordable,2026-03-06
5797,kcinna19,1062,Abordable,2026-03-06
5798,geffg69,1062,Abordable,2026-03-06
5799,florenbleu,1062,Abordable,2026-03-06
5800,Mouzouill,1062,Abordable,2026-03-06
5801,eli21167,1062,Abordable,2026-03-06
5802,quentinfqu,1062,Abordable,2026-03-06
5803,marciy19,1062,Abordable,2026-03-06
5804,emie_qssc,1062,Abordable,2026-03-06
5805,astri166,1061,Abordable,2026-03-06
5806,PatoPesteau,1061,Abordable,2026-03-06
5807,luusssee,1061,Abordable,2026-03-06
5808,Haty_drawing,1061,Abordable,2026-03-06
5809,mae97438,1061,Abordable,2026-03-06
5810,ximenia47,1061,Abordable,2026-03-06
5811,alex6344,1061,Abordable,2026-03-06
5812,polux1316,1061,Abordable,2026-03-06
5813,damien3110,1061,Abordable,2026-03-06
5814,byakuzen468,1060,Abordable,2026-03-06
5815,mohabb38,1060,Abordable,2026-03-06
5816,br0uti,1060,Abordable,2026-03-06
5817,so6teee,1060,Abordable,2026-03-06
5818,doriangvrt,1060,Abordable,2026-03-06
5819,gallenssio,1060,Abordable,2026-03-06
5820,GGReusDeCouette,1060,Abordable,2026-03-06
5821,Arzigman,1060,Abordable,2026-03-06
5822,cali200508,1060,Abordable,2026-03-06
5823,Sinafay44,1060,Abordable,2026-03-06
5824,royivi,1060,Abordable,2026-03-06
5825,faucond0r,1059,Abordable,2026-03-06
5826,pomyq,1059,Abordable,2026-03-06
5827,asp_00,1058,Abordable,2026-03-06
5828,cestmoy,1058,Abordable,2026-03-06
5829,kc_zarixsa,1058,Abordable,2026-03-06
5830,suplitox,1058,Abordable,2026-03-06
5831,Dollec,1058,Abordable,2026-03-06
5832,admylex33,1058,Abordable,2026-03-06
5833,bloptius,1058,Abordable,2026-03-06
5834,Mymie1987,1057,Abordable,2026-03-06
5835,ngu9572,1057,Abordable,2026-03-06
5836,joyce8212,1057,Abordable,2026-03-06
5837,nolan__011,1057,Abordable,2026-03-06
5838,lolog_44,1057,Abordable,2026-03-06
5839,noxaled,1057,Abordable,2026-03-06
5840,owen_crb,1056,Abordable,2026-03-06
5841,cantin_77,1056,Abordable,2026-03-06
5842,violetterhr,1056,Abordable,2026-03-06
5843,swogii,1056,Abordable,2026-03-06
5844,airvivi,1056,Abordable,2026-03-06
5845,thecosmicgoat_nya,1055,Abordable,2026-03-06
5846,keryoma,1055,Abordable,2026-03-06
5847,bloupsi1036,1055,Abordable,2026-03-06
5848,loicmpax,1055,Abordable,2026-03-06
5849,mc0632,1055,Abordable,2026-03-06
5850,csasniper1993,1055,Abordable,2026-03-06
5851,nicoo2681,1055,Abordable,2026-03-06
5852,Sloty_56,1054,Abordable,2026-03-06
5853,lois_espoir_infini,1054,Abordable,2026-03-06
5854,aymerichou666,1054,Abordable,2026-03-06
5855,boune_6,1054,Abordable,2026-03-06
5856,am_nefariouz,1054,Abordable,2026-03-06
5857,Roupuch,1054,Abordable,2026-03-06
5858,Alec_kln,1054,Abordable,2026-03-06
5859,Neivenz,1054,Abordable,2026-03-06
5860,After_Edits,1053,Abordable,2026-03-06
5861,RandyComicsFR,1053,Abordable,2026-03-06
5862,pssylux,1053,Abordable,2026-03-06
5863,Mystik_24,1053,Abordable,2026-03-06
5864,gab_0235,1053,Abordable,2026-03-06
5865,ju1ien5,1053,Abordable,2026-03-06
5866,clarinettepouette2,1053,Abordable,2026-03-06
5867,lo_la0503,1052,Abordable,2026-03-06
5868,ghalimoums,1052,Abordable,2026-03-06
5869,max4h,1052,Abordable,2026-03-06
5870,YuriiVGR,1052,Abordable,2026-03-06
5871,cramptex,1051,Abordable,2026-03-06
5872,perejosephine,1051,Abordable,2026-03-06
5873,petitebiche,1051,Abordable,2026-03-06
5874,ouibonjourallo,1051,Abordable,2026-03-06
5875,flyminia,1051,Abordable,2026-03-06
5876,el0an3,1051,Abordable,2026-03-06
5877,emilie_pre,1051,Abordable,2026-03-06
5878,arkysflexonurmom,1051,Abordable,2026-03-06
5879,maxime_dev_23,1051,Abordable,2026-03-06
5880,heloiserdnt,1051,Abordable,2026-03-06
5881,eperw46,1050,Abordable,2026-03-06
5882,nicosmilesc,1050,Abordable,2026-03-06
5883,antoinepouvreau,1050,Abordable,2026-03-06
5884,Jasper_jordan,1050,Abordable,2026-03-06
5885,sbtfu_fenrir,1050,Abordable,2026-03-06
5886,larbex10,1049,Abordable,2026-03-06
5887,kharjouli,1049,Abordable,2026-03-06
5888,seub_0,1049,Abordable,2026-03-06
5889,Naktyl,1049,Abordable,2026-03-06
5890,sarahsz12,1049,Abordable,2026-03-06
5891,robignolll,1049,Abordable,2026-03-06
5892,royalbrioche,1049,Abordable,2026-03-06
5893,beretlanes,1048,Abordable,2026-03-06
5894,yannou73,1048,Abordable,2026-03-06
5895,sacha_jhd,1048,Abordable,2026-03-06
5896,keauquau,1048,Abordable,2026-03-06
5897,lipulo,1048,Abordable,2026-03-06
5898,Oshiina_,1048,Abordable,2026-03-06
5899,FlavienSR,1048,Abordable,2026-03-06
5900,shokow01,1048,Abordable,2026-03-06
5901,athenaprovence,1048,Abordable,2026-03-06
5902,Krakitoo,1048,Abordable,2026-03-06
5903,claire_12b,1047,Abordable,2026-03-06
5904,clo_fantino,1047,Abordable,2026-03-06
5905,Brook1l,1047,Abordable,2026-03-06
5906,dzofie,1047,Abordable,2026-03-06
5907,baptiste255,1047,Abordable,2026-03-06
5908,candice_29,1047,Abordable,2026-03-06
5909,Alkeiios,1046,Abordable,2026-03-06
5910,lenygmatic,1046,Abordable,2026-03-06
5911,noah7609,1046,Abordable,2026-03-06
5912,yayy40,1046,Abordable,2026-03-06
5913,justincg27,1046,Abordable,2026-03-06
5914,sebixinhow,1046,Abordable,2026-03-06
5915,BoingTV,1046,Abordable,2026-03-06
5916,PetiteNouill,1046,Abordable,2026-03-06
5917,loulou_lezeub,1046,Abordable,2026-03-06
5918,rosie_pinkie,1046,Abordable,2026-03-06
5919,gamzatti612,1046,Abordable,2026-03-06
5920,marius_rc,1045,Abordable,2026-03-06
5921,raphiky,1045,Abordable,2026-03-06
5922,rontidju,1045,Abordable,2026-03-06
5923,aurooooore_,1044,Abordable,2026-03-06
5924,anthosdrn,1044,Abordable,2026-03-06
5925,mariewstr,1044,Abordable,2026-03-06
5926,ed_fiyero,1044,Abordable,2026-03-06
5927,la_louve86,1044,Abordable,2026-03-06
5928,KC_Thi,1044,Abordable,2026-03-06
5929,wnhrv,1044,Abordable,2026-03-06
5930,apolate,1044,Abordable,2026-03-06
5931,jento86,1044,Abordable,2026-03-06
5932,inyri,1044,Abordable,2026-03-06
5933,XxXTheDarkLicorne42XxX,1044,Abordable,2026-03-06
5934,kiruhat_,1044,Abordable,2026-03-06
5935,mikauland29,1044,Abordable,2026-03-06
5936,jey_tiego,1043,Abordable,2026-03-06
5937,aaronhal74,1043,Abordable,2026-03-06
5938,camillezn0706,1043,Abordable,2026-03-06
5939,leroigogus,1043,Abordable,2026-03-06
5940,thefrenchcanadian1,1043,Abordable,2026-03-06
5941,jacklessur,1043,Abordable,2026-03-06
5942,ayoo231211,1042,Abordable,2026-03-06
5943,chromaison,1042,Abordable,2026-03-06
5944,jo2ly,1042,Abordable,2026-03-06
5945,ytr3w,1042,Abordable,2026-03-06
5946,yaonxv,1042,Abordable,2026-03-06
5947,nokrozz,1042,Abordable,2026-03-06
5948,guide_sentier,1042,Abordable,2026-03-06
5949,emmacarenaaa12,1042,Abordable,2026-03-06
5950,mzwzz,1042,Abordable,2026-03-06
5951,Walnem,1042,Abordable,2026-03-06
5952,tutusse_01,1042,Abordable,2026-03-06
5953,cl_emen1,1042,Abordable,2026-03-06
5954,poison_guy_,1041,Abordable,2026-03-06
5955,wronsky2694,1041,Abordable,2026-03-06
5956,clementrsl21,1041,Abordable,2026-03-06
5957,Latlas_mg,1041,Abordable,2026-03-06
5958,alexmuse93,1040,Abordable,2026-03-06
5959,antoine_flno,1040,Abordable,2026-03-06
5960,Vheron_,1040,Abordable,2026-03-06
5961,nldp_,1040,Abordable,2026-03-06
5962,Rayleix,1039,Abordable,2026-03-06
5963,tchapssss,1039,Abordable,2026-03-06
5964,nanouma34,1039,Abordable,2026-03-06
5965,archa0ss,1039,Abordable,2026-03-06
5966,Pecheur_detoiles,1039,Abordable,2026-03-06
5967,ori_us,1039,Abordable,2026-03-06
5968,thelume22,1039,Abordable,2026-03-06
5969,flo_oo00,1039,Abordable,2026-03-06
5970,alex_lefeu,1038,Abordable,2026-03-06
5971,lecrvyuo,1038,Abordable,2026-03-06
5972,Kriptoneo,1038,Abordable,2026-03-06
5973,theunderdog2408,1038,Abordable,2026-03-06
5974,EmudDemasic,1038,Abordable,2026-03-06
5975,yoshii__16,1038,Abordable,2026-03-06
5976,jmichellllll,1038,Abordable,2026-03-06
5977,glebouch,1038,Abordable,2026-03-06
5978,Pepiinard,1038,Abordable,2026-03-06
5979,dr4kness_,1038,Abordable,2026-03-06
5980,Soeole3,1037,Abordable,2026-03-06
5981,oli_cars_lh,1037,Abordable,2026-03-06
5982,bmaufrais,1037,Abordable,2026-03-06
5983,tomben3345,1037,Abordable,2026-03-06
5984,parabellumen,1036,Abordable,2026-03-06
5985,paad84,1036,Abordable,2026-03-06
5986,lucylel9,1036,Abordable,2026-03-06
5987,bipbipbopbop92,1036,Abordable,2026-03-06
5988,lucxxs78,1036,Abordable,2026-03-06
5989,ehmelon,1036,Abordable,2026-03-06
5990,tirciis,1035,Abordable,2026-03-06
5991,vaherro,1035,Abordable,2026-03-06
5992,russell2temu,1035,Abordable,2026-03-06
5993,le_koala01,1035,Abordable,2026-03-06
5994,kalild83,1035,Abordable,2026-03-06
5995,123thibz,1035,Abordable,2026-03-06
5996,magicarpegoo,1035,Abordable,2026-03-06
5997,Synchr0nes,1035,Abordable,2026-03-06
5998,darkmater164,1034,Abordable,2026-03-06
5999,jeanfecule,1034,Abordable,2026-03-06
6000,Wilhelm2a,1034,Abordable,2026-03-06
6001,fanniliphant,1034,Abordable,2026-03-06
6002,Aza_elm,1034,Abordable,2026-03-06
6003,laineme69,1034,Abordable,2026-03-06
6004,speeedy_studios,1034,Abordable,2026-03-06
6005,Tooms17,1033,Abordable,2026-03-06
6006,Asm0ze,1033,Abordable,2026-03-06
6007,zonzonn8,1033,Abordable,2026-03-06
6008,noa021005,1033,Abordable,2026-03-06
6009,SJ_Katayo,1033,Abordable,2026-03-06
6010,neptune_and_co,1033,Abordable,2026-03-06
6011,nath84000,1033,Abordable,2026-03-06
6012,rousselix_,1033,Abordable,2026-03-06
6013,Mehdi_Dabu,1032,Abordable,2026-03-06
6014,djeynialo,1032,Abordable,2026-03-06
6015,drdankmensional,1032,Abordable,2026-03-06
6016,dagbzz,1032,Abordable,2026-03-06
6017,DarkJambonator,1032,Abordable,2026-03-06
6018,lilitous23,1032,Abordable,2026-03-06
6019,tomrib_,1032,Abordable,2026-03-06
6020,millat99,1031,Abordable,2026-03-06
6021,ledentuxjr,1031,Abordable,2026-03-06
6022,Zeides_,1031,Abordable,2026-03-06
6023,Kayneth_dev,1031,Abordable,2026-03-06
6024,Nimoow,1031,Abordable,2026-03-06
6025,eleinir91,1031,Abordable,2026-03-06
6026,pattenrond94,1031,Abordable,2026-03-06
6027,r052525252,1031,Abordable,2026-03-06
6028,bttwist,1031,Abordable,2026-03-06
6029,claradch27,1031,Abordable,2026-03-06
6030,mar_yen,1031,Abordable,2026-03-06
6031,klara_0711,1031,Abordable,2026-03-06
6032,peace92111,1030,Abordable,2026-03-06
6033,baptou725,1030,Abordable,2026-03-06
6034,jgjvhnhfg_aka_venec,1030,Abordable,2026-03-06
6035,greenouilles,1030,Abordable,2026-03-06
6036,EME339,1030,Abordable,2026-03-06
6037,kalaneombre,1029,Abordable,2026-03-06
6038,skydred2424,1029,Abordable,2026-03-06
6039,d4xt,1029,Abordable,2026-03-06
6040,paulmilad_lz,1029,Abordable,2026-03-06
6041,mylenemozza,1029,Abordable,2026-03-06
6042,Scalion17,1029,Abordable,2026-03-06
6043,devreix,1029,Abordable,2026-03-06
6044,Remiwyng,1029,Abordable,2026-03-06
6045,cbkine,1028,Abordable,2026-03-06
6046,papylebrave,1028,Abordable,2026-03-06
6047,zolrm,1028,Abordable,2026-03-06
6048,Axah_,1028,Abordable,2026-03-06
6049,thdest,1028,Abordable,2026-03-06
6050,EsteMoon,1028,Abordable,2026-03-06
6051,Duckkaebi,1027,Abordable,2026-03-06
6052,andras_sova,1027,Abordable,2026-03-06
6053,baptard_,1027,Abordable,2026-03-06
6054,bnajou,1027,Abordable,2026-03-06
6055,alexpns41,1027,Abordable,2026-03-06
6056,thom_s23,1027,Abordable,2026-03-06
6057,thomsko_77,1027,Abordable,2026-03-06
6058,cedricblandin,1027,Abordable,2026-03-06
6059,emile_rsl,1027,Abordable,2026-03-06
6060,settbronzette_,1026,Abordable,2026-03-06
6061,gilles_bourque,1026,Abordable,2026-03-06
6062,Gloups,1026,Abordable,2026-03-06
6063,clemmrlt,1026,Abordable,2026-03-06
6064,Namlook007,1026,Abordable,2026-03-06
6065,pps2b,1026,Abordable,2026-03-06
6066,panda_roux02,1026,Abordable,2026-03-06
6067,frisk_59100,1026,Abordable,2026-03-06
6068,haizaaki,1026,Abordable,2026-03-06
6069,lapetitelouise1,1025,Abordable,2026-03-06
6070,d0ud0u1806,1025,Abordable,2026-03-06
6071,ew0ne,1025,Abordable,2026-03-06
6072,dzekonomies,1025,Abordable,2026-03-06
6073,jonycantos,1025,Abordable,2026-03-06
6074,boulebizard8,1024,Abordable,2026-03-06
6075,colombef,1024,Abordable,2026-03-06
6076,sebasti0uche,1024,Abordable,2026-03-06
6077,Escobarix,1023,Abordable,2026-03-06
6078,icyfox_08,1023,Abordable,2026-03-06
6079,guillaume841,1023,Abordable,2026-03-06
6080,dark_side42,1023,Abordable,2026-03-06
6081,miemdax,1023,Abordable,2026-03-06
6082,florianlzn,1023,Abordable,2026-03-06
6083,Sunnnyy_,1023,Abordable,2026-03-06
6084,levanort,1023,Abordable,2026-03-06
6085,0odys,1023,Abordable,2026-03-06
6086,Pandawann01,1023,Abordable,2026-03-06
6087,nefeit_rl,1022,Abordable,2026-03-06
6088,auror_e,1022,Abordable,2026-03-06
6089,defal__,1022,Abordable,2026-03-06
6090,selma_elq,1021,Abordable,2026-03-06
6091,lalbert35,1021,Abordable,2026-03-06
6092,cyrda_,1020,Abordable,2026-03-06
6093,clocloasse,1020,Abordable,2026-03-06
6094,valoulalala,1020,Abordable,2026-03-06
6095,607v6hdi,1020,Abordable,2026-03-06
6096,Zephis11,1020,Abordable,2026-03-06
6097,valtpf,1020,Abordable,2026-03-06
6098,Lorsde,1020,Abordable,2026-03-06
6099,rebec_cruche,1020,Abordable,2026-03-06
6100,bengreg2311,1020,Abordable,2026-03-06
6101,Mephistorok,1020,Abordable,2026-03-06
6102,tetedoeufdepoule,1020,Abordable,2026-03-06
6103,thenassi,1020,Abordable,2026-03-06
6104,lnvd3,1020,Abordable,2026-03-06
6105,supmekoala,1020,Abordable,2026-03-06
6106,grosveineux85,1020,Abordable,2026-03-06
6107,in_draa,1020,Abordable,2026-03-06
6108,Chqrline,1020,Abordable,2026-03-06
6109,carefreechart,1020,Abordable,2026-03-06
6110,lucano_09,1020,Abordable,2026-03-06
6111,lezherospoint,1019,Abordable,2026-03-06
6112,thbogl76,1019,Abordable,2026-03-06
6113,Noctolis,1019,Abordable,2026-03-06
6114,core_rlld,1019,Abordable,2026-03-06
6115,didb12,1019,Abordable,2026-03-06
6116,Hellnettles,1019,Abordable,2026-03-06
6117,erazh_,1019,Abordable,2026-03-06
6118,cookietheboss123,1019,Abordable,2026-03-06
6119,Atchimays_,1018,Abordable,2026-03-06
6120,julios4,1018,Abordable,2026-03-06
6121,zooze59,1018,Abordable,2026-03-06
6122,pacifikcortex,1018,Abordable,2026-03-06
6123,Maximus_GDN,1018,Abordable,2026-03-06
6124,minori_wk,1018,Abordable,2026-03-06
6125,saumon_fretillant,1018,Abordable,2026-03-06
6126,stargate1907,1018,Abordable,2026-03-06
6127,pasfandeoliviergiroud,1018,Abordable,2026-03-06
6128,lonine72,1017,Abordable,2026-03-06
6129,a0dine,1017,Abordable,2026-03-06
6130,SaugeBleu,1017,Abordable,2026-03-06
6131,hadrien2311,1017,Abordable,2026-03-06
6132,jorie78,1017,Abordable,2026-03-06
6133,lomhy,1017,Abordable,2026-03-06
6134,antou_2305,1017,Abordable,2026-03-06
6135,IroonWhite,1017,Abordable,2026-03-06
6136,lorenzomaman2,1017,Abordable,2026-03-06
6137,roolerfan,1017,Abordable,2026-03-06
6138,crovore,1017,Abordable,2026-03-06
6139,PandaBaaka,1016,Abordable,2026-03-06
6140,viiltra,1016,Abordable,2026-03-06
6141,anto_pct,1016,Abordable,2026-03-06
6142,nicopradi5,1016,Abordable,2026-03-06
6143,cyraryca,1015,Abordable,2026-03-06
6144,verypowerfulpanda,1015,Abordable,2026-03-06
6145,mamamimamou,1014,Abordable,2026-03-06
6146,kagaux20,1014,Abordable,2026-03-06
6147,halco_o,1014,Abordable,2026-03-06
6148,crekson,1014,Abordable,2026-03-06
6149,tiana_bhc13,1014,Abordable,2026-03-06
6150,eliso30,1014,Abordable,2026-03-06
6151,KC_Xendrem,1014,Abordable,2026-03-06
6152,Tuilespaprika,1013,Abordable,2026-03-06
6153,mimi_inu,1013,Abordable,2026-03-06
6154,narvalzinc,1013,Abordable,2026-03-06
6155,etducoup,1013,Abordable,2026-03-06
6156,matdu_51,1013,Abordable,2026-03-06
6157,cu_png,1013,Abordable,2026-03-06
6158,lucie250903,1013,Abordable,2026-03-06
6159,alexus_369,1013,Abordable,2026-03-06
6160,Krotaaas,1013,Abordable,2026-03-06
6161,FauconQuiVole,1012,Abordable,2026-03-06
6162,jefaispeuralafoule,1012,Abordable,2026-03-06
6163,pepitaxi,1012,Abordable,2026-03-06
6164,nrobbiano,1012,Abordable,2026-03-06
6165,Nitrox3248,1012,Abordable,2026-03-06
6166,anaelledpuy,1012,Abordable,2026-03-06
6167,manonchbrt,1012,Abordable,2026-03-06
6168,fluxxyew_,1012,Abordable,2026-03-06
6169,theoLM6,1012,Abordable,2026-03-06
6170,romandebreizh,1012,Abordable,2026-03-06
6171,poiquo,1012,Abordable,2026-03-06
6172,levraimr_trognon,1012,Abordable,2026-03-06
6173,elsa_st_mrt,1011,Abordable,2026-03-06
6174,huduzz,1011,Abordable,2026-03-06
6175,Stadi971,1011,Abordable,2026-03-06
6176,Kingsoloman78,1011,Abordable,2026-03-06
6177,shazamatotor,1010,Abordable,2026-03-06
6178,Electusf,1010,Abordable,2026-03-06
6179,Spayerboy,1010,Abordable,2026-03-06
6180,Poppeiii,1009,Abordable,2026-03-06
6181,estherrrr,1009,Abordable,2026-03-06
6182,blade1751,1009,Abordable,2026-03-06
6183,luciel0811,1009,Abordable,2026-03-06
6184,layianeirea,1009,Abordable,2026-03-06
6185,6410040,1009,Abordable,2026-03-06
6186,julioooooooooos,1009,Abordable,2026-03-06
6187,tetarte55,1009,Abordable,2026-03-06
6188,siana23092000,1009,Abordable,2026-03-06
6189,leroisalo,1008,Abordable,2026-03-06
6190,lise3434,1008,Abordable,2026-03-06
6191,paahchaa,1008,Abordable,2026-03-06
6192,imevolution1x,1008,Abordable,2026-03-06
6193,pierre927,1008,Abordable,2026-03-06
6194,BlastZog,1008,Abordable,2026-03-06
6195,lindsay0023,1008,Abordable,2026-03-06
6196,Lasuite98,1007,Abordable,2026-03-06
6197,nicooo441_,1007,Abordable,2026-03-06
6198,anton_cdf,1007,Abordable,2026-03-06
6199,the_miror2,1007,Abordable,2026-03-06
6200,alex_gb7,1007,Abordable,2026-03-06
6201,salut_c_est_m,1007,Abordable,2026-03-06
6202,FarryHimself,1007,Abordable,2026-03-06
6203,theosmgg,1006,Abordable,2026-03-06
6204,FR_Jess,1006,Abordable,2026-03-06
6205,loic_sta,1006,Abordable,2026-03-06
6206,kapette,1006,Abordable,2026-03-06
6207,hiynerte,1006,Abordable,2026-03-06
6208,EmN1ght,1006,Abordable,2026-03-06
6209,thieuuuuthieuuuu,1006,Abordable,2026-03-06
6210,helo_pa,1006,Abordable,2026-03-06
6211,jocondien56,1005,Abordable,2026-03-06
6212,alex73630,1005,Abordable,2026-03-06
6213,cmilloch,1004,Abordable,2026-03-06
6214,YorinBis,1004,Abordable,2026-03-06
6215,patapoufi1,1004,Abordable,2026-03-06
6216,madou624,1004,Abordable,2026-03-06
6217,fofomaster,1003,Abordable,2026-03-06
6218,calouxwitch,1003,Abordable,2026-03-06
6219,diabolitou,1003,Abordable,2026-03-06
6220,Nishiaru,1003,Abordable,2026-03-06
6221,lucilecln,1003,Abordable,2026-03-06
6222,lagigacoc,1002,Abordable,2026-03-06
6223,Kwadzarimon,1002,Abordable,2026-03-06
6224,Destructor642,1002,Abordable,2026-03-06
6225,miokaasan,1002,Abordable,2026-03-06
6226,darknarf666,1002,Abordable,2026-03-06
6227,lynamdn,1001,Abordable,2026-03-06
6228,yazrod21,1001,Abordable,2026-03-06
6229,VS_Lazuli,1001,Abordable,2026-03-06
6230,louis_lsg,1001,Abordable,2026-03-06
6231,val_x,1001,Abordable,2026-03-06
6232,anna_dchs,1001,Abordable,2026-03-06
6233,Arken4ton,1001,Abordable,2026-03-06
6234,istiis,1001,Abordable,2026-03-06
6235,hugoooo__,1000,Abordable,2026-03-06
6236,lucasuall,1000,Abordable,2026-03-06
6237,alexbid2109,1000,Abordable,2026-03-06
6238,Peizan,1000,Abordable,2026-03-06
6239,TontonBuck,1000,Abordable,2026-03-06
6240,justine_2956,1000,Abordable,2026-03-06
6241,agaz_ytb,1000,Abordable,2026-03-06
6242,geo2max_,1000,Abordable,2026-03-06
6243,clemm_4,1000,Abordable,2026-03-06
6244,marbsl,1000,Abordable,2026-03-06
6245,MrArthug,1000,Abordable,2026-03-06
6246,Elfceys,1000,Abordable,2026-03-06
6247,akashi_ak,1000,Abordable,2026-03-06
6248,loiserct,1000,Abordable,2026-03-06
6249,Shaaru_,1000,Abordable,2026-03-06
6250,Le_Deus_Ex_Machina,1000,Abordable,2026-03-06
6251,jacquzi,1000,Abordable,2026-03-06
6252,yeger___,999,Abordable,2026-03-06
6253,alaric_jdr,999,Abordable,2026-03-06
6254,lhea_b,999,Abordable,2026-03-06
6255,crostif,999,Abordable,2026-03-06
6256,alboukerke,999,Abordable,2026-03-06
6257,tim_tim27,999,Abordable,2026-03-06
6258,bobbybambou24,999,Abordable,2026-03-06
6259,themiis,999,Abordable,2026-03-06
6260,vero_guibert17,998,Abordable,2026-03-06
6261,Hinochi_,998,Abordable,2026-03-06
6262,loulou080677,998,Abordable,2026-03-06
6263,manoloyolo13,998,Abordable,2026-03-06
6264,fourchette_44,998,Abordable,2026-03-06
6265,SuperHBG,998,Abordable,2026-03-06
6266,tax0une,998,Abordable,2026-03-06
6267,n4tsum3__,998,Abordable,2026-03-06
6268,ourson1609,998,Abordable,2026-03-06
6269,pierrotdellaluna56100,998,Abordable,2026-03-06
6270,raph685342,998,Abordable,2026-03-06
6271,Helotiede,998,Abordable,2026-03-06
6272,yannchodecuba,997,Abordable,2026-03-06
6273,xaelo668,997,Abordable,2026-03-06
6274,topaze2008,997,Abordable,2026-03-06
6275,aaxelosc,997,Abordable,2026-03-06
6276,lukastud07,997,Abordable,2026-03-06
6277,Atoqua,996,Abordable,2026-03-06
6278,dann_35,996,Abordable,2026-03-06
6279,slaysard,996,Abordable,2026-03-06
6280,martineau72200,996,Abordable,2026-03-06
6281,Nexamus_,996,Abordable,2026-03-06
6282,verotang,995,Abordable,2026-03-06
6283,saratatouille1977,995,Abordable,2026-03-06
6284,BlackPeace,995,Abordable,2026-03-06
6285,Squallary,994,Abordable,2026-03-06
6286,yayawaa,994,Abordable,2026-03-06
6287,loetpastaga,994,Abordable,2026-03-06
6288,parfait_inconnu,994,Abordable,2026-03-06
6289,Youfzer,994,Abordable,2026-03-06
6290,lorentin_hs,994,Abordable,2026-03-06
6291,eliasdes68,994,Abordable,2026-03-06
6292,okayuu_,993,Abordable,2026-03-06
6293,ZorillawBKZ,993,Abordable,2026-03-06
6294,maximedrz21,993,Abordable,2026-03-06
6295,tturpin56,993,Abordable,2026-03-06
6296,Raph_704,993,Abordable,2026-03-06
6297,moana004,992,Abordable,2026-03-06
6298,DianeHn,992,Abordable,2026-03-06
6299,florelys_27,992,Abordable,2026-03-06
6300,merlinpgn,992,Abordable,2026-03-06
6301,fujative,992,Abordable,2026-03-06
6302,ben_643,992,Abordable,2026-03-06
6303,Juze_0,992,Abordable,2026-03-06
6304,CelestiaInStars,992,Abordable,2026-03-06
6305,ttuv144,991,Abordable,2026-03-06
6306,shamallow65,991,Abordable,2026-03-06
6307,doudfffff,991,Abordable,2026-03-06
6308,emiyy17,991,Abordable,2026-03-06
6309,apagnan27s,991,Abordable,2026-03-06
6310,chantaldes2506,991,Abordable,2026-03-06
6311,xel_41,990,Abordable,2026-03-06
6312,ewa0511,990,Abordable,2026-03-06
6313,la_cocotte_de_l_espace,990,Abordable,2026-03-06
6314,mlg_plq,990,Abordable,2026-03-06
6315,didine7921,990,Abordable,2026-03-06
6316,xtheodore18,990,Abordable,2026-03-06
6317,debdebmushi,990,Abordable,2026-03-06
6318,HerleyPan,990,Abordable,2026-03-06
6319,ritanosk,990,Abordable,2026-03-06
6320,KidzyQH,990,Abordable,2026-03-06
6321,gblinuff,990,Abordable,2026-03-06
6322,SkizoQuiche,990,Abordable,2026-03-06
6323,Ansuz_Studio,990,Abordable,2026-03-06
6324,Wylness,990,Abordable,2026-03-06
6325,Kiryuu_Chan,990,Abordable,2026-03-06
6326,adi_judrock,990,Abordable,2026-03-06
6327,mat__bln,990,Abordable,2026-03-06
6328,albanne,990,Abordable,2026-03-06
6329,CaptainGolems,989,Abordable,2026-03-06
6330,ZazouTheBird,989,Abordable,2026-03-06
6331,Romiche_SGN,989,Abordable,2026-03-06
6332,thiem69,989,Abordable,2026-03-06
6333,Zarwantis,989,Abordable,2026-03-06
6334,meennttooss,988,Abordable,2026-03-06
6335,aurorectl1,988,Abordable,2026-03-06
6336,aureliedmt,988,Abordable,2026-03-06
6337,lea386,988,Abordable,2026-03-06
6338,elPebzer,988,Abordable,2026-03-06
6339,Le_Curry_,988,Abordable,2026-03-06
6340,Skyz23,988,Abordable,2026-03-06
6341,Callie450,988,Abordable,2026-03-06
6342,babarne_,988,Abordable,2026-03-06
6343,owlwest,987,Abordable,2026-03-06
6344,noemiiiechess,987,Abordable,2026-03-06
6345,otabiel,987,Abordable,2026-03-06
6346,rollmops54,987,Abordable,2026-03-06
6347,looyze03,987,Abordable,2026-03-06
6348,cloe_dh,987,Abordable,2026-03-06
6349,kweeewk,987,Abordable,2026-03-06
6350,flocantin95,987,Abordable,2026-03-06
6351,chris_magic_,987,Abordable,2026-03-06
6352,Taciturne4463,987,Abordable,2026-03-06
6353,JusteCruse,986,Abordable,2026-03-06
6354,petitbol_,986,Abordable,2026-03-06
6355,Z4RT0CK,986,Abordable,2026-03-06
6356,poliloutre,986,Abordable,2026-03-06
6357,totosch987,986,Abordable,2026-03-06
6358,themistgeeks,986,Abordable,2026-03-06
6359,Porosamax,986,Abordable,2026-03-06
6360,dynamite_coc,986,Abordable,2026-03-06
6361,HotSillyPepper,986,Abordable,2026-03-06
6362,Sangsue_Alitee,986,Abordable,2026-03-06
6363,clembegz,985,Abordable,2026-03-06
6364,constant__,985,Abordable,2026-03-06
6365,wintallkers,985,Abordable,2026-03-06
6366,mezzolebeauf,985,Abordable,2026-03-06
6367,sarahthr,985,Abordable,2026-03-06
6368,backstaaab,985,Abordable,2026-03-06
6369,aliaxx05,985,Abordable,2026-03-06
6370,Amaezingvoid,985,Abordable,2026-03-06
6371,laujaty,985,Abordable,2026-03-06
6372,brugnonfalacieux,984,Abordable,2026-03-06
6373,cissou3324,984,Abordable,2026-03-06
6374,audreybsq,984,Abordable,2026-03-06
6375,dabdabe,984,Abordable,2026-03-06
6376,loulou7949,984,Abordable,2026-03-06
6377,exogar_18,984,Abordable,2026-03-06
6378,pac_max,984,Abordable,2026-03-06
6379,kayo38294,984,Abordable,2026-03-06
6380,aaaabcd1,984,Abordable,2026-03-06
6381,fonlavesqui,984,Abordable,2026-03-06
6382,dididou,983,Abordable,2026-03-06
6383,leo2900,983,Abordable,2026-03-06
6384,timelessmacaroni,983,Abordable,2026-03-06
6385,leo7128,983,Abordable,2026-03-06
6386,pauline_dlvl,983,Abordable,2026-03-06
6387,favien_g53,983,Abordable,2026-03-06
6388,Sinoda9145,983,Abordable,2026-03-06
6389,Foujine,983,Abordable,2026-03-06
6390,Riiths,983,Abordable,2026-03-06
6391,ana_phore,983,Abordable,2026-03-06
6392,clement_sport,983,Abordable,2026-03-06
6393,Axl_Crepes,983,Abordable,2026-03-06
6394,Coralielwt,983,Abordable,2026-03-06
6395,azerek_,983,Abordable,2026-03-06
6396,ElfeTheKing,983,Abordable,2026-03-06
6397,clementm31,982,Abordable,2026-03-06
6398,kakolescargot,982,Abordable,2026-03-06
6399,lolaxtis,982,Abordable,2026-03-06
6400,oceaane_7,982,Abordable,2026-03-06
6401,elisaaarsenic,982,Abordable,2026-03-06
6402,tonymontaratata,982,Abordable,2026-03-06
6403,Thyme_lol,982,Abordable,2026-03-06
6404,maxtrizz,982,Abordable,2026-03-06
6405,Stolgatt,982,Abordable,2026-03-06
6406,jsplusmonidentifiantetmdp,981,Abordable,2026-03-06
6407,L0upin0uuu,981,Abordable,2026-03-06
6408,Wilkouse,981,Abordable,2026-03-06
6409,Shyyx44,981,Abordable,2026-03-06
6410,Guyak,981,Abordable,2026-03-06
6411,bapttttttttttttt,981,Abordable,2026-03-06
6412,YohAmida,981,Abordable,2026-03-06
6413,Mondielle,980,Abordable,2026-03-06
6414,Orybles,980,Abordable,2026-03-06
6415,puceau_et_cocu,980,Abordable,2026-03-06
6416,sofiane413,980,Abordable,2026-03-06
6417,lion5624,979,Abordable,2026-03-06
6418,tatol92,979,Abordable,2026-03-06
6419,pollukse,979,Abordable,2026-03-06
6420,eagledu57,979,Abordable,2026-03-06
6421,cella3e,979,Abordable,2026-03-06
6422,Mimirtylle,979,Abordable,2026-03-06
6423,ludo594401,979,Abordable,2026-03-06
6424,HerrEks,979,Abordable,2026-03-06
6425,anthonjut44,978,Abordable,2026-03-06
6426,ant0neblt,978,Abordable,2026-03-06
6427,laurianerbld,978,Abordable,2026-03-06
6428,charloutre12,978,Abordable,2026-03-06
6429,sm0nkey_,977,Abordable,2026-03-06
6430,marjuxx,977,Abordable,2026-03-06
6431,morganou98,977,Abordable,2026-03-06
6432,antoine42,977,Abordable,2026-03-06
6433,zebastopol8,977,Abordable,2026-03-06
6434,eldon_94,976,Abordable,2026-03-06
6435,Satsuki_Hyphen,976,Abordable,2026-03-06
6436,maaaxouu,976,Abordable,2026-03-06
6437,hugomota07,976,Abordable,2026-03-06
6438,chaseur2_0,976,Abordable,2026-03-06
6439,stormaxx2005,976,Abordable,2026-03-06
6440,Ryma03,976,Abordable,2026-03-06
6441,vieux_fourneaux,976,Abordable,2026-03-06
6442,brobricoleur24,975,Abordable,2026-03-06
6443,LaVendeuseDeSel_,975,Abordable,2026-03-06
6444,LyyyNeeeee,975,Abordable,2026-03-06
6445,stephbern_,975,Abordable,2026-03-06
6446,matchoum_5,975,Abordable,2026-03-06
6447,yannisznt,975,Abordable,2026-03-06
6448,pourfontripe,974,Abordable,2026-03-06
6449,6kollo9,974,Abordable,2026-03-06
6450,colinealm,974,Abordable,2026-03-06
6451,maellementaire,974,Abordable,2026-03-06
6452,Briising,974,Abordable,2026-03-06
6453,Z_Blaast,973,Abordable,2026-03-06
6454,Qoreau,973,Abordable,2026-03-06
6455,zornyr,973,Abordable,2026-03-06
6456,corentinnn_,973,Abordable,2026-03-06
6457,nico14_twitch,973,Abordable,2026-03-06
6458,tim_blz,973,Abordable,2026-03-06
6459,c_212a,972,Abordable,2026-03-06
6460,embbbo,972,Abordable,2026-03-06
6461,Mizanizy,972,Abordable,2026-03-06
6462,19emericrac19,972,Abordable,2026-03-06
6463,laurie_mrm,972,Abordable,2026-03-06
6464,quentin_i,972,Abordable,2026-03-06
6465,milo24,972,Abordable,2026-03-06
6466,patamax27,972,Abordable,2026-03-06
6467,ppelafonissi,972,Abordable,2026-03-06
6468,TheMudkip84,972,Abordable,2026-03-06
6469,Silasrashnak666,972,Abordable,2026-03-06
6470,yanisgobin21,972,Abordable,2026-03-06
6471,Azouuuuu,972,Abordable,2026-03-06
6472,ppdpjuju,972,Abordable,2026-03-06
6473,TeXxirozZ,972,Abordable,2026-03-06
6474,leenvisible,972,Abordable,2026-03-06
6475,balocroute,971,Abordable,2026-03-06
6476,melina_bd,971,Abordable,2026-03-06
6477,cassocios,971,Abordable,2026-03-06
6478,Boatisator,971,Abordable,2026-03-06
6479,Lorencha0905,971,Abordable,2026-03-06
6480,omniscy,971,Abordable,2026-03-06
6481,lemeuble_sexy,970,Abordable,2026-03-06
6482,zaceru,970,Abordable,2026-03-06
6483,mantequillast,970,Abordable,2026-03-06
6484,melanie_jlr,970,Abordable,2026-03-06
6485,bobbynou59250,970,Abordable,2026-03-06
6486,0ranginaflo,970,Abordable,2026-03-06
6487,mx2gunrs,970,Abordable,2026-03-06
6488,bigfleaut,970,Abordable,2026-03-06
6489,ilrux,969,Abordable,2026-03-06
6490,mathou_brb,969,Abordable,2026-03-06
6491,Namexss,969,Abordable,2026-03-06
6492,lenarobase,969,Abordable,2026-03-06
6493,Misiwix21,969,Abordable,2026-03-06
6494,ThorgalARG,969,Abordable,2026-03-06
6495,mai56590,969,Abordable,2026-03-06
6496,germanmen77,968,Abordable,2026-03-06
6497,mummypatatino,968,Abordable,2026-03-06
6498,oshuhhh,968,Abordable,2026-03-06
6499,robs__0,968,Abordable,2026-03-06
6500,softpeanut,968,Abordable,2026-03-06
6501,sillybeat,968,Abordable,2026-03-06
6502,carltipout,968,Abordable,2026-03-06
6503,jujusail,968,Abordable,2026-03-06
6504,catiehercule,968,Abordable,2026-03-06
6505,camillesln,967,Abordable,2026-03-06
6506,gurvan___,967,Abordable,2026-03-06
6507,greyscox,966,Abordable,2026-03-06
6508,bonchourboi,966,Abordable,2026-03-06
6509,melo_tonie,966,Abordable,2026-03-06
6510,celest1802,966,Abordable,2026-03-06
6511,durifzer,966,Abordable,2026-03-06
6512,ortzuu,966,Abordable,2026-03-06
6513,mayabeille1510,965,Abordable,2026-03-06
6514,oj_dag,965,Abordable,2026-03-06
6515,bylacass,965,Abordable,2026-03-06
6516,nellbaiolet,965,Abordable,2026-03-06
6517,Padou64,965,Abordable,2026-03-06
6518,yagarasa,965,Abordable,2026-03-06
6519,SLB_Rico,965,Abordable,2026-03-06
6520,Dodoace,965,Abordable,2026-03-06
6521,noe_n,965,Abordable,2026-03-06
6522,lucas3164972,964,Abordable,2026-03-06
6523,dedeljoucan,964,Abordable,2026-03-06
6524,zsx_apash,964,Abordable,2026-03-06
6525,baldacuze_nemo,964,Abordable,2026-03-06
6526,HBKRKO619,964,Abordable,2026-03-06
6527,pierrepier5,964,Abordable,2026-03-06
6528,balboachess,963,Abordable,2026-03-06
6529,kmikz91,963,Abordable,2026-03-06
6530,Dweezilpowa,963,Abordable,2026-03-06
6531,Manon__08,963,Abordable,2026-03-06
6532,Atagarz,963,Abordable,2026-03-06
6533,BenAir2d2,963,Abordable,2026-03-06
6534,kbens69,962,Abordable,2026-03-06
6535,wazkiz,962,Abordable,2026-03-06
6536,nomadelo,962,Abordable,2026-03-06
6537,pierre_lny8,962,Abordable,2026-03-06
6538,Draks05,962,Abordable,2026-03-06
6539,MargauuxAC,962,Abordable,2026-03-06
6540,will72240,962,Abordable,2026-03-06
6541,Kannyara,962,Abordable,2026-03-06
6542,magnifisi0s,962,Abordable,2026-03-06
6543,arnaud2204,962,Abordable,2026-03-06
6544,Kaede01_,962,Abordable,2026-03-06
6545,technologie06,962,Abordable,2026-03-06
6546,Flo_28_gdn,961,Abordable,2026-03-06
6547,asterie__,961,Abordable,2026-03-06
6548,cocovid92,961,Abordable,2026-03-06
6549,ceedgers,960,Abordable,2026-03-06
6550,Frisouilles,960,Abordable,2026-03-06
6551,Kuasa,960,Abordable,2026-03-06
6552,sut3k1na,960,Abordable,2026-03-06
6553,SomehowElyse,960,Abordable,2026-03-06
6554,LuckyNipples,960,Abordable,2026-03-06
6555,Vlaixo,960,Abordable,2026-03-06
6556,lea_vndr,960,Abordable,2026-03-06
6557,ABL3000,960,Abordable,2026-03-06
6558,amandedu59141,960,Abordable,2026-03-06
6559,svojka,959,Abordable,2026-03-06
6560,wenwen31,959,Abordable,2026-03-06
6561,dreamy_koala,959,Abordable,2026-03-06
6562,Akyrraa,959,Abordable,2026-03-06
6563,dumadu_7,959,Abordable,2026-03-06
6564,mjlaucian,958,Abordable,2026-03-06
6565,12cassandraja,958,Abordable,2026-03-06
6566,RokkyPai,958,Abordable,2026-03-06
6567,flofleur2,958,Abordable,2026-03-06
6568,shark_xpert,958,Abordable,2026-03-06
6569,Nathh_1410,958,Abordable,2026-03-06
6570,manon_itak,958,Abordable,2026-03-06
6581,wazer_x,956,Abordable,2026-03-06
6582,AerGamedev,956,Abordable,2026-03-06
6583,melissa_mgr,956,Abordable,2026-03-06
6584,duup___,956,Abordable,2026-03-06
6585,mangue1367,956,Abordable,2026-03-06
6586,miamulus,956,Abordable,2026-03-06
6587,Halenzo,955,Abordable,2026-03-06
6588,la_chouette07,955,Abordable,2026-03-06
6589,musorgue,955,Abordable,2026-03-06
6590,ewa1958,955,Abordable,2026-03-06
6591,lana_mra,955,Abordable,2026-03-06
6592,gullyiy,955,Abordable,2026-03-06
6593,ivan1992fev,955,Abordable,2026-03-06
6594,asxha_,955,Abordable,2026-03-06
6595,poupiwi,955,Abordable,2026-03-06
6596,0614672732,954,Abordable,2026-03-06
6597,arkhana34,954,Abordable,2026-03-06
6598,MaThel__,954,Abordable,2026-03-06
6599,iaao__,953,Abordable,2026-03-06
6600,fraufort,953,Abordable,2026-03-06
6601,gaazwaal,953,Abordable,2026-03-06
6602,Warni_,953,Abordable,2026-03-06
6603,resau33,953,Abordable,2026-03-06
6604,lauvosges,953,Abordable,2026-03-06
6605,wolff_amadeus,953,Abordable,2026-03-06
6606,jorclaz,952,Abordable,2026-03-06
6607,MalouReyy,952,Abordable,2026-03-06
6608,magnoe9,952,Abordable,2026-03-06
6609,akpoivre_,952,Abordable,2026-03-06
6610,Mouchex2Luxe,952,Abordable,2026-03-06
6611,myriam_trn,951,Abordable,2026-03-06
6612,pluto_090708,951,Abordable,2026-03-06
6613,AntoineXVI_,951,Abordable,2026-03-06
6614,ARCASTlive,951,Abordable,2026-03-06
6615,Nad174,951,Abordable,2026-03-06
6616,deep_hoax,950,Abordable,2026-03-06
6617,malexia111,950,Abordable,2026-03-06
6618,saiane610,950,Abordable,2026-03-06
6619,Nitreb2,950,Abordable,2026-03-06
6620,Gloubi69,950,Abordable,2026-03-06
6621,tobiatus_,950,Abordable,2026-03-06
6622,aiichi_,950,Abordable,2026-03-06
6623,LesHemorroidesDeTom,949,Abordable,2026-03-06
6624,TheNewChemist,949,Abordable,2026-03-06
6625,Packkkco,949,Abordable,2026-03-06
6626,nicoegd,949,Abordable,2026-03-06
6627,matelllllll,949,Abordable,2026-03-06
6628,Linokox,949,Abordable,2026-03-06
6629,eva_pwk,948,Abordable,2026-03-06
6630,Inhezia,948,Abordable,2026-03-06
6631,blondinette85,948,Abordable,2026-03-06
6632,Lojaan_tv,948,Abordable,2026-03-06
6633,hisaro7,948,Abordable,2026-03-06
6634,eddybluefingz,948,Abordable,2026-03-06
6635,baptiste_gl,948,Abordable,2026-03-06
6636,El_Joffrito,947,Abordable,2026-03-06
6637,Sinaynomis,947,Abordable,2026-03-06
6638,emimi09,947,Abordable,2026-03-06
6639,galimeo24,947,Abordable,2026-03-06
6640,MethEnFait,947,Abordable,2026-03-06
6641,phoenixia129,946,Abordable,2026-03-06
6642,lad51,946,Abordable,2026-03-06
6643,dodo_simplement,946,Abordable,2026-03-06
6644,Allobe,946,Abordable,2026-03-06
6645,LudovicHend,946,Abordable,2026-03-06
6646,felagoth,946,Abordable,2026-03-06
6647,Allender_,946,Abordable,2026-03-06
6648,Frostituay,946,Abordable,2026-03-06
6649,jaycalva,946,Abordable,2026-03-06
6650,BARZE02,945,Abordable,2026-03-06
6651,Cyrian012,945,Abordable,2026-03-06
6652,corfeazz,945,Abordable,2026-03-06
6653,matchaflavoured8,945,Abordable,2026-03-06
6654,PingFloyder,945,Abordable,2026-03-06
6655,T0k0yamiii,945,Abordable,2026-03-06
6656,ririlecon2,945,Abordable,2026-03-06
6657,shadowkoon,945,Abordable,2026-03-06
6658,noxy1111,945,Abordable,2026-03-06
6659,melinochee,944,Abordable,2026-03-06
6660,RobertPlatine,944,Abordable,2026-03-06
6661,bastien_pasquier28,944,Abordable,2026-03-06
6662,tuturst,943,Abordable,2026-03-06
6663,alainpellus,943,Abordable,2026-03-06
6664,kcmaxime,943,Abordable,2026-03-06
6665,gogo_cvt,943,Abordable,2026-03-06
6666,carson_14_,943,Abordable,2026-03-06
6667,caral__,943,Abordable,2026-03-06
6668,tidwhitesnake,942,Abordable,2026-03-06
6669,loyd_rose,942,Abordable,2026-03-06
6670,BlaBlaw_,942,Abordable,2026-03-06
6671,neitsabinhos,942,Abordable,2026-03-06
6672,Kiiddlan,942,Abordable,2026-03-06
6673,Traquenard,941,Abordable,2026-03-06
6674,montidj86,941,Abordable,2026-03-06
6675,jc_2245,941,Abordable,2026-03-06
6676,sweetteaaddict39,941,Abordable,2026-03-06
6677,eliseuuuuuh,941,Abordable,2026-03-06
6678,LeonDeFoudre,941,Abordable,2026-03-06
6679,leofandechat,941,Abordable,2026-03-06
6680,okipiike,941,Abordable,2026-03-06
6681,manjetesmorts,941,Abordable,2026-03-06
6682,nova_x_freez,940,Abordable,2026-03-06
6683,pezzoco,940,Abordable,2026-03-06
6684,poulpirex,940,Abordable,2026-03-06
6685,eloisevct,940,Abordable,2026-03-06
6686,MrCruzer,940,Abordable,2026-03-06
6687,pacoclicot,940,Abordable,2026-03-06
6688,Estebaninhooo,939,Abordable,2026-03-06
6689,Aquarelletheunicorn,939,Abordable,2026-03-06
6690,angurionau,939,Abordable,2026-03-06
6691,ST_Lakhtose,939,Abordable,2026-03-06
6692,shomyko,939,Abordable,2026-03-06
6693,deionfire35,939,Abordable,2026-03-06
6694,malorie1023,938,Abordable,2026-03-06
6695,levavelo,938,Abordable,2026-03-06
6696,apocalypse039,938,Abordable,2026-03-06
6697,Aroqoo,937,Abordable,2026-03-06
6698,alisonfrs,937,Abordable,2026-03-06
6699,piketaxx,937,Abordable,2026-03-06
6700,ellocolucas_,937,Abordable,2026-03-06
6701,oarthur25,937,Abordable,2026-03-06
6702,ydrasil_,936,Abordable,2026-03-06
6703,ryceme,936,Abordable,2026-03-06
6704,alfonsov2,936,Abordable,2026-03-06
6705,juiice03,935,Abordable,2026-03-06
6706,gaz8888,935,Abordable,2026-03-06
6707,smirmork,935,Abordable,2026-03-06
6708,arthurld14,935,Abordable,2026-03-06
6709,shir0_5102,935,Abordable,2026-03-06
6710,baptdll,935,Abordable,2026-03-06
6711,Dreamlander63,934,Abordable,2026-03-06
6712,Heughmage,934,Abordable,2026-03-06
6713,liamverjam,934,Abordable,2026-03-06
6714,crisvonhannover,933,Abordable,2026-03-06
6715,Mamouthest,933,Abordable,2026-03-06
6716,auxonne21,933,Abordable,2026-03-06
6717,air_ane,932,Abordable,2026-03-06
6718,Lukaslerat,932,Abordable,2026-03-06
6719,gripsou75,932,Abordable,2026-03-06
6720,monkeysthar,932,Abordable,2026-03-06
6721,Im_Moat,932,Abordable,2026-03-06
6722,Tremolow,931,Abordable,2026-03-06
6723,PifouM,931,Abordable,2026-03-06
6724,oleanna_sa,931,Abordable,2026-03-06
6725,sandoct,931,Abordable,2026-03-06
6726,echtecly,931,Abordable,2026-03-06
6727,evanatillas,930,Abordable,2026-03-06
6728,Pignouffffff,930,Abordable,2026-03-06
6729,elsa_nae,930,Abordable,2026-03-06
6730,boris3363,930,Abordable,2026-03-06
6731,sill_valt,930,Abordable,2026-03-06
6732,Kawafu_,930,Abordable,2026-03-06
6733,NaNoBlazeTV,930,Abordable,2026-03-06
6734,florawhite99,930,Abordable,2026-03-06
6735,OsyRys_4,930,Abordable,2026-03-06
6736,araahan,930,Abordable,2026-03-06
6737,matsau16,930,Abordable,2026-03-06
6738,sheepmxn,930,Abordable,2026-03-06
6739,clea160803,930,Abordable,2026-03-06
6740,pour_la_magie,929,Abordable,2026-03-06
6741,noahd1706,929,Abordable,2026-03-06
6742,druidenaif,929,Abordable,2026-03-06
6743,Luthis_IV,929,Abordable,2026-03-06
6744,draktike,929,Abordable,2026-03-06
6745,Papitiery,929,Abordable,2026-03-06
6746,Julessss16,929,Abordable,2026-03-06
6747,welcse,928,Abordable,2026-03-06
6748,nicopipo_,928,Abordable,2026-03-06
6749,davy_53,928,Abordable,2026-03-06
6750,princesseunicorn,928,Abordable,2026-03-06
6751,leywan_,928,Abordable,2026-03-06
6752,nazdrovjebr,928,Abordable,2026-03-06
6753,oxy2k_,928,Abordable,2026-03-06
6754,melman3107,927,Abordable,2026-03-06
6755,petiteperrruche,927,Abordable,2026-03-06
6756,idaray,927,Abordable,2026-03-06
6757,juliecolier,927,Abordable,2026-03-06
6758,carladfr17,927,Abordable,2026-03-06
6759,clemzettoune,927,Abordable,2026-03-06
6760,valoune74,927,Abordable,2026-03-06
6761,kant1lr,926,Abordable,2026-03-06
6762,hugh0st06,926,Abordable,2026-03-06
6763,pamplemoui,926,Abordable,2026-03-06
6764,kraxthar,926,Abordable,2026-03-06
6765,FTN1814,926,Abordable,2026-03-06
6766,Lopiktec,926,Abordable,2026-03-06
6767,Waxiwe_,926,Abordable,2026-03-06
6768,gR3ylord,925,Abordable,2026-03-06
6769,cecileplh,925,Abordable,2026-03-06
6770,yaznari05,925,Abordable,2026-03-06
6771,FyZowTV,925,Abordable,2026-03-06
6772,worstps5player,925,Abordable,2026-03-06
6773,WildExos54,924,Abordable,2026-03-06
6774,Wiizmaa,924,Abordable,2026-03-06
6775,mathbachelier,924,Abordable,2026-03-06
6776,Thenaluna,924,Abordable,2026-03-06
6777,trix_g1,924,Abordable,2026-03-06
6778,arnaudd51,924,Abordable,2026-03-06
6779,jagadamba,924,Abordable,2026-03-06
6780,mamarioni,923,Abordable,2026-03-06
6781,Olivheart,923,Abordable,2026-03-06
6782,Laeynna,923,Abordable,2026-03-06
6783,elvipic,923,Abordable,2026-03-06
6784,hyppna,923,Abordable,2026-03-06
6785,lelivrequiecrit,923,Abordable,2026-03-06
6786,Hug1320,923,Abordable,2026-03-06
6787,zozo43_,923,Abordable,2026-03-06
6788,maloche_,923,Abordable,2026-03-06
6789,messagesquisse,923,Abordable,2026-03-06
6790,Bigrouille,923,Abordable,2026-03-06
6791,snake20_10,922,Abordable,2026-03-06
6792,Captenoo,922,Abordable,2026-03-06
6793,chatwist22,922,Abordable,2026-03-06
6794,xanakka,922,Abordable,2026-03-06
6795,PetitEcureuil,922,Abordable,2026-03-06
6796,alilebaba,922,Abordable,2026-03-06
6797,em_y_,922,Abordable,2026-03-06
6798,mattttteo116,921,Abordable,2026-03-06
6799,micronazal,921,Abordable,2026-03-06
6800,leop64,921,Abordable,2026-03-06
6801,louisecaillaud,920,Abordable,2026-03-06
6802,0possam,920,Abordable,2026-03-06
6803,ririlaqueendecemonde,920,Abordable,2026-03-06
6804,nywre,920,Abordable,2026-03-06
6805,lololeti22,920,Abordable,2026-03-06
6806,inespayot,920,Abordable,2026-03-06
6807,flammenquiche,920,Abordable,2026-03-06
6808,Poockine,920,Abordable,2026-03-06
6809,theodebx,920,Abordable,2026-03-06
6810,pauul_mp4,919,Abordable,2026-03-06
6811,neymarine,919,Abordable,2026-03-06
6812,ura_loulou,919,Abordable,2026-03-06
6813,nolwennfr,919,Abordable,2026-03-06
6814,rems_747,918,Abordable,2026-03-06
6815,pandore2488,918,Abordable,2026-03-06
6816,joraane,918,Abordable,2026-03-06
6817,clemflyingman,918,Abordable,2026-03-06
6818,yangambiwa24,917,Abordable,2026-03-06
6819,tiphaine0404,917,Abordable,2026-03-06
6820,lawracle,917,Abordable,2026-03-06
6821,cr4zym4p,917,Abordable,2026-03-06
6822,macjanitch,917,Abordable,2026-03-06
6823,multicut,917,Abordable,2026-03-06
6824,ArTyKZz,917,Abordable,2026-03-06
6825,antozedou,917,Abordable,2026-03-06
6826,cowlehre,916,Abordable,2026-03-06
6827,Nitrozalex_,916,Abordable,2026-03-06
6828,ptitevir,916,Abordable,2026-03-06
6829,Jeanfile82,915,Abordable,2026-03-06
6830,LeMaraicher_,915,Abordable,2026-03-06
6831,lachipolata69,915,Abordable,2026-03-06
6832,SanLime,915,Abordable,2026-03-06
6833,jjules1712,915,Abordable,2026-03-06
6834,raptorfou16,914,Abordable,2026-03-06
6835,xxxamelietxxx,914,Abordable,2026-03-06
6836,lavrairaclettee,914,Abordable,2026-03-06
6837,camb85,914,Abordable,2026-03-06
6838,karelle_p,914,Abordable,2026-03-06
6839,wiiwiisan,913,Abordable,2026-03-06
6840,florimondctgx,913,Abordable,2026-03-06
6841,alanacca69001,913,Abordable,2026-03-06
6842,melanight1203,913,Abordable,2026-03-06
6843,red_shad0w06,913,Abordable,2026-03-06
6844,gautiesarah,913,Abordable,2026-03-06
6845,charlet_ctr,913,Abordable,2026-03-06
6846,bluebat59,913,Abordable,2026-03-06
6847,cancan850,913,Abordable,2026-03-06
6848,Snoopydop,913,Abordable,2026-03-06
6849,Missgrigri,912,Abordable,2026-03-06
6850,caroleh28,912,Abordable,2026-03-06
6851,leonyrvl,912,Abordable,2026-03-06
6852,S0TAR0,912,Abordable,2026-03-06
6853,arthur_dmcd,912,Abordable,2026-03-06
6854,Shavox27,912,Abordable,2026-03-06
6855,anjoyl,912,Abordable,2026-03-06
6856,yilongmaa128,911,Abordable,2026-03-06
6857,robinaleny,911,Abordable,2026-03-06
6858,katarinavonb,911,Abordable,2026-03-06
6859,Palleas,911,Abordable,2026-03-06
6860,neslhock,911,Abordable,2026-03-06
6861,manonlsx,911,Abordable,2026-03-06
6862,cabzfr,911,Abordable,2026-03-06
6863,justswim79,911,Abordable,2026-03-06
6864,1_eris_1,911,Abordable,2026-03-06
6865,evan_jgt,911,Abordable,2026-03-06
6866,mgxmnrd,911,Abordable,2026-03-06
6867,surimi18,911,Abordable,2026-03-06
6868,T_Omalley,910,Abordable,2026-03-06
6869,olivresck,910,Abordable,2026-03-06
6870,marcobyr,910,Abordable,2026-03-06
6871,Tangstene,910,Abordable,2026-03-06
6872,ju_le_100,910,Abordable,2026-03-06
6873,jaykkokuro,909,Abordable,2026-03-06
6874,mxrinek,909,Abordable,2026-03-06
6875,xxhello03xx,909,Abordable,2026-03-06
6876,Melicerte,909,Abordable,2026-03-06
6877,mercrellica_8,909,Abordable,2026-03-06
6878,sergent_garcia_,909,Abordable,2026-03-06
6879,ramreb,908,Abordable,2026-03-06
6880,eagles_00,908,Abordable,2026-03-06
6881,Kamertur,908,Abordable,2026-03-06
6882,unaddictgamer,908,Abordable,2026-03-06
6883,nejee5,908,Abordable,2026-03-06
6884,lao_mds,908,Abordable,2026-03-06
6885,loulou1418,907,Abordable,2026-03-06
6886,Oyashirox,907,Abordable,2026-03-06
6887,clem_pdf,907,Abordable,2026-03-06
6888,TKDkraft,906,Abordable,2026-03-06
6889,nikojau,906,Abordable,2026-03-06
6890,Valk1205,906,Abordable,2026-03-06
6891,Steak2dinde,906,Abordable,2026-03-06
6892,maxencecamus,906,Abordable,2026-03-06
6893,valjour,905,Abordable,2026-03-06
6894,yehudi60,905,Abordable,2026-03-06
6895,insomniac_phil,905,Abordable,2026-03-06
6896,nocktrus,905,Abordable,2026-03-06
6897,Beuzmoker,905,Abordable,2026-03-06
6898,Jelezia,905,Abordable,2026-03-06
6899,vseh69,904,Abordable,2026-03-06
6900,Kileahynn,904,Abordable,2026-03-06
6901,nathhhh04,904,Abordable,2026-03-06
6902,Jobeceal,904,Abordable,2026-03-06
6903,kassandra1108,904,Abordable,2026-03-06
6904,la_ourle,904,Abordable,2026-03-06
6905,eno_no_no,904,Abordable,2026-03-06
6906,samson_aa,904,Abordable,2026-03-06
6907,tornard,903,Abordable,2026-03-06
6908,kkeeborn,903,Abordable,2026-03-06
6909,tuyau99,903,Abordable,2026-03-06
6910,XarkosSan,903,Abordable,2026-03-06
6911,theooef,903,Abordable,2026-03-06
6912,laserbird92,903,Abordable,2026-03-06
6913,alix_rcl,903,Abordable,2026-03-06
6914,tsukisan15,902,Abordable,2026-03-06
6915,vavacolcol,902,Abordable,2026-03-06
6916,unbiseptium_127,902,Abordable,2026-03-06
6917,poulecobaye,902,Abordable,2026-03-06
6918,alex__xx33,902,Abordable,2026-03-06
6919,Antonn_live,902,Abordable,2026-03-06
6920,sandrine4435,901,Abordable,2026-03-06
6921,orianeno,901,Abordable,2026-03-06
6922,edairforce23,901,Abordable,2026-03-06
6923,mem_line,901,Abordable,2026-03-06
6924,orange_lpb,901,Abordable,2026-03-06
6925,lenacupan,901,Abordable,2026-03-06
6926,karosong,901,Abordable,2026-03-06
6927,lolita_slv,900,Abordable,2026-03-06
6928,pierrbrn,900,Abordable,2026-03-06
6929,boudoubou,900,Abordable,2026-03-06
6930,jorundledechu,900,Abordable,2026-03-06
6931,garance_10__,900,Abordable,2026-03-06
6932,ElPavoDeLaBroma,900,Abordable,2026-03-06
6933,LivreFrank,900,Abordable,2026-03-06
6934,depgui,900,Abordable,2026-03-06
6935,a_ndjel_a,900,Abordable,2026-03-06
6936,oleronsan,900,Abordable,2026-03-06
6937,Sirlys,900,Abordable,2026-03-06
6938,n_thor,900,Abordable,2026-03-06
6939,Simon_HB06,900,Abordable,2026-03-06
6940,Baccirus,900,Abordable,2026-03-06
6941,leilamaf,900,Abordable,2026-03-06
6942,Mespha,900,Abordable,2026-03-06
6943,Soisang,900,Abordable,2026-03-06
6944,mawion_,900,Abordable,2026-03-06
6945,Emilienjc,900,Abordable,2026-03-06
6946,arkhaten_,899,Abordable,2026-03-06
6947,nanitsu_stream,899,Abordable,2026-03-06
6948,apodeus33,899,Abordable,2026-03-06
6949,vesp_thynisol,899,Abordable,2026-03-06
6950,theolanquetin,898,Abordable,2026-03-06
6951,ammzzyym,898,Abordable,2026-03-06
6952,cuissedetortue,898,Abordable,2026-03-06
6953,kelleurestil,898,Abordable,2026-03-06
6954,Fatah_Morgannah,897,Abordable,2026-03-06
6955,swagfira,897,Abordable,2026-03-06
6956,alison_vrignaud,897,Abordable,2026-03-06
6957,lucasdupalais,896,Abordable,2026-03-06
6958,Malouuch,896,Abordable,2026-03-06
6959,Swathoney,896,Abordable,2026-03-06
6960,zzouii,896,Abordable,2026-03-06
6961,nijucamp4,895,Abordable,2026-03-06
6962,style_fire,895,Abordable,2026-03-06
6963,odrania15,894,Abordable,2026-03-06
6964,anaiskhd,894,Abordable,2026-03-06
6965,torf0rt,894,Abordable,2026-03-06
6966,gipsy_istarille,893,Abordable,2026-03-06
6967,1x2e3,893,Abordable,2026-03-06
6968,cracotte318,893,Abordable,2026-03-06
6969,thomahawk39,893,Abordable,2026-03-06
6970,guliverse,893,Abordable,2026-03-06
6971,pepouze__,893,Abordable,2026-03-06
6972,bouzk69,892,Abordable,2026-03-06
6973,axel_perr,892,Abordable,2026-03-06
6974,axis_smn,892,Abordable,2026-03-06
6975,tanguyhrvx,892,Abordable,2026-03-06
6976,gobair,892,Abordable,2026-03-06
6977,helolooooooo,891,Abordable,2026-03-06
6978,shym1ng,891,Abordable,2026-03-06
6979,javierpastore2716,891,Abordable,2026-03-06
6980,lacoullet,891,Abordable,2026-03-06
6981,ficello28,891,Abordable,2026-03-06
6982,silv20p,891,Abordable,2026-03-06
6983,clem345,890,Abordable,2026-03-06
6984,calipsodelulu,890,Abordable,2026-03-06
6985,aurelthe17th,890,Abordable,2026-03-06
6986,mattaieauu,890,Abordable,2026-03-06
6987,Spaywo,890,Abordable,2026-03-06
6988,Cat_Arse_6,890,Abordable,2026-03-06
6989,fr_raptowr,890,Abordable,2026-03-06
6990,inter_ph,889,Abordable,2026-03-06
6991,st2eve_,889,Abordable,2026-03-06
6992,Yoyopite,889,Abordable,2026-03-06
6993,nanej07,889,Abordable,2026-03-06
6994,niniounette49,889,Abordable,2026-03-06
6995,avdstry,889,Abordable,2026-03-06
6996,maelll__,889,Abordable,2026-03-06
6997,cephi,889,Abordable,2026-03-06
6998,KaCiao14,889,Abordable,2026-03-06
6999,Tayzeck,889,Abordable,2026-03-06
7000,kvns62,888,Abordable,2026-03-06
7001,blackdodue,888,Abordable,2026-03-06
7002,blandineb2,888,Abordable,2026-03-06
7003,dreylight,888,Abordable,2026-03-06
7004,ozut2u,888,Abordable,2026-03-06
7005,tomfcgb,888,Abordable,2026-03-06
7006,reflyy,888,Abordable,2026-03-06
7007,Netherenfroc_,888,Abordable,2026-03-06
7008,bouriquette22,887,Abordable,2026-03-06
7009,vicomte,887,Abordable,2026-03-06
7010,ludolilijolie,887,Abordable,2026-03-06
7011,Poulaiso,887,Abordable,2026-03-06
7012,gigic___,887,Abordable,2026-03-06
7013,jeanne_lavender,887,Abordable,2026-03-06
7014,alpha_8585,887,Abordable,2026-03-06
7015,ebrbt,887,Abordable,2026-03-06
7016,LoucasLuke,887,Abordable,2026-03-06
7017,leloliecrn,887,Abordable,2026-03-06
7018,Numeitha,886,Abordable,2026-03-06
7019,Thibs_7,886,Abordable,2026-03-06
7020,titan_4nt,886,Abordable,2026-03-06
7021,elisssandre,886,Abordable,2026-03-06
7022,m8kodios,886,Abordable,2026-03-06
7023,darkthibz,886,Abordable,2026-03-06
7024,Colossinge_Pop,885,Abordable,2026-03-06
7025,Marshmallooo_,885,Abordable,2026-03-06
7026,eternity3328,885,Abordable,2026-03-06
7027,olibnr14,885,Abordable,2026-03-06
7028,o_maufr,885,Abordable,2026-03-06
7029,maevabohers,885,Abordable,2026-03-06
7030,elodiel8,885,Abordable,2026-03-06
7031,Marceau62,885,Abordable,2026-03-06
7032,tennagoni,884,Abordable,2026-03-06
7033,henricroixrond,884,Abordable,2026-03-06
7034,krohoho69,884,Abordable,2026-03-06
7035,tedlarochelle,884,Abordable,2026-03-06
7036,spaceroax,883,Abordable,2026-03-06
7037,laurabouhh,883,Abordable,2026-03-06
7038,owellesjp,883,Abordable,2026-03-06
7039,blyziit,883,Abordable,2026-03-06
7040,balmizzet,883,Abordable,2026-03-06
7041,louuann,883,Abordable,2026-03-06
7042,flashbackshadow,883,Abordable,2026-03-06
7043,Etropixx,883,Abordable,2026-03-06
7044,azden_,882,Abordable,2026-03-06
7045,Xel62,882,Abordable,2026-03-06
7046,na_thalie_lie,882,Abordable,2026-03-06
7047,elynary,882,Abordable,2026-03-06
7048,xenfo33,882,Abordable,2026-03-06
7049,binksgigi,882,Abordable,2026-03-06
7050,marlondujj,881,Abordable,2026-03-06
7051,tatiogan,881,Abordable,2026-03-06
7052,eyvos,881,Abordable,2026-03-06
7053,guurboay,881,Abordable,2026-03-06
7054,leo_roche_,881,Abordable,2026-03-06
7055,PlatSurare,881,Abordable,2026-03-06
7056,andrea_vrf,881,Abordable,2026-03-06
7057,carojanet2011,881,Abordable,2026-03-06
7058,florhy,881,Abordable,2026-03-06
7059,arnange,880,Abordable,2026-03-06
7060,8mouton8,880,Abordable,2026-03-06
7061,petitfl,880,Abordable,2026-03-06
7062,00_Galaxy,880,Abordable,2026-03-06
7063,upsylycus,880,Abordable,2026-03-06
7064,alpharia_18,880,Abordable,2026-03-06
7065,seln1ad,880,Abordable,2026-03-06
7066,vickes6731,879,Abordable,2026-03-06
7067,Piehil,879,Abordable,2026-03-06
7068,Jojobtz,879,Abordable,2026-03-06
7069,lepdgdesolary,879,Abordable,2026-03-06
7070,papasmurf2407,879,Abordable,2026-03-06
7071,Carteron,879,Abordable,2026-03-06
7072,ShinzoV2,879,Abordable,2026-03-06
7073,kendril261,878,Abordable,2026-03-06
7074,sebleronflex,878,Abordable,2026-03-06
7075,sabovvi,878,Abordable,2026-03-06
7076,Antoonitoo,878,Abordable,2026-03-06
7077,kittybzh,878,Abordable,2026-03-06
7078,caamillebrnd,878,Abordable,2026-03-06
7079,bruneljm,877,Abordable,2026-03-06
7080,v55173w,877,Abordable,2026-03-06
7081,mathildee09,877,Abordable,2026-03-06
7082,elisim,877,Abordable,2026-03-06
7083,noxylithe,877,Abordable,2026-03-06
7084,fannym72,876,Abordable,2026-03-06
7085,charmandprout,876,Abordable,2026-03-06
7086,oskiki27,876,Abordable,2026-03-06
7087,raphi_12800,876,Abordable,2026-03-06
7088,polollow,876,Abordable,2026-03-06
7089,BruNiaks,875,Abordable,2026-03-06
7090,benkinge,875,Abordable,2026-03-06
7091,YooKl,875,Abordable,2026-03-06
7092,F3AVibration,875,Abordable,2026-03-06
7093,Cedricdaswort,875,Abordable,2026-03-06
7094,freya_seidr4,875,Abordable,2026-03-06
7095,hortensedel,875,Abordable,2026-03-06
7096,antoinerugby1502,875,Abordable,2026-03-06
7097,n0l4n18,874,Abordable,2026-03-06
7098,travaillork,874,Abordable,2026-03-06
7099,ananas_blue,874,Abordable,2026-03-06
7100,yoshi_2007,874,Abordable,2026-03-06
7101,lauralegrandd,874,Abordable,2026-03-06
7102,fubular,874,Abordable,2026-03-06
7103,vercasq,874,Abordable,2026-03-06
7104,6vincy6,874,Abordable,2026-03-06
7105,flechebrisee26,873,Abordable,2026-03-06
7106,waldree,873,Abordable,2026-03-06
7107,celia6471,873,Abordable,2026-03-06
7108,savoirs2026,873,Abordable,2026-03-06
7109,0908flo0908,873,Abordable,2026-03-06
7110,lilkiju,873,Abordable,2026-03-06
7111,mapate89,872,Abordable,2026-03-06
7112,ror0du13,872,Abordable,2026-03-06
7113,captainzoz12,872,Abordable,2026-03-06
7114,mrthiol,872,Abordable,2026-03-06
7115,dervswai,872,Abordable,2026-03-06
7116,Revoxem1,872,Abordable,2026-03-06
7117,luludnv22,872,Abordable,2026-03-06
7118,mamounette2802,871,Abordable,2026-03-06
7119,juicyman6,871,Abordable,2026-03-06
7120,bavasose05,871,Abordable,2026-03-06
7121,juliiiiiiiiiiie,871,Abordable,2026-03-06
7122,Cerb3res,871,Abordable,2026-03-06
7123,exploseurdanus2000,870,Abordable,2026-03-06
7124,vanali2506,870,Abordable,2026-03-06
7125,aleeekxx,870,Abordable,2026-03-06
7126,Fushimy_,870,Abordable,2026-03-06
7127,YufuLaPeche,870,Abordable,2026-03-06
7128,ameliechiapp,870,Abordable,2026-03-06
7129,antobrnt,870,Abordable,2026-03-06
7130,rapacedore,870,Abordable,2026-03-06
7131,ryussslevrai,870,Abordable,2026-03-06
7132,aleksymcrn,870,Abordable,2026-03-06
7133,chloegayming,870,Abordable,2026-03-06
7134,delea22,870,Abordable,2026-03-06
7135,cybawrg,870,Abordable,2026-03-06
7136,zuckiny,870,Abordable,2026-03-06
7137,EtchiP,870,Abordable,2026-03-06
7138,Dauflo999,870,Abordable,2026-03-06
7139,earsthern,870,Abordable,2026-03-06
7140,anto_bill929483,870,Abordable,2026-03-06
7141,Alex282cronos,870,Abordable,2026-03-06
7142,Pataruu,870,Abordable,2026-03-06
7143,melseg2010,870,Abordable,2026-03-06
7144,naekoh_,870,Abordable,2026-03-06
7145,LaitEauThe,870,Abordable,2026-03-06
7146,LibPA17,870,Abordable,2026-03-06
7147,Feanoldor,870,Abordable,2026-03-06
7148,flutterzance,870,Abordable,2026-03-06
7149,chocacao25,870,Abordable,2026-03-06
7150,tudal,870,Abordable,2026-03-06
7151,oxy_yxo,870,Abordable,2026-03-06
7152,linkaz0,870,Abordable,2026-03-06
7153,Appolloll_,869,Abordable,2026-03-06
7154,bidilah,869,Abordable,2026-03-06
7155,dorian_p22,869,Abordable,2026-03-06
7156,marinesodu22,869,Abordable,2026-03-06
7157,noblearome,868,Abordable,2026-03-06
7158,jase89,868,Abordable,2026-03-06
7159,Kratryos,868,Abordable,2026-03-06
7160,je_suis_une_etoile,868,Abordable,2026-03-06
7161,aixinchun,868,Abordable,2026-03-06
7162,ArKanGe35,868,Abordable,2026-03-06
7163,Nebuloz_,868,Abordable,2026-03-06
7164,kentix_63,867,Abordable,2026-03-06
7165,igavroche,867,Abordable,2026-03-06
7166,learbln,867,Abordable,2026-03-06
7167,skansle,867,Abordable,2026-03-06
7168,angeliqueluna,867,Abordable,2026-03-06
7169,jackie7759,867,Abordable,2026-03-06
7170,albane_a,867,Abordable,2026-03-06
7171,ja2dr,866,Abordable,2026-03-06
7172,BlackDoor67118,866,Abordable,2026-03-06
7173,xxdiegoxx56,866,Abordable,2026-03-06
7174,garancechst,865,Abordable,2026-03-06
7175,peridotdotdotdot,865,Abordable,2026-03-06
7176,fatethecraquito,865,Abordable,2026-03-06
7177,tibotibotibo2,865,Abordable,2026-03-06
7178,Velkhanaaa,865,Abordable,2026-03-06
7179,SamSuphy,865,Abordable,2026-03-06
7180,ninjanoir_7,865,Abordable,2026-03-06
7181,leptit_sudist,865,Abordable,2026-03-06
7182,Shiniyomi,865,Abordable,2026-03-06
7183,1NoobVousEpargne,865,Abordable,2026-03-06
7184,triglaf,864,Abordable,2026-03-06
7185,florian_torres,864,Abordable,2026-03-06
7186,clemglld,863,Abordable,2026-03-06
7187,robin59399,863,Abordable,2026-03-06
7188,La_Kess,863,Abordable,2026-03-06
7189,pierrepaulejaques,863,Abordable,2026-03-06
7190,0uahleouff,863,Abordable,2026-03-06
7191,Theplopplop,862,Abordable,2026-03-06
7192,lesptitsclous,862,Abordable,2026-03-06
7193,max3nc3_71,862,Abordable,2026-03-06
7194,noa08020,862,Abordable,2026-03-06
7195,alexevian,862,Abordable,2026-03-06
7196,bmthebuldozer,861,Abordable,2026-03-06
7197,minechirute,861,Abordable,2026-03-06
7198,moks_14,861,Abordable,2026-03-06
7199,Silvers0ray,860,Abordable,2026-03-06
7200,gogetamzaa,860,Abordable,2026-03-06
7201,lechachachat,860,Abordable,2026-03-06
7202,Tyohke,860,Abordable,2026-03-06
7203,LHV_doudou,860,Abordable,2026-03-06
7204,PogthTabas,860,Abordable,2026-03-06
7205,kuroyamy,860,Abordable,2026-03-06
7206,apachegx,859,Abordable,2026-03-06
7207,manuuftn,859,Abordable,2026-03-06
7208,perkele4242,859,Abordable,2026-03-06
7209,corentin_du_94,859,Abordable,2026-03-06
7210,robzdu44,859,Abordable,2026-03-06
7211,Ch0k4pikk,859,Abordable,2026-03-06
7212,still_mbc,859,Abordable,2026-03-06
7213,LuniqueGamus,859,Abordable,2026-03-06
7214,taorutadjo,859,Abordable,2026-03-06
7215,antlers21,859,Abordable,2026-03-06
7216,nbaguette,858,Abordable,2026-03-06
7217,vivi7613,858,Abordable,2026-03-06
7218,xoller78,858,Abordable,2026-03-06
7219,YTB_Spyro,858,Abordable,2026-03-06
7220,alexis_h273,858,Abordable,2026-03-06
7221,foriche,858,Abordable,2026-03-06
7222,Skytre_,858,Abordable,2026-03-06
7223,LiLFredi,857,Abordable,2026-03-06
7224,samus0607,857,Abordable,2026-03-06
7225,Datsuux,857,Abordable,2026-03-06
7226,fl00da,857,Abordable,2026-03-06
7227,laapetitechloe,857,Abordable,2026-03-06
7228,PtiPot2Moutarde,857,Abordable,2026-03-06
7229,Jayminy,857,Abordable,2026-03-06
7230,VALMYT,856,Abordable,2026-03-06
7231,canyb4z,856,Abordable,2026-03-06
7232,cabinx5,855,Abordable,2026-03-06
7233,pierrotgo,855,Abordable,2026-03-06
7234,Xenoz68,855,Abordable,2026-03-06
7235,aluco_88,855,Abordable,2026-03-06
7236,lomanakd,855,Abordable,2026-03-06
7237,rdmiin,855,Abordable,2026-03-06
7238,ewan_231,855,Abordable,2026-03-06
7239,barthunne,854,Abordable,2026-03-06
7240,lea_vdl14,854,Abordable,2026-03-06
7241,leogenas69,854,Abordable,2026-03-06
7242,mixlou_,854,Abordable,2026-03-06
7243,petit_teo,854,Abordable,2026-03-06
7244,hadoudou,853,Abordable,2026-03-06
7245,Bouhbubs,853,Abordable,2026-03-06
7246,bordelescieux,853,Abordable,2026-03-06
7247,laamarve,853,Abordable,2026-03-06
7248,KheosFR,853,Abordable,2026-03-06
7249,OhDisToRei,853,Abordable,2026-03-06
7250,elleshin3,852,Abordable,2026-03-06
7251,petitmat17,852,Abordable,2026-03-06
7252,cleaurst6,852,Abordable,2026-03-06
7253,valoche1709,852,Abordable,2026-03-06
7254,matize,852,Abordable,2026-03-06
7255,lisabou85,852,Abordable,2026-03-06
7256,margote04,852,Abordable,2026-03-06
7257,anotix__,852,Abordable,2026-03-06
7258,Towar6,852,Abordable,2026-03-06
7259,royu_01,852,Abordable,2026-03-06
7260,Kifou9,852,Abordable,2026-03-06
7261,Rakart0,851,Abordable,2026-03-06
7262,0619078982,851,Abordable,2026-03-06
7263,lucast29380,851,Abordable,2026-03-06
7264,Delta_TLM,851,Abordable,2026-03-06
7265,chribzl,851,Abordable,2026-03-06
7266,Ozeeeko,851,Abordable,2026-03-06
7267,lespremiers,851,Abordable,2026-03-06
7268,sarahglrd,851,Abordable,2026-03-06
7269,NemLouche,850,Abordable,2026-03-06
7270,dowiil,850,Abordable,2026-03-06
7271,baptistepoir,850,Abordable,2026-03-06
7272,milon_noe,850,Abordable,2026-03-06
7273,sam2raph_52,849,Abordable,2026-03-06
7274,Swazik_81,849,Abordable,2026-03-06
7275,tanguyenne,849,Abordable,2026-03-06
7276,sedet33,849,Abordable,2026-03-06
7277,riwaa_,849,Abordable,2026-03-06
7278,Willoooo_,849,Abordable,2026-03-06
7279,ezarial_,849,Abordable,2026-03-06
7280,nanthraj,848,Abordable,2026-03-06
7281,maitre_hawk,848,Abordable,2026-03-06
7282,allseeingskel,847,Abordable,2026-03-06
7283,philthom38,847,Abordable,2026-03-06
7284,3louan,847,Abordable,2026-03-06
7285,lKazz_,847,Abordable,2026-03-06
7286,cpatrier,847,Abordable,2026-03-06
7287,Fl0WerW0rks,847,Abordable,2026-03-06
7288,line_ma,847,Abordable,2026-03-06
7289,mallaury_scp,847,Abordable,2026-03-06
7290,Kentamgl,847,Abordable,2026-03-06
7291,xzazouu,847,Abordable,2026-03-06
7292,Leuck_,847,Abordable,2026-03-06
7293,vedelrichard,846,Abordable,2026-03-06
7294,chriquette,846,Abordable,2026-03-06
7295,KenLaFraise,846,Abordable,2026-03-06
7296,klausye,846,Abordable,2026-03-06
7297,shau1s_,846,Abordable,2026-03-06
7298,louise3482,846,Abordable,2026-03-06
7299,mav0006,846,Abordable,2026-03-06
7300,lolipop98765432,846,Abordable,2026-03-06
7301,phiphi100854,845,Abordable,2026-03-06
7302,salexi0,845,Abordable,2026-03-06
7303,Operacomix,845,Abordable,2026-03-06
7304,alix_van,844,Abordable,2026-03-06
7305,mariiion1,844,Abordable,2026-03-06
7306,ruxap0,844,Abordable,2026-03-06
7307,zoeadaa,844,Abordable,2026-03-06
7308,henrilgt22,844,Abordable,2026-03-06
7309,aartix_00,844,Abordable,2026-03-06
7310,lychaaar,844,Abordable,2026-03-06
7311,BXLZ00,844,Abordable,2026-03-06
7312,magictotonin,843,Abordable,2026-03-06
7313,delcortes555,843,Abordable,2026-03-06
7314,AkihyoGame,843,Abordable,2026-03-06
7315,nhuck,843,Abordable,2026-03-06
7316,arzomi_,843,Abordable,2026-03-06
7317,louis_pht,843,Abordable,2026-03-06
7318,setawk67,842,Abordable,2026-03-06
7319,clo_dtrmp,842,Abordable,2026-03-06
7320,siphride,842,Abordable,2026-03-06
7321,optimax_prime,842,Abordable,2026-03-06
7322,cactuspomme,842,Abordable,2026-03-06
7323,jonsalah11,842,Abordable,2026-03-06
7324,simondsy5,842,Abordable,2026-03-06
7325,Onorya,842,Abordable,2026-03-06
7326,nightblood_28,842,Abordable,2026-03-06
7327,drqueenw,841,Abordable,2026-03-06
7328,laudew1971,841,Abordable,2026-03-06
7329,jus_lits,840,Abordable,2026-03-06
7330,Holt78,840,Abordable,2026-03-06
7331,SgtFaller,840,Abordable,2026-03-06
7332,eresunmelon,840,Abordable,2026-03-06
7333,kikman2323,840,Abordable,2026-03-06
7334,dodo_rf77,840,Abordable,2026-03-06
7335,Legaudas,840,Abordable,2026-03-06
7336,loveangelmusicbitch,840,Abordable,2026-03-06
7337,brindilleuh,840,Abordable,2026-03-06
7338,dezed_94,840,Abordable,2026-03-06
7339,simix_off0,840,Abordable,2026-03-06
7340,soniabhj,840,Abordable,2026-03-06
7341,g24ans,840,Abordable,2026-03-06
7342,ashtray514,840,Abordable,2026-03-06
7343,lenaingr,840,Abordable,2026-03-06
7344,ptf_robin,840,Abordable,2026-03-06
7345,doctorgorille,840,Abordable,2026-03-06
7346,vanougonza,840,Abordable,2026-03-06
7347,Btt_Trmne,840,Abordable,2026-03-06
7348,Mekyo,840,Abordable,2026-03-06
7349,LIMODEN,840,Abordable,2026-03-06
7350,lauriemti,840,Abordable,2026-03-06
7351,loupmny,840,Abordable,2026-03-06
7352,lmsweetdreams,839,Abordable,2026-03-06
7353,LePanier_,839,Abordable,2026-03-06
7354,linaabja,839,Abordable,2026-03-06
7355,portos_06,839,Abordable,2026-03-06
7356,perrfre,839,Abordable,2026-03-06
7357,marina_lps,839,Abordable,2026-03-06
7358,lithme_,839,Abordable,2026-03-06
7359,nino_jo_,839,Abordable,2026-03-06
7360,clement_d98,839,Abordable,2026-03-06
7361,lalisa815,838,Abordable,2026-03-06
7362,ophradinn,838,Abordable,2026-03-06
7363,Slowardz_,838,Abordable,2026-03-06
7364,toinezouz,838,Abordable,2026-03-06
7365,soendu93,838,Abordable,2026-03-06
7366,tyoshisaur26,837,Abordable,2026-03-06
7367,laburnss,837,Abordable,2026-03-06
7368,saamoht,837,Abordable,2026-03-06
7369,vdecleire,837,Abordable,2026-03-06
7370,h_bogart25,837,Abordable,2026-03-06
7371,leratonlaveurbg,837,Abordable,2026-03-06
7372,lafit29,836,Abordable,2026-03-06
7373,ronantourlouuuupe,836,Abordable,2026-03-06
7374,aganana4,836,Abordable,2026-03-06
7375,arouxxxx,836,Abordable,2026-03-06
7376,henryestbg,835,Abordable,2026-03-06
7377,KamakrazeeWarboy,835,Abordable,2026-03-06
7378,lascar_34,835,Abordable,2026-03-06
7379,yoktoo,835,Abordable,2026-03-06
7380,quentin_de_troie,835,Abordable,2026-03-06
7381,tiflux29,835,Abordable,2026-03-06
7382,hermiluna_223,835,Abordable,2026-03-06
7383,ne0_51,834,Abordable,2026-03-06
7384,adrideuuxx,834,Abordable,2026-03-06
7385,pilzik,834,Abordable,2026-03-06
7386,lolazipper,833,Abordable,2026-03-06
7387,francois1307,833,Abordable,2026-03-06
7388,df_bribri786,833,Abordable,2026-03-06
7389,neilson_2,833,Abordable,2026-03-06
7390,perimetre,833,Abordable,2026-03-06
7391,goldenblack49450,832,Abordable,2026-03-06
7392,rinekka,832,Abordable,2026-03-06
7393,made_0f_love,832,Abordable,2026-03-06
7394,aventurier7904,832,Abordable,2026-03-06
7395,velopaillette,832,Abordable,2026-03-06
7396,tonci6,832,Abordable,2026-03-06
7397,vins0806,831,Abordable,2026-03-06
7398,juliette_dsrt,831,Abordable,2026-03-06
7399,JusteDany,831,Abordable,2026-03-06
7400,assel_dm,831,Abordable,2026-03-06
7401,jfkidkdb,830,Abordable,2026-03-06
7402,SamuelTitor,830,Abordable,2026-03-06
7403,zornip_,830,Abordable,2026-03-06
7404,MrSixelas,830,Abordable,2026-03-06
7405,rayhko8,830,Abordable,2026-03-06
7406,emixam0193,829,Abordable,2026-03-06
7407,broccolimi,829,Abordable,2026-03-06
7408,elidor_dragonneau,829,Abordable,2026-03-06
7409,Fiiirra,829,Abordable,2026-03-06
7410,fabthekingg,829,Abordable,2026-03-06
7411,bastgamin,829,Abordable,2026-03-06
7412,padskywy,829,Abordable,2026-03-06
7413,elivic12,829,Abordable,2026-03-06
7414,julo_thewelsh,828,Abordable,2026-03-06
7415,paul05082005,828,Abordable,2026-03-06
7416,margtl21,828,Abordable,2026-03-06
7417,lwisson,828,Abordable,2026-03-06
7418,telcube01,828,Abordable,2026-03-06
7419,VonGregy,828,Abordable,2026-03-06
7420,ZoplayFS,828,Abordable,2026-03-06
7421,simba39h,828,Abordable,2026-03-06
7422,Allan4A,828,Abordable,2026-03-06
7423,sopale13,828,Abordable,2026-03-06
7424,diane_pntv,828,Abordable,2026-03-06
7425,rocks_fgc,828,Abordable,2026-03-06
7426,N7TMSM,827,Abordable,2026-03-06
7427,alexcecchinato,827,Abordable,2026-03-06
7428,ecliiipseee04,827,Abordable,2026-03-06
7429,selmasada,826,Abordable,2026-03-06
7430,saykio0,826,Abordable,2026-03-06
7431,emyyyyyyyyyyy5555555,826,Abordable,2026-03-06
7432,kevincommentetonmatch,826,Abordable,2026-03-06
7433,feucrame,826,Abordable,2026-03-06
7434,tim_sab,825,Abordable,2026-03-06
7435,manon_h_,825,Abordable,2026-03-06
7436,lyricarus,825,Abordable,2026-03-06
7437,zCantus,825,Abordable,2026-03-06
7438,WaitF0rHit_TM,825,Abordable,2026-03-06
7439,notaaa_,824,Abordable,2026-03-06
7440,noersl,824,Abordable,2026-03-06
7441,sadhill31,824,Abordable,2026-03-06
7442,therabbitsgod,824,Abordable,2026-03-06
7443,holok_tv,824,Abordable,2026-03-06
7444,Laoo12,823,Abordable,2026-03-06
7445,swax48,823,Abordable,2026-03-06
7446,RenardRapide,823,Abordable,2026-03-06
7447,mathieusolano,823,Abordable,2026-03-06
7448,jessmarini,823,Abordable,2026-03-06
7449,gwen230,823,Abordable,2026-03-06
7450,Rinkeap,823,Abordable,2026-03-06
7451,leastanoff,823,Abordable,2026-03-06
7452,nounoute25,822,Abordable,2026-03-06
7453,rvllm,822,Abordable,2026-03-06
7454,horodro,822,Abordable,2026-03-06
7455,judr5,822,Abordable,2026-03-06
7456,bastetth,822,Abordable,2026-03-06
7457,bobodabelo,822,Abordable,2026-03-06
7458,maylisked,822,Abordable,2026-03-06
7459,nenioli170,822,Abordable,2026-03-06
7460,herrissons45,822,Abordable,2026-03-06
7461,petitcroissant38,821,Abordable,2026-03-06
7462,elisajsm,821,Abordable,2026-03-06
7463,Nymphea_f,820,Abordable,2026-03-06
7464,dadathesnail,820,Abordable,2026-03-06
7465,levlogcultureee,820,Abordable,2026-03-06
7466,annick33440,820,Abordable,2026-03-06
7467,tcreveche,820,Abordable,2026-03-06
7468,ang9lee,820,Abordable,2026-03-06
7469,kcultureqween,819,Abordable,2026-03-06
7470,Tyxor18,819,Abordable,2026-03-06
7471,gildabass,819,Abordable,2026-03-06
7472,PercevaI_,819,Abordable,2026-03-06
7473,ItsMeJumb,819,Abordable,2026-03-06
7474,lexa_gr11,819,Abordable,2026-03-06
7475,haltemanga,819,Abordable,2026-03-06
7476,lucptsuper59,818,Abordable,2026-03-06
7477,goldentarine,818,Abordable,2026-03-06
7478,roadukk,818,Abordable,2026-03-06
7479,franckylesang,818,Abordable,2026-03-06
7480,perceva,818,Abordable,2026-03-06
7481,dieggdiegg,818,Abordable,2026-03-06
7482,oli21099,818,Abordable,2026-03-06
7483,ymazu,818,Abordable,2026-03-06
7484,Deltary_,818,Abordable,2026-03-06
7485,shelbyye,818,Abordable,2026-03-06
7486,PalaisBourbon,818,Abordable,2026-03-06
7487,alban3544,818,Abordable,2026-03-06
7488,skidax,818,Abordable,2026-03-06
7489,clemfiTV,817,Abordable,2026-03-06
7490,Aquiltys,817,Abordable,2026-03-06
7491,zinzid,817,Abordable,2026-03-06
7492,baalk,817,Abordable,2026-03-06
7493,cece_g_m,816,Abordable,2026-03-06
7494,jujulncl,816,Abordable,2026-03-06
7495,Tymoche,816,Abordable,2026-03-06
7496,Haggeden,816,Abordable,2026-03-06
7497,Rukeyz_,816,Abordable,2026-03-06
7498,OuistiStitch,816,Abordable,2026-03-06
7499,jeannette123456789,816,Abordable,2026-03-06
7500,timo2gab2,816,Abordable,2026-03-06
7501,Taerrann,816,Abordable,2026-03-06
7502,0paradax0,815,Abordable,2026-03-06
7503,lorickgng,815,Abordable,2026-03-06
7504,Nashors_tooth,815,Abordable,2026-03-06
7505,robieeng,815,Abordable,2026-03-06
7506,atomestar,815,Abordable,2026-03-06
7507,L_Fake,815,Abordable,2026-03-06
7508,nopen94,815,Abordable,2026-03-06
7509,YungHooligan06,815,Abordable,2026-03-06
7510,bananozaure,815,Abordable,2026-03-06
7511,opheeliaa13,815,Abordable,2026-03-06
7512,asmmonster,814,Abordable,2026-03-06
7513,syni_x_,814,Abordable,2026-03-06
7514,tutitub,814,Abordable,2026-03-06
7515,marlasc69,814,Abordable,2026-03-06
7516,Djastiin,814,Abordable,2026-03-06
7517,enabla12,813,Abordable,2026-03-06
7518,darcko915,813,Abordable,2026-03-06
7519,toncle_,813,Abordable,2026-03-06
7520,maheleha,813,Abordable,2026-03-06
7521,tominou68,813,Abordable,2026-03-06
7522,mathieu_mr0,813,Abordable,2026-03-06
7523,1nuit2escortes,813,Abordable,2026-03-06
7524,raptorzz18,813,Abordable,2026-03-06
7525,lazlo_strange_,813,Abordable,2026-03-06
7526,Skalopri,812,Abordable,2026-03-06
7527,TwIx_PVP_,812,Abordable,2026-03-06
7528,atchoup57,812,Abordable,2026-03-06
7529,piratedu52,812,Abordable,2026-03-06
7530,Ansatole,812,Abordable,2026-03-06
7531,margaux_mnfcn,812,Abordable,2026-03-06
7532,maelyss1110,812,Abordable,2026-03-06
7533,laetis08,811,Abordable,2026-03-06
7534,Waffis_,811,Abordable,2026-03-06
7535,Aidid17,811,Abordable,2026-03-06
7536,mayavincenz,810,Abordable,2026-03-06
7537,lebarbatuan,810,Abordable,2026-03-06
7538,Dodudax,810,Abordable,2026-03-06
7539,mangoose17,810,Abordable,2026-03-06
7540,RicT0n,810,Abordable,2026-03-06
7541,lilith_wyatt,810,Abordable,2026-03-06
7542,PX_ByoZoe,810,Abordable,2026-03-06
7543,christophedino,810,Abordable,2026-03-06
7544,lebigkap,810,Abordable,2026-03-06
7545,AndoSL,810,Abordable,2026-03-06
7546,ju_dvx,810,Abordable,2026-03-06
7547,hmeu45,810,Abordable,2026-03-06
7548,tintin490,810,Abordable,2026-03-06
7549,remychp69,810,Abordable,2026-03-06
7550,groyonfsenpai,810,Abordable,2026-03-06
7551,tesschan1,810,Abordable,2026-03-06
7552,ourem,810,Abordable,2026-03-06
7553,papiillon_,810,Abordable,2026-03-06
7554,cessya_,810,Abordable,2026-03-06
7555,lealechatlol,810,Abordable,2026-03-06
7556,mathis_potager,810,Abordable,2026-03-06
7557,Ccdragonice,810,Abordable,2026-03-06
7558,didoukill_,809,Abordable,2026-03-06
7559,lilysead,809,Abordable,2026-03-06
7560,Zayokai,809,Abordable,2026-03-06
7561,frixios_,809,Abordable,2026-03-06
7562,linhaotara,808,Abordable,2026-03-06
7563,LequipageDuSoleil,808,Abordable,2026-03-06
7564,sarahggre,808,Abordable,2026-03-06
7565,titoulehibou,808,Abordable,2026-03-06
7566,emmalerx,808,Abordable,2026-03-06
7567,Lastot,808,Abordable,2026-03-06
7568,lemou,808,Abordable,2026-03-06
7569,perenini,807,Abordable,2026-03-06
7570,fabien_essoone,807,Abordable,2026-03-06
7571,lea_ricomagique,807,Abordable,2026-03-06
7572,nouvelleabeille,807,Abordable,2026-03-06
7573,psg750,807,Abordable,2026-03-06
7574,bicloo44_,807,Abordable,2026-03-06
7575,pour628combien,807,Abordable,2026-03-06
7576,LuckyLucian0_,807,Abordable,2026-03-06
7577,titime635,806,Abordable,2026-03-06
7578,saavora,806,Abordable,2026-03-06
7579,jimmyglinne,806,Abordable,2026-03-06
7580,mag85600,806,Abordable,2026-03-06
7581,wyndraxx_,806,Abordable,2026-03-06
7582,megapegasus15,806,Abordable,2026-03-06
7583,popo9703,806,Abordable,2026-03-06
7584,loveant13,806,Abordable,2026-03-06
7585,pier076,806,Abordable,2026-03-06
7586,maevaricelle,806,Abordable,2026-03-06
7587,bylicaro,806,Abordable,2026-03-06
7588,maxjacq03,805,Abordable,2026-03-06
7589,queenlanou12,805,Abordable,2026-03-06
7590,franfoua,805,Abordable,2026-03-06
7591,theobvrd,805,Abordable,2026-03-06
7592,uhaina_,805,Abordable,2026-03-06
7593,dindana,805,Abordable,2026-03-06
7594,clementguise,805,Abordable,2026-03-06
7595,lea__gclvs,805,Abordable,2026-03-06
7596,ele3233,804,Abordable,2026-03-06
7597,maxlmbrt,804,Abordable,2026-03-06
7598,lucas_dlprt,804,Abordable,2026-03-06
7599,Badeo_,804,Abordable,2026-03-06
7600,celiooo03,804,Abordable,2026-03-06
7601,tsuchikage01,804,Abordable,2026-03-06
7602,luffus_tv,803,Abordable,2026-03-06
7603,naoko333,803,Abordable,2026-03-06
7604,itsumimariooooo,803,Abordable,2026-03-06
7605,Axlouf_,802,Abordable,2026-03-06
7606,gauthh__,802,Abordable,2026-03-06
7607,elr3o,802,Abordable,2026-03-06
7608,tobby44,802,Abordable,2026-03-06
7609,lazzzdg,802,Abordable,2026-03-06
7610,lun_amille02,802,Abordable,2026-03-06
7611,l1sa_f,802,Abordable,2026-03-06
7612,KCNahtan,802,Abordable,2026-03-06
7613,manon_ha6,802,Abordable,2026-03-06
7614,tasliim,801,Abordable,2026-03-06
7615,kacarry100,801,Abordable,2026-03-06
7616,evil__royal,801,Abordable,2026-03-06
7617,candice_238,801,Abordable,2026-03-06
7618,Yurinomai,800,Abordable,2026-03-06
7619,mick15118,800,Abordable,2026-03-06
7620,svendaym,800,Abordable,2026-03-06
7621,riseflag,800,Abordable,2026-03-06
7622,lil_ale_the_og,800,Abordable,2026-03-06
7623,Chackeyyy,799,Abordable,2026-03-06
7624,valmine07,799,Abordable,2026-03-06
7625,mabelfromthefall,799,Abordable,2026-03-06
7626,apolline2010,799,Abordable,2026-03-06
7627,anaislallouette,799,Abordable,2026-03-06
7628,Paawl,799,Abordable,2026-03-06
7629,celine30360,798,Abordable,2026-03-06
7630,VicTor_350,798,Abordable,2026-03-06
7631,Spaaara_,798,Abordable,2026-03-06
7632,jujussse,798,Abordable,2026-03-06
7633,rocchimo_,798,Abordable,2026-03-06
7634,jiji15250,798,Abordable,2026-03-06
7635,ohhtrennq,797,Abordable,2026-03-06
7636,ilianoss31,797,Abordable,2026-03-06
7637,Zorum21,797,Abordable,2026-03-06
7638,jotosama,797,Abordable,2026-03-06
7639,max_ime1807,797,Abordable,2026-03-06
7640,zozorc,797,Abordable,2026-03-06
7641,proxima10000,797,Abordable,2026-03-06
7642,Jayro_mds,796,Abordable,2026-03-06
7643,Starcower,796,Abordable,2026-03-06
7644,justinettutina,796,Abordable,2026-03-06
7645,fuzozoraire,796,Abordable,2026-03-06
7646,cerise_arg,796,Abordable,2026-03-06
7647,locabuzell,796,Abordable,2026-03-06
7648,TenebroA,796,Abordable,2026-03-06
7649,t_o_t_o_04,795,Abordable,2026-03-06
7650,amaury_thblt,795,Abordable,2026-03-06
7651,debeyyy,795,Abordable,2026-03-06
7652,mojitodejante65,794,Abordable,2026-03-06
7653,sheikahtf,793,Abordable,2026-03-06
7654,AlexanderAmarok,793,Abordable,2026-03-06
7655,alpha_matou,793,Abordable,2026-03-06
7656,emmachacha,793,Abordable,2026-03-06
7657,kobe25j,793,Abordable,2026-03-06
7658,LocSher,793,Abordable,2026-03-06
7659,acess_nagumo,793,Abordable,2026-03-06
7660,mi_fa_,793,Abordable,2026-03-06
7661,jeanfilmonpantalon,792,Abordable,2026-03-06
7662,enzo47l,792,Abordable,2026-03-06
7663,chrisjou95,792,Abordable,2026-03-06
7664,hugocarotte,791,Abordable,2026-03-06
7665,melydya,791,Abordable,2026-03-06
7666,abe_stitch,791,Abordable,2026-03-06
7667,creamkittyfr,791,Abordable,2026-03-06
7668,lecureuilbleu,791,Abordable,2026-03-06
7669,luc24170,791,Abordable,2026-03-06
7670,loicknng,791,Abordable,2026-03-06
7671,batou974larue,791,Abordable,2026-03-06
7672,clementfunnycool,791,Abordable,2026-03-06
7673,perona2001,790,Abordable,2026-03-06
7674,thebunouf,790,Abordable,2026-03-06
7675,romain_jcq,790,Abordable,2026-03-06
7676,rrraphaelo,790,Abordable,2026-03-06
7677,Supermarteau15,790,Abordable,2026-03-06
7678,rayanujan,790,Abordable,2026-03-06
7679,descolas_,790,Abordable,2026-03-06
7680,anakinskywalkeras,789,Abordable,2026-03-06
7681,dubunours,789,Abordable,2026-03-06
7682,hug_0__,789,Abordable,2026-03-06
7683,m4rgauuxx,788,Abordable,2026-03-06
7684,roms584,788,Abordable,2026-03-06
7685,dinosouye,788,Abordable,2026-03-06
7686,hippolyteuro,788,Abordable,2026-03-06
7687,romanus_drp,788,Abordable,2026-03-06
7688,lihou83,787,Abordable,2026-03-06
7689,louisemrhl,787,Abordable,2026-03-06
7690,pierroux0508,787,Abordable,2026-03-06
7691,margauxo123,787,Abordable,2026-03-06
7692,Baoboutre,787,Abordable,2026-03-06
7693,lingover,787,Abordable,2026-03-06
7694,bladx91,787,Abordable,2026-03-06
7695,didine_sama_,787,Abordable,2026-03-06
7696,Hawzaz,787,Abordable,2026-03-06
7697,alyssac06,786,Abordable,2026-03-06
7698,admida2013,786,Abordable,2026-03-06
7699,zlatom0802,785,Abordable,2026-03-06
7700,trithom23,785,Abordable,2026-03-06
7701,therat72,785,Abordable,2026-03-06
7702,NooXuu_,785,Abordable,2026-03-06
7703,Nieernen,785,Abordable,2026-03-06
7704,cocolavetm8,785,Abordable,2026-03-06
7705,emyc1703,784,Abordable,2026-03-06
7706,dracis_,784,Abordable,2026-03-06
7707,SfGanl,784,Abordable,2026-03-06
7708,crobicho,784,Abordable,2026-03-06
7709,Hyygow,783,Abordable,2026-03-06
7710,Drupthy,783,Abordable,2026-03-06
7711,tristan69p,783,Abordable,2026-03-06
7712,gagzzz98,783,Abordable,2026-03-06
7713,elodiethbt,783,Abordable,2026-03-06
7714,KikejMAGGLE,783,Abordable,2026-03-06
7715,maxxouu__,783,Abordable,2026-03-06
7716,ThatPlas,782,Abordable,2026-03-06
7717,mathildev95,782,Abordable,2026-03-06
7718,TheShoukapik,782,Abordable,2026-03-06
7719,theo_latr,781,Abordable,2026-03-06
7720,Jux__x,781,Abordable,2026-03-06
7721,bachhapp,781,Abordable,2026-03-06
7722,emeuhx,781,Abordable,2026-03-06
7723,antonio_de_la_noche,781,Abordable,2026-03-06
7724,slalom08,781,Abordable,2026-03-06
7725,maggx3,781,Abordable,2026-03-06
7726,baptlantar,781,Abordable,2026-03-06
7727,Yuta_033,781,Abordable,2026-03-06
7728,timbutkuf,781,Abordable,2026-03-06
7729,maxou111_,780,Abordable,2026-03-06
7730,n3dry_75,780,Abordable,2026-03-06
7731,louise_250,780,Abordable,2026-03-06
7732,justanicepisces,780,Abordable,2026-03-06
7733,ultimeatom,780,Abordable,2026-03-06
7734,petit_pinson,780,Abordable,2026-03-06
7735,amiralebjorn,780,Abordable,2026-03-06
7736,alexsee99,780,Abordable,2026-03-06
7737,tapix13006,780,Abordable,2026-03-06
7738,AoLMatthieu,780,Abordable,2026-03-06
7739,cacamimi77,780,Abordable,2026-03-06
7740,loviannah,780,Abordable,2026-03-06
7741,PolaarM,780,Abordable,2026-03-06
7742,nemie06,780,Abordable,2026-03-06
7743,Isillios,780,Abordable,2026-03-06
7744,damienbbo,780,Abordable,2026-03-06
7745,morgane0773,780,Abordable,2026-03-06
7746,alrunicornet,780,Abordable,2026-03-06
7747,patatasbravasoff,780,Abordable,2026-03-06
7748,neitsabes_4,780,Abordable,2026-03-06
7749,emilamical,780,Abordable,2026-03-06
7750,r4pharmacie,780,Abordable,2026-03-06
7751,feldrea,779,Abordable,2026-03-06
7752,mango29pav,779,Abordable,2026-03-06
7753,Hugohash,779,Abordable,2026-03-06
7754,eemdevil,779,Abordable,2026-03-06
7755,tutur_ftn,779,Abordable,2026-03-06
7756,e_Technik,779,Abordable,2026-03-06
7757,aurele53,779,Abordable,2026-03-06
7758,al_gameur,779,Abordable,2026-03-06
7759,simon___adebisi,779,Abordable,2026-03-06
7760,paigee14,778,Abordable,2026-03-06
7761,zehncool,778,Abordable,2026-03-06
7762,firebozo,778,Abordable,2026-03-06
7763,g4b_ep2009,778,Abordable,2026-03-06
7764,SquidAura,777,Abordable,2026-03-06
7765,tomuuuuus,777,Abordable,2026-03-06
7766,gabin547,777,Abordable,2026-03-06
7767,deluxios2,777,Abordable,2026-03-06
7768,pouydee,776,Abordable,2026-03-06
7769,tboutv,776,Abordable,2026-03-06
7770,idrreal,776,Abordable,2026-03-06
7771,lenatoxx,776,Abordable,2026-03-06
7772,gabriel_fsne,776,Abordable,2026-03-06
7773,mamiehouda,775,Abordable,2026-03-06
7774,gwendo_la_gwendo,775,Abordable,2026-03-06
7775,KobraaDZN,775,Abordable,2026-03-06
7776,ValereDeLaPlaneteTerre,775,Abordable,2026-03-06
7777,redwallader,775,Abordable,2026-03-06
7778,murielfr54,775,Abordable,2026-03-06
7779,didimost,775,Abordable,2026-03-06
7780,belioz_,775,Abordable,2026-03-06
7781,lyess57,774,Abordable,2026-03-06
7782,jutobi86,774,Abordable,2026-03-06
7783,PetiteNyuti,774,Abordable,2026-03-06
7784,matisteva,774,Abordable,2026-03-06
7785,ouilson,774,Abordable,2026-03-06
7786,Redjy84,774,Abordable,2026-03-06
7787,pataflex31,774,Abordable,2026-03-06
7788,antho_2397,774,Abordable,2026-03-06
7789,team_expezia,774,Abordable,2026-03-06
7790,blackwolf6930,773,Abordable,2026-03-06
7791,waldh4ri,773,Abordable,2026-03-06
7792,Superluigi950,773,Abordable,2026-03-06
7793,audreybzlr,773,Abordable,2026-03-06
7794,elpiib,773,Abordable,2026-03-06
7795,theoflo9,773,Abordable,2026-03-06
7796,Disox1,773,Abordable,2026-03-06
7797,darshen2,773,Abordable,2026-03-06
7798,Foot_Cent_Biere,773,Abordable,2026-03-06
7799,nellio10,772,Abordable,2026-03-06
7800,lperr8,772,Abordable,2026-03-06
7801,molucas198,772,Abordable,2026-03-06
7802,starkaryhac,772,Abordable,2026-03-06
7803,tanguy1993,772,Abordable,2026-03-06
7804,ancelin2402,772,Abordable,2026-03-06
7805,froza_panda,772,Abordable,2026-03-06
7806,marguerite5020,772,Abordable,2026-03-06
7807,mkemiiiii,772,Abordable,2026-03-06
7808,Whatafairfoot,771,Abordable,2026-03-06
7809,HiImMigi,771,Abordable,2026-03-06
7810,sansylasquelette,771,Abordable,2026-03-06
7811,neluune,771,Abordable,2026-03-06
7812,luucas_stn,771,Abordable,2026-03-06
7813,bastoslegoat2006,771,Abordable,2026-03-06
7814,xAshikata,771,Abordable,2026-03-06
7815,Leo_dmo,771,Abordable,2026-03-06
7816,badnews33,771,Abordable,2026-03-06
7817,CentNon_,770,Abordable,2026-03-06
7818,mx10_pclrsx,770,Abordable,2026-03-06
7819,vivekjosef,770,Abordable,2026-03-06
7820,rofosefe,769,Abordable,2026-03-06
7821,lub54,769,Abordable,2026-03-06
7822,xiogo6,769,Abordable,2026-03-06
7823,sosoleil2,769,Abordable,2026-03-06
7824,zo_darco,769,Abordable,2026-03-06
7825,imachinaire,769,Abordable,2026-03-06
7826,raphlamenace123,769,Abordable,2026-03-06
7827,Kagzea_,769,Abordable,2026-03-06
7828,Francois_BCN,769,Abordable,2026-03-06
7829,sariphe,769,Abordable,2026-03-06
7830,drapsag971,768,Abordable,2026-03-06
7831,letank_fm,768,Abordable,2026-03-06
7832,arthur7330,768,Abordable,2026-03-06
7833,aureliervlnbook,767,Abordable,2026-03-06
7834,mamandomy66,767,Abordable,2026-03-06
7835,gui12ma,767,Abordable,2026-03-06
7836,nicomrzt,767,Abordable,2026-03-06
7837,Raptorrr59,767,Abordable,2026-03-06
7838,candaices,767,Abordable,2026-03-06
7839,DESERTSTREAMS,767,Abordable,2026-03-06
7840,TomFouk,767,Abordable,2026-03-06
7841,jaderld,767,Abordable,2026-03-06
7842,furuta_mv,766,Abordable,2026-03-06
7843,shiwaki7,766,Abordable,2026-03-06
7844,nicolo06100,766,Abordable,2026-03-06
7845,heliotropej,766,Abordable,2026-03-06
7846,cyprienbss,766,Abordable,2026-03-06
7847,Liphis,766,Abordable,2026-03-06
7848,kelgbr,765,Abordable,2026-03-06
7849,Guep,765,Abordable,2026-03-06
7850,legendbonobo,765,Abordable,2026-03-06
7851,Notitou,765,Abordable,2026-03-06
7852,ladydianou,764,Abordable,2026-03-06
7853,ibramih,764,Abordable,2026-03-06
7854,raphlanimateurdu52,764,Abordable,2026-03-06
7855,leseuletuniquey,764,Abordable,2026-03-06
7856,maattyets10,764,Abordable,2026-03-06
7857,celiophan,764,Abordable,2026-03-06
7858,yonilagoul,764,Abordable,2026-03-06
7859,guiyomm,763,Abordable,2026-03-06
7860,antore2,763,Abordable,2026-03-06
7861,nonoop29,763,Abordable,2026-03-06
7862,6giger56,763,Abordable,2026-03-06
7863,quentitinus,762,Abordable,2026-03-06
7864,marguerite_29,762,Abordable,2026-03-06
7865,Hairah,762,Abordable,2026-03-06
7866,miss_click_here,762,Abordable,2026-03-06
7867,lorisbjn10,762,Abordable,2026-03-06
7868,morenewar,762,Abordable,2026-03-06
7869,Krbon_L3GEND,761,Abordable,2026-03-06
7870,julesville57,761,Abordable,2026-03-06
7871,dinoshan_11,761,Abordable,2026-03-06
7872,osarya,760,Abordable,2026-03-06
7873,quentin141185,760,Abordable,2026-03-06
7874,lau4406,760,Abordable,2026-03-06
7875,broutteherbe,760,Abordable,2026-03-06
7876,Robert_Lafondue_,760,Abordable,2026-03-06
7877,manouya2,759,Abordable,2026-03-06
7878,coline_pn,759,Abordable,2026-03-06
7879,luluvelo83,759,Abordable,2026-03-06
7880,btwix38,759,Abordable,2026-03-06
7881,GodyOwl,758,Abordable,2026-03-06
7882,Tsukinohi,758,Abordable,2026-03-06
7883,CanaBeer81,758,Abordable,2026-03-06
7884,gabribusss,758,Abordable,2026-03-06
7885,wonwart,758,Abordable,2026-03-06
7886,e01hc,758,Abordable,2026-03-06
7887,nilsweed,758,Abordable,2026-03-06
7888,bilou39iq,758,Abordable,2026-03-06
7889,tisthali,757,Abordable,2026-03-06
7890,millady54,757,Abordable,2026-03-06
7891,kindermaxi07,757,Abordable,2026-03-06
7892,yannetchloe,757,Abordable,2026-03-06
7893,myamotter,756,Abordable,2026-03-06
7894,teoulea8,756,Abordable,2026-03-06
7895,KaReal4990,756,Abordable,2026-03-06
7896,avaken1,756,Abordable,2026-03-06
7897,lipkk17,756,Abordable,2026-03-06
7898,nithen310000,755,Abordable,2026-03-06
7899,Clement21456,755,Abordable,2026-03-06
7900,imreadytobergo,755,Abordable,2026-03-06
7901,iamjeremyloth,755,Abordable,2026-03-06
7902,aliiiice018374829,755,Abordable,2026-03-06
7903,Roz_thm,755,Abordable,2026-03-06
7904,heimana02,754,Abordable,2026-03-06
7905,laulau17p,754,Abordable,2026-03-06
7906,popotas_muertos,754,Abordable,2026-03-06
7907,geo570,754,Abordable,2026-03-06
7908,Kamapomi,754,Abordable,2026-03-06
7909,scratchy68000,753,Abordable,2026-03-06
7910,hugzo25,753,Abordable,2026-03-06
7911,quentinsagnespages,753,Abordable,2026-03-06
7912,zeykuu_,753,Abordable,2026-03-06
7913,anamorph0se,752,Abordable,2026-03-06
7914,thuyvivalentine,752,Abordable,2026-03-06
7915,KaleVadore,752,Abordable,2026-03-06
7916,lele070801,752,Abordable,2026-03-06
7917,YunaBurton,751,Abordable,2026-03-06
7918,sunzylo,751,Abordable,2026-03-06
7919,baptou_sensei,751,Abordable,2026-03-06
7920,yyyayoor,751,Abordable,2026-03-06
7921,dirouuu,751,Abordable,2026-03-06
7922,Bloodhawk_Z,750,Abordable,2026-03-06
7923,sarah_tess_twitch,750,Abordable,2026-03-06
7924,l3od3biloss,750,Abordable,2026-03-06
7925,azrin,750,Abordable,2026-03-06
7926,Atlas5921,750,Abordable,2026-03-06
7927,inquii,750,Abordable,2026-03-06
7928,LidenbrockDeRiv,750,Abordable,2026-03-06
7929,nook_lebelarnaqueur,750,Abordable,2026-03-06
7930,tibro_,750,Abordable,2026-03-06
7931,ka3_14taine,750,Abordable,2026-03-06
7932,alexe_gblng,750,Abordable,2026-03-06
7933,isayas___,750,Abordable,2026-03-06
7934,fanfanny76,750,Abordable,2026-03-06
7935,antone_vg,750,Abordable,2026-03-06
7936,Pipou_47,750,Abordable,2026-03-06
7937,ilarnek01,750,Abordable,2026-03-06
7938,HarryBeau28,750,Abordable,2026-03-06
7939,Suwan31,749,Abordable,2026-03-06
7940,nessakl19,749,Abordable,2026-03-06
7941,Skyline_is_Blue,749,Abordable,2026-03-06
7942,toniosphere,749,Abordable,2026-03-06
7943,krix_art,748,Abordable,2026-03-06
7944,kirikoucr1,748,Abordable,2026-03-06
7945,sylgran,748,Abordable,2026-03-06
7946,SLYDZZ_,748,Abordable,2026-03-06
7947,Etlara15,748,Abordable,2026-03-06
7948,gnoochi973,748,Abordable,2026-03-06
7949,Shiirosune,748,Abordable,2026-03-06
7950,actario_,747,Abordable,2026-03-06
7951,LMA_Reckss,747,Abordable,2026-03-06
7952,copaingeorge,747,Abordable,2026-03-06
7953,lamuertedelpoulpo,747,Abordable,2026-03-06
7954,enzog3113,747,Abordable,2026-03-06
7955,niwunikonu,747,Abordable,2026-03-06
7956,bergamote2806,747,Abordable,2026-03-06
7957,hablazo,747,Abordable,2026-03-06
7958,Rebo65,747,Abordable,2026-03-06
7959,KZN_______,746,Abordable,2026-03-06
7960,gml_20,746,Abordable,2026-03-06
7961,Mariousse12,746,Abordable,2026-03-06
7962,maxoche,746,Abordable,2026-03-06
7963,Mlle_Halisson,745,Abordable,2026-03-06
7964,SoFoCle,745,Abordable,2026-03-06
7965,MadSooz,745,Abordable,2026-03-06
7966,executeurlama_321,745,Abordable,2026-03-06
7967,Lemmos__,744,Abordable,2026-03-06
7968,D0B0VAN,744,Abordable,2026-03-06
7969,MadixLeo,744,Abordable,2026-03-06
7970,adrilexlesolex,744,Abordable,2026-03-06
7971,Shamix_4,744,Abordable,2026-03-06
7972,c3line_c,744,Abordable,2026-03-06
7973,DieuJaunee,744,Abordable,2026-03-06
7974,pipvvv,743,Abordable,2026-03-06
7975,cocob2881,743,Abordable,2026-03-06
7976,Tomyzo,743,Abordable,2026-03-06
7977,okami_dreamin,743,Abordable,2026-03-06
7978,spayzzz92,743,Abordable,2026-03-06
7979,axelmrc,743,Abordable,2026-03-06
7980,faltekdonab,743,Abordable,2026-03-06
7981,mimilasouriswsh,742,Abordable,2026-03-06
7982,mooxile_18,741,Abordable,2026-03-06
7983,big_h04,741,Abordable,2026-03-06
7984,Yaaassine_z,741,Abordable,2026-03-06
7985,razspender_off,740,Abordable,2026-03-06
7986,cristale,740,Abordable,2026-03-06
7987,Norsk_TiTi,740,Abordable,2026-03-06
7988,kaymoze,740,Abordable,2026-03-06
7989,samfrancv2,739,Abordable,2026-03-06
7990,adem_c17,739,Abordable,2026-03-06
7991,Metallicanard,739,Abordable,2026-03-06
7992,nastro_HvkB2S,739,Abordable,2026-03-06
7993,rattogs,739,Abordable,2026-03-06
7994,ameliiie07,739,Abordable,2026-03-06
7995,captain_rom__,739,Abordable,2026-03-06
7996,HusbandoOfuscado,739,Abordable,2026-03-06
7997,sachymi,739,Abordable,2026-03-06
7998,blusar81,739,Abordable,2026-03-06
7999,neptun_is,739,Abordable,2026-03-06
8000,laulah_,738,Abordable,2026-03-06
8001,sharky_r,738,Abordable,2026-03-06
8002,lagaub1,738,Abordable,2026-03-06
8003,hypnoz_101,738,Abordable,2026-03-06
8004,AlexVI88,738,Abordable,2026-03-06
8005,tonixbzh,738,Abordable,2026-03-06
8006,jezabel_05,738,Abordable,2026-03-06
8007,emtio0408_,738,Abordable,2026-03-06
8008,leonie_dct,738,Abordable,2026-03-06
8009,Aylbe,738,Abordable,2026-03-06
8010,w0lp_,737,Abordable,2026-03-06
8011,sunnn_4,737,Abordable,2026-03-06
8012,lilu256,737,Abordable,2026-03-06
8013,hasfodel,736,Abordable,2026-03-06
8014,kingburger14,736,Abordable,2026-03-06
8015,bigfoot_gaming54,736,Abordable,2026-03-06
8016,redakai08095,736,Abordable,2026-03-06
8017,megouzetastu,736,Abordable,2026-03-06
8018,Atrex04,735,Abordable,2026-03-06
8019,Dawbloft,735,Abordable,2026-03-06
8020,louustick,735,Abordable,2026-03-06
8021,asphahyre_,734,Abordable,2026-03-06
8022,gaetansimon880001,734,Abordable,2026-03-06
8023,albertmonsieur,734,Abordable,2026-03-06
8024,Maksou,733,Abordable,2026-03-06
8025,c4ss0u_,733,Abordable,2026-03-06
8026,zoe_gregoire,733,Abordable,2026-03-06
8027,mlou13,733,Abordable,2026-03-06
8028,paulhumain,733,Abordable,2026-03-06
8029,theorigine94,732,Abordable,2026-03-06
8030,Anataa_,732,Abordable,2026-03-06
8031,gabicollo,732,Abordable,2026-03-06
8032,paudfleurrr,731,Abordable,2026-03-06
8033,fritecheddar,731,Abordable,2026-03-06
8034,buuche__,731,Abordable,2026-03-06
8035,raziator15,730,Abordable,2026-03-06
8036,SolyGhosts,730,Abordable,2026-03-06
8037,L4iiY_,730,Abordable,2026-03-06
8038,100berydlaw,730,Abordable,2026-03-06
8039,lullha,730,Abordable,2026-03-06
8040,alana_zbl,730,Abordable,2026-03-06
8041,volzork,729,Abordable,2026-03-06
8042,egalismix,729,Abordable,2026-03-06
8043,loukasss,729,Abordable,2026-03-06
8044,boumbo_des_bois,729,Abordable,2026-03-06
8045,Novardens,728,Abordable,2026-03-06
8046,lxlxndrxpixel,728,Abordable,2026-03-06
8047,chloe30b,728,Abordable,2026-03-06
8048,juliebdgt,728,Abordable,2026-03-06
8049,Skelerex,728,Abordable,2026-03-06
8050,notbadassassinnn,728,Abordable,2026-03-06
8051,Winnientis,728,Abordable,2026-03-06
8052,bioniixx,727,Abordable,2026-03-06
8053,Arrkazz,727,Abordable,2026-03-06
8054,lou_stack,726,Abordable,2026-03-06
8055,accarios,726,Abordable,2026-03-06
8056,Galumerk,726,Abordable,2026-03-06
8057,Sacrisanglant,726,Abordable,2026-03-06
8058,galigalawe,726,Abordable,2026-03-06
8059,materza,726,Abordable,2026-03-06
8060,oriane_morel,725,Abordable,2026-03-06
8061,Sixsko,725,Abordable,2026-03-06
8062,tomdhul,724,Abordable,2026-03-06
8063,thematbot,724,Abordable,2026-03-06
8064,rrrrrrrrrrobin,724,Abordable,2026-03-06
8065,cherrily18,724,Abordable,2026-03-06
8066,cleeem17,724,Abordable,2026-03-06
8067,WoXayZ,724,Abordable,2026-03-06
8068,alan31109831,724,Abordable,2026-03-06
8069,martindupe,724,Abordable,2026-03-06
8070,locobaboso,724,Abordable,2026-03-06
8071,lalegende36,723,Abordable,2026-03-06
8072,Lunomed1,723,Abordable,2026-03-06
8073,sylviajos123,722,Abordable,2026-03-06
8074,tinckiiwinckii1,722,Abordable,2026-03-06
8075,mathieu_brst,722,Abordable,2026-03-06
8076,darkrizen_2,721,Abordable,2026-03-06
8077,martin_lach,721,Abordable,2026-03-06
8078,ykiyuk,721,Abordable,2026-03-06
8079,mathitsu9,720,Abordable,2026-03-06
8080,robine_r,720,Abordable,2026-03-06
8081,tewiiy,720,Abordable,2026-03-06
8082,camarade_007,720,Abordable,2026-03-06
8083,juliettecrb,720,Abordable,2026-03-06
8084,dagmartrv,720,Abordable,2026-03-06
8085,grxydxy,720,Abordable,2026-03-06
8086,cycy_crevette,720,Abordable,2026-03-06
8087,mipomme,720,Abordable,2026-03-06
8088,IIRob1,720,Abordable,2026-03-06
8089,UnMecRandom23,720,Abordable,2026-03-06
8090,Zipacnaa,720,Abordable,2026-03-06
8091,pliver_,720,Abordable,2026-03-06
8092,mover6,720,Abordable,2026-03-06
8093,romainp22,720,Abordable,2026-03-06
8094,titie78,720,Abordable,2026-03-06
8095,musbros4,720,Abordable,2026-03-06
8096,sosslpb,720,Abordable,2026-03-06
8097,emillegoat2008,720,Abordable,2026-03-06
8098,ambre7822,720,Abordable,2026-03-06
8099,vic2312,720,Abordable,2026-03-06
8100,pepmilano,720,Abordable,2026-03-06
8101,didine81312,719,Abordable,2026-03-06
8102,skypos_,719,Abordable,2026-03-06
8103,elgadina,718,Abordable,2026-03-06
8104,amayellemarie,718,Abordable,2026-03-06
8105,Mister_linkYT,718,Abordable,2026-03-06
8106,paulo64b,718,Abordable,2026-03-06
8107,Darkswaglpb,717,Abordable,2026-03-06
8108,Jurassix_pack,717,Abordable,2026-03-06
8109,persefall,716,Abordable,2026-03-06
8110,Marsbal,716,Abordable,2026-03-06
8111,skjernsommerfeld,716,Abordable,2026-03-06
8112,zilouloux123,715,Abordable,2026-03-06
8113,milou1811,715,Abordable,2026-03-06
8114,MattM1129,715,Abordable,2026-03-06
8115,marishk4,715,Abordable,2026-03-06
8116,ariesnomu64000,715,Abordable,2026-03-06
8117,cinephileerrant,715,Abordable,2026-03-06
8118,Syndrox31,715,Abordable,2026-03-06
8119,lisaaa_leba31,715,Abordable,2026-03-06
8120,Floninha10,715,Abordable,2026-03-06
8121,Lukexys,715,Abordable,2026-03-06
8122,pat0941,714,Abordable,2026-03-06
8123,mr_shampoing,714,Abordable,2026-03-06
8124,furydrack,714,Abordable,2026-03-06
8125,solene_bndt,714,Abordable,2026-03-06
8126,oikawadinho,714,Abordable,2026-03-06
8127,perrinee39,714,Abordable,2026-03-06
8128,Silvarro_lou,714,Abordable,2026-03-06
8129,theodorusse85,713,Abordable,2026-03-06
8130,mrhibouuu,713,Abordable,2026-03-06
8131,Jiogo18,713,Abordable,2026-03-06
8132,aurelienator,713,Abordable,2026-03-06
8133,clarapnsn,713,Abordable,2026-03-06
8134,Clayptocat,713,Abordable,2026-03-06
8135,himemira,713,Abordable,2026-03-06
8136,valoumm10,713,Abordable,2026-03-06
8137,romi_roms_,713,Abordable,2026-03-06
8138,bokun08,713,Abordable,2026-03-06
8139,skreiz17,712,Abordable,2026-03-06
8140,ltndan57,712,Abordable,2026-03-06
8141,walterretwal,712,Abordable,2026-03-06
8142,Xynie31,712,Abordable,2026-03-06
8143,vlatipapajevoilaje,712,Abordable,2026-03-06
8144,lepepit0,712,Abordable,2026-03-06
8145,alicely,712,Abordable,2026-03-06
8146,JellalFRT,712,Abordable,2026-03-06
8147,max_lechelle,712,Abordable,2026-03-06
8148,elilazetank,712,Abordable,2026-03-06
8149,clemantiine_,711,Abordable,2026-03-06
8150,teoh59,711,Abordable,2026-03-06
8151,MisterCyril,711,Abordable,2026-03-06
8152,steffyyy_,711,Abordable,2026-03-06
8153,Lyriia_,711,Abordable,2026-03-06
8154,cricri6464,710,Abordable,2026-03-06
8155,kamlngvn,710,Abordable,2026-03-06
8156,maylisbnnrd,710,Abordable,2026-03-06
8157,lord_vampiron,710,Abordable,2026-03-06
8158,annefrance75,709,Abordable,2026-03-06
8159,awilda_coatl,709,Abordable,2026-03-06
8160,clmtgueg,709,Abordable,2026-03-06
8161,nougatkenan,708,Abordable,2026-03-06
8162,jipizor,708,Abordable,2026-03-06
8163,littlebigrom,708,Abordable,2026-03-06
8164,mathu2211,708,Abordable,2026-03-06
8165,3615kermt,708,Abordable,2026-03-06
8166,elsadebile,707,Abordable,2026-03-06
8167,larrytrooper,707,Abordable,2026-03-06
8168,titouan_p18,707,Abordable,2026-03-06
8169,LaSousse40,707,Abordable,2026-03-06
8170,0_jfd_0,707,Abordable,2026-03-06
8171,margooot_3,706,Abordable,2026-03-06
8172,croustimax_,706,Abordable,2026-03-06
8173,Loogy_cr,706,Abordable,2026-03-06
8174,sessunet,706,Abordable,2026-03-06
8175,TomannLeSandwich,706,Abordable,2026-03-06
8176,chnops_,706,Abordable,2026-03-06
8177,red__40,705,Abordable,2026-03-06
8178,emmaaldr20,705,Abordable,2026-03-06
8179,jaynaloxi,705,Abordable,2026-03-06
8180,quelk1_,705,Abordable,2026-03-06
8181,underkowe,704,Abordable,2026-03-06
8182,ArKadeAxe,704,Abordable,2026-03-06
8183,jocelyne1953,703,Abordable,2026-03-06
8184,ellasticgurl,703,Abordable,2026-03-06
8185,Swwitcher,703,Abordable,2026-03-06
8186,snownzen_,703,Abordable,2026-03-06
8187,sw1___,703,Abordable,2026-03-06
8188,garistag,703,Abordable,2026-03-06
8189,cosyseeker,703,Abordable,2026-03-06
8190,msovb,702,Abordable,2026-03-06
8191,Jessouiiille,702,Abordable,2026-03-06
8192,Estrellaa27,702,Abordable,2026-03-06
8193,Camille_Roby,701,Abordable,2026-03-06
8194,lilydear4,701,Abordable,2026-03-06
8195,sosomgt,701,Abordable,2026-03-06
8196,sensei_i_,701,Abordable,2026-03-06
8197,baptistedeme21,701,Abordable,2026-03-06
8198,lillarion,700,Abordable,2026-03-06
8199,peperonipizzz,700,Abordable,2026-03-06
8200,Sweeter00,700,Abordable,2026-03-06
8201,jujucoscu,699,Abordable,2026-03-06
8202,mg_camsang62,699,Abordable,2026-03-06
8203,Betterbepurple,699,Abordable,2026-03-06
8204,notPr0xy,698,Abordable,2026-03-06
8205,zextroz_,698,Abordable,2026-03-06
8206,lolotropforte,698,Abordable,2026-03-06
8207,nialas1971,698,Abordable,2026-03-06
8208,mael2669,698,Abordable,2026-03-06
8209,poloniumm3,698,Abordable,2026-03-06
8210,AMP_Tanzo,697,Abordable,2026-03-06
8211,pezl03,697,Abordable,2026-03-06
8212,bliketa,697,Abordable,2026-03-06
8213,umune0,696,Abordable,2026-03-06
8214,lhommealeatoire,696,Abordable,2026-03-06
8215,ppimbeche,696,Abordable,2026-03-06
8216,king_rulian,696,Abordable,2026-03-06
8217,chicodelamuerte,696,Abordable,2026-03-06
8218,roxannegs,695,Abordable,2026-03-06
8219,cleorttd,695,Abordable,2026-03-06
8220,timo663,695,Abordable,2026-03-06
8221,racontsavix,695,Abordable,2026-03-06
8222,batlbrt,695,Abordable,2026-03-06
8223,flavgarel,695,Abordable,2026-03-06
8224,cromax_fr,695,Abordable,2026-03-06
8225,byplop,694,Abordable,2026-03-06
8226,julianedrdn,694,Abordable,2026-03-06
8227,deuzic,694,Abordable,2026-03-06
8228,ophelie_145,694,Abordable,2026-03-06
8229,NepsAria,694,Abordable,2026-03-06
8230,Selloitah,693,Abordable,2026-03-06
8231,obispienne76,693,Abordable,2026-03-06
8232,chloehtnt,693,Abordable,2026-03-06
8233,ChiracLesPommes,693,Abordable,2026-03-06
8234,lolilolgrr,693,Abordable,2026-03-06
8235,hakkuuu,692,Abordable,2026-03-06
8236,rick__,692,Abordable,2026-03-06
8237,MelvinCzK,692,Abordable,2026-03-06
8238,thysmax__,692,Abordable,2026-03-06
8239,nate59160,692,Abordable,2026-03-06
8240,lorena_frl,692,Abordable,2026-03-06
8241,madeleinemsr,691,Abordable,2026-03-06
8242,Ivarna,691,Abordable,2026-03-06
8243,fanterence,691,Abordable,2026-03-06
8244,racconwithrizz,691,Abordable,2026-03-06
8245,Zedora_,691,Abordable,2026-03-06
8246,ravs75,691,Abordable,2026-03-06
8247,Noftark,690,Abordable,2026-03-06
8248,wonoqo,690,Abordable,2026-03-06
8249,Aelyaa,690,Abordable,2026-03-06
8250,kikohalemon,690,Abordable,2026-03-06
8251,keres__d,690,Abordable,2026-03-06
8252,loevaplr,690,Abordable,2026-03-06
8253,Thorneir_,690,Abordable,2026-03-06
8254,aminesox,690,Abordable,2026-03-06
8255,zanjha,690,Abordable,2026-03-06
8256,Khonnly,690,Abordable,2026-03-06
8257,mestiridido,690,Abordable,2026-03-06
8258,enz022543,690,Abordable,2026-03-06
8259,gigi5357,690,Abordable,2026-03-06
8260,le_bazz,690,Abordable,2026-03-06
8261,laaarsa07,690,Abordable,2026-03-06
8262,sp33dyyyy_,689,Abordable,2026-03-06
8263,mimounoux,689,Abordable,2026-03-06
8264,lea_knp,689,Abordable,2026-03-06
8265,lena0708c,689,Abordable,2026-03-06
8266,charasse91,689,Abordable,2026-03-06
8267,lepirdetous,689,Abordable,2026-03-06
8268,e5mm4,688,Abordable,2026-03-06
8269,bechamelch,688,Abordable,2026-03-06
8270,mathilde_ja,688,Abordable,2026-03-06
8271,vacoly,688,Abordable,2026-03-06
8272,nifle__,688,Abordable,2026-03-06
8273,svmi99,687,Abordable,2026-03-06
8274,lilou_mp4,687,Abordable,2026-03-06
8275,AquaphobicOtter,687,Abordable,2026-03-06
8276,wyillow,687,Abordable,2026-03-06
8277,yunanoexorcist,687,Abordable,2026-03-06
8278,h0stilz,687,Abordable,2026-03-06
8279,ludorinosama,687,Abordable,2026-03-06
8280,mael_72130,687,Abordable,2026-03-06
8281,mymiaouss,687,Abordable,2026-03-06
8282,mel0u,686,Abordable,2026-03-06
8283,fifou_34,686,Abordable,2026-03-06
8284,ryztourne,685,Abordable,2026-03-06
8285,marg_h24,685,Abordable,2026-03-06
8286,Axelinho1402,685,Abordable,2026-03-06
8287,edvardlecanard,685,Abordable,2026-03-06
8288,rhum85,685,Abordable,2026-03-06
8289,donfrigober,685,Abordable,2026-03-06
8290,Pragoserda,684,Abordable,2026-03-06
8291,crranthony,684,Abordable,2026-03-06
8292,emmtyo,684,Abordable,2026-03-06
8293,carine3337,684,Abordable,2026-03-06
8294,dragondejadegaming,684,Abordable,2026-03-06
8295,sulynhoooo,684,Abordable,2026-03-06
8296,antoinejotaro,684,Abordable,2026-03-06
8297,Cassielle,684,Abordable,2026-03-06
8298,albator2310,683,Abordable,2026-03-06
8299,sabenou,683,Abordable,2026-03-06
8300,carloussh,683,Abordable,2026-03-06
8301,artemis2702,683,Abordable,2026-03-06
8302,victoria_260,683,Abordable,2026-03-06
8303,pilotork,683,Abordable,2026-03-06
8304,endlessdrip,682,Abordable,2026-03-06
8305,Mosy_,682,Abordable,2026-03-06
8306,vr0umvr0um,682,Abordable,2026-03-06
8307,zolicas_dimensions,682,Abordable,2026-03-06
8308,moumous88lesvosges,682,Abordable,2026-03-06
8309,NeyLshi,682,Abordable,2026-03-06
8310,Antoniny03,682,Abordable,2026-03-06
8311,Yanis_khff,682,Abordable,2026-03-06
8312,cendrillon12,681,Abordable,2026-03-06
8313,oreillette3000,681,Abordable,2026-03-06
8314,effraie57,681,Abordable,2026-03-06
8315,matteosmalin,681,Abordable,2026-03-06
8316,jojo82,680,Abordable,2026-03-06
8317,mirio_34,680,Abordable,2026-03-06
8318,valmax94,680,Abordable,2026-03-06
8319,lokylock16,680,Abordable,2026-03-06
8320,jack_whilster,680,Abordable,2026-03-06
8321,MarwenP,680,Abordable,2026-03-06
8322,cricri20b,680,Abordable,2026-03-06
8323,emma_cdj,680,Abordable,2026-03-06
8324,Ouaf_blanc,680,Abordable,2026-03-06
8325,Henri_dmr_,679,Abordable,2026-03-06
8326,Ylliahc,679,Abordable,2026-03-06
8327,bougzy1,679,Abordable,2026-03-06
8328,tthomees,679,Abordable,2026-03-06
8329,flbflbflb,679,Abordable,2026-03-06
8330,chacalboy07,678,Abordable,2026-03-06
8331,wechinois,678,Abordable,2026-03-06
8332,m1mouna,677,Abordable,2026-03-06
8333,Lipzon,677,Abordable,2026-03-06
8334,el_pinsaro,677,Abordable,2026-03-06
8335,cl_luna,676,Abordable,2026-03-06
8336,CA_Riusma,676,Abordable,2026-03-06
8337,Nitel06,676,Abordable,2026-03-06
8338,j0han76_,676,Abordable,2026-03-06
8339,apipouu,676,Abordable,2026-03-06
8340,AlDLan08,676,Abordable,2026-03-06
8341,mula_luma,675,Abordable,2026-03-06
8342,capitaine_adri,675,Abordable,2026-03-06
8343,crira_,675,Abordable,2026-03-06
8344,bglstory,675,Abordable,2026-03-06
8345,elo29450,675,Abordable,2026-03-06
8346,thierrypiot,674,Abordable,2026-03-06
8347,saucebbq5,674,Abordable,2026-03-06
8348,zazawa23072024,674,Abordable,2026-03-06
8349,Heelaw,674,Abordable,2026-03-06
8350,shiizuk0_,674,Abordable,2026-03-06
8351,Hapraprar,674,Abordable,2026-03-06
8352,nithusan_,674,Abordable,2026-03-06
8353,GoldMP4,674,Abordable,2026-03-06
8354,Capten06,673,Abordable,2026-03-06
8355,monpote__,673,Abordable,2026-03-06
8356,nanaapowah,673,Abordable,2026-03-06
8357,emmaaa_bsn,673,Abordable,2026-03-06
8358,roykow,672,Abordable,2026-03-06
8359,Aetheciane,672,Abordable,2026-03-06
8360,ElKoudou,672,Abordable,2026-03-06
8361,serinyti,672,Abordable,2026-03-06
8362,citronnade321,671,Abordable,2026-03-06
8363,kllixto,671,Abordable,2026-03-06
8364,lunatik_444,671,Abordable,2026-03-06
8365,ni2207,671,Abordable,2026-03-06
8366,thim4z,671,Abordable,2026-03-06
8367,antmanserano,670,Abordable,2026-03-06
8368,xmascookies2,670,Abordable,2026-03-06
8369,ddtournesol,670,Abordable,2026-03-06
8370,zezereea,670,Abordable,2026-03-06
8371,mathis__ppn,670,Abordable,2026-03-06
8372,ST_kimiskii,669,Abordable,2026-03-06
8373,sebth29,669,Abordable,2026-03-06
8374,yorickk_,669,Abordable,2026-03-06
8375,louuis2,669,Abordable,2026-03-06
8376,Eldrokos,669,Abordable,2026-03-06
8377,sops31,668,Abordable,2026-03-06
8378,laurageuse26,668,Abordable,2026-03-06
8379,startplatinum,668,Abordable,2026-03-06
8380,adelie_236,668,Abordable,2026-03-06
8381,Roroo1804,668,Abordable,2026-03-06
8382,heysuruu,668,Abordable,2026-03-06
8383,chicohd1745,668,Abordable,2026-03-06
8384,nane73,668,Abordable,2026-03-06
8385,maiamgrt,667,Abordable,2026-03-06
8386,voltini411,667,Abordable,2026-03-06
8387,gerstert,667,Abordable,2026-03-06
8388,Aykonnito,667,Abordable,2026-03-06
8389,ivnoo31,667,Abordable,2026-03-06
8390,psychokwak42,667,Abordable,2026-03-06
8391,jadechristophe,667,Abordable,2026-03-06
8392,lalyy__7,667,Abordable,2026-03-06
8393,ant0xique,667,Abordable,2026-03-06
8394,Maxiiminus,667,Abordable,2026-03-06
8395,AnselmeO4,666,Abordable,2026-03-06
8396,lu6_zt,666,Abordable,2026-03-06
8397,Biditchoun,666,Abordable,2026-03-06
8398,mumuOL1,666,Abordable,2026-03-06
8399,shlager,666,Abordable,2026-03-06
8400,Damles,666,Abordable,2026-03-06
8401,katiaboop15,665,Abordable,2026-03-06
8402,benjjharmont,665,Abordable,2026-03-06
8403,cubman_tato,665,Abordable,2026-03-06
8404,abdaraztheking,665,Abordable,2026-03-06
8405,clara_jcmt,665,Abordable,2026-03-06
8406,estelle1457,664,Abordable,2026-03-06
8407,freeze__mael,664,Abordable,2026-03-06
8408,BugLess,664,Abordable,2026-03-06
8409,kelyurushka,664,Abordable,2026-03-06
8410,emma_educspe,663,Abordable,2026-03-06
8411,edubourg53,663,Abordable,2026-03-06
8412,remi1408,662,Abordable,2026-03-06
8413,Fuzatii,662,Abordable,2026-03-06
8414,mariejsst,661,Abordable,2026-03-06
8415,pybaudot44,661,Abordable,2026-03-06
8416,dembelinhoo7,661,Abordable,2026-03-06
8417,emtvn,661,Abordable,2026-03-06
8418,mc6flag77,661,Abordable,2026-03-06
8419,athenatrn,661,Abordable,2026-03-06
8420,Ribsouu,661,Abordable,2026-03-06
8421,athenatrn,661,Abordable,2026-03-06
8422,Ribsouu,661,Abordable,2026-03-06
8423,Ethysio2,660,Abordable,2026-03-06
8424,lulumatteo,660,Abordable,2026-03-06
8425,angoel34,660,Abordable,2026-03-06
8426,aizome___,660,Abordable,2026-03-06
8427,mi_lia,660,Abordable,2026-03-06
8428,alx_alm,660,Abordable,2026-03-06
8429,LeAlveris,660,Abordable,2026-03-06
8430,squibidisquidgame,660,Abordable,2026-03-06
8431,robinnnnnnnn54,660,Abordable,2026-03-06
8432,marionlagoatt,660,Abordable,2026-03-06
8433,un_truc_improbable,660,Abordable,2026-03-06
8434,krapouchi,660,Abordable,2026-03-06
8435,yugnat70,660,Abordable,2026-03-06
8436,Griszette,660,Abordable,2026-03-06
8437,mllexma,660,Abordable,2026-03-06
8438,elenitaaa009,660,Abordable,2026-03-06
8439,Icebolts,660,Abordable,2026-03-06
8440,narism1,660,Abordable,2026-03-06
8441,aikachi7,660,Abordable,2026-03-06
8442,pkmkeke1,660,Abordable,2026-03-06
8443,pretrescientologue,660,Abordable,2026-03-06
8444,Wenndalive,660,Abordable,2026-03-06
8445,Morfi357,659,Abordable,2026-03-06
8446,hypergraphe,659,Abordable,2026-03-06
8447,blizzard_blanc,659,Abordable,2026-03-06
8448,snitox122,659,Abordable,2026-03-06
8449,hanako200707,658,Abordable,2026-03-06
8450,medilane,658,Abordable,2026-03-06
8451,etnix__,658,Abordable,2026-03-06
8452,mlopsk0,658,Abordable,2026-03-06
8453,SoluiTV,658,Abordable,2026-03-06
8454,Bebecq_57,658,Abordable,2026-03-06
8455,poul3tt3_,658,Abordable,2026-03-06
8456,francoispignon_,658,Abordable,2026-03-06
8457,Tasmo002,658,Abordable,2026-03-06
8458,flo62280,657,Abordable,2026-03-06
8459,zazazaokok,657,Abordable,2026-03-06
8460,reeey__,657,Abordable,2026-03-06
8461,joyeuxwendy,657,Abordable,2026-03-06
8462,tygno__,657,Abordable,2026-03-06
8463,Thyru_,657,Abordable,2026-03-06
8464,l_rssll_trrs,657,Abordable,2026-03-06
8465,soldat_rp11,657,Abordable,2026-03-06
8466,gus0310,657,Abordable,2026-03-06
8467,mendelematt,657,Abordable,2026-03-06
8468,s_sparrow10,657,Abordable,2026-03-06
8469,fronmd,657,Abordable,2026-03-06
8470,pandaddicte,657,Abordable,2026-03-06
8471,arfesezfarsi,657,Abordable,2026-03-06
8472,jr5_lebest,656,Abordable,2026-03-06
8473,TheSmallPreview,656,Abordable,2026-03-06
8474,zelda4508_,656,Abordable,2026-03-06
8475,tom78170,656,Abordable,2026-03-06
8476,aeeeeel,656,Abordable,2026-03-06
8477,ohla2000,656,Abordable,2026-03-06
8478,blueskill107,655,Abordable,2026-03-06
8479,j3ann0t,655,Abordable,2026-03-06
8480,lov_vbwd7,655,Abordable,2026-03-06
8481,AlricOnasrite,655,Abordable,2026-03-06
8482,timjj53,655,Abordable,2026-03-06
8483,laulauide,654,Abordable,2026-03-06
8484,praemia,654,Abordable,2026-03-06
8485,nyx_29000,653,Abordable,2026-03-06
8486,crevette245,653,Abordable,2026-03-06
8487,arboretsens,653,Abordable,2026-03-06
8488,zed2504,653,Abordable,2026-03-06
8489,with3r_tv,653,Abordable,2026-03-06
8490,leojof,652,Abordable,2026-03-06
8491,blastdrogon,652,Abordable,2026-03-06
8492,Klaimand__,652,Abordable,2026-03-06
8493,Steefler35,652,Abordable,2026-03-06
8494,gabriiielgndt,652,Abordable,2026-03-06
8495,Satronblblbl,652,Abordable,2026-03-06
8496,marionrimbaud,651,Abordable,2026-03-06
8497,gdmtm,651,Abordable,2026-03-06
8498,kaloooooooooooooooo,651,Abordable,2026-03-06
8499,Nywayz,650,Abordable,2026-03-06
8500,bubulacastagne,650,Abordable,2026-03-06
8501,Barlox90,650,Abordable,2026-03-06
8502,drimix,650,Abordable,2026-03-06
8503,elvin__19,650,Abordable,2026-03-06
8504,graigosssss,649,Abordable,2026-03-06
8505,nolannc455,649,Abordable,2026-03-06
8506,Kikas_02,649,Abordable,2026-03-06
8507,JungAria,649,Abordable,2026-03-06
8508,chicaruda1977,648,Abordable,2026-03-06
8509,jose_asmodee,648,Abordable,2026-03-06
8510,SarahMolly_,648,Abordable,2026-03-06
8511,erwaninho___,648,Abordable,2026-03-06
8512,obiwankawhi,648,Abordable,2026-03-06
8513,Vivien_67,648,Abordable,2026-03-06
8514,mralexouille,648,Abordable,2026-03-06
8515,coptereeli,648,Abordable,2026-03-06
8516,tol35_lvsq,648,Abordable,2026-03-06
8517,MacximuZ,648,Abordable,2026-03-06
8518,naruraruran,648,Abordable,2026-03-06
8519,deraken02,647,Abordable,2026-03-06
8520,steve_dn,647,Abordable,2026-03-06
8521,juju40,647,Abordable,2026-03-06
8522,mariemariemarie19,647,Abordable,2026-03-06
8523,gabycha75,647,Abordable,2026-03-06
8524,JeanMaLeMarrant,646,Abordable,2026-03-06
8525,supra_vihankou,646,Abordable,2026-03-06
8526,ars6588,646,Abordable,2026-03-06
8527,Maxban__,646,Abordable,2026-03-06
8528,shalleux,645,Abordable,2026-03-06
8529,cleopat62,645,Abordable,2026-03-06
8530,jojooborne,645,Abordable,2026-03-06
8531,Dravil7,645,Abordable,2026-03-06
8532,nopain_no_gain,645,Abordable,2026-03-06
8533,OkamiMorgan,645,Abordable,2026-03-06
8534,zehobbit67,645,Abordable,2026-03-06
8535,Hypernaturol,644,Abordable,2026-03-06
8536,jules_rufenacht,644,Abordable,2026-03-06
8537,vavounee,644,Abordable,2026-03-06
8538,KreissEgis,644,Abordable,2026-03-06
8539,alecoubs1,644,Abordable,2026-03-06
8540,moussardk,644,Abordable,2026-03-06
8541,jajalasquale,644,Abordable,2026-03-06
8542,xplosif27,643,Abordable,2026-03-06
8543,cousin_skeeeter,643,Abordable,2026-03-06
8544,thhd13,643,Abordable,2026-03-06
8545,Coco_Nuts,643,Abordable,2026-03-06
8546,newooo_8960,643,Abordable,2026-03-06
8547,Hermetre_159,643,Abordable,2026-03-06
8548,Aka4517,643,Abordable,2026-03-06
8549,maxmur,643,Abordable,2026-03-06
8550,Hikitikat,643,Abordable,2026-03-06
8551,Hib3rU,642,Abordable,2026-03-06
8552,Ezeax,642,Abordable,2026-03-06
8553,yontoshi,642,Abordable,2026-03-06
8554,Grasuo,642,Abordable,2026-03-06
8555,jcbnn1509,642,Abordable,2026-03-06
8556,z4ne_whs,642,Abordable,2026-03-06
8557,maellette2,641,Abordable,2026-03-06
8558,Lumhiz,641,Abordable,2026-03-06
8559,L0L4ZZZ,641,Abordable,2026-03-06
8560,zorro_ao,641,Abordable,2026-03-06
8561,clemcloum89,641,Abordable,2026-03-06
8562,regaabi,641,Abordable,2026-03-06
8563,eloravms,640,Abordable,2026-03-06
8564,marionousbb,640,Abordable,2026-03-06
8565,okasa_vr,640,Abordable,2026-03-06
8566,flooorian,640,Abordable,2026-03-06
8567,mmr_studio,640,Abordable,2026-03-06
8568,mariiiiionn,640,Abordable,2026-03-06
8569,nini_760,640,Abordable,2026-03-06
8570,damiendieudo,639,Abordable,2026-03-06
8571,jindhotwheels,639,Abordable,2026-03-06
8572,sterenn___,639,Abordable,2026-03-06
8573,mamy2026,639,Abordable,2026-03-06
8574,tibo_prx,639,Abordable,2026-03-06
8575,mamablr07,639,Abordable,2026-03-06
8576,ev4nesc3nce_,639,Abordable,2026-03-06
8577,antpdu35,639,Abordable,2026-03-06
8578,thxmate_xvi,638,Abordable,2026-03-06
8579,trafalgar_d_anto,638,Abordable,2026-03-06
8580,spicygracee001,638,Abordable,2026-03-06
8581,anshaaa,638,Abordable,2026-03-06
8582,splintercup1,638,Abordable,2026-03-06
8583,Akudara,638,Abordable,2026-03-06
8584,alinebc18,638,Abordable,2026-03-06
8585,euscarla,638,Abordable,2026-03-06
8586,julofouchke,637,Abordable,2026-03-06
8587,MathMuk,637,Abordable,2026-03-06
8588,paulbab133,637,Abordable,2026-03-06
8589,OmegaTeddyBear,637,Abordable,2026-03-06
8590,c0t0nn,637,Abordable,2026-03-06
8591,sikdoj,637,Abordable,2026-03-06
8592,ArKeiZ_,637,Abordable,2026-03-06
8593,tartartnoe,637,Abordable,2026-03-06
8594,t6yll,636,Abordable,2026-03-06
8595,haddocktrllx,636,Abordable,2026-03-06
8596,palmit0s_,636,Abordable,2026-03-06
8597,loris2707,635,Abordable,2026-03-06
8598,carabas36,635,Abordable,2026-03-06
8599,Jbblebb,635,Abordable,2026-03-06
8600,chloednt,635,Abordable,2026-03-06
8601,antoin53,635,Abordable,2026-03-06
8602,maxwellime,635,Abordable,2026-03-06
8603,anakayui,635,Abordable,2026-03-06
8604,cora_leen,635,Abordable,2026-03-06
8605,h3bisan,635,Abordable,2026-03-06
8606,AlexWax1,634,Abordable,2026-03-06
8607,Ardaraps,634,Abordable,2026-03-06
8608,SamLogan01,634,Abordable,2026-03-06
8609,issana3,634,Abordable,2026-03-06
8610,ChanceCour1r,634,Abordable,2026-03-06
8611,bloodychristmaas,634,Abordable,2026-03-06
8612,dat_spaxxx,634,Abordable,2026-03-06
8613,pinky_starlette2,634,Abordable,2026-03-06
8614,kuma_live,634,Abordable,2026-03-06
8615,tintinsdf,634,Abordable,2026-03-06
8616,Anerress,634,Abordable,2026-03-06
8617,lorenm9,634,Abordable,2026-03-06
8618,em3222,634,Abordable,2026-03-06
8619,Asteadus,633,Abordable,2026-03-06
8620,octopus5926,632,Abordable,2026-03-06
8621,prof_zarb,632,Abordable,2026-03-06
8622,Fr3igold,632,Abordable,2026-03-06
8623,chaiyu_kurusu,632,Abordable,2026-03-06
8624,AlfiShelby,632,Abordable,2026-03-06
8625,LePoissonThibautt,632,Abordable,2026-03-06
8626,jeannecrm,632,Abordable,2026-03-06
8627,venditttt,631,Abordable,2026-03-06
8628,onilsam,631,Abordable,2026-03-06
8629,gregl3001,631,Abordable,2026-03-06
8630,kl_apollon,631,Abordable,2026-03-06
8631,aaxellee,630,Abordable,2026-03-06
8632,nownoa,630,Abordable,2026-03-06
8633,horous_012,630,Abordable,2026-03-06
8634,myriamkboff,630,Abordable,2026-03-06
8635,BlueSaphirria,630,Abordable,2026-03-06
8636,skygames07,630,Abordable,2026-03-06
8637,clxpvt1,630,Abordable,2026-03-06
8638,XCSamsy,630,Abordable,2026-03-06
8639,lecafe9,630,Abordable,2026-03-06
8640,adadu26,630,Abordable,2026-03-06
8641,Papatapouf,630,Abordable,2026-03-06
8642,nrousselotb,630,Abordable,2026-03-06
8643,baptisaxo15,630,Abordable,2026-03-06
8644,Iwilli26,630,Abordable,2026-03-06
8645,GaszokS,630,Abordable,2026-03-06
8646,batecat22,630,Abordable,2026-03-06
8647,kc_nosa,630,Abordable,2026-03-06
8648,louisc0w,630,Abordable,2026-03-06
8649,semmaboglarka,630,Abordable,2026-03-06
8650,mbrd01,630,Abordable,2026-03-06
8651,PaulXXVII,630,Abordable,2026-03-06
8652,antar_s,629,Abordable,2026-03-06
8653,Aybliicher_,629,Abordable,2026-03-06
8654,mayogorg,629,Abordable,2026-03-06
8655,jerezzinho,629,Abordable,2026-03-06
8656,frufru_mc,629,Abordable,2026-03-06
8657,spiky_pollen,628,Abordable,2026-03-06
8658,liliancmb,628,Abordable,2026-03-06
8659,clemvuillot,628,Abordable,2026-03-06
8660,Lekultura,628,Abordable,2026-03-06
8661,victor_mantilla,628,Abordable,2026-03-06
8662,amaumau3176,628,Abordable,2026-03-06
8663,malagagxs,627,Abordable,2026-03-06
8664,amelielesurimi,627,Abordable,2026-03-06
8665,10ipod,627,Abordable,2026-03-06
8666,ssaccha,627,Abordable,2026-03-06
8667,Aderati,627,Abordable,2026-03-06
8668,bigoat_,627,Abordable,2026-03-06
8669,Yuukirz_mk,627,Abordable,2026-03-06
8670,turkishgraphik,626,Abordable,2026-03-06
8671,6rril,626,Abordable,2026-03-06
8672,mariiie68000,626,Abordable,2026-03-06
8673,waaawaaaawaaa,626,Abordable,2026-03-06
8674,Oxzio_,626,Abordable,2026-03-06
8675,bdvare57,626,Abordable,2026-03-06
8676,shaodey,626,Abordable,2026-03-06
8677,flowars_,625,Abordable,2026-03-06
8678,pioupiooudu31,625,Abordable,2026-03-06
8679,melbahyouki,625,Abordable,2026-03-06
8680,grimaikin22,625,Abordable,2026-03-06
8681,obb1,625,Abordable,2026-03-06
8682,grizy_deonto,625,Abordable,2026-03-06
8683,goumsbrn,625,Abordable,2026-03-06
8684,spacerocket___,624,Abordable,2026-03-06
8685,juanpedrau,624,Abordable,2026-03-06
8686,Sieo,624,Abordable,2026-03-06
8687,bigsimpdicator,623,Abordable,2026-03-06
8688,devilbull1655,623,Abordable,2026-03-06
8689,marinou32,623,Abordable,2026-03-06
8690,brendaxxx05,623,Abordable,2026-03-06
8691,Dyorusse,623,Abordable,2026-03-06
8692,ghargo92,623,Abordable,2026-03-06
8693,itazorr,622,Abordable,2026-03-06
8694,fire_shot49,622,Abordable,2026-03-06
8695,I_LIKE_LEBLANC,622,Abordable,2026-03-06
8696,pierre_rvlt,622,Abordable,2026-03-06
8697,enae_a,622,Abordable,2026-03-06
8698,jspjesuisarthur,622,Abordable,2026-03-06
8699,yanmboni,621,Abordable,2026-03-06
8700,EkiHolic_,621,Abordable,2026-03-06
8701,Drakengall,621,Abordable,2026-03-06
8702,xaynes,621,Abordable,2026-03-06
8703,Nyki40,620,Abordable,2026-03-06
8704,Spasm_M,620,Abordable,2026-03-06
8705,metalkiller0,620,Abordable,2026-03-06
8706,og_shuk,620,Abordable,2026-03-06
8707,alose2701,620,Abordable,2026-03-06
8708,le_l0102,619,Abordable,2026-03-06
8709,lucile0712,619,Abordable,2026-03-06
8710,bambineauu,619,Abordable,2026-03-06
8711,Grandasse,619,Abordable,2026-03-06
8712,belligoaal,619,Abordable,2026-03-06
8713,chatmalauu,619,Abordable,2026-03-06
8714,nosro,619,Abordable,2026-03-06
8715,alixbchlr,618,Abordable,2026-03-06
8716,poupoune311,618,Abordable,2026-03-06
8717,ThreeDuck,618,Abordable,2026-03-06
8718,davinhyo_8,618,Abordable,2026-03-06
8719,m_spector,618,Abordable,2026-03-06
8720,Itirpel,618,Abordable,2026-03-06
8721,matttiasp55,617,Abordable,2026-03-06
8722,madgerthaa,617,Abordable,2026-03-06
8723,lusby_,617,Abordable,2026-03-06
8724,arlettazzz,617,Abordable,2026-03-06
8725,justiine224,617,Abordable,2026-03-06
8726,helioslucky,617,Abordable,2026-03-06
8727,Fumeste,617,Abordable,2026-03-06
8728,Oshalz,617,Abordable,2026-03-06
8729,murddy_r6,616,Abordable,2026-03-06
8730,marin_g56,616,Abordable,2026-03-06
8731,RAAGllShOuMe,616,Abordable,2026-03-06
8732,Hydnorio,616,Abordable,2026-03-06
8733,meteore056,616,Abordable,2026-03-06
8734,invisiblelillyg,616,Abordable,2026-03-06
8735,maxalvs,616,Abordable,2026-03-06
8736,lanantaize1905,615,Abordable,2026-03-06
8737,nonambro20,614,Abordable,2026-03-06
8738,labrugeee,614,Abordable,2026-03-06
8739,lelie__,614,Abordable,2026-03-06
8740,clndsn,614,Abordable,2026-03-06
8741,FoalEU,614,Abordable,2026-03-06
8742,Yzi___,613,Abordable,2026-03-06
8743,lswarley_,613,Abordable,2026-03-06
8744,MakiMikeTyson,613,Abordable,2026-03-06
8745,achartbenmor,613,Abordable,2026-03-06
8746,purplitodelfuego,613,Abordable,2026-03-06
8747,Tintibulle,613,Abordable,2026-03-06
8748,corineflavigny,612,Abordable,2026-03-06
8749,julius_gal,612,Abordable,2026-03-06
8750,olbemie,612,Abordable,2026-03-06
8751,nulthen,611,Abordable,2026-03-06
8752,nofanime,611,Abordable,2026-03-06
8753,eldod_5986,611,Abordable,2026-03-06
8754,FrostVibes,611,Abordable,2026-03-06
8755,Chanyoooo,611,Abordable,2026-03-06
8756,07h29,611,Abordable,2026-03-06
8757,Furiious689,610,Abordable,2026-03-06
8758,caillou326,610,Abordable,2026-03-06
8759,Chokolat133,610,Abordable,2026-03-06
8760,JuanCarlosDeLaMuerte,610,Abordable,2026-03-06
8761,Babouchee__,609,Abordable,2026-03-06
8762,kerrev29,609,Abordable,2026-03-06
8763,synix_0019,609,Abordable,2026-03-06
8764,thomler89,609,Abordable,2026-03-06
8765,Ramms_,609,Abordable,2026-03-06
8766,marion_chnsvng,609,Abordable,2026-03-06
8767,LgNasty_,608,Abordable,2026-03-06
8768,2006__lq,608,Abordable,2026-03-06
8769,corkil,608,Abordable,2026-03-06
8770,ElFringoo,608,Abordable,2026-03-06
8771,phil_elie_,608,Abordable,2026-03-06
8772,wormet31,608,Abordable,2026-03-06
8773,herhou18,607,Abordable,2026-03-06
8774,aurafarmer6767_,607,Abordable,2026-03-06
8775,migraine_passagere,607,Abordable,2026-03-06
8776,basemon2000,607,Abordable,2026-03-06
8777,JuCepTion,607,Abordable,2026-03-06
8778,iswaiz17,606,Abordable,2026-03-06
8779,falkky88,606,Abordable,2026-03-06
8780,amandine_pdhm,606,Abordable,2026-03-06
8781,lucielacerise,606,Abordable,2026-03-06
8782,vita_mayer,606,Abordable,2026-03-06
8783,COXY4U,605,Abordable,2026-03-06
8784,Sarkhye,605,Abordable,2026-03-06
8785,bl0opbl0op,605,Abordable,2026-03-06
8786,zenolekiwi,604,Abordable,2026-03-06
8787,BeamySheep,604,Abordable,2026-03-06
8788,narekso,604,Abordable,2026-03-06
8789,ophel61,604,Abordable,2026-03-06
8790,Reliop_sc2,603,Abordable,2026-03-06
8791,mrgeeknoobly,603,Abordable,2026-03-06
8792,sajalann_ow,603,Abordable,2026-03-06
8793,thisma70,603,Abordable,2026-03-06
8794,Dams1412,603,Abordable,2026-03-06
8795,melvinduivon,603,Abordable,2026-03-06
8796,trussi__,603,Abordable,2026-03-06
8797,Ben_P_1,603,Abordable,2026-03-06
8798,v2rlz,602,Abordable,2026-03-06
8799,bazukette,602,Abordable,2026-03-06
8800,Trymal_,602,Abordable,2026-03-06
8801,PianoJM,602,Abordable,2026-03-06
8802,fablanta2016,602,Abordable,2026-03-06
8803,Lupytup_,602,Abordable,2026-03-06
8804,na_matmut,601,Abordable,2026-03-06
8805,alexmouss,601,Abordable,2026-03-06
8806,chanhyoo,600,Abordable,2026-03-06
8807,sidoniiiee,600,Abordable,2026-03-06
8808,the0neand0nl1,600,Abordable,2026-03-06
8809,refty72,600,Abordable,2026-03-06
8810,shifu_mastaz,600,Abordable,2026-03-06
8811,elena_btz,600,Abordable,2026-03-06
8812,FrostisAdvance,600,Abordable,2026-03-06
8813,julaie77,600,Abordable,2026-03-06
8814,Bananebl,600,Abordable,2026-03-06
8815,agatheyouuh,600,Abordable,2026-03-06
8816,rydheidkdjd,600,Abordable,2026-03-06
8817,aaattthh,600,Abordable,2026-03-06
8818,pizza_parti,600,Abordable,2026-03-06
8819,lixtya,600,Abordable,2026-03-06
8820,antoine_pwr,600,Abordable,2026-03-06
8821,procopops,600,Abordable,2026-03-06
8822,matis_imb,600,Abordable,2026-03-06
8823,10en8,600,Abordable,2026-03-06
8824,Ellicrum,600,Abordable,2026-03-06
8825,red_pxi,600,Abordable,2026-03-06
8826,alphax91,600,Abordable,2026-03-06
8827,rox_pas_rouky,600,Abordable,2026-03-06
8828,nalorico,600,Abordable,2026-03-06
8829,hekariel,600,Abordable,2026-03-06
8830,augustinlevrai,600,Abordable,2026-03-06
8831,yassaarr,600,Abordable,2026-03-06
8832,pipierreuwu,600,Abordable,2026-03-06
8833,kaoutarneo,599,Abordable,2026-03-06
8834,sheluvnorth,599,Abordable,2026-03-06
8835,rayandedtz,599,Abordable,2026-03-06
8836,romjos,599,Abordable,2026-03-06
8837,Alttamos,599,Abordable,2026-03-06
8838,Ikiinowax,599,Abordable,2026-03-06
8839,ejlaemaes,599,Abordable,2026-03-06
8840,Slayrig,599,Abordable,2026-03-06
8841,flavian_73,598,Abordable,2026-03-06
8842,rose_pels,598,Abordable,2026-03-06
8843,oinari__,598,Abordable,2026-03-06
8844,llauragq,598,Abordable,2026-03-06
8845,noemie_crumble,598,Abordable,2026-03-06
8846,joelemoutonbreizh,598,Abordable,2026-03-06
8847,theophilefaye,598,Abordable,2026-03-06
8848,piquredu60,597,Abordable,2026-03-06
8849,cl_chevalier,597,Abordable,2026-03-06
8850,naaaaaass,597,Abordable,2026-03-06
8851,manonlqc,597,Abordable,2026-03-06
8852,lebourlingeure,596,Abordable,2026-03-06
8853,louisbchet,596,Abordable,2026-03-06
8854,cross2win,596,Abordable,2026-03-06
8855,croutine29,596,Abordable,2026-03-06
8856,nyappz,596,Abordable,2026-03-06
8857,Xh4lis,596,Abordable,2026-03-06
8858,m8_kovo,595,Abordable,2026-03-06
8859,azmog159_,595,Abordable,2026-03-06
8860,Pifoute,595,Abordable,2026-03-06
8861,lisavssr,595,Abordable,2026-03-06
8862,leroye5,595,Abordable,2026-03-06
8863,Hesianor,594,Abordable,2026-03-06
8864,SpillerBJ,594,Abordable,2026-03-06
8865,gallosvr,594,Abordable,2026-03-06
8866,zelie_l,594,Abordable,2026-03-06
8867,Tanuki_Bouilloire,594,Abordable,2026-03-06
8868,ben_gx,594,Abordable,2026-03-06
8869,montdordu13,594,Abordable,2026-03-06
8870,bowlitette,594,Abordable,2026-03-06
8871,edouard_g,593,Abordable,2026-03-06
8872,black_origami,593,Abordable,2026-03-06
8873,antoine_qgn,593,Abordable,2026-03-06
8874,Minoreex,593,Abordable,2026-03-06
8875,zirconium_06,593,Abordable,2026-03-06
8876,picolette33,593,Abordable,2026-03-06
8877,Sirlaruss,593,Abordable,2026-03-06
8878,LyneSG,593,Abordable,2026-03-06
8879,emturtle_,593,Abordable,2026-03-06
8880,clem_br_,593,Abordable,2026-03-06
8881,ellaassp,593,Abordable,2026-03-06
8882,Leuvei,593,Abordable,2026-03-06
8883,liristil,592,Abordable,2026-03-06
8884,lefrabeur,592,Abordable,2026-03-06
8885,solution83,592,Abordable,2026-03-06
8886,hugnark,592,Abordable,2026-03-06
8887,axelle266,592,Abordable,2026-03-06
8888,ddojima,592,Abordable,2026-03-06
8889,quentin1467,592,Abordable,2026-03-06
8890,findfirst69,591,Abordable,2026-03-06
8891,TomAxia,591,Abordable,2026-03-06
8892,Just_Qasss,591,Abordable,2026-03-06
8893,errel77,591,Abordable,2026-03-06
8894,agnessette,591,Abordable,2026-03-06
8895,makzineuh,590,Abordable,2026-03-06
8896,l8ul8u00,590,Abordable,2026-03-06
8897,papito20416,590,Abordable,2026-03-06
8898,EnergyLive_,590,Abordable,2026-03-06
8899,lineaa31,589,Abordable,2026-03-06
8900,zerka926,589,Abordable,2026-03-06
8901,tchangyi,589,Abordable,2026-03-06
8902,Wazehh,589,Abordable,2026-03-06
8903,pierro07,589,Abordable,2026-03-06
8904,Thorstein1989,589,Abordable,2026-03-06
8905,Irotann,588,Abordable,2026-03-06
8906,louloute34590,588,Abordable,2026-03-06
8907,th_e000,588,Abordable,2026-03-06
8908,patpatgui,588,Abordable,2026-03-06
8909,Kusuto_,588,Abordable,2026-03-06
8910,brugaxxx,588,Abordable,2026-03-06
8911,kls2907,588,Abordable,2026-03-06
8912,anaismokrani,587,Abordable,2026-03-06
8913,Dan_Kurozumi,587,Abordable,2026-03-06
8914,alalalaa555,587,Abordable,2026-03-06
8915,antomario10,587,Abordable,2026-03-06
8916,ripch88,587,Abordable,2026-03-06
8917,plaf0nd_,587,Abordable,2026-03-06
8918,Snowayway,587,Abordable,2026-03-06
8919,Shiimekii,586,Abordable,2026-03-06
8920,le_looping,586,Abordable,2026-03-06
8921,supersaronche,586,Abordable,2026-03-06
8922,m8_darkhac_,586,Abordable,2026-03-06
8923,toniofrrx,586,Abordable,2026-03-06
8924,ZebreNoirTV,586,Abordable,2026-03-06
8925,odd_tether,585,Abordable,2026-03-06
8926,amirablh,585,Abordable,2026-03-06
8927,6p75ou78ataguise,585,Abordable,2026-03-06
8928,marayaa,585,Abordable,2026-03-06
8929,roxlamenace,584,Abordable,2026-03-06
8930,calypso_0000,584,Abordable,2026-03-06
8931,manon_didou,584,Abordable,2026-03-06
8932,ToToV,584,Abordable,2026-03-06
8933,emulue,584,Abordable,2026-03-06
8934,clemlem29__,584,Abordable,2026-03-06
8935,crapialess,584,Abordable,2026-03-06
8936,Merkinby,583,Abordable,2026-03-06
8937,EloLightyear7,583,Abordable,2026-03-06
8938,emyzakii,583,Abordable,2026-03-06
8939,Acadix_,582,Abordable,2026-03-06
8940,solenepnd,582,Abordable,2026-03-06
8941,ZozoMaaster,582,Abordable,2026-03-06
8942,Arkanssielle,582,Abordable,2026-03-06
8943,zigomar135,581,Abordable,2026-03-06
8944,sacha_k____,581,Abordable,2026-03-06
8945,guillaume44000,581,Abordable,2026-03-06
8946,Maax27,581,Abordable,2026-03-06
8947,zainaldiinn,580,Abordable,2026-03-06
8948,nakholz,580,Abordable,2026-03-06
8949,vincelan4,580,Abordable,2026-03-06
8950,Kahlazar_hs,580,Abordable,2026-03-06
8951,lemonsocks_25,580,Abordable,2026-03-06
8952,JoseArribas,580,Abordable,2026-03-06
8953,nicolapi08,580,Abordable,2026-03-06
8954,greenfroggy26,580,Abordable,2026-03-06
8955,Elraizher85,580,Abordable,2026-03-06
8956,hvkfireghost1110,579,Abordable,2026-03-06
8957,papazouglu500,579,Abordable,2026-03-06
8958,clemidoudou,579,Abordable,2026-03-06
8959,melassiedtoi,579,Abordable,2026-03-06
8960,hhjgxfrgggcxdd,579,Abordable,2026-03-06
8961,Zepsilo,579,Abordable,2026-03-06
8962,luss_ttv,579,Abordable,2026-03-06
8963,ehv4n,579,Abordable,2026-03-06
8964,anitadulegue,578,Abordable,2026-03-06
8965,Boruug,578,Abordable,2026-03-06
8966,xig57,578,Abordable,2026-03-06
8967,mariebrtln,578,Abordable,2026-03-06
8968,valou_gdd,578,Abordable,2026-03-06
8969,banana2522,578,Abordable,2026-03-06
8970,matepala12,578,Abordable,2026-03-06
8971,zziace,577,Abordable,2026-03-06
8972,ersqu1,577,Abordable,2026-03-06
8973,Reivilau,577,Abordable,2026-03-06
8974,Maamax,577,Abordable,2026-03-06
8975,naima_j0,577,Abordable,2026-03-06
8976,Zedfox,577,Abordable,2026-03-06
8977,Le_NOLAN,577,Abordable,2026-03-06
8978,Wartux_,577,Abordable,2026-03-06
8979,matheww824,576,Abordable,2026-03-06
8980,Chentvin,576,Abordable,2026-03-06
8981,chawwmanyback,576,Abordable,2026-03-06
8982,jcf1973,576,Abordable,2026-03-06
8983,rachidou79,576,Abordable,2026-03-06
8984,didier_des_dididas,576,Abordable,2026-03-06
8985,jainaleg,576,Abordable,2026-03-06
8986,mattGIL,575,Abordable,2026-03-06
8987,moeyer,575,Abordable,2026-03-06
8988,vinmo3,575,Abordable,2026-03-06
8989,s4ch4n15,575,Abordable,2026-03-06
8990,Hamehtiste,575,Abordable,2026-03-06
8991,maelle_mb,575,Abordable,2026-03-06
8992,Nab_Babo,574,Abordable,2026-03-06
8993,docsimones,574,Abordable,2026-03-06
8994,babiche65,574,Abordable,2026-03-06
8995,salomecriv1,574,Abordable,2026-03-06
8996,loulou5900000,573,Abordable,2026-03-06
8997,Aynett,573,Abordable,2026-03-06
8998,LarthaxTV,573,Abordable,2026-03-06
8999,takashimickey,572,Abordable,2026-03-06
9000,pitouspoon,572,Abordable,2026-03-06
9001,popmathis,572,Abordable,2026-03-06
9002,mrlg1204,572,Abordable,2026-03-06
9003,julio2881,572,Abordable,2026-03-06
9004,jeannelalouve,572,Abordable,2026-03-06
9005,Raphouwww,571,Abordable,2026-03-06
9006,chlorophylle1_2_3_4_12,571,Abordable,2026-03-06
9007,PapaOursFR,571,Abordable,2026-03-06
9008,Eladon__,570,Abordable,2026-03-06
9009,the_answer__,570,Abordable,2026-03-06
9010,melinadlp,570,Abordable,2026-03-06
9011,m_ercur_y,570,Abordable,2026-03-06
9012,laura92160,570,Abordable,2026-03-06
9013,molden2et2,570,Abordable,2026-03-06
9014,xaklan,570,Abordable,2026-03-06
9015,machiavel9,570,Abordable,2026-03-06
9016,cymet06,570,Abordable,2026-03-06
9017,cyriellepnt,570,Abordable,2026-03-06
9018,mcperrier,570,Abordable,2026-03-06
9019,lobytch,570,Abordable,2026-03-06
9020,celia_221,570,Abordable,2026-03-06
9021,fayango2,570,Abordable,2026-03-06
9022,bog_thoumss,570,Abordable,2026-03-06
9023,tahaxchlxe,570,Abordable,2026-03-06
9024,amelie_0123456789,570,Abordable,2026-03-06
9025,vianpina,570,Abordable,2026-03-06
9026,fox_start,570,Abordable,2026-03-06
9027,anatole008,570,Abordable,2026-03-06
9028,arta_nis22,570,Abordable,2026-03-06
9029,tdg_drizzy,570,Abordable,2026-03-06
9030,ro_choust,570,Abordable,2026-03-06
9031,et71b,570,Abordable,2026-03-06
9032,fairyatopia,570,Abordable,2026-03-06
9033,louann_grs,569,Abordable,2026-03-06
9034,kaev880,569,Abordable,2026-03-06
9035,hugoglxblt,569,Abordable,2026-03-06
9036,Noveily_,569,Abordable,2026-03-06
9037,Szokks_,569,Abordable,2026-03-06
9038,Texxem_,568,Abordable,2026-03-06
9039,Namjiji,568,Abordable,2026-03-06
9040,tf78_,568,Abordable,2026-03-06
9041,sebv428,568,Abordable,2026-03-06
9042,bachoule27,568,Abordable,2026-03-06
9043,turbo_lolo,567,Abordable,2026-03-06
9044,quelleambiance,567,Abordable,2026-03-06
9045,thibautls,567,Abordable,2026-03-06
9046,ayayaya_5,567,Abordable,2026-03-06
9047,ingnatius63,567,Abordable,2026-03-06
9048,legrizzly59,567,Abordable,2026-03-06
9049,rwan29200,566,Abordable,2026-03-06
9050,t1ph41n3,566,Abordable,2026-03-06
9051,lilou_9522,566,Abordable,2026-03-06
9052,6tron_,566,Abordable,2026-03-06
9053,BlessedSleepSeeker,566,Abordable,2026-03-06
9054,arbre_a_cames,566,Abordable,2026-03-06
9055,BLaK_dAmn,565,Abordable,2026-03-06
9056,logancidre34,565,Abordable,2026-03-06
9057,mlle_rose_elnath,565,Abordable,2026-03-06
9058,amelieraza,564,Abordable,2026-03-06
9059,julie_to,564,Abordable,2026-03-06
9060,difer_chminio,564,Abordable,2026-03-06
9061,Hafa_a,563,Abordable,2026-03-06
9062,simon_vk,563,Abordable,2026-03-06
9063,skyzz_frr,563,Abordable,2026-03-06
9064,jojolepoux,563,Abordable,2026-03-06
9065,jiverre77_93,562,Abordable,2026-03-06
9066,pac2310,562,Abordable,2026-03-06
9067,d10fcf,562,Abordable,2026-03-06
9068,Aurelfc,562,Abordable,2026-03-06
9069,EnokQLF,562,Abordable,2026-03-06
9070,annebrg1,561,Abordable,2026-03-06
9071,Khebes,561,Abordable,2026-03-06
9072,zathur,561,Abordable,2026-03-06
9073,ol_emilien_04,561,Abordable,2026-03-06
9074,ldutry,561,Abordable,2026-03-06
9075,olkaaz,560,Abordable,2026-03-06
9076,Swaizer_,560,Abordable,2026-03-06
9077,elinagndr,560,Abordable,2026-03-06
9078,Stellaire_,560,Abordable,2026-03-06
9079,WillyBoy__17,560,Abordable,2026-03-06
9080,finekryptos,560,Abordable,2026-03-06
9081,atombc18,560,Abordable,2026-03-06
9082,nyrock35,560,Abordable,2026-03-06
9083,levraileonyx,559,Abordable,2026-03-06
9084,mumulatrik,559,Abordable,2026-03-06
9085,GodZilox,559,Abordable,2026-03-06
9086,yasmine_bkzz,559,Abordable,2026-03-06
9087,NeoZ_iAaa,559,Abordable,2026-03-06
9088,Masanutchi,558,Abordable,2026-03-06
9089,leytchies_,558,Abordable,2026-03-06
9090,aklimp,558,Abordable,2026-03-06
9091,Chandrama7,558,Abordable,2026-03-06
9092,babazou31,558,Abordable,2026-03-06
9093,Evandar_XD,558,Abordable,2026-03-06
9094,wamplei0,557,Abordable,2026-03-06
9095,jeannegdd,557,Abordable,2026-03-06
9096,florian_pierrel,557,Abordable,2026-03-06
9097,sharseilk,556,Abordable,2026-03-06
9098,jadelerouxx,556,Abordable,2026-03-06
9099,scmaxime,556,Abordable,2026-03-06
9100,supermeme03,556,Abordable,2026-03-06
9101,Stormpoolette,556,Abordable,2026-03-06
9102,bibish93,556,Abordable,2026-03-06
9103,Galilee__,555,Abordable,2026-03-06
9104,risedphenix,555,Abordable,2026-03-06
9105,AntoiNoCry,555,Abordable,2026-03-06
9106,AdilGPM,555,Abordable,2026-03-06
9107,lenouveauzidane,555,Abordable,2026-03-06
9108,chlobrgs,554,Abordable,2026-03-06
9109,02_Maladavexa,554,Abordable,2026-03-06
9110,zachouy,554,Abordable,2026-03-06
9111,gla10m,553,Abordable,2026-03-06
9112,Annnae,553,Abordable,2026-03-06
9113,cali__424,553,Abordable,2026-03-06
9114,Iauum,553,Abordable,2026-03-06
9115,leottyyy,553,Abordable,2026-03-06
9116,galeckid,553,Abordable,2026-03-06
9117,nolwenn_mrt,552,Abordable,2026-03-06
9118,Starcrate90,552,Abordable,2026-03-06
9119,lilie_ginko,552,Abordable,2026-03-06
9120,amelie_ricordel,551,Abordable,2026-03-06
9121,cindyctrmj,551,Abordable,2026-03-06
9122,FrancisAnkou,551,Abordable,2026-03-06
9123,stabilio2,551,Abordable,2026-03-06
9124,eva__0325,551,Abordable,2026-03-06
9125,bronvol,551,Abordable,2026-03-06
9126,LapinFraiseKiwi,551,Abordable,2026-03-06
9127,bagoo22,551,Abordable,2026-03-06
9128,ultrahortensia,550,Abordable,2026-03-06
9129,myoso_otis,550,Abordable,2026-03-06
9130,kpkwklz,550,Abordable,2026-03-06
9131,ax_jbn,550,Abordable,2026-03-06
9132,mumisabelle,550,Abordable,2026-03-06
9133,linec1990,550,Abordable,2026-03-06
9134,jonasclln,550,Abordable,2026-03-06
9135,sarage_w,550,Abordable,2026-03-06
9136,mo0dje,550,Abordable,2026-03-06
9137,mh193,550,Abordable,2026-03-06
9138,sunnin_,550,Abordable,2026-03-06
9139,Papipapss,550,Abordable,2026-03-06
9140,Sousou36,550,Abordable,2026-03-06
9141,Bhesj,549,Abordable,2026-03-06
9142,3l_b3urr3_br3ton,549,Abordable,2026-03-06
9143,MelcoreHat,549,Abordable,2026-03-06
9144,hugnard,548,Abordable,2026-03-06
9145,RORONOA80000,548,Abordable,2026-03-06
9146,noel_noel__,548,Abordable,2026-03-06
9147,fl0flo,548,Abordable,2026-03-06
9148,arguillen_flc,547,Abordable,2026-03-06
9149,ohsheine,547,Abordable,2026-03-06
9150,clallaa,547,Abordable,2026-03-06
9151,eb010294,547,Abordable,2026-03-06
9152,tritrimob,547,Abordable,2026-03-06
9153,bunnyto_off,546,Abordable,2026-03-06
9154,le_pyjaman,546,Abordable,2026-03-06
9155,dfred94,546,Abordable,2026-03-06
9156,gl_aledrim,546,Abordable,2026-03-06
9157,maxime072476,546,Abordable,2026-03-06
9158,sasa_1003,545,Abordable,2026-03-06
9159,lhv_rose,545,Abordable,2026-03-06
9160,flo__let,545,Abordable,2026-03-06
9161,Ruka_Bartender,544,Abordable,2026-03-06
9162,PaPriKaWorld,544,Abordable,2026-03-06
9163,anaisdeb13,544,Abordable,2026-03-06
9164,darky21501,544,Abordable,2026-03-06
9165,lucien67,544,Abordable,2026-03-06
9166,gooxx_,544,Abordable,2026-03-06
9167,guilrickur,544,Abordable,2026-03-06
9168,Pantoofles,543,Abordable,2026-03-06
9169,PunchyStream,543,Abordable,2026-03-06
9170,jeremmmmm_sw,543,Abordable,2026-03-06
9171,paic,543,Abordable,2026-03-06
9172,pierre_l_,542,Abordable,2026-03-06
9173,alyas_sano,542,Abordable,2026-03-06
9174,BadGones,542,Abordable,2026-03-06
9175,niakka,542,Abordable,2026-03-06
9176,Nelymane,542,Abordable,2026-03-06
9177,Nenetteuh,541,Abordable,2026-03-06
9178,saddjax,541,Abordable,2026-03-06
9179,xxantonoirxx,541,Abordable,2026-03-06
9180,lucifer180820,541,Abordable,2026-03-06
9181,dsysama,541,Abordable,2026-03-06
9182,liso3006,541,Abordable,2026-03-06
9183,hujagono,541,Abordable,2026-03-06
9184,azertm2,541,Abordable,2026-03-06
9185,lcn_63,541,Abordable,2026-03-06
9186,chachcal,541,Abordable,2026-03-06
9187,virtuoz541,540,Abordable,2026-03-06
9188,opaslinho,540,Abordable,2026-03-06
9189,emmaarbo,540,Abordable,2026-03-06
9190,led0ct,540,Abordable,2026-03-06
9191,maztvv,540,Abordable,2026-03-06
9192,ls_coconut,540,Abordable,2026-03-06
9193,smala46,540,Abordable,2026-03-06
9194,IC_Zugurator,540,Abordable,2026-03-06
9195,raph_2828,540,Abordable,2026-03-06
9196,zoeblld,540,Abordable,2026-03-06
9197,Bidoman24,540,Abordable,2026-03-06
9198,Ayrooox_,540,Abordable,2026-03-06
9199,stmicro24,540,Abordable,2026-03-06
9200,Skorsi_,540,Abordable,2026-03-06
9201,dempsoo,540,Abordable,2026-03-06
9202,merda_galaxy,540,Abordable,2026-03-06
9203,Kaalamare,540,Abordable,2026-03-06
9204,pauline_barre,540,Abordable,2026-03-06
9205,lexane_21,540,Abordable,2026-03-06
9206,Chipsal,540,Abordable,2026-03-06
9207,Gibbonaz,540,Abordable,2026-03-06
9208,MaximussiX,540,Abordable,2026-03-06
9209,meily_ryz,540,Abordable,2026-03-06
9210,tabascobrand,540,Abordable,2026-03-06
9211,sylliouche,540,Abordable,2026-03-06
9212,Silent_Co,540,Abordable,2026-03-06
9213,PoncePPP,540,Abordable,2026-03-06
9214,Philoben,540,Abordable,2026-03-06
9215,phoebeguys,540,Abordable,2026-03-06
9216,zepartiiw,540,Abordable,2026-03-06
9217,TimmyHS,540,Abordable,2026-03-06
9218,cg353,539,Abordable,2026-03-06
9219,iquo78,539,Abordable,2026-03-06
9220,HoppyyX,539,Abordable,2026-03-06
9221,hugzakow,539,Abordable,2026-03-06
9222,hinnae14,539,Abordable,2026-03-06
9223,marchayek09,539,Abordable,2026-03-06
9224,eveutdespates,539,Abordable,2026-03-06
9225,quentiniug,539,Abordable,2026-03-06
9226,KunderB,539,Abordable,2026-03-06
9227,aurelie2106,539,Abordable,2026-03-06
9228,norakasaplar,539,Abordable,2026-03-06
9229,loucaz_rbx,539,Abordable,2026-03-06
9230,leolatwitcheuse,538,Abordable,2026-03-06
9231,baptjack7,538,Abordable,2026-03-06
9232,Cypou_,538,Abordable,2026-03-06
9233,Insupie,538,Abordable,2026-03-06
9234,purpleeeeee_,537,Abordable,2026-03-06
9235,jurriko,537,Abordable,2026-03-06
9236,louloucstl,537,Abordable,2026-03-06
9237,boz0bec,537,Abordable,2026-03-06
9238,cress_thorne,537,Abordable,2026-03-06
9239,friomfriom,537,Abordable,2026-03-06
9240,margot59123,536,Abordable,2026-03-06
9241,nompolig,536,Abordable,2026-03-06
9242,Overzimbabwe,535,Abordable,2026-03-06
9243,Chouquette6,535,Abordable,2026-03-06
9244,LittleMajesty,535,Abordable,2026-03-06
9245,ben_dard,535,Abordable,2026-03-06
9246,bimbeles,534,Abordable,2026-03-06
9247,enora_vernerie,534,Abordable,2026-03-06
9248,PrSMP,534,Abordable,2026-03-06
9249,amaufanaccount,534,Abordable,2026-03-06
9250,couilensky,534,Abordable,2026-03-06
9251,S_m_i_l_i_n_g_,534,Abordable,2026-03-06
9252,paulweb57,534,Abordable,2026-03-06
9253,xRylex,534,Abordable,2026-03-06
9254,l0377,533,Abordable,2026-03-06
9255,paume84,533,Abordable,2026-03-06
9256,doobi_5,533,Abordable,2026-03-06
9257,thib_jcqt,533,Abordable,2026-03-06
9258,Brokeny_,533,Abordable,2026-03-06
9259,emma_pec3,533,Abordable,2026-03-06
9260,gretanderson,533,Abordable,2026-03-06
9261,tanguy_a,532,Abordable,2026-03-06
9262,blackjenjak,532,Abordable,2026-03-06
9263,raclette_sky,532,Abordable,2026-03-06
9264,girafejoyeuse,532,Abordable,2026-03-06
9265,seith667,531,Abordable,2026-03-06
9266,Ayos351,531,Abordable,2026-03-06
9267,avitus1111,531,Abordable,2026-03-06
9268,Grey_Tv__,531,Abordable,2026-03-06
9269,lepresquerou,531,Abordable,2026-03-06
9270,17zbb_,531,Abordable,2026-03-06
9271,tuco630,531,Abordable,2026-03-06
9272,Loakiine,531,Abordable,2026-03-06
9273,Bacuzi_,530,Abordable,2026-03-06
9274,alllerrrrlaaaaaaa,530,Abordable,2026-03-06
9275,Sh0kyo,530,Abordable,2026-03-06
9276,UnAngeLibre,530,Abordable,2026-03-06
9277,Elouan_Clash,530,Abordable,2026-03-06
9278,Vigamo,530,Abordable,2026-03-06
9279,softwave__,530,Abordable,2026-03-06
9280,NyghtX_Tout_Court,530,Abordable,2026-03-06
9281,prof_scarecrow,530,Abordable,2026-03-06
9282,1BeBep,529,Abordable,2026-03-06
9283,paulrnd9,529,Abordable,2026-03-06
9284,combamaury,529,Abordable,2026-03-06
9285,Cudiinho,529,Abordable,2026-03-06
9286,ciramor77,529,Abordable,2026-03-06
9287,alicee57,528,Abordable,2026-03-06
9288,vivastre,528,Abordable,2026-03-06
9289,julio_114,528,Abordable,2026-03-06
9290,ce_ryd,528,Abordable,2026-03-06
9291,jjdom_08,528,Abordable,2026-03-06
9292,no1ime91,527,Abordable,2026-03-06
9293,ticoeur_974,527,Abordable,2026-03-06
9294,el_seaweed,527,Abordable,2026-03-06
9295,pus_harpags,526,Abordable,2026-03-06
9296,mxtthew_01,526,Abordable,2026-03-06
9297,oscboud,526,Abordable,2026-03-06
9298,strikebikee,526,Abordable,2026-03-06
9299,tableriema,525,Abordable,2026-03-06
9300,justiine_msl,525,Abordable,2026-03-06
9301,LaSot6,525,Abordable,2026-03-06
9302,acasbrest,525,Abordable,2026-03-06
9303,Barjhork,525,Abordable,2026-03-06
9304,globitortue,524,Abordable,2026-03-06
9305,Liaxou,524,Abordable,2026-03-06
9306,cvigneaux,524,Abordable,2026-03-06
9307,alexandra_lalilalou,524,Abordable,2026-03-06
9308,audreey_93,524,Abordable,2026-03-06
9309,itzcoatl128,524,Abordable,2026-03-06
9310,Ycuta,523,Abordable,2026-03-06
9311,sarahbrgmm,523,Abordable,2026-03-06
9312,DIO_1926,523,Abordable,2026-03-06
9313,ob9376,523,Abordable,2026-03-06
9314,slass_o,523,Abordable,2026-03-06
9315,diabolitoyanito,523,Abordable,2026-03-06
9316,dream1ng_7,523,Abordable,2026-03-06
9317,aaanzar,523,Abordable,2026-03-06
9318,caeliaa,522,Abordable,2026-03-06
9319,chomeur43,522,Abordable,2026-03-06
9320,cle22o,522,Abordable,2026-03-06
9321,winston1959,522,Abordable,2026-03-06
9322,titi_bourrigault,522,Abordable,2026-03-06
9323,walkaaar,522,Abordable,2026-03-06
9324,tiatia18,521,Abordable,2026-03-06
9325,maccasss2,521,Abordable,2026-03-06
9326,at_m0s,521,Abordable,2026-03-06
9327,louisorhonbs,521,Abordable,2026-03-06
9328,Chlogane,520,Abordable,2026-03-06
9329,godcrz7,519,Abordable,2026-03-06
9330,matteoviret,519,Abordable,2026-03-06
9331,evan3ssor,519,Abordable,2026-03-06
9332,utopia987,519,Abordable,2026-03-06
9333,yapasdenompotable,519,Abordable,2026-03-06
9334,19needle,519,Abordable,2026-03-06
9335,reganwolf02,519,Abordable,2026-03-06
9336,mimie26000,518,Abordable,2026-03-06
9337,francky_lje,518,Abordable,2026-03-06
9338,robinoob,518,Abordable,2026-03-06
9339,godgaga_22,518,Abordable,2026-03-06
9340,lunivers_de_pan,518,Abordable,2026-03-06
9341,sayanarbre,518,Abordable,2026-03-06
9342,lucadab34,518,Abordable,2026-03-06
9343,zazagn77,517,Abordable,2026-03-06
9344,pogamiamiam,517,Abordable,2026-03-06
9345,lucieroussel27,517,Abordable,2026-03-06
9346,cocolinro,517,Abordable,2026-03-06
9347,lepetitfreredehippo,517,Abordable,2026-03-06
9348,thomas_p12,516,Abordable,2026-03-06
9349,manolamrno,516,Abordable,2026-03-06
9350,chocolatinoow,516,Abordable,2026-03-06
9351,breauzil,516,Abordable,2026-03-06
9352,shaarghot_,516,Abordable,2026-03-06
9353,coco_894,515,Abordable,2026-03-06
9354,crims0n_emperor,515,Abordable,2026-03-06
9355,inesssrb,515,Abordable,2026-03-06
9356,lusquah,515,Abordable,2026-03-06
9357,antoine_rscl06,515,Abordable,2026-03-06
9358,marine_bdv,514,Abordable,2026-03-06
9359,akira0n0,514,Abordable,2026-03-06
9360,raniloj,514,Abordable,2026-03-06
9361,arsenal_49160,514,Abordable,2026-03-06
9362,c_moi_guigz,514,Abordable,2026-03-06
9363,chaachouu07,513,Abordable,2026-03-06
9364,dorian080606,513,Abordable,2026-03-06
9365,blizzard_thestoat,513,Abordable,2026-03-06
9366,Ylodrath,513,Abordable,2026-03-06
9367,Neihms,513,Abordable,2026-03-06
9368,PapyTorchman_,513,Abordable,2026-03-06
9369,pirate_124_2,513,Abordable,2026-03-06
9370,singo65,513,Abordable,2026-03-06
9371,ClemsKko,513,Abordable,2026-03-06
9372,Xoojd,513,Abordable,2026-03-06
9373,can_nette90,513,Abordable,2026-03-06
9374,mandrino18,513,Abordable,2026-03-06
9375,juju0832,513,Abordable,2026-03-06
9376,grantoine12,513,Abordable,2026-03-06
9377,ryan59279,513,Abordable,2026-03-06
9378,lolaljel,512,Abordable,2026-03-06
9379,lola_brthlt,512,Abordable,2026-03-06
9380,nessim26,512,Abordable,2026-03-06
9381,Sir_Godot,511,Abordable,2026-03-06
9382,totocostooo,511,Abordable,2026-03-06
9383,Iragnum,511,Abordable,2026-03-06
9384,galetjade,511,Abordable,2026-03-06
9385,KoalaaLaLaLaLa,511,Abordable,2026-03-06
9386,papidry,511,Abordable,2026-03-06
9387,fncnnns,510,Abordable,2026-03-06
9388,kikirbt,510,Abordable,2026-03-06
9389,mmezelda,510,Abordable,2026-03-06
9390,moumen_i,510,Abordable,2026-03-06
9391,bokut0o_,510,Abordable,2026-03-06
9392,mattroxx_,510,Abordable,2026-03-06
9393,laurinooou,510,Abordable,2026-03-06
9394,Erfouille,510,Abordable,2026-03-06
9395,mashadormiens,510,Abordable,2026-03-06
9396,FrozenDark31410,510,Abordable,2026-03-06
9397,amphibolus18,510,Abordable,2026-03-06
9398,ninon_lfbv,510,Abordable,2026-03-06
9399,cagnoise,510,Abordable,2026-03-06
9400,TheauTrip,510,Abordable,2026-03-06
9401,Agatio_GS,510,Abordable,2026-03-06
9402,depp57,509,Abordable,2026-03-06
9403,minis70,508,Abordable,2026-03-06
9404,nonodu13124,508,Abordable,2026-03-06
9405,Ensowu,508,Abordable,2026-03-06
9406,str4lande,507,Abordable,2026-03-06
9407,kimou__,507,Abordable,2026-03-06
9408,Astaterasu,507,Abordable,2026-03-06
9409,azeliixx,507,Abordable,2026-03-06
9410,pedrothedon420,507,Abordable,2026-03-06
9411,mrpriape,507,Abordable,2026-03-06
9412,chloerbcn72,507,Abordable,2026-03-06
9413,AFK_Florian,507,Abordable,2026-03-06
9414,titeize01,507,Abordable,2026-03-06
9415,vincz_gazol,507,Abordable,2026-03-06
9416,candyce1304,506,Abordable,2026-03-06
9417,playmaaaaaaanWz,506,Abordable,2026-03-06
9418,doreenya,506,Abordable,2026-03-06
9419,elo_ccb,506,Abordable,2026-03-06
9420,Koooope,506,Abordable,2026-03-06
9421,benduss_,506,Abordable,2026-03-06
9422,letchi1004,505,Abordable,2026-03-06
9423,eaglesky78,505,Abordable,2026-03-06
9424,kylian_suwy,505,Abordable,2026-03-06
9425,ugo_32,505,Abordable,2026-03-06
9426,DelDor,505,Abordable,2026-03-06
9427,tirlititii,504,Abordable,2026-03-06
9428,SCTom10,504,Abordable,2026-03-06
9429,lilou_zou,504,Abordable,2026-03-06
9430,laparoule2606,504,Abordable,2026-03-06
9431,samtordjman,504,Abordable,2026-03-06
9432,sky420000,504,Abordable,2026-03-06
9433,daskoy35,504,Abordable,2026-03-06
9434,kerosn94,504,Abordable,2026-03-06
9435,LennyDwazo,504,Abordable,2026-03-06
9436,pample___,504,Abordable,2026-03-06
9437,profit_lactique,504,Abordable,2026-03-06
9438,Kawardy,503,Abordable,2026-03-06
9439,Ayskaz22,503,Abordable,2026-03-06
9440,gayuunn,503,Abordable,2026-03-06
9441,sidass1519,502,Abordable,2026-03-06
9442,lindar_,502,Abordable,2026-03-06
9443,avmp_voltar,502,Abordable,2026-03-06
9444,aertaxx,501,Abordable,2026-03-06
9445,m4bad21,501,Abordable,2026-03-06
9446,agon_cc,501,Abordable,2026-03-06
9447,perry0403,501,Abordable,2026-03-06
9448,Yralluma,501,Abordable,2026-03-06
9449,javeec,501,Abordable,2026-03-06
9450,Sekhmetazoa,500,Abordable,2026-03-06
9451,5rox,500,Abordable,2026-03-06
9452,susheagle,500,Abordable,2026-03-06
9453,val_bsst,500,Abordable,2026-03-06
9454,Jipoule,500,Abordable,2026-03-06
9455,LikeADemonicMind,500,Abordable,2026-03-06
9456,zarenty,499,Abordable,2026-03-06
9457,mflunot,499,Abordable,2026-03-06
9458,mathysito40,499,Abordable,2026-03-06
9459,clararap,499,Abordable,2026-03-06
9460,tess_dsrmx,499,Abordable,2026-03-06
9461,MORLETTE,499,Abordable,2026-03-06
9462,naylil8,498,Abordable,2026-03-06
9463,EliotyLive,498,Abordable,2026-03-06
9464,dave59300,498,Abordable,2026-03-06
9465,mister_tortue_,497,Abordable,2026-03-06
9466,graindeplutonium,497,Abordable,2026-03-06
9467,feydhakin,497,Abordable,2026-03-06
9468,wonderbdn,497,Abordable,2026-03-06
9469,altazio96,497,Abordable,2026-03-06
9470,sonerazzuro,497,Abordable,2026-03-06
9471,jupucine,497,Abordable,2026-03-06
9472,La_Tat_,497,Abordable,2026-03-06
9473,momocaillou,497,Abordable,2026-03-06
9474,physkoteaser1,497,Abordable,2026-03-06
9475,miyakulii,497,Abordable,2026-03-06
9476,4em7,496,Abordable,2026-03-06
9477,bazeo,496,Abordable,2026-03-06
9478,Venergyt,496,Abordable,2026-03-06
9479,vanourocket,495,Abordable,2026-03-06
9480,Twyste_,495,Abordable,2026-03-06
9481,flipippe,495,Abordable,2026-03-06
9482,mnu138,495,Abordable,2026-03-06
9483,Astoria6006,495,Abordable,2026-03-06
9484,KeuponDestroy,495,Abordable,2026-03-06
9485,saskwatch360,495,Abordable,2026-03-06
9486,dralex854,495,Abordable,2026-03-06
9487,ymamaku,495,Abordable,2026-03-06
9488,soe9964,494,Abordable,2026-03-06
9489,mama_rjo,494,Abordable,2026-03-06
9490,thefrenchdabeur,494,Abordable,2026-03-06
9491,fandealonso9,494,Abordable,2026-03-06
9492,Athoms31,494,Abordable,2026-03-06
9493,biose007,494,Abordable,2026-03-06
9494,pomme_rre,493,Abordable,2026-03-06
9495,Canal_7_Arte,493,Abordable,2026-03-06
9496,antilopium29,493,Abordable,2026-03-06
9497,alexphenix789,493,Abordable,2026-03-06
9498,guiggz_93,492,Abordable,2026-03-06
9499,charlinefritsch,492,Abordable,2026-03-06
9500,thezoone111,492,Abordable,2026-03-06
9501,alexpaillettes,492,Abordable,2026-03-06
9502,servanneau_huppe,492,Abordable,2026-03-06
9503,benitokobi,492,Abordable,2026-03-06
9504,nathan_atm,492,Abordable,2026-03-06
9505,LaBenzance,491,Abordable,2026-03-06
9506,Vervantes,491,Abordable,2026-03-06
9507,nolan_le_chenapan,491,Abordable,2026-03-06
9508,salomefimbel,491,Abordable,2026-03-06
9509,el0uuu,491,Abordable,2026-03-06
9510,lausoe,491,Abordable,2026-03-06
9511,Etoiles,491,Abordable,2026-03-06
9512,annathedrink,490,Abordable,2026-03-06
9513,hellomoicnana,490,Abordable,2026-03-06
9514,TangoNeedsHelp,490,Abordable,2026-03-06
9515,YLoon_,490,Abordable,2026-03-06
9516,GregJordan,490,Abordable,2026-03-06
9517,NotYourMiko,490,Abordable,2026-03-06
9518,divinogene,490,Abordable,2026-03-06
9519,noarode,490,Abordable,2026-03-06
9520,kctalhy,490,Abordable,2026-03-06
9521,surdidii,490,Abordable,2026-03-06
9522,bliboup,490,Abordable,2026-03-06
9523,Max_QuFa,489,Abordable,2026-03-06
9524,raniaxkrl785,489,Abordable,2026-03-06
9525,sim_mg,489,Abordable,2026-03-06
9526,lajcrayola2026,489,Abordable,2026-03-06
9527,adilsdi,489,Abordable,2026-03-06
9528,emmaf68,488,Abordable,2026-03-06
9529,Fmax768,488,Abordable,2026-03-06
9530,rohan_51l,488,Abordable,2026-03-06
9531,pimanau,488,Abordable,2026-03-06
9532,calypso101112,488,Abordable,2026-03-06
9533,Pyprin1,487,Abordable,2026-03-06
9534,Lucynfra,487,Abordable,2026-03-06
9535,odebou80,487,Abordable,2026-03-06
9536,smith_et_wess0n,487,Abordable,2026-03-06
9537,SpeedHeure,487,Abordable,2026-03-06
9538,UnDR_Mordred,487,Abordable,2026-03-06
9539,pignata29,486,Abordable,2026-03-06
9540,samyto__,486,Abordable,2026-03-06
9541,olympia_thor,486,Abordable,2026-03-06
9542,maya_twix10,486,Abordable,2026-03-06
9543,king_sek0,486,Abordable,2026-03-06
9544,fred_gomes17,485,Abordable,2026-03-06
9545,ant0ine_cvr,485,Abordable,2026-03-06
9546,nanobops,485,Abordable,2026-03-06
9547,hiejrhb8475995,485,Abordable,2026-03-06
9548,Naito____,485,Abordable,2026-03-06
9549,1geminig1,485,Abordable,2026-03-06
9550,thibsf,484,Abordable,2026-03-06
9551,elisa261,484,Abordable,2026-03-06
9552,chamsousaba,484,Abordable,2026-03-06
9553,malinouu,484,Abordable,2026-03-06
9554,thibthibhs,484,Abordable,2026-03-06
9555,silv3r_ruto,484,Abordable,2026-03-06
9556,myt_arthur,483,Abordable,2026-03-06
9557,tommydu69360,483,Abordable,2026-03-06
9558,nutrr_,483,Abordable,2026-03-06
9559,MargeKaffee,483,Abordable,2026-03-06
9560,aewnoowo,483,Abordable,2026-03-06
9561,lelud,482,Abordable,2026-03-06
9562,carocado23,482,Abordable,2026-03-06
9563,nekobenjo,482,Abordable,2026-03-06
9564,ANiceAtomicZuno,482,Abordable,2026-03-06
9565,pepejunior_,482,Abordable,2026-03-06
9566,dzz_07,482,Abordable,2026-03-06
9567,Pheli_N,481,Abordable,2026-03-06
9568,bidabooo,481,Abordable,2026-03-06
9569,Cdr_Gree,481,Abordable,2026-03-06
9570,mattcazor,481,Abordable,2026-03-06
9571,Myfanwi59,481,Abordable,2026-03-06
9572,ShiroHQ_,481,Abordable,2026-03-06
9573,arnogoat,481,Abordable,2026-03-06
9574,baxqq,480,Abordable,2026-03-06
9575,acte3pod,480,Abordable,2026-03-06
9576,bena34,480,Abordable,2026-03-06
9577,levoyageurinconnue,480,Abordable,2026-03-06
9578,xavduru,480,Abordable,2026-03-06
9579,FloWteurs,480,Abordable,2026-03-06
9580,jagasaki6,480,Abordable,2026-03-06
9581,xbelouox,480,Abordable,2026-03-06
9582,CoNuage9,480,Abordable,2026-03-06
9583,AElysio,480,Abordable,2026-03-06
9584,claramnr__,480,Abordable,2026-03-06
9585,bzhkyan,480,Abordable,2026-03-06
9586,flooww_tm,480,Abordable,2026-03-06
9587,douhablee,480,Abordable,2026-03-06
9588,Umeka,480,Abordable,2026-03-06
9589,lisa__lrv,480,Abordable,2026-03-06
9590,bastbou,480,Abordable,2026-03-06
9591,maronnat,479,Abordable,2026-03-06
9592,eva_luluation,479,Abordable,2026-03-06
9593,Oskou,479,Abordable,2026-03-06
9594,merco_enz,478,Abordable,2026-03-06
9595,rphlm,478,Abordable,2026-03-06
9596,Shiro_rds,478,Abordable,2026-03-06
9597,urofwu,478,Abordable,2026-03-06
9598,Eyrthren,478,Abordable,2026-03-06
9599,escargotsaubeurrepersille,477,Abordable,2026-03-06
9600,nicoleb134,477,Abordable,2026-03-06
9601,clement_tmsr,477,Abordable,2026-03-06
9602,chrisbroc39,477,Abordable,2026-03-06
9603,McRip_78,477,Abordable,2026-03-06
9604,keoroy,477,Abordable,2026-03-06
9605,Gaspachaud,477,Abordable,2026-03-06
9606,seravan08,476,Abordable,2026-03-06
9607,d0m_1n0,476,Abordable,2026-03-06
9608,Alvaluz,476,Abordable,2026-03-06
9609,TheoGachet,476,Abordable,2026-03-06
9610,lakrixxx,476,Abordable,2026-03-06
9611,youpi05,476,Abordable,2026-03-06
9612,Louis_allynd,475,Abordable,2026-03-06
9613,lili418,475,Abordable,2026-03-06
9614,antonbtt,475,Abordable,2026-03-06
9615,JohnSweetTv,475,Abordable,2026-03-06
9616,FireStormLive,475,Abordable,2026-03-06
9617,nezukokomii,474,Abordable,2026-03-06
9618,darkswery,474,Abordable,2026-03-06
9619,pole0505,473,Abordable,2026-03-06
9620,Reezsea8,473,Abordable,2026-03-06
9621,paulare99,473,Abordable,2026-03-06
9622,Quenyn_OFF,473,Abordable,2026-03-06
9623,benouchk,473,Abordable,2026-03-06
9624,Casaloga,473,Abordable,2026-03-06
9625,Niiiked,473,Abordable,2026-03-06
9626,drkoriginel,472,Abordable,2026-03-06
9627,hypefu_,472,Abordable,2026-03-06
9628,Thebigshow36,472,Abordable,2026-03-06
9629,mb02510,472,Abordable,2026-03-06
9630,bredekam,471,Abordable,2026-03-06
9631,Kursset,471,Abordable,2026-03-06
9632,antoch31140,471,Abordable,2026-03-06
9633,arsene_le_sang,471,Abordable,2026-03-06
9634,maxmd59,471,Abordable,2026-03-06
9635,annerbr,470,Abordable,2026-03-06
9636,Imathis76,470,Abordable,2026-03-06
9637,nopdn,470,Abordable,2026-03-06
9638,matkwa10,470,Abordable,2026-03-06
9639,dinardpleurtuit,469,Abordable,2026-03-06
9640,alelohm,469,Abordable,2026-03-06
9641,banban008,469,Abordable,2026-03-06
9642,axid23,468,Abordable,2026-03-06
9643,jamujabo,468,Abordable,2026-03-06
9644,mitch7cel,468,Abordable,2026-03-06
9645,lalatea0202,468,Abordable,2026-03-06
9646,clemtix59,468,Abordable,2026-03-06
9647,Niirto,468,Abordable,2026-03-06
9648,polissonsurlalune,468,Abordable,2026-03-06
9649,URQC,468,Abordable,2026-03-06
9650,missmarvelwho,468,Abordable,2026-03-06
9651,LordAxe,467,Abordable,2026-03-06
9652,echecetmat4,467,Abordable,2026-03-06
9653,skyfull09,467,Abordable,2026-03-06
9654,as2_pique,467,Abordable,2026-03-06
9655,alexisclav,467,Abordable,2026-03-06
9656,Walugs_,467,Abordable,2026-03-06
9657,lauriannesc,467,Abordable,2026-03-06
9658,meerenfungi,466,Abordable,2026-03-06
9659,UnUtilisateurTwitch,466,Abordable,2026-03-06
9660,ycou,466,Abordable,2026-03-06
9661,leonore3364,466,Abordable,2026-03-06
9662,anaellelabossss,466,Abordable,2026-03-06
9663,BenjiCiter,466,Abordable,2026-03-06
9664,clelyasmr,466,Abordable,2026-03-06
9665,AnthoSid,466,Abordable,2026-03-06
9666,Tismeth,466,Abordable,2026-03-06
9667,Chtreman,466,Abordable,2026-03-06
9668,cbcvz,466,Abordable,2026-03-06
9669,elwalidinho,466,Abordable,2026-03-06
9670,lecrew123,465,Abordable,2026-03-06
9671,mogooow,465,Abordable,2026-03-06
9672,charliiiiiiine,465,Abordable,2026-03-06
9673,margotili,465,Abordable,2026-03-06
9674,mae_trm,465,Abordable,2026-03-06
9675,zac_prst,464,Abordable,2026-03-06
9676,Aersina57,464,Abordable,2026-03-06
9677,el_picoooo,464,Abordable,2026-03-06
9678,abadelia_ilyes,464,Abordable,2026-03-06
9679,rhubilax07,464,Abordable,2026-03-06
9680,margot442,464,Abordable,2026-03-06
9681,arkod6,464,Abordable,2026-03-06
9682,sylvina35,464,Abordable,2026-03-06
9683,theRouliano,463,Abordable,2026-03-06
9684,manonnikoumouk,463,Abordable,2026-03-06
9685,aureeellllllll,463,Abordable,2026-03-06
9686,tamsfg,463,Abordable,2026-03-06
9687,thbarnier10,463,Abordable,2026-03-06
9688,lindsay50_,462,Abordable,2026-03-06
9689,tonylmn,461,Abordable,2026-03-06
9690,OTPTRUNDLEV5,461,Abordable,2026-03-06
9691,chris_asnl54,460,Abordable,2026-03-06
9692,ZombieMarchant,460,Abordable,2026-03-06
9693,rayzox28,460,Abordable,2026-03-06
9694,elilizabeth46,460,Abordable,2026-03-06
9695,eduinjed,460,Abordable,2026-03-06
9696,whiteeagle2707,460,Abordable,2026-03-06
9697,stkenlive,459,Abordable,2026-03-06
9698,kiinto_,459,Abordable,2026-03-06
9699,leboulangerdudimanche,458,Abordable,2026-03-06
9700,bober__77,458,Abordable,2026-03-06
9701,clem_th,458,Abordable,2026-03-06
9702,alicebattt,458,Abordable,2026-03-06
9703,Caebun,458,Abordable,2026-03-06
9704,minidudu02,457,Abordable,2026-03-06
9705,PlusQueParfaite,457,Abordable,2026-03-06
9706,ShunaaRK,457,Abordable,2026-03-06
9707,apprehensivegoat59,457,Abordable,2026-03-06
9708,gekai_,457,Abordable,2026-03-06
9709,Nishinosukee,457,Abordable,2026-03-06
9710,sand73210,456,Abordable,2026-03-06
9711,Neurocto,456,Abordable,2026-03-06
9712,momolepoulpe,456,Abordable,2026-03-06
9713,ameme213,456,Abordable,2026-03-06
9714,meelouw_,456,Abordable,2026-03-06
9715,Anahita63,455,Abordable,2026-03-06
9716,ledbyg1st,455,Abordable,2026-03-06
9717,kcarty_cheau,455,Abordable,2026-03-06
9718,yuvjh123,455,Abordable,2026-03-06
9719,danette738,455,Abordable,2026-03-06
9720,Excraaze,455,Abordable,2026-03-06
9721,nomdezeus_,454,Abordable,2026-03-06
9722,julie_ponpon,454,Abordable,2026-03-06
9723,oyo014,454,Abordable,2026-03-06
9724,Aligatoow_,453,Abordable,2026-03-06
9725,Lompki,452,Abordable,2026-03-06
9726,pas_le_frais,452,Abordable,2026-03-06
9727,patoutaf,452,Abordable,2026-03-06
9728,olympefr2026,452,Abordable,2026-03-06
9729,Simius_TV,452,Abordable,2026-03-06
9730,melopatiss,451,Abordable,2026-03-06
9731,gruminho,451,Abordable,2026-03-06
9732,LC_laura_,451,Abordable,2026-03-06
9733,ugogas,451,Abordable,2026-03-06
9734,XelonX9,450,Abordable,2026-03-06
9735,PixellwarriorTV,450,Abordable,2026-03-06
9736,dahu1305,450,Abordable,2026-03-06
9737,xNaask,450,Abordable,2026-03-06
9738,T0m_s0,450,Abordable,2026-03-06
9739,typhtoch,450,Abordable,2026-03-06
9740,pixcrash1,450,Abordable,2026-03-06
9741,Sigmus,450,Abordable,2026-03-06
9742,briochausore,450,Abordable,2026-03-06
9743,Rad60,450,Abordable,2026-03-06
9744,biboujils,450,Abordable,2026-03-06
9745,Keniche_la_Peniche,450,Abordable,2026-03-06
9746,onijjam,450,Abordable,2026-03-06
9747,Dr__Kuma,450,Abordable,2026-03-06
9748,momoon_le_chat,450,Abordable,2026-03-06
9749,psycrom_,450,Abordable,2026-03-06
9750,escarbille,450,Abordable,2026-03-06
9751,GuigsStream,450,Abordable,2026-03-06
9752,zaaap26,450,Abordable,2026-03-06
9753,solaris33,449,Abordable,2026-03-06
9754,amomamoma,449,Abordable,2026-03-06
9755,quentin4592,449,Abordable,2026-03-06
9756,tom_acrylo,449,Abordable,2026-03-06
9757,Sinraae,449,Abordable,2026-03-06
9758,Noctyx__,449,Abordable,2026-03-06
9759,tixadorremi34,448,Abordable,2026-03-06
9760,bhamanan,448,Abordable,2026-03-06
9761,Wymnes,448,Abordable,2026-03-06
9762,m4u5tr4p,448,Abordable,2026-03-06
9763,PSQHE,448,Abordable,2026-03-06
9764,taolescitesdor,448,Abordable,2026-03-06
9765,Sky_uu,448,Abordable,2026-03-06
9766,kiricrew_,448,Abordable,2026-03-06
9767,NesQuiK_EADG,447,Abordable,2026-03-06
9768,salutcestromi,447,Abordable,2026-03-06
9769,keaurant1,447,Abordable,2026-03-06
9770,daughness,447,Abordable,2026-03-06
9771,oneida_5,447,Abordable,2026-03-06
9772,lucaaaaas31,446,Abordable,2026-03-06
9773,comtessetataire,446,Abordable,2026-03-06
9774,byronne070806,446,Abordable,2026-03-06
9775,maxime508,446,Abordable,2026-03-06
9776,branlix2o00,446,Abordable,2026-03-06
9777,just_laow,446,Abordable,2026-03-06
9778,c0i0rblind,446,Abordable,2026-03-06
9779,hachishparmentier,445,Abordable,2026-03-06
9780,bibino37,445,Abordable,2026-03-06
9781,ruzzy53,445,Abordable,2026-03-06
9782,celine_fve,445,Abordable,2026-03-06
9783,gladstonelight,444,Abordable,2026-03-06
9784,meli_melouuuu,444,Abordable,2026-03-06
9785,fraag3rs,444,Abordable,2026-03-06
9786,tateaclaque_,444,Abordable,2026-03-06
9787,white_eagles,443,Abordable,2026-03-06
9788,charlineavon,443,Abordable,2026-03-06
9789,ac_richie,443,Abordable,2026-03-06
9790,rindou2703,442,Abordable,2026-03-06
9791,narb3ra,442,Abordable,2026-03-06
9792,docjacqueline,442,Abordable,2026-03-06
9793,lillywer,442,Abordable,2026-03-06
9794,apocalypsor,441,Abordable,2026-03-06
9795,apolline_crn,441,Abordable,2026-03-06
9796,eleag6926,441,Abordable,2026-03-06
9797,nightyolo11,441,Abordable,2026-03-06
9798,ablouxx,441,Abordable,2026-03-06
9799,ThomLaStar,441,Abordable,2026-03-06
9800,champoly,441,Abordable,2026-03-06
9801,CreaSept,441,Abordable,2026-03-06
9802,wwaaspp,441,Abordable,2026-03-06
9803,HERMES139,440,Abordable,2026-03-06
9804,maxman0305,440,Abordable,2026-03-06
9805,felix_ftn,440,Abordable,2026-03-06
9806,lilyzfr,440,Abordable,2026-03-06
9807,suziiiiii9,440,Abordable,2026-03-06
9808,Noobary_Player,440,Abordable,2026-03-06
9809,elisehvrd27,439,Abordable,2026-03-06
9810,kaiifu,439,Abordable,2026-03-06
9811,torfe70000,439,Abordable,2026-03-06
9812,muzikazu89,439,Abordable,2026-03-06
9813,mapwan,439,Abordable,2026-03-06
9814,AutrucheSupreme,439,Abordable,2026-03-06
9815,laura_ngl,439,Abordable,2026-03-06
9816,lilly040904,439,Abordable,2026-03-06
9817,Skywar67,439,Abordable,2026-03-06
9818,gou2702,439,Abordable,2026-03-06
9819,thibaudddddd,439,Abordable,2026-03-06
9820,janouchka12,438,Abordable,2026-03-06
9821,raggdoil,438,Abordable,2026-03-06
9822,Alaskacht,437,Abordable,2026-03-06
9823,maryjane_222,437,Abordable,2026-03-06
9824,Akiokami_,437,Abordable,2026-03-06
9825,fanie410,437,Abordable,2026-03-06
9826,thepassionet,437,Abordable,2026-03-06
9827,mathieumdt,437,Abordable,2026-03-06
9828,caravane2gitan,437,Abordable,2026-03-06
9829,pamart72,436,Abordable,2026-03-06
9830,remi_bzx,436,Abordable,2026-03-06
9831,rs_elise,436,Abordable,2026-03-06
9832,caffeinated_silas,435,Abordable,2026-03-06
9833,TwiceOW_,435,Abordable,2026-03-06
9834,sunty_fps,435,Abordable,2026-03-06
9835,l1n4321,435,Abordable,2026-03-06
9836,BR__GOAT,435,Abordable,2026-03-06
9837,Luckylucaslal,435,Abordable,2026-03-06
9838,ly_lchnn22,435,Abordable,2026-03-06
9839,MiguelSurTwitch,435,Abordable,2026-03-06
9840,nonameorelse,434,Abordable,2026-03-06
9841,prinyum92,434,Abordable,2026-03-06
9842,mel_chfs,434,Abordable,2026-03-06
9843,s3msam,434,Abordable,2026-03-06
9844,Osi_Live,433,Abordable,2026-03-06
9845,maylily2208,433,Abordable,2026-03-06
9846,claraswi,433,Abordable,2026-03-06
9847,daniel_daniel12000,433,Abordable,2026-03-06
9848,zektam,433,Abordable,2026-03-06
9849,magikarp_sama,433,Abordable,2026-03-06
9850,azerdu_,432,Abordable,2026-03-06
9851,Curtiflop,432,Abordable,2026-03-06
9852,arthur_dbn,431,Abordable,2026-03-06
9853,pinpont_p0,431,Abordable,2026-03-06
9854,sunnymewy,431,Abordable,2026-03-06
9855,Lyca_,431,Abordable,2026-03-06
9856,itouchnittas,431,Abordable,2026-03-06
9857,Noeloisel,431,Abordable,2026-03-06
9858,mtclement,431,Abordable,2026-03-06
9859,nolwenn31,431,Abordable,2026-03-06
9860,Aurum_68,430,Abordable,2026-03-06
9861,busmer7820,430,Abordable,2026-03-06
9862,severinee39200,430,Abordable,2026-03-06
9863,heptamorph,430,Abordable,2026-03-06
9864,bayadrien,430,Abordable,2026-03-06
9865,0o_chxrlie_o0,429,Abordable,2026-03-06
9866,nkun07,429,Abordable,2026-03-06
9867,Kenz92,429,Abordable,2026-03-06
9868,grafew7,429,Abordable,2026-03-06
9869,Da_HuntR,428,Abordable,2026-03-06
9870,Pancy_Gum,428,Abordable,2026-03-06
9871,ezrapace,428,Abordable,2026-03-06
9872,mhyune,428,Abordable,2026-03-06
9873,charlottinne,428,Abordable,2026-03-06
9874,adrimlvlle,428,Abordable,2026-03-06
9875,hannahzis,428,Abordable,2026-03-06
9876,blucky359,428,Abordable,2026-03-06
9877,MisterJiji,428,Abordable,2026-03-06
9878,zfuvzyfsv,428,Abordable,2026-03-06
9879,LiFO_One,428,Abordable,2026-03-06
9880,nibiru667,428,Abordable,2026-03-06
9881,manatown,427,Abordable,2026-03-06
9882,margow___,427,Abordable,2026-03-06
9883,Knarff_,427,Abordable,2026-03-06
9884,anemonemite,427,Abordable,2026-03-06
9885,minibras42,427,Abordable,2026-03-06
9886,Mel_aniM,427,Abordable,2026-03-06
9887,eclairecir,427,Abordable,2026-03-06
9888,moncasse,427,Abordable,2026-03-06
9889,cmoitisma,427,Abordable,2026-03-06
9890,cl3mouchee,426,Abordable,2026-03-06
9891,Astrodiesel,426,Abordable,2026-03-06
9892,taguka19,426,Abordable,2026-03-06
9893,Masteque,425,Abordable,2026-03-06
9894,Tigroulife,425,Abordable,2026-03-06
9895,lilian_hrv33,425,Abordable,2026-03-06
9896,MMunch16,424,Abordable,2026-03-06
9897,karashic,424,Abordable,2026-03-06
9898,pastouille36,424,Abordable,2026-03-06
9899,gwendal95610,423,Abordable,2026-03-06
9900,matheo24440,423,Abordable,2026-03-06
9901,HeliosDesChamps,423,Abordable,2026-03-06
9902,tessad08,422,Abordable,2026-03-06
9903,IchBinKiki,422,Abordable,2026-03-06
9904,Darkusios,422,Abordable,2026-03-06
9905,laurenslvl,422,Abordable,2026-03-06
9906,oceane214,421,Abordable,2026-03-06
9907,Agapanthe_,421,Abordable,2026-03-06
9908,pedrodlcrt,421,Abordable,2026-03-06
9909,regala34,421,Abordable,2026-03-06
9910,nayce7,421,Abordable,2026-03-06
9911,1996liliratatouille,420,Abordable,2026-03-06
9912,clemdaug28,420,Abordable,2026-03-06
9913,mldypry,420,Abordable,2026-03-06
9914,synam,420,Abordable,2026-03-06
9915,osolero,420,Abordable,2026-03-06
9916,bizcharr,420,Abordable,2026-03-06
9917,emile85200,420,Abordable,2026-03-06
9918,Marrf_tv,420,Abordable,2026-03-06
9919,gahst42,420,Abordable,2026-03-06
9920,mannyolia,420,Abordable,2026-03-06
9921,thaanatoaster,420,Abordable,2026-03-06
9922,anothadams,420,Abordable,2026-03-06
9923,QUlllCHE,420,Abordable,2026-03-06
9924,zakoala,420,Abordable,2026-03-06
9925,ldgt23,420,Abordable,2026-03-06
9926,morganead77,420,Abordable,2026-03-06
9927,isabellemorcillo31150,420,Abordable,2026-03-06
9928,mailys_dag,420,Abordable,2026-03-06
9929,serdaiglon,420,Abordable,2026-03-06
9930,alaaanbrnl,420,Abordable,2026-03-06
9931,Xragg,420,Abordable,2026-03-06
9932,eliaschxne,420,Abordable,2026-03-06
9933,silas_j51,420,Abordable,2026-03-06
9934,TynkerssS,420,Abordable,2026-03-06
9935,teganaz,420,Abordable,2026-03-06
9936,bn2408,420,Abordable,2026-03-06
9937,Shelldone_,420,Abordable,2026-03-06
9938,babarugby3515,420,Abordable,2026-03-06
9939,54lut,420,Abordable,2026-03-06
9940,MaximilienOlanchipu,420,Abordable,2026-03-06
9941,AirainnOsu,420,Abordable,2026-03-06
9942,JUKLING,420,Abordable,2026-03-06
9943,celyabm,420,Abordable,2026-03-06
9944,cass2114,420,Abordable,2026-03-06
9945,meclent9,420,Abordable,2026-03-06
9946,tchoupilasauc,420,Abordable,2026-03-06
9947,Monsieur_Norb,420,Abordable,2026-03-06
9948,ambreblc12,420,Abordable,2026-03-06
9949,FitzTomgaming,419,Abordable,2026-03-06
9950,cavigordios,418,Abordable,2026-03-06
9951,ODrealite,418,Abordable,2026-03-06
9952,sthibault06,418,Abordable,2026-03-06
9953,astro_pass,418,Abordable,2026-03-06
9954,moi____moi,418,Abordable,2026-03-06
9955,Dyrudis,418,Abordable,2026-03-06
9956,Knailyy,418,Abordable,2026-03-06
9957,Derasiel,418,Abordable,2026-03-06
9958,shirinyoku,417,Abordable,2026-03-06
9959,dangremm,417,Abordable,2026-03-06
9960,bianconhino,417,Abordable,2026-03-06
9961,br77100,417,Abordable,2026-03-06
9962,xsonnyyy,417,Abordable,2026-03-06
9963,phonovore,417,Abordable,2026-03-06
9964,Kyrlost,416,Abordable,2026-03-06
9965,aceline19,416,Abordable,2026-03-06
9966,baldrstud,416,Abordable,2026-03-06
9967,bepau,416,Abordable,2026-03-06
9968,bimbabm,416,Abordable,2026-03-06
9969,Mps_NYRAX,416,Abordable,2026-03-06
9970,Paulux_92,416,Abordable,2026-03-06
9971,ksalyx,416,Abordable,2026-03-06
9972,alexandre_pjd,415,Abordable,2026-03-06
9973,gusplage31,415,Abordable,2026-03-06
9974,lazystrata,415,Abordable,2026-03-06
9975,critik007,415,Abordable,2026-03-06
9976,olivierchamboule,415,Abordable,2026-03-06
9977,larcher114,415,Abordable,2026-03-06
9978,happygood_,414,Abordable,2026-03-06
9979,jamywest22,414,Abordable,2026-03-06
9980,Manon_BS,414,Abordable,2026-03-06
9981,Kovaxounet,414,Abordable,2026-03-06
9982,donix__17,414,Abordable,2026-03-06
9983,Eilandis,414,Abordable,2026-03-06
9984,bbm_akane,414,Abordable,2026-03-06
9985,MKTheo,414,Abordable,2026-03-06
9986,tanguysparadrap,413,Abordable,2026-03-06
9987,Chreeet,413,Abordable,2026-03-06
9988,waazor,413,Abordable,2026-03-06
9989,deplus52,413,Abordable,2026-03-06
9990,domoli37,412,Abordable,2026-03-06
9991,KapyA_,412,Abordable,2026-03-06
9992,PULSAR_c,412,Abordable,2026-03-06
9993,scaramioche,411,Abordable,2026-03-06
9994,WIP_dwinor,411,Abordable,2026-03-06
9995,Dariustensile,411,Abordable,2026-03-06
9996,man8n2,411,Abordable,2026-03-06
9997,kristofjalet,411,Abordable,2026-03-06
9998,sicardus07,411,Abordable,2026-03-06
9999,flooo_0555,411,Abordable,2026-03-06
10000,ozfuria,410,Abordable,2026-03-06
10001,LaWill_O,410,Abordable,2026-03-06
10002,catseyes24,410,Abordable,2026-03-06
10003,juldelahess,410,Abordable,2026-03-06
10004,bibouchkka,410,Abordable,2026-03-06
10005,kholeraa,410,Abordable,2026-03-06
10006,en8te,410,Abordable,2026-03-06
10007,Sam_prrt,409,Abordable,2026-03-06
10008,WakzLoL,409,Abordable,2026-03-06
10009,blablalban,409,Abordable,2026-03-06
10010,zizany24,409,Abordable,2026-03-06
10011,lenouille_la_fripouille,408,Abordable,2026-03-06
10012,hayday2307,408,Abordable,2026-03-06
10013,2vi_wiselard,408,Abordable,2026-03-06
10014,caroj_42,408,Abordable,2026-03-06
10015,paresses,408,Abordable,2026-03-06
10016,Koalave,407,Abordable,2026-03-06
10017,Plinepo,407,Abordable,2026-03-06
10018,camille_scr,407,Abordable,2026-03-06
10019,ersix_std,407,Abordable,2026-03-06
10020,17Mogza,407,Abordable,2026-03-06
10021,coordooba,407,Abordable,2026-03-06
10022,cleodip,406,Abordable,2026-03-06
10023,nilod__,406,Abordable,2026-03-06
10024,pikiglandeurs,406,Abordable,2026-03-06
10025,juste_leblanc_,406,Abordable,2026-03-06
10026,miniwellan,406,Abordable,2026-03-06
10027,floydkoncept,406,Abordable,2026-03-06
10028,LadyEdelweiss,405,Abordable,2026-03-06
10029,melvilfg,405,Abordable,2026-03-06
10030,lalovve,405,Abordable,2026-03-06
10031,elioloulou333,405,Abordable,2026-03-06
10032,eratsun,404,Abordable,2026-03-06
10033,leroienpersonne,404,Abordable,2026-03-06
10034,bechnantes,404,Abordable,2026-03-06
10035,Midona_S,404,Abordable,2026-03-06
10036,S4R0SA,403,Abordable,2026-03-06
10037,lanounett,403,Abordable,2026-03-06
10038,RoseaSweet_RS,403,Abordable,2026-03-06
10039,Valtiram,403,Abordable,2026-03-06
10040,flowiine,403,Abordable,2026-03-06
10041,GuigzzLM,402,Abordable,2026-03-06
10042,mega4l,402,Abordable,2026-03-06
10043,Speedself,402,Abordable,2026-03-06
10044,lupilex,401,Abordable,2026-03-06
10045,l0uisax,401,Abordable,2026-03-06
10046,disnoow_,401,Abordable,2026-03-06
10047,elooturp,401,Abordable,2026-03-06
10048,supervideolive83,401,Abordable,2026-03-06
10049,Harraquis,400,Abordable,2026-03-06
10050,ronnymcflurry,400,Abordable,2026-03-06
10051,tigrou_prt,400,Abordable,2026-03-06
10052,Messochou,400,Abordable,2026-03-06
10053,thomdada,400,Abordable,2026-03-06
10054,El_Ery,400,Abordable,2026-03-06
10055,navou_,399,Abordable,2026-03-06
10056,nini27013,399,Abordable,2026-03-06
10057,Xypix,398,Abordable,2026-03-06
10058,lacroche85,398,Abordable,2026-03-06
10059,Doryvo,398,Abordable,2026-03-06
10060,williaaaamm,398,Abordable,2026-03-06
10061,tanguy_11_yt,398,Abordable,2026-03-06
10062,Shiasse76,398,Abordable,2026-03-06
10063,moi_pl,398,Abordable,2026-03-06
10064,dinono___,397,Abordable,2026-03-06
10065,am0_____,397,Abordable,2026-03-06
10066,lr1ne,397,Abordable,2026-03-06
10067,Litex986,397,Abordable,2026-03-06
10068,olidemms4,397,Abordable,2026-03-06
10069,strawcypress,397,Abordable,2026-03-06
10070,tiffanimagique,397,Abordable,2026-03-06
10071,LineCo,396,Abordable,2026-03-06
10072,etijesus,396,Abordable,2026-03-06
10073,ELKAAA____,396,Abordable,2026-03-06
10074,ats_bgchacal,396,Abordable,2026-03-06
10075,Daagda_,396,Abordable,2026-03-06
10076,alexisgameurdu76,396,Abordable,2026-03-06
10077,idrisadn,395,Abordable,2026-03-06
10078,dreamiin911,395,Abordable,2026-03-06
10079,JUBATO,395,Abordable,2026-03-06
10080,Conanzuuu,394,Abordable,2026-03-06
10081,comep_,394,Abordable,2026-03-06
10082,Ptyo_,394,Abordable,2026-03-06
10083,louisonbzh,394,Abordable,2026-03-06
10084,ivanana76,394,Abordable,2026-03-06
10085,dracofeuille1,394,Abordable,2026-03-06
10086,tartopum95,393,Abordable,2026-03-06
10087,joxandro,393,Abordable,2026-03-06
10088,AlphaBr4vo85,393,Abordable,2026-03-06
10089,felin0u,393,Abordable,2026-03-06
10090,enroweb,392,Abordable,2026-03-06
10091,Kak0,392,Abordable,2026-03-06
10092,theosiv5199,392,Abordable,2026-03-06
10093,ly141963,392,Abordable,2026-03-06
10094,mozaaax,392,Abordable,2026-03-06
10095,wyppiii,392,Abordable,2026-03-06
10096,reouven13,392,Abordable,2026-03-06
10097,Charmillya,392,Abordable,2026-03-06
10098,yume_84,391,Abordable,2026-03-06
10099,boycal28,390,Abordable,2026-03-06
10100,ohkarimeuh,390,Abordable,2026-03-06
10101,sllink57,390,Abordable,2026-03-06
10102,captaingreenie,390,Abordable,2026-03-06
10103,CerealesLait,390,Abordable,2026-03-06
10104,yazoo__0,390,Abordable,2026-03-06
10105,aizeoutch,390,Abordable,2026-03-06
10106,tourdeliro1,390,Abordable,2026-03-06
10107,SaraMaths,390,Abordable,2026-03-06
10108,letoinou77,390,Abordable,2026-03-06
10109,Houivs,390,Abordable,2026-03-06
10110,hugo_nivert,390,Abordable,2026-03-06
10111,dodowytb,390,Abordable,2026-03-06
10112,mistermat00,390,Abordable,2026-03-06
10113,menardjc81,390,Abordable,2026-03-06
10114,Haxana,390,Abordable,2026-03-06
10115,nexL043,390,Abordable,2026-03-06
10116,odeee31,390,Abordable,2026-03-06
10117,kami_ami_ha,390,Abordable,2026-03-06
10118,miminemademoiselle,390,Abordable,2026-03-06
10119,furious_tnt,390,Abordable,2026-03-06
10120,lucas9741409,390,Abordable,2026-03-06
10121,DoogyDingo_,390,Abordable,2026-03-06
10122,rehcnifdivad,390,Abordable,2026-03-06
10123,sli0rotom,390,Abordable,2026-03-06
10124,natacha_p,390,Abordable,2026-03-06
10125,prioxys_,390,Abordable,2026-03-06
10126,tathan76,389,Abordable,2026-03-06
10127,charlie_calvie,389,Abordable,2026-03-06
10128,apocaelips,389,Abordable,2026-03-06
10129,Zecirby,389,Abordable,2026-03-06
10130,Rydersxd,389,Abordable,2026-03-06
10131,jthubagae,388,Abordable,2026-03-06
10132,victor95_,388,Abordable,2026-03-06
10133,Tirpse,388,Abordable,2026-03-06
10134,m8_titialix,388,Abordable,2026-03-06
10135,melanielyonnet,388,Abordable,2026-03-06
10136,aydenclarke0811,387,Abordable,2026-03-06
10137,lapinchatmoineau,387,Abordable,2026-03-06
10138,Jossepa_campos,387,Abordable,2026-03-06
10139,anWeP,387,Abordable,2026-03-06
10140,Rafcass,387,Abordable,2026-03-06
10141,lolahstn,387,Abordable,2026-03-06
10142,kenzaazaa,387,Abordable,2026-03-06
10143,jblepage,387,Abordable,2026-03-06
10144,bworkyyy,387,Abordable,2026-03-06
10145,Valnob,386,Abordable,2026-03-06
10146,marineperdrix,386,Abordable,2026-03-06
10147,3LC0_,386,Abordable,2026-03-06
10148,benito___o,386,Abordable,2026-03-06
10149,scalpar,386,Abordable,2026-03-06
10150,lapoulettenono,386,Abordable,2026-03-06
10151,laloupe64,386,Abordable,2026-03-06
10152,dsellin17,386,Abordable,2026-03-06
10153,Noctiis___,386,Abordable,2026-03-06
10154,johan_peyr,386,Abordable,2026-03-06
10155,nathanbilleau,385,Abordable,2026-03-06
10156,Klikx677,385,Abordable,2026-03-06
10157,HerissonSuperbe,384,Abordable,2026-03-06
10158,fluf_fly,384,Abordable,2026-03-06
10159,ZeBu621,384,Abordable,2026-03-06
10160,jeanne2809,384,Abordable,2026-03-06
10161,stylyrus_,384,Abordable,2026-03-06
10162,FitzStatic,384,Abordable,2026-03-06
10163,thisma_5,383,Abordable,2026-03-06
10164,go_gouine_or_go_home,383,Abordable,2026-03-06
10165,costa19000,383,Abordable,2026-03-06
10166,Raypez,383,Abordable,2026-03-06
10167,rachel_psv,383,Abordable,2026-03-06
10168,sunmoon10,383,Abordable,2026-03-06
10169,Exiz__,382,Abordable,2026-03-06
10170,ghassenbed,382,Abordable,2026-03-06
10171,mardinio7,382,Abordable,2026-03-06
10172,NOTBADAIMM,382,Abordable,2026-03-06
10173,Rirtem,382,Abordable,2026-03-06
10174,camilooo34,382,Abordable,2026-03-06
10175,Laariann,381,Abordable,2026-03-06
10176,sushi302,381,Abordable,2026-03-06
10177,alphabread__,381,Abordable,2026-03-06
10178,antoto69420,380,Abordable,2026-03-06
10179,nicolassankoran,380,Abordable,2026-03-06
10180,Soresss_,380,Abordable,2026-03-06
10181,Bachat_fr,379,Abordable,2026-03-06
10182,caro_line2758,379,Abordable,2026-03-06
10183,brewan51,379,Abordable,2026-03-06
10184,lisa_vrn,379,Abordable,2026-03-06
10185,4zi77,379,Abordable,2026-03-06
10186,ronflex,379,Abordable,2026-03-06
10187,MorganeDonkeyGurl,379,Abordable,2026-03-06
10188,Biobreaker,378,Abordable,2026-03-06
10189,Aliram69,378,Abordable,2026-03-06
10190,eloiselst,378,Abordable,2026-03-06
10191,lehandr_,378,Abordable,2026-03-06
10192,El_Camel,378,Abordable,2026-03-06
10193,enymel26,378,Abordable,2026-03-06
10194,manudum,378,Abordable,2026-03-06
10195,Velk_33,377,Abordable,2026-03-06
10196,jpte1,377,Abordable,2026-03-06
10197,Grobidous,377,Abordable,2026-03-06
10198,jeanne654,377,Abordable,2026-03-06
10199,NinjaCrazyDragon,377,Abordable,2026-03-06
10200,QuizyAntho,377,Abordable,2026-03-06
10201,cherrysouptv,377,Abordable,2026-03-06
10202,temari72_8,377,Abordable,2026-03-06
10203,BlackAvatRed,377,Abordable,2026-03-06
10204,MarieBambelle,376,Abordable,2026-03-06
10205,Sephtenen,376,Abordable,2026-03-06
10206,Nathhelix123,376,Abordable,2026-03-06
10207,cricri7240,376,Abordable,2026-03-06
10208,widpo_,376,Abordable,2026-03-06
10209,LEOOOLM,376,Abordable,2026-03-06
10210,whitejackz,376,Abordable,2026-03-06
10211,nico_b81,375,Abordable,2026-03-06
10212,rapidostrich527,375,Abordable,2026-03-06
10213,arobass_tv,375,Abordable,2026-03-06
10214,reykjavik6,375,Abordable,2026-03-06
10215,Winebre,374,Abordable,2026-03-06
10216,EnaxorgolD,374,Abordable,2026-03-06
10217,archangel_nubosi,374,Abordable,2026-03-06
10218,Vorgu_,374,Abordable,2026-03-06
10219,paperrgolf,374,Abordable,2026-03-06
10220,brune_lze,374,Abordable,2026-03-06
10221,lleanee__,374,Abordable,2026-03-06
10222,Papy_Georges,374,Abordable,2026-03-06
10223,Hyve_the_otter,374,Abordable,2026-03-06
10224,enzo_bodineau,373,Abordable,2026-03-06
10225,Magresss,373,Abordable,2026-03-06
10226,LAtelierDesCouleurs,373,Abordable,2026-03-06
10227,lauritalaborrachita,373,Abordable,2026-03-06
10228,rcoabi,373,Abordable,2026-03-06
10229,elinepeg,372,Abordable,2026-03-06
10230,misterfreeze218,372,Abordable,2026-03-06
10231,forzapowa,372,Abordable,2026-03-06
10232,yaku_s0ku,372,Abordable,2026-03-06
10233,lukartiste,371,Abordable,2026-03-06
10234,poligfaye,371,Abordable,2026-03-06
10235,Elixttt_,371,Abordable,2026-03-06
10236,Morholt_TTR,371,Abordable,2026-03-06
10237,pop200806,371,Abordable,2026-03-06
10238,manonaub123,371,Abordable,2026-03-06
10239,imfips,370,Abordable,2026-03-06
10240,ze_real_gigi_flamingo,370,Abordable,2026-03-06
10241,margauxmnto,370,Abordable,2026-03-06
10242,zywa_19,370,Abordable,2026-03-06
10243,ericetco,370,Abordable,2026-03-06
10244,annie_editions,370,Abordable,2026-03-06
10245,patou1733,370,Abordable,2026-03-06
10246,mrkiZis,369,Abordable,2026-03-06
10247,laloutre,369,Abordable,2026-03-06
10248,k0lge,369,Abordable,2026-03-06
10249,baba160160,369,Abordable,2026-03-06
10250,Gazby_01,368,Abordable,2026-03-06
10251,mokalyia,368,Abordable,2026-03-06
10252,le__gamerfou,368,Abordable,2026-03-06
10253,martinpeteul,368,Abordable,2026-03-06
10254,justin2vezin,367,Abordable,2026-03-06
10255,Titoubreizhh,367,Abordable,2026-03-06
10256,infinity17138,367,Abordable,2026-03-06
10257,GCRenan,367,Abordable,2026-03-06
10258,irahix,366,Abordable,2026-03-06
10259,vixitrr,366,Abordable,2026-03-06
10260,tibobobo_,366,Abordable,2026-03-06
10261,wal_t1ne,366,Abordable,2026-03-06
10262,Sakappus,366,Abordable,2026-03-06
10263,elaura_magnaldi,366,Abordable,2026-03-06
10264,rlugand68,366,Abordable,2026-03-06
10265,nnaloj67,366,Abordable,2026-03-06
10266,eskifco95,365,Abordable,2026-03-06
10267,Roulade1,365,Abordable,2026-03-06
10268,edouarlasalope,365,Abordable,2026-03-06
10269,jm_s2,365,Abordable,2026-03-06
10270,dachillinghost,365,Abordable,2026-03-06
10271,C_LE_YAN,365,Abordable,2026-03-06
10272,Malikussworld,365,Abordable,2026-03-06
10273,Kaikkennn,365,Abordable,2026-03-06
10274,LAdri78,365,Abordable,2026-03-06
10275,Sheryyl,365,Abordable,2026-03-06
10276,fauks_loutre_stagiaire,365,Abordable,2026-03-06
10277,Kiricracou,365,Abordable,2026-03-06
10278,renard_polaire,364,Abordable,2026-03-06
10279,jujupro,364,Abordable,2026-03-06
10280,Idaaka,364,Abordable,2026-03-06
10281,elraldor,364,Abordable,2026-03-06
10282,julietteschw,364,Abordable,2026-03-06
10283,Apraya,364,Abordable,2026-03-06
10284,shuusui67_,364,Abordable,2026-03-06
10285,ooceane26,363,Abordable,2026-03-06
10286,oceane_gna,363,Abordable,2026-03-06
10287,Laure_a,362,Abordable,2026-03-06
10288,harvid__,362,Abordable,2026-03-06
10289,Coorwinn,362,Abordable,2026-03-06
10290,indoleon,362,Abordable,2026-03-06
10291,cabpedd,362,Abordable,2026-03-06
10292,mlm974,362,Abordable,2026-03-06
10293,shkoooby,362,Abordable,2026-03-06
10294,ellymak,362,Abordable,2026-03-06
10295,b3stburg3r,362,Abordable,2026-03-06
10296,Zymar_Anthony,362,Abordable,2026-03-06
10297,vinceloo,362,Abordable,2026-03-06
10298,oui_oui_carabistouille,362,Abordable,2026-03-06
10299,celinegg,362,Abordable,2026-03-06
10300,kingursule,361,Abordable,2026-03-06
10301,zoebred,361,Abordable,2026-03-06
10302,apommier02,361,Abordable,2026-03-06
10303,black__5hadow,361,Abordable,2026-03-06
10304,VI_underscore,361,Abordable,2026-03-06
10305,zigotoooo,361,Abordable,2026-03-06
10306,BsamohT_228,360,Abordable,2026-03-06
10307,ilgrele34,360,Abordable,2026-03-06
10308,Vulpes050,360,Abordable,2026-03-06
10309,hpMarin_,360,Abordable,2026-03-06
10310,johanneplsi,360,Abordable,2026-03-06
10311,valentinnnn2604,360,Abordable,2026-03-06
10312,Arhievilo,360,Abordable,2026-03-06
10313,sauce_soja43,360,Abordable,2026-03-06
10314,floangais,360,Abordable,2026-03-06
10315,babaroii,360,Abordable,2026-03-06
10316,lucasmahler67,360,Abordable,2026-03-06
10317,pijothepijako,360,Abordable,2026-03-06
10318,ujjbalaa,360,Abordable,2026-03-06
10319,mathbartes2,360,Abordable,2026-03-06
10320,eden_le_beluga,360,Abordable,2026-03-06
10321,sunny44__,360,Abordable,2026-03-06
10322,ltreizem,360,Abordable,2026-03-06
10323,anaelle_turc,360,Abordable,2026-03-06
10324,jade__ackerman,360,Abordable,2026-03-06
10325,SteeveRiri,360,Abordable,2026-03-06
10326,kureji35,360,Abordable,2026-03-06
10327,dhh17,360,Abordable,2026-03-06
10328,svevaxxxxx,359,Abordable,2026-03-06
10329,Martin_dans_la_lune,359,Abordable,2026-03-06
10330,Flo_Demo,359,Abordable,2026-03-06
10331,yoyodaha,358,Abordable,2026-03-06
10332,tell_i_am,358,Abordable,2026-03-06
10333,romanedbs66,358,Abordable,2026-03-06
10334,Loann05,358,Abordable,2026-03-06
10335,archie_maide,358,Abordable,2026-03-06
10336,Hugo2378,358,Abordable,2026-03-06
10337,alexgobi,358,Abordable,2026-03-06
10338,nilar__,358,Abordable,2026-03-06
10339,etbsilversoul,358,Abordable,2026-03-06
10340,linsseh,357,Abordable,2026-03-06
10341,Josc1587,357,Abordable,2026-03-06
10342,nystha,357,Abordable,2026-03-06
10343,ROI_MILLENAIRE,357,Abordable,2026-03-06
10344,moulingue,357,Abordable,2026-03-06
10345,exas77,357,Abordable,2026-03-06
10346,Aiguerem,357,Abordable,2026-03-06
10347,pulsarino4,357,Abordable,2026-03-06
10348,laet__38,357,Abordable,2026-03-06
10349,elgatin0,357,Abordable,2026-03-06
10350,te_kus,357,Abordable,2026-03-06
10351,PoussiereBowisse,356,Abordable,2026-03-06
10352,xaloux_76,356,Abordable,2026-03-06
10353,leaaa_vck,356,Abordable,2026-03-06
10354,dirty_tang,356,Abordable,2026-03-06
10355,remmmsir,356,Abordable,2026-03-06
10356,bastooslive,356,Abordable,2026-03-06
10357,chocodu42,356,Abordable,2026-03-06
10358,d4nn0g,355,Abordable,2026-03-06
10359,Tiopins,355,Abordable,2026-03-06
10360,BenyX8,355,Abordable,2026-03-06
10361,elsalf,354,Abordable,2026-03-06
10362,mhaax_,354,Abordable,2026-03-06
10363,Zigolul,354,Abordable,2026-03-06
10364,xAkeRoN,354,Abordable,2026-03-06
10365,salomesauz,354,Abordable,2026-03-06
10366,matthysmng,354,Abordable,2026-03-06
10367,rycil,354,Abordable,2026-03-06
10368,hugo_camille,354,Abordable,2026-03-06
10369,guiiiks,353,Abordable,2026-03-06
10370,Aperiix_,353,Abordable,2026-03-06
10371,sylvie_c15,353,Abordable,2026-03-06
10372,wati_teo,353,Abordable,2026-03-06
10373,Red4nter,353,Abordable,2026-03-06
10374,winzy01,353,Abordable,2026-03-06
10375,emillink64,353,Abordable,2026-03-06
10376,inesn34,353,Abordable,2026-03-06
10377,gobouxx,353,Abordable,2026-03-06
10378,evenlerageux,352,Abordable,2026-03-06
10379,inesgold3,352,Abordable,2026-03-06
10380,Shihiroka,352,Abordable,2026-03-06
10381,TheWoopyCOD,352,Abordable,2026-03-06
10382,MasseWindow,352,Abordable,2026-03-06
10383,myriamissimee,352,Abordable,2026-03-06
10384,Bapptistee,352,Abordable,2026-03-06
10385,Allineaa,352,Abordable,2026-03-06
10386,Im_Veads,352,Abordable,2026-03-06
10387,MrJoy27,352,Abordable,2026-03-06
10388,Baxray_,351,Abordable,2026-03-06
10389,c_lia02,351,Abordable,2026-03-06
10390,RhayZenG0D,351,Abordable,2026-03-06
10391,zoe25050,351,Abordable,2026-03-06
10392,ladypanda8415,351,Abordable,2026-03-06
10393,taiseshai,351,Abordable,2026-03-06
10394,magdala_29,351,Abordable,2026-03-06
10395,Thorios2308,351,Abordable,2026-03-06
10396,Rodemic,351,Abordable,2026-03-06
10397,clementboute,351,Abordable,2026-03-06
10398,g0bol,350,Abordable,2026-03-06
10399,0262228841,350,Abordable,2026-03-06
10400,mllestarling,350,Abordable,2026-03-06
10401,pat_tak,350,Abordable,2026-03-06
10402,Cosmoloser_,350,Abordable,2026-03-06
10403,moiintello,350,Abordable,2026-03-06
10404,miakhalifoutr,350,Abordable,2026-03-06
10405,chipo_mtg,350,Abordable,2026-03-06
10406,intram30160,350,Abordable,2026-03-06
10407,martin_pr_,350,Abordable,2026-03-06
10408,Ziell_0,350,Abordable,2026-03-06
10409,gallimoon_,349,Abordable,2026-03-06
10410,Big0udi,349,Abordable,2026-03-06
10411,serwolv,349,Abordable,2026-03-06
10412,Lyloutre61,349,Abordable,2026-03-06
10413,mr_jules_s,349,Abordable,2026-03-06
10414,viczai49,348,Abordable,2026-03-06
10415,Mel0do,348,Abordable,2026-03-06
10416,ChoucrouteAuSel,348,Abordable,2026-03-06
10417,blandinedg,348,Abordable,2026-03-06
10418,Ikascouille,348,Abordable,2026-03-06
10419,GabrielLeGrandiose,347,Abordable,2026-03-06
10420,benit00,347,Abordable,2026-03-06
10421,ninooooxx,347,Abordable,2026-03-06
10422,zaba49_,347,Abordable,2026-03-06
10423,Simonstrueu,347,Abordable,2026-03-06
10424,WWWeynon,347,Abordable,2026-03-06
10425,SevenLi87,347,Abordable,2026-03-06
10426,LamiralBastos,347,Abordable,2026-03-06
10427,wislay_,346,Abordable,2026-03-06
10428,caudronmagique,345,Abordable,2026-03-06
10429,guitaow,345,Abordable,2026-03-06
10430,SickjEh,345,Abordable,2026-03-06
10431,heimest,345,Abordable,2026-03-06
10432,YOUTUBEAlexu,345,Abordable,2026-03-06
10433,dmarieem,345,Abordable,2026-03-06
10434,nainguin66690,345,Abordable,2026-03-06
10435,lucasskoui,344,Abordable,2026-03-06
10436,sachouninou,344,Abordable,2026-03-06
10437,Pearlbirds,344,Abordable,2026-03-06
10438,ezekhyl,344,Abordable,2026-03-06
10439,marielou_trh,344,Abordable,2026-03-06
10440,chris072025,344,Abordable,2026-03-06
10441,CFC_Glycerol,344,Abordable,2026-03-06
10442,foxy2305,344,Abordable,2026-03-06
10443,srahmnn,343,Abordable,2026-03-06
10444,cha_choco,343,Abordable,2026-03-06
10445,Trayton_Jr,343,Abordable,2026-03-06
10446,vashkirry,343,Abordable,2026-03-06
10447,Zinniaa_,343,Abordable,2026-03-06
10448,Vavi10,343,Abordable,2026-03-06
10449,thomaste75,343,Abordable,2026-03-06
10450,monid_tw,343,Abordable,2026-03-06
10451,lathan49,343,Abordable,2026-03-06
10452,teulesss,343,Abordable,2026-03-06
10453,OuafOrange,343,Abordable,2026-03-06
10454,milouboy,343,Abordable,2026-03-06
10455,wsissi,343,Abordable,2026-03-06
10456,papiwie,343,Abordable,2026-03-06
10457,Binbaski,343,Abordable,2026-03-06
10458,skanpyy,343,Abordable,2026-03-06
10459,pisen7,342,Abordable,2026-03-06
10460,manofgoldss,342,Abordable,2026-03-06
10461,TheMagYaaR,342,Abordable,2026-03-06
10462,paulinefwi,342,Abordable,2026-03-06
10463,sidoow,342,Abordable,2026-03-06
10464,JSQ_NoixDeCoco,342,Abordable,2026-03-06
10465,galadanamabasa,342,Abordable,2026-03-06
10466,marionettepv,342,Abordable,2026-03-06
10467,lucasdu_81,342,Abordable,2026-03-06
10468,Alseyth,342,Abordable,2026-03-06
10469,axalink38,342,Abordable,2026-03-06
10470,tim89756,342,Abordable,2026-03-06
10471,tangtang_27,342,Abordable,2026-03-06
10472,hekiro64,342,Abordable,2026-03-06
10473,MontiMotion,342,Abordable,2026-03-06
10474,discoshinynuts,341,Abordable,2026-03-06
10475,chenilleboy,341,Abordable,2026-03-06
10476,camlibero,341,Abordable,2026-03-06
10477,Sorceleuse,341,Abordable,2026-03-06
10478,asmaroah,341,Abordable,2026-03-06
10479,BladenDX,341,Abordable,2026-03-06
10480,ImBatou90,341,Abordable,2026-03-06
10481,dngjef,340,Abordable,2026-03-06
10482,mathslink,340,Abordable,2026-03-06
10483,DodoReigns,340,Abordable,2026-03-06
10484,el_nono_1,340,Abordable,2026-03-06
10485,sw4gfx,340,Abordable,2026-03-06
10486,xotimax_rt,340,Abordable,2026-03-06
10487,Gecxio,340,Abordable,2026-03-06
10488,D_d_K,340,Abordable,2026-03-06
10489,Ankrre,340,Abordable,2026-03-06
10490,Hvgzz,340,Abordable,2026-03-06
10491,alaiksi6,340,Abordable,2026-03-06
10492,anarkyyyyyyyyy,340,Abordable,2026-03-06
10493,alphonse_danlta,340,Abordable,2026-03-06
10494,93diabete,340,Abordable,2026-03-06
10495,xLigi,340,Abordable,2026-03-06
10496,portuguayy,340,Abordable,2026-03-06
10497,mrfanch1,340,Abordable,2026-03-06
10498,ciboo31,340,Abordable,2026-03-06
10499,michel49isa56,339,Abordable,2026-03-06
10500,ginny42,339,Abordable,2026-03-06
10501,ashell21,339,Abordable,2026-03-06
10502,remi10des,339,Abordable,2026-03-06
10503,bouribou,339,Abordable,2026-03-06
10504,mariah_bft,339,Abordable,2026-03-06
10505,nanoprice,338,Abordable,2026-03-06
10506,srixon22,338,Abordable,2026-03-06
10507,EkstozetLoukas,338,Abordable,2026-03-06
10508,uLeana4,338,Abordable,2026-03-06
10509,gandorley,338,Abordable,2026-03-06
10510,waiii_31,338,Abordable,2026-03-06
10511,lowyiiie,338,Abordable,2026-03-06
10512,louison_73,338,Abordable,2026-03-06
10513,LECARRELAGEDUMARRIAGE,338,Abordable,2026-03-06
10514,enzoaxel71,338,Abordable,2026-03-06
10515,BrazKill,338,Abordable,2026-03-06
10516,veto_en_herbe,337,Abordable,2026-03-06
10517,fenweex,337,Abordable,2026-03-06
10518,RobinniRob,337,Abordable,2026-03-06
10519,tetsuukie,337,Abordable,2026-03-06
10520,clem_commentary,337,Abordable,2026-03-06
10521,gapitou337,337,Abordable,2026-03-06
10522,Treggar_,337,Abordable,2026-03-06
10523,laetikiki98,337,Abordable,2026-03-06
10524,RamyeonMeori,337,Abordable,2026-03-06
10525,ZoZoZo51,337,Abordable,2026-03-06
10526,erlost347,337,Abordable,2026-03-06
10527,charles_glm,337,Abordable,2026-03-06
10528,0xChamberlain,337,Abordable,2026-03-06
10529,cl3mantino,336,Abordable,2026-03-06
10530,dArgencourt,336,Abordable,2026-03-06
10531,titi5x,336,Abordable,2026-03-06
10532,yette5,336,Abordable,2026-03-06
10533,Wizard7x9,336,Abordable,2026-03-06
10534,roi_de_la_redstone,336,Abordable,2026-03-06
10535,ruben_mgls,336,Abordable,2026-03-06
10536,jujudpommm,336,Abordable,2026-03-06
10537,Lycla_,335,Abordable,2026-03-06
10538,grizzure,335,Abordable,2026-03-06
10539,L_unique_Moustique,335,Abordable,2026-03-06
10540,portesfaciles,335,Abordable,2026-03-06
10541,lance_flammes,335,Abordable,2026-03-06
10542,jophne,335,Abordable,2026-03-06
10543,kiritotlematin,335,Abordable,2026-03-06
10544,soroniii,335,Abordable,2026-03-06
10545,safoog_,334,Abordable,2026-03-06
10546,theomortuus,334,Abordable,2026-03-06
10547,Oserpento78,334,Abordable,2026-03-06
10548,eliott0617,334,Abordable,2026-03-06
10549,barbor21,334,Abordable,2026-03-06
10550,unsaltyyy,334,Abordable,2026-03-06
10551,altaiir2,334,Abordable,2026-03-06
10552,jakolol,334,Abordable,2026-03-06
10553,hugo_fast,334,Abordable,2026-03-06
10554,blackmorti,333,Abordable,2026-03-06
10555,Yoake05,333,Abordable,2026-03-06
10556,Yoeek,333,Abordable,2026-03-06
10557,twister58so,333,Abordable,2026-03-06
10558,Enemaru,333,Abordable,2026-03-06
10559,lucaselafuentee,333,Abordable,2026-03-06
10560,clobouleau,332,Abordable,2026-03-06
10561,davidpaps59510,332,Abordable,2026-03-06
10562,Victoire2809,332,Abordable,2026-03-06
10563,Ozakarr,332,Abordable,2026-03-06
10564,Tellableeh,332,Abordable,2026-03-06
10565,lowann,332,Abordable,2026-03-06
10566,GrandMereYetta,331,Abordable,2026-03-06
10567,othman7896,331,Abordable,2026-03-06
10568,shinjuroo,331,Abordable,2026-03-06
10569,Fraine_,331,Abordable,2026-03-06
10570,syllo3,331,Abordable,2026-03-06
10571,sennes_,331,Abordable,2026-03-06
10572,eledeux,331,Abordable,2026-03-06
10573,pilatche,331,Abordable,2026-03-06
10574,lolaaj25,331,Abordable,2026-03-06
10575,amelie1289,331,Abordable,2026-03-06
10576,raydup601,331,Abordable,2026-03-06
10577,noctiluq,331,Abordable,2026-03-06
10578,kw_enzo26,331,Abordable,2026-03-06
10579,tuturbitace123,330,Abordable,2026-03-06
10580,kvmelia,330,Abordable,2026-03-06
10581,gigigilou,330,Abordable,2026-03-06
10582,raphael_p1,330,Abordable,2026-03-06
10583,Bakyste,330,Abordable,2026-03-06
10584,TheXfra,330,Abordable,2026-03-06
10585,deutschlandofficiel,330,Abordable,2026-03-06
10586,juugraam,330,Abordable,2026-03-06
10587,domemage,330,Abordable,2026-03-06
10588,roberto_dubinks,330,Abordable,2026-03-06
10589,theotuxx,330,Abordable,2026-03-06
10590,ojiboyy,330,Abordable,2026-03-06
10591,waknoboss,330,Abordable,2026-03-06
10592,yayoune,330,Abordable,2026-03-06
10593,morigangg,330,Abordable,2026-03-06
10594,aylin_rodrigues,330,Abordable,2026-03-06
10595,calypso91070,330,Abordable,2026-03-06
10596,Shuiin,330,Abordable,2026-03-06
10597,Girameoo,330,Abordable,2026-03-06
10598,ElevenTheo,330,Abordable,2026-03-06
10599,achille_2008,330,Abordable,2026-03-06
10600,GuntarJr,330,Abordable,2026-03-06
10601,fujitora39,330,Abordable,2026-03-06
10602,Podv_46,330,Abordable,2026-03-06
10603,Jeidotoko,330,Abordable,2026-03-06
10604,brasqun,330,Abordable,2026-03-06
10605,leodu95,330,Abordable,2026-03-06
10606,croustybapt44,330,Abordable,2026-03-06
10607,debiboop7891,330,Abordable,2026-03-06
10608,d1nzz,330,Abordable,2026-03-06
10609,Ferendall,330,Abordable,2026-03-06
10610,banborg_,329,Abordable,2026-03-06
10611,Wartran,329,Abordable,2026-03-06
10612,capybarafarouche,329,Abordable,2026-03-06
10613,Fengeld,329,Abordable,2026-03-06
10614,zo_02,328,Abordable,2026-03-06
10615,vovox23,328,Abordable,2026-03-06
10616,juliecsd1359,328,Abordable,2026-03-06
10617,hibe1,328,Abordable,2026-03-06
10618,Eijioklm,328,Abordable,2026-03-06
10619,fullmetalbaguett,328,Abordable,2026-03-06
10620,gunmar06,328,Abordable,2026-03-06
10621,mayeutt_,328,Abordable,2026-03-06
10622,tiago_mg27,328,Abordable,2026-03-06
10623,revani94,327,Abordable,2026-03-06
10624,mygale,327,Abordable,2026-03-06
10625,epsylon_m_a_,327,Abordable,2026-03-06
10626,gaspprogamming,327,Abordable,2026-03-06
10627,lorena_lgsaaa,327,Abordable,2026-03-06
10628,tarhky,327,Abordable,2026-03-06
10629,Nexozz___,326,Abordable,2026-03-06
10630,roronoa_127,326,Abordable,2026-03-06
10631,BrianPinow,326,Abordable,2026-03-06
10632,cloclooo40,326,Abordable,2026-03-06
10633,TomySensei_,326,Abordable,2026-03-06
10634,soristelle22,326,Abordable,2026-03-06
10635,clementpy22,326,Abordable,2026-03-06
10636,M3erkat,326,Abordable,2026-03-06
10637,sarahtech02,325,Abordable,2026-03-06
10638,danlac5,325,Abordable,2026-03-06
10639,itoli2,325,Abordable,2026-03-06
10640,gablevoyou,325,Abordable,2026-03-06
10641,Madako_P2000,325,Abordable,2026-03-06
10642,Tyflio,325,Abordable,2026-03-06
10643,kahiruka92,325,Abordable,2026-03-06
10644,Hyunan,325,Abordable,2026-03-06
10645,Zatolip,325,Abordable,2026-03-06
10646,emmaagnr,325,Abordable,2026-03-06
10647,Lame_Adam,324,Abordable,2026-03-06
10648,BouK_,324,Abordable,2026-03-06
10649,GhiraHerr,324,Abordable,2026-03-06
10650,claiirou,324,Abordable,2026-03-06
10651,leopiher,324,Abordable,2026-03-06
10652,arkhang,324,Abordable,2026-03-06
10653,ophe56,324,Abordable,2026-03-06
10654,mat_lth_,324,Abordable,2026-03-06
10655,moignoncrochu,324,Abordable,2026-03-06
10656,lululle91,323,Abordable,2026-03-06
10657,tag__ada,323,Abordable,2026-03-06
10658,grimalkin2811,323,Abordable,2026-03-06
10659,BambouSL,323,Abordable,2026-03-06
10660,zeytrox85,323,Abordable,2026-03-06
10661,whistle865,322,Abordable,2026-03-06
10662,Impooo,322,Abordable,2026-03-06
10663,Trobyss,322,Abordable,2026-03-06
10664,heptarone,322,Abordable,2026-03-06
10665,krem_brule3110,322,Abordable,2026-03-06
10666,DarkDiablo,322,Abordable,2026-03-06
10667,ElCookito,322,Abordable,2026-03-06
10668,djodge,322,Abordable,2026-03-06
10669,ylanntrublet,322,Abordable,2026-03-06
10670,Amyante,322,Abordable,2026-03-06
10671,diorekt,322,Abordable,2026-03-06
10672,cleme64,322,Abordable,2026-03-06
10673,corazonawn,322,Abordable,2026-03-06
10674,Utalbor,322,Abordable,2026-03-06
10675,maffy_alves,322,Abordable,2026-03-06
10676,Titou1600,321,Abordable,2026-03-06
10677,lau_drmnt,321,Abordable,2026-03-06
10678,simonasc1,321,Abordable,2026-03-06
10679,cassandreeee7,321,Abordable,2026-03-06
10680,michuhappy,321,Abordable,2026-03-06
10681,dayzstorm63,321,Abordable,2026-03-06
10682,purplewordle,321,Abordable,2026-03-06
10683,shild97,321,Abordable,2026-03-06
10684,francium18,321,Abordable,2026-03-06
10685,maumal013,321,Abordable,2026-03-06
10686,sunny_mel_,321,Abordable,2026-03-06
10687,leadudu123,320,Abordable,2026-03-06
10688,Negarose,320,Abordable,2026-03-06
10689,Frasierjones,320,Abordable,2026-03-06
10690,minatomique,320,Abordable,2026-03-06
10691,alienor2803,320,Abordable,2026-03-06
10692,kvitravn_3,320,Abordable,2026-03-06
10693,maxouuuw_,320,Abordable,2026-03-06
10694,Remsll,320,Abordable,2026-03-06
10695,petitpotdyaourt2,319,Abordable,2026-03-06
10696,connexionacadienne1,319,Abordable,2026-03-06
10697,MissHandball,319,Abordable,2026-03-06
10698,zozo_aratus,319,Abordable,2026-03-06
10699,KC_hanji,319,Abordable,2026-03-06
10700,homard54,319,Abordable,2026-03-06
10701,Valentia_Scytia,319,Abordable,2026-03-06
10702,kefranc,319,Abordable,2026-03-06
10703,MAFOI,318,Abordable,2026-03-06
10704,skun_0,318,Abordable,2026-03-06
10705,Theo_Riginal_,318,Abordable,2026-03-06
10706,lisenn_,318,Abordable,2026-03-06
10707,henoon_jr,318,Abordable,2026-03-06
10708,Suffuu,318,Abordable,2026-03-06
10709,pastradan,318,Abordable,2026-03-06
10710,Losa49,318,Abordable,2026-03-06
10711,toadsuper,318,Abordable,2026-03-06
10712,dydy97d,318,Abordable,2026-03-06
10713,ml_allumette,318,Abordable,2026-03-06
10714,icreyma,318,Abordable,2026-03-06
10715,relqx_,318,Abordable,2026-03-06
10716,vince47150,317,Abordable,2026-03-06
10717,laurinefrz,317,Abordable,2026-03-06
10718,SkillsMTG,317,Abordable,2026-03-06
10719,Cedstorm,317,Abordable,2026-03-06
10720,UiCMoii,317,Abordable,2026-03-06
10721,05nans,317,Abordable,2026-03-06
10722,valrdn,317,Abordable,2026-03-06
10723,Kujosaki,317,Abordable,2026-03-06
10724,clairevtff,317,Abordable,2026-03-06
10725,lah4ch,317,Abordable,2026-03-06
10726,SAN3I,317,Abordable,2026-03-06
10727,meyvTV,317,Abordable,2026-03-06
10728,suigetsu631,317,Abordable,2026-03-06
10729,KroMiniX_,317,Abordable,2026-03-06
10730,armelbaucis,317,Abordable,2026-03-06
10731,la_romb,317,Abordable,2026-03-06
10732,bandhoegle,317,Abordable,2026-03-06
10733,Mikilra,317,Abordable,2026-03-06
10734,Lauracle6,316,Abordable,2026-03-06
10735,monkeydjude_,316,Abordable,2026-03-06
10736,xprtndr,316,Abordable,2026-03-06
10737,CasingNougat,316,Abordable,2026-03-06
10738,fclmm28,316,Abordable,2026-03-06
10739,M8_Ines,316,Abordable,2026-03-06
10740,alpharomeo_911,315,Abordable,2026-03-06
10741,sabri_asb,315,Abordable,2026-03-06
10742,ben35133,315,Abordable,2026-03-06
10743,Miquelete21,315,Abordable,2026-03-06
10744,gwennaellef,315,Abordable,2026-03-06
10745,lepetichat0,315,Abordable,2026-03-06
10746,FaIoupe,315,Abordable,2026-03-06
10747,vianneydssx_,315,Abordable,2026-03-06
10748,tuzinholito,315,Abordable,2026-03-06
10749,migmax_l,315,Abordable,2026-03-06
10750,Studios97,315,Abordable,2026-03-06
10751,gangfiank,315,Abordable,2026-03-06
10752,lecanarlaque,315,Abordable,2026-03-06
10753,SoftThird,315,Abordable,2026-03-06
10754,julescaesar1499,315,Abordable,2026-03-06
10755,nanette6868,314,Abordable,2026-03-06
10756,kwartemp,314,Abordable,2026-03-06
10757,lil_mouk,314,Abordable,2026-03-06
10758,ImKumaZ_,314,Abordable,2026-03-06
10759,Kiro_f0x,314,Abordable,2026-03-06
10760,valy_grg,314,Abordable,2026-03-06
10761,Nassim_Azzi,314,Abordable,2026-03-06
10762,Clemands,314,Abordable,2026-03-06
10763,AEG_taborl1n,314,Abordable,2026-03-06
10764,jordan_z7,314,Abordable,2026-03-06
10765,Avigdor_,313,Abordable,2026-03-06
10766,vsr_lisa,313,Abordable,2026-03-06
10767,NacaratTV,313,Abordable,2026-03-06
10768,KhushasMusic,313,Abordable,2026-03-06
10769,Garyd0_,313,Abordable,2026-03-06
10770,lc2682,313,Abordable,2026-03-06
10771,Saumix,313,Abordable,2026-03-06
10772,Ironha_,313,Abordable,2026-03-06
10773,tchoumbala,313,Abordable,2026-03-06
10774,aurelienBZH,313,Abordable,2026-03-06
10775,galidilou,313,Abordable,2026-03-06
10776,NitRobZ,313,Abordable,2026-03-06
10777,aymicou,313,Abordable,2026-03-06
10778,dhoulito,313,Abordable,2026-03-06
10779,chiaracamus,313,Abordable,2026-03-06
10780,Xixibo01,313,Abordable,2026-03-06
10781,breaks2p,313,Abordable,2026-03-06
10782,Artadin,313,Abordable,2026-03-06
10783,m4th240,313,Abordable,2026-03-06
10784,hugame33,313,Abordable,2026-03-06
10785,Kelkinbaicil,313,Abordable,2026-03-06
10786,paulinep18,313,Abordable,2026-03-06
10787,ludo1328,313,Abordable,2026-03-06
10788,SiliaValentine,313,Abordable,2026-03-06
10789,souillon1,313,Abordable,2026-03-06
10790,benjamin_mzrd,313,Abordable,2026-03-06
10791,Aza_Naru,313,Abordable,2026-03-06
10792,F3nrir_2,312,Abordable,2026-03-06
10793,4angel4_,312,Abordable,2026-03-06
10794,TaylordKovacs,312,Abordable,2026-03-06
10795,MsWallace24,312,Abordable,2026-03-06
10796,quentinbeau,312,Abordable,2026-03-06
10797,Fl0rekk,312,Abordable,2026-03-06
10798,ettagere,312,Abordable,2026-03-06
10799,mysticonic_,312,Abordable,2026-03-06
10800,sayan17274,312,Abordable,2026-03-06
10801,Flurze,312,Abordable,2026-03-06
10802,enryu_5,312,Abordable,2026-03-06
10803,andrealekapla,312,Abordable,2026-03-06
10804,2005_nathan,312,Abordable,2026-03-06
10805,Crocfer_,312,Abordable,2026-03-06
10806,Bonnebanane,312,Abordable,2026-03-06
10807,alex5992,311,Abordable,2026-03-06
10808,Seederant,311,Abordable,2026-03-06
10809,nahil3321,311,Abordable,2026-03-06
10810,Mlle_Daphne,311,Abordable,2026-03-06
10811,guizmdr,311,Abordable,2026-03-06
10812,Nefka_,311,Abordable,2026-03-06
10813,alexparverie,311,Abordable,2026-03-06
10814,faabinoux,311,Abordable,2026-03-06
10815,ethankok,311,Abordable,2026-03-06
10816,ravioli441,310,Abordable,2026-03-06
10817,MashyPilgrim,310,Abordable,2026-03-06
10818,nonomimininou,310,Abordable,2026-03-06
10819,naerys___,310,Abordable,2026-03-06
10820,igorusbonitus,310,Abordable,2026-03-06
10821,yonita128,310,Abordable,2026-03-06
10822,DocValknut,310,Abordable,2026-03-06
10823,Samuelbella,310,Abordable,2026-03-06
10824,mako_twitch_,310,Abordable,2026-03-06
10825,itzvaike,309,Abordable,2026-03-06
10826,ammoumaaaa,309,Abordable,2026-03-06
10827,Zikouye,309,Abordable,2026-03-06
10828,Adidino,309,Abordable,2026-03-06
10829,milkaam,309,Abordable,2026-03-06
10830,clement_634749,309,Abordable,2026-03-06
10831,keamy__,309,Abordable,2026-03-06
10832,mariolle1,309,Abordable,2026-03-06
10833,heloc__,309,Abordable,2026-03-06
10834,buisssonmagiiiique,308,Abordable,2026-03-06
10835,alvooor,308,Abordable,2026-03-06
10836,hacmen76,308,Abordable,2026-03-06
10837,ingenuity91,308,Abordable,2026-03-06
10838,bk499_,308,Abordable,2026-03-06
10839,morganezimm,308,Abordable,2026-03-06
10840,KingInTheLadder,308,Abordable,2026-03-06
10841,jeromegzk,308,Abordable,2026-03-06
10842,kowzak,308,Abordable,2026-03-06
10843,louisohh,308,Abordable,2026-03-06
10844,Risotto_Fr,307,Abordable,2026-03-06
10845,wanap2306,307,Abordable,2026-03-06
10846,SpinMeR0und,307,Abordable,2026-03-06
10847,TomazinhoG,307,Abordable,2026-03-06
10848,maxime_sarrail,307,Abordable,2026-03-06
10849,Muscaaa_,307,Abordable,2026-03-06
10850,yu22k,307,Abordable,2026-03-06
10851,math_816,307,Abordable,2026-03-06
10852,elleuhde,306,Abordable,2026-03-06
10853,waelette_,306,Abordable,2026-03-06
10854,Maksou_cs,306,Abordable,2026-03-06
10855,F1R_Alonso,306,Abordable,2026-03-06
10856,quevui,306,Abordable,2026-03-06
10857,ppascale2a,306,Abordable,2026-03-06
10858,olivierr67,306,Abordable,2026-03-06
10859,Themrzz,306,Abordable,2026-03-06
10860,lypoxygenases,306,Abordable,2026-03-06
10861,baptisteleplusfort,306,Abordable,2026-03-06
10862,oranette,306,Abordable,2026-03-06
10863,camille_skh,306,Abordable,2026-03-06
10864,floraa_7_6,306,Abordable,2026-03-06
10865,MiMiZouM,306,Abordable,2026-03-06
10866,Etaxoile,305,Abordable,2026-03-06
10867,carton_mk,305,Abordable,2026-03-06
10868,brownieananas,305,Abordable,2026-03-06
10869,kaiihuaii,305,Abordable,2026-03-06
10870,Montois97,305,Abordable,2026-03-06
10871,emeline1936,305,Abordable,2026-03-06
10872,math0ra,305,Abordable,2026-03-06
10873,Nauth3r_nioMe,305,Abordable,2026-03-06
10874,Bravael_,305,Abordable,2026-03-06
10875,Clemalb_,305,Abordable,2026-03-06
10876,kuadraxis,305,Abordable,2026-03-06
10877,Julibambam,304,Abordable,2026-03-06
10878,Straff__,304,Abordable,2026-03-06
10879,lou_cndt,304,Abordable,2026-03-06
10880,rachond74,304,Abordable,2026-03-06
10881,thomate1406,304,Abordable,2026-03-06
10882,seyy26_,304,Abordable,2026-03-06
10883,Gregofrigo,304,Abordable,2026-03-06
10884,m4l07ru,303,Abordable,2026-03-06
10885,CocoWave,303,Abordable,2026-03-06
10886,spinzz,303,Abordable,2026-03-06
10887,voluna_,303,Abordable,2026-03-06
10888,mathvall,303,Abordable,2026-03-06
10889,raph7,303,Abordable,2026-03-06
10890,gdelataillade,303,Abordable,2026-03-06
10891,druimzeus,303,Abordable,2026-03-06
10892,martin_drme,303,Abordable,2026-03-06
10893,leblizzard6,303,Abordable,2026-03-06
10894,Ugueaux,302,Abordable,2026-03-06
10895,n0ny_legoat,302,Abordable,2026-03-06
10896,rorosp1,302,Abordable,2026-03-06
10897,Pe1i1_Prince,302,Abordable,2026-03-06
10898,gabio76,302,Abordable,2026-03-06
10899,MoJjoe,302,Abordable,2026-03-06
10900,WitherFlower42,302,Abordable,2026-03-06
10901,Biwix___,302,Abordable,2026-03-06
10902,mguinard,302,Abordable,2026-03-06
10903,ldelange,302,Abordable,2026-03-06
10904,the_amazingflow,302,Abordable,2026-03-06
10905,ch4dny,302,Abordable,2026-03-06
10906,TR1ZAA,302,Abordable,2026-03-06
10907,jadoulabest00,302,Abordable,2026-03-06
10908,babaskt26,302,Abordable,2026-03-06
10909,Sygrinn,301,Abordable,2026-03-06
10910,Oxydam,301,Abordable,2026-03-06
10911,Le_Fou_Benji,301,Abordable,2026-03-06
10912,gasp71,301,Abordable,2026-03-06
10913,martruffe,301,Abordable,2026-03-06
10914,ozen_underscore,301,Abordable,2026-03-06
10915,hugobg40,301,Abordable,2026-03-06
10916,noe33lrch,301,Abordable,2026-03-06
10917,stargrlll88,301,Abordable,2026-03-06
10918,CoodeoTV,301,Abordable,2026-03-06
10919,Genoso,301,Abordable,2026-03-06
10920,Zyroack,300,Abordable,2026-03-06
10921,cactusazer,300,Abordable,2026-03-06
10922,maliemca,300,Abordable,2026-03-06
10923,Ledeo_Aboule,300,Abordable,2026-03-06
10924,guntay_,300,Abordable,2026-03-06
10925,cryophenixfr,300,Abordable,2026-03-06
10926,jojokawaiii,300,Abordable,2026-03-06
10927,lagazelledujoe,300,Abordable,2026-03-06
10928,vivi_bev,300,Abordable,2026-03-06
10929,d5r5,300,Abordable,2026-03-06
10930,onirique__,300,Abordable,2026-03-06
10931,xCuttyFLAM,300,Abordable,2026-03-06
10932,Adhok,300,Abordable,2026-03-06
10933,Lekarnah,300,Abordable,2026-03-06
10934,Choca_pique,300,Abordable,2026-03-06
10935,Heavxen,300,Abordable,2026-03-06
10936,NapoleonicBoy,300,Abordable,2026-03-06
10937,ahyzza,300,Abordable,2026-03-06
10938,Faykil13,300,Abordable,2026-03-06
10939,dume2bf,300,Abordable,2026-03-06
10940,monstermunch018,300,Abordable,2026-03-06
10941,theoprov,300,Abordable,2026-03-06
10942,Kyra_Shi,300,Abordable,2026-03-06
10943,do_theo,300,Abordable,2026-03-06
10944,dadjujtm,300,Abordable,2026-03-06
10945,oszlau,300,Abordable,2026-03-06
10946,ezoara,300,Abordable,2026-03-06
10947,marylou2030,300,Abordable,2026-03-06
10948,ouichette,300,Abordable,2026-03-06
10949,jarebYT_,300,Abordable,2026-03-06
10950,louisonlastreet,300,Abordable,2026-03-06
10951,emmadrb7,300,Abordable,2026-03-06
10952,LouisonBzz,300,Abordable,2026-03-06
10953,canto0777,300,Abordable,2026-03-06
10954,martincolasroy,300,Abordable,2026-03-06
10955,Nicolass57,300,Abordable,2026-03-06
10956,flox_jr,300,Abordable,2026-03-06
10957,chiploo,300,Abordable,2026-03-06
10958,audeondnb,300,Abordable,2026-03-06
10959,makusuwu,300,Abordable,2026-03-06
10960,cofloflo,300,Abordable,2026-03-06
10961,homme_rit,300,Abordable,2026-03-06
10962,Milow_YTB,300,Abordable,2026-03-06
10963,skynath29,300,Abordable,2026-03-06
10964,jeanne_29s,300,Abordable,2026-03-06
10965,M8_Fox,300,Abordable,2026-03-06
10966,banagrum_e,300,Abordable,2026-03-06
10967,Navire__,299,Abordable,2026-03-06
10968,Lonithai,299,Abordable,2026-03-06
10969,Kerdael,299,Abordable,2026-03-06
10970,Fredbox6,299,Abordable,2026-03-06
10971,Kiksoo_,299,Abordable,2026-03-06
10972,zabouzarock,299,Abordable,2026-03-06
10973,Freezzze,299,Abordable,2026-03-06
10974,pnk_matthieu,299,Abordable,2026-03-06
10975,Galetek_,298,Abordable,2026-03-06
10976,Mechabot_,298,Abordable,2026-03-06
10977,anna_hisse,298,Abordable,2026-03-06
10978,Titachie,298,Abordable,2026-03-06
10979,mcaroni42,298,Abordable,2026-03-06
10980,barkspard,298,Abordable,2026-03-06
10981,octaaaaaave,298,Abordable,2026-03-06
10982,Eteox,298,Abordable,2026-03-06
10983,uluberlu_,298,Abordable,2026-03-06
10984,pelotte2lenne,298,Abordable,2026-03-06
10985,Jikachu_,297,Abordable,2026-03-06
10986,syliasad,297,Abordable,2026-03-06
10987,alainbossons,297,Abordable,2026-03-06
10988,Red_nGK,297,Abordable,2026-03-06
10989,icefrost88,297,Abordable,2026-03-06
10990,pleiade1,297,Abordable,2026-03-06
10991,solinosaurus,297,Abordable,2026-03-06
10992,trillerstairr,297,Abordable,2026-03-06
10993,leagressive,297,Abordable,2026-03-06
10994,aleclave66,297,Abordable,2026-03-06
10995,jbz31,296,Abordable,2026-03-06
10996,lululaprincess,296,Abordable,2026-03-06
10997,Tismacqueen,296,Abordable,2026-03-06
10998,ProfessorValou,296,Abordable,2026-03-06
10999,xBrigge,296,Abordable,2026-03-06
11000,yovalow,296,Abordable,2026-03-06
11001,unpingouinmanchot,296,Abordable,2026-03-06
11002,niiy_7,296,Abordable,2026-03-06
11003,OohMazette,296,Abordable,2026-03-06
11004,Tanguy745,295,Abordable,2026-03-06
11005,justeternelia,295,Abordable,2026-03-06
11006,remenbertboy,295,Abordable,2026-03-06
11007,sekino__,295,Abordable,2026-03-06
11008,patatahugo,295,Abordable,2026-03-06
11009,blalo17,295,Abordable,2026-03-06
11010,lightnow___,295,Abordable,2026-03-06
11011,Bartolomez,295,Abordable,2026-03-06
11012,lucywxr,295,Abordable,2026-03-06
11013,zerogeek400,295,Abordable,2026-03-06
11014,Bliriusss,295,Abordable,2026-03-06
11015,bailai_bailao,294,Abordable,2026-03-06
11016,chazen13,294,Abordable,2026-03-06
11017,ed_dpz_,294,Abordable,2026-03-06
11018,mystical_sunshine,294,Abordable,2026-03-06
11019,lenofa98,294,Abordable,2026-03-06
11020,tsianfai,294,Abordable,2026-03-06
11021,chcpn,294,Abordable,2026-03-06
11022,xifar08,294,Abordable,2026-03-06
11023,upsima,294,Abordable,2026-03-06
11024,theomrdr,294,Abordable,2026-03-06
11025,ateeyaba,293,Abordable,2026-03-06
11026,Kevartis,293,Abordable,2026-03-06
11027,Dahxou,293,Abordable,2026-03-06
11028,herox83500,293,Abordable,2026-03-06
11029,khalashi,293,Abordable,2026-03-06
11030,castortue1,293,Abordable,2026-03-06
11031,lemiloutou,292,Abordable,2026-03-06
11032,lolocheeee,292,Abordable,2026-03-06
11033,marlie76,292,Abordable,2026-03-06
11034,Philleb444,292,Abordable,2026-03-06
11035,AtlantisTerror,292,Abordable,2026-03-06
11036,lollow16,292,Abordable,2026-03-06
11037,Cyrock1,292,Abordable,2026-03-06
11038,remart1,292,Abordable,2026-03-06
11039,natoclaquo,292,Abordable,2026-03-06
11040,oksane,292,Abordable,2026-03-06
11041,mathiasjam,292,Abordable,2026-03-06
11042,mp_1302,292,Abordable,2026-03-06
11043,Aizher,292,Abordable,2026-03-06
11044,flamme88rouge,292,Abordable,2026-03-06
11045,miffygue_,291,Abordable,2026-03-06
11046,friki_christo,291,Abordable,2026-03-06
11047,Wezz27930,291,Abordable,2026-03-06
11048,Maxime_Adams,291,Abordable,2026-03-06
11049,grandverredeyop,291,Abordable,2026-03-06
11050,lelet2701,290,Abordable,2026-03-06
11051,karimotxo,290,Abordable,2026-03-06
11052,ydratation,290,Abordable,2026-03-06
11053,arthur742805,290,Abordable,2026-03-06
11054,Nalcrak,289,Abordable,2026-03-06
11055,universsyy,289,Abordable,2026-03-06
11056,gabinks28,289,Abordable,2026-03-06
11057,eelyaadrw,289,Abordable,2026-03-06
11058,amongthenodes,289,Abordable,2026-03-06
11059,labruti_saoul,289,Abordable,2026-03-06
11060,dollarfreakbih,289,Abordable,2026-03-06
11061,el_pulpo_roberto,289,Abordable,2026-03-06
11062,MisterGimmickFR,289,Abordable,2026-03-06
11063,MKXeltra,289,Abordable,2026-03-06
11064,mecashrekos,289,Abordable,2026-03-06
11065,cg_maelluss,289,Abordable,2026-03-06
11066,gromssss27,289,Abordable,2026-03-06
11067,rxziaa_,288,Abordable,2026-03-06
11068,titandefrondasse,288,Abordable,2026-03-06
11069,MmE_GameS_AddicT,288,Abordable,2026-03-06
11070,gold_pho3nix,288,Abordable,2026-03-06
11071,Aelkan_,288,Abordable,2026-03-06
11072,Seasis,288,Abordable,2026-03-06
11073,idada_pi,288,Abordable,2026-03-06
11074,Alphonzo__,288,Abordable,2026-03-06
11075,LavandiereDeNoz,288,Abordable,2026-03-06
11076,guillaumervl,288,Abordable,2026-03-06
11077,lepierrotdu67_,288,Abordable,2026-03-06
11078,obigruber,288,Abordable,2026-03-06
11079,spectror2,288,Abordable,2026-03-06
11080,hyrox777,288,Abordable,2026-03-06
11081,cocopops85290,288,Abordable,2026-03-06
11082,luc4rth,288,Abordable,2026-03-06
11083,St0rmy_Sama,287,Abordable,2026-03-06
11084,irisrainbows,287,Abordable,2026-03-06
11085,mossieur_Chips,287,Abordable,2026-03-06
11086,manonvll,287,Abordable,2026-03-06
11087,amaram_,287,Abordable,2026-03-06
11088,Silesque,287,Abordable,2026-03-06
11089,inzemy,287,Abordable,2026-03-06
11090,sarah15902,287,Abordable,2026-03-06
11091,cookeder,287,Abordable,2026-03-06
11092,barwan06,287,Abordable,2026-03-06
11093,okuo05,287,Abordable,2026-03-06
11094,Aurebleyde,287,Abordable,2026-03-06
11095,Torice165,287,Abordable,2026-03-06
11096,mayakovitch,287,Abordable,2026-03-06
11097,gaonypaloha,287,Abordable,2026-03-06
11098,Kylo_Ren_88450,286,Abordable,2026-03-06
11099,melvinavril,286,Abordable,2026-03-06
11100,d0mart,286,Abordable,2026-03-06
11101,CitromGris,286,Abordable,2026-03-06
11102,shneu62,286,Abordable,2026-03-06
11103,thenabz_,285,Abordable,2026-03-06
11104,Rhssy_,285,Abordable,2026-03-06
11105,zeldagathe_the_sayan,285,Abordable,2026-03-06
11106,eeeeemmmaaaaaaaa,285,Abordable,2026-03-06
11107,jufrancois24,285,Abordable,2026-03-06
11108,Urbannnnnnnnnnnnn,285,Abordable,2026-03-06
11109,lpcbabe,285,Abordable,2026-03-06
11110,charlo_42,285,Abordable,2026-03-06
11111,adtmeli2912,285,Abordable,2026-03-06
11112,6ssouy,285,Abordable,2026-03-06
11113,le0ii0o,285,Abordable,2026-03-06
11114,blacksheepdsgn,284,Abordable,2026-03-06
11115,elisabco04,284,Abordable,2026-03-06
11116,mama19122005,284,Abordable,2026-03-06
11117,nady_gil,284,Abordable,2026-03-06
11118,denis1351,284,Abordable,2026-03-06
11119,Turlardeo_,284,Abordable,2026-03-06
11120,chloebznv,284,Abordable,2026-03-06
11121,Samyveltal,284,Abordable,2026-03-06
11122,theo_grt_64,284,Abordable,2026-03-06
11123,aubryac,284,Abordable,2026-03-06
11124,EmpereurRaven_Kurai,284,Abordable,2026-03-06
11125,maelis2_0,284,Abordable,2026-03-06
11126,stitch0b2,283,Abordable,2026-03-06
11127,SnowPantera,283,Abordable,2026-03-06
11128,melaniehbteau,283,Abordable,2026-03-06
11129,renzo_0919,283,Abordable,2026-03-06
11130,cher_ami_3,283,Abordable,2026-03-06
11131,Artivimens,283,Abordable,2026-03-06
11132,lyf13_,283,Abordable,2026-03-06
11133,thibardb,283,Abordable,2026-03-06
11134,ByCyborg,283,Abordable,2026-03-06
11135,gossip_boy7000,283,Abordable,2026-03-06
11136,Havyio,283,Abordable,2026-03-06
11137,gogolgu,283,Abordable,2026-03-06
11138,Zayrelien,283,Abordable,2026-03-06
11139,mister_banjos,283,Abordable,2026-03-06
11140,meisinga21,283,Abordable,2026-03-06
11141,inesbnc,283,Abordable,2026-03-06
11142,momoth0,283,Abordable,2026-03-06
11143,notnaly,282,Abordable,2026-03-06
11144,bilquissab,282,Abordable,2026-03-06
11145,9jo7el1,282,Abordable,2026-03-06
11146,matteco71,282,Abordable,2026-03-06
11147,Brisby38,282,Abordable,2026-03-06
11148,lorehntl,282,Abordable,2026-03-06
11149,smeugue,282,Abordable,2026-03-06
11150,TapAs_bs,282,Abordable,2026-03-06
11151,grelesquash9,282,Abordable,2026-03-06
11152,NixOom,282,Abordable,2026-03-06
11153,inateaenfinpresque,282,Abordable,2026-03-06
11154,Freezewarzer,282,Abordable,2026-03-06
11155,AnsyTV,282,Abordable,2026-03-06
11156,ArcEnda,282,Abordable,2026-03-06
11157,leau_des_pate,282,Abordable,2026-03-06
11158,louu795,282,Abordable,2026-03-06
11159,tybannn,282,Abordable,2026-03-06
11160,zacouski,282,Abordable,2026-03-06
11161,timux99,282,Abordable,2026-03-06
11162,lukelapin,282,Abordable,2026-03-06
11163,luludigne,282,Abordable,2026-03-06
11164,nonooooo08,282,Abordable,2026-03-06
11165,m_biscotteeuh,281,Abordable,2026-03-06
11166,MoiCestSamm,281,Abordable,2026-03-06
11167,AEG_DDB,281,Abordable,2026-03-06
11168,val_arme114,281,Abordable,2026-03-06
11169,joshsbara9,281,Abordable,2026-03-06
11170,boggiventus,281,Abordable,2026-03-06
11171,sam_lebrize,281,Abordable,2026-03-06
11172,raphael1422,281,Abordable,2026-03-06
11173,Atom4x,281,Abordable,2026-03-06
11174,glacealaframboise27,281,Abordable,2026-03-06
11175,PeryPycy,281,Abordable,2026-03-06
11176,earthquake0214,280,Abordable,2026-03-06
11177,la_moustache_de_torlk,280,Abordable,2026-03-06
11178,henjoyz,280,Abordable,2026-03-06
11179,luk749,280,Abordable,2026-03-06
11180,hugo3662,280,Abordable,2026-03-06
11181,emmanuel0501,280,Abordable,2026-03-06
11182,Koishi_sama,280,Abordable,2026-03-06
11183,fouco2007,280,Abordable,2026-03-06
11184,Tatagnol,280,Abordable,2026-03-06
11185,melycholy,280,Abordable,2026-03-06
11186,fransma2,280,Abordable,2026-03-06
11187,wehzy29,280,Abordable,2026-03-06
11188,francastor56,280,Abordable,2026-03-06
11189,agreabourg,280,Abordable,2026-03-06
11190,myosotile,279,Abordable,2026-03-06
11191,clem_vlr,279,Abordable,2026-03-06
11192,pedropal85,279,Abordable,2026-03-06
11193,Onhara,279,Abordable,2026-03-06
11194,Astryphe,279,Abordable,2026-03-06
11195,addyyy83,279,Abordable,2026-03-06
11196,screed_m,279,Abordable,2026-03-06
11197,math_dsc,279,Abordable,2026-03-06
11198,Xelity__,279,Abordable,2026-03-06
11199,le_cornemuseux,279,Abordable,2026-03-06
11200,flipp_tv,279,Abordable,2026-03-06
11201,edouar_kit,278,Abordable,2026-03-06
11202,saturion__,278,Abordable,2026-03-06
11203,berenicemsch,278,Abordable,2026-03-06
11204,serenadlvt,278,Abordable,2026-03-06
11205,isoque_,278,Abordable,2026-03-06
11206,GreenStog,278,Abordable,2026-03-06
11207,antoloco7,278,Abordable,2026-03-06
11208,etimm_,277,Abordable,2026-03-06
11209,waitinles,277,Abordable,2026-03-06
11210,nalouche_,277,Abordable,2026-03-06
11211,LeNemP5,277,Abordable,2026-03-06
11212,scllt7,277,Abordable,2026-03-06
11213,Alkashiiii,277,Abordable,2026-03-06
11214,Great_Akagi,276,Abordable,2026-03-06
11215,FA1dN,276,Abordable,2026-03-06
11216,tolhairance,276,Abordable,2026-03-06
11217,antoine22f,276,Abordable,2026-03-06
11218,matteo_0708,276,Abordable,2026-03-06
11219,sbettho,276,Abordable,2026-03-06
11220,LucaTeph,276,Abordable,2026-03-06
11221,Minichewby,276,Abordable,2026-03-06
11222,badprocess,276,Abordable,2026-03-06
11223,Llewilles,275,Abordable,2026-03-06
11224,zep27270,275,Abordable,2026-03-06
11225,tyrna_nog,275,Abordable,2026-03-06
11226,hecatelalune,275,Abordable,2026-03-06
11227,Soka__Twitch,275,Abordable,2026-03-06
11228,lecl74,275,Abordable,2026-03-06
11229,Hachujeo,275,Abordable,2026-03-06
11230,gabi295677,275,Abordable,2026-03-06
11231,Monchisan34,275,Abordable,2026-03-06
11232,my_a_uwu,275,Abordable,2026-03-06
11233,ines_mnrp,275,Abordable,2026-03-06
11234,xayko_,275,Abordable,2026-03-06
11235,KIRFY,275,Abordable,2026-03-06
11236,misterpew,275,Abordable,2026-03-06
11237,r0pss,275,Abordable,2026-03-06
11238,le_bg_danderlecht,275,Abordable,2026-03-06
11239,Eterale1,275,Abordable,2026-03-06
11240,justSkyRod,275,Abordable,2026-03-06
11241,entrecotesauceaupoivre,274,Abordable,2026-03-06
11242,chloelamalice,274,Abordable,2026-03-06
11243,slywoodfr,274,Abordable,2026-03-06
11244,louisev7,274,Abordable,2026-03-06
11245,yaya_koopa,274,Abordable,2026-03-06
11246,noriginalitea,274,Abordable,2026-03-06
11247,baika636,274,Abordable,2026-03-06
11248,frantzy92i,274,Abordable,2026-03-06
11249,raphaelegros,274,Abordable,2026-03-06
11250,LordDrkv98,274,Abordable,2026-03-06
11251,flameoov,274,Abordable,2026-03-06
11252,geantpersil,274,Abordable,2026-03-06
11253,didieuxxxx,274,Abordable,2026-03-06
11254,heliumsolide,274,Abordable,2026-03-06
11255,evan_dl,274,Abordable,2026-03-06
11256,JayFTBX,274,Abordable,2026-03-06
11257,ratatouilletoutsec,273,Abordable,2026-03-06
11258,jeanbonnnnnnnnn,273,Abordable,2026-03-06
11259,marodu74,273,Abordable,2026-03-06
11260,camrk,273,Abordable,2026-03-06
11261,ala_089,273,Abordable,2026-03-06
11262,nunuche1106,273,Abordable,2026-03-06
11263,Sinoxia_,273,Abordable,2026-03-06
11264,Thilmea,273,Abordable,2026-03-06
11265,inatteignable_,273,Abordable,2026-03-06
11266,3mma_v13,273,Abordable,2026-03-06
11267,forsakenhg,273,Abordable,2026-03-06
11268,Yodathor,273,Abordable,2026-03-06
11269,mechcar,272,Abordable,2026-03-06
11270,alastralyra,272,Abordable,2026-03-06
11271,aslooow,272,Abordable,2026-03-06
11272,Hatygal,272,Abordable,2026-03-06
11273,artthor,272,Abordable,2026-03-06
11274,manutou,272,Abordable,2026-03-06
11275,ratusdetwitch,272,Abordable,2026-03-06
11276,ooh53,271,Abordable,2026-03-06
11277,l_u_n_d_,271,Abordable,2026-03-06
11278,Vilain_Kleenex,271,Abordable,2026-03-06
11279,joanne_2106,271,Abordable,2026-03-06
11280,vaerel,271,Abordable,2026-03-06
11281,malo_plt,271,Abordable,2026-03-06
11282,havrylo06,270,Abordable,2026-03-06
11283,alexianvgl,270,Abordable,2026-03-06
11284,Rocket220410,270,Abordable,2026-03-06
11285,titouan29__,270,Abordable,2026-03-06
11286,Mvsashii,270,Abordable,2026-03-06
11287,sosolartichaut,270,Abordable,2026-03-06
11288,xenonne45,270,Abordable,2026-03-06
11289,fr4nkandste1n,270,Abordable,2026-03-06
11290,Zeddalu_,270,Abordable,2026-03-06
11291,zazouiIIe,270,Abordable,2026-03-06
11292,blondelos,270,Abordable,2026-03-06
11293,nfoedora,270,Abordable,2026-03-06
11294,ALeBanc_,270,Abordable,2026-03-06
11295,PaulAnploa,270,Abordable,2026-03-06
11296,antho_1105,270,Abordable,2026-03-06
11297,alprazonn,270,Abordable,2026-03-06
11298,faryatw,270,Abordable,2026-03-06
11299,oxtran8,270,Abordable,2026-03-06
11300,gunfreek2,270,Abordable,2026-03-06
11301,djudju6471,270,Abordable,2026-03-06
11302,bananee__pomme,270,Abordable,2026-03-06
11303,tsyloo,270,Abordable,2026-03-06
11304,SoPurple1,270,Abordable,2026-03-06
11305,Caramelow__,270,Abordable,2026-03-06
11306,ominotem,270,Abordable,2026-03-06
11307,malocadalen,270,Abordable,2026-03-06
11308,morro_l6,270,Abordable,2026-03-06
11309,khaynes__,270,Abordable,2026-03-06
11310,Benjou_,270,Abordable,2026-03-06
11311,Zillimy,270,Abordable,2026-03-06
11312,ventrav,270,Abordable,2026-03-06
11313,megazur_,270,Abordable,2026-03-06
11314,sim1749,270,Abordable,2026-03-06
11315,QuIrUR,270,Abordable,2026-03-06
11316,lynxspy971,270,Abordable,2026-03-06
11317,verscho_la_lambo,270,Abordable,2026-03-06
11318,tit_lo,270,Abordable,2026-03-06
11319,staneeeeee,270,Abordable,2026-03-06
11320,ccrachel0,270,Abordable,2026-03-06
11321,morgane_dln,270,Abordable,2026-03-06
11322,wo0lien,269,Abordable,2026-03-06
11323,Shakemate,269,Abordable,2026-03-06
11324,twitchyeo23,269,Abordable,2026-03-06
11325,FireHearth,269,Abordable,2026-03-06
11326,FeelOSofi,269,Abordable,2026-03-06
11327,mahaux12ii89,269,Abordable,2026-03-06
11328,yacineb4,269,Abordable,2026-03-06
11329,Ptital,269,Abordable,2026-03-06
11330,lfoulefou,269,Abordable,2026-03-06
11331,ProsperPoullet,269,Abordable,2026-03-06
11332,grrrrwafwoufgrr,269,Abordable,2026-03-06
11333,Zitutu,269,Abordable,2026-03-06
11334,pititpousset,269,Abordable,2026-03-06
11335,clochpl,269,Abordable,2026-03-06
11336,LaManteAThe,268,Abordable,2026-03-06
11337,irinadelatour,268,Abordable,2026-03-06
11338,breizhcraft_,268,Abordable,2026-03-06
11339,yayaLG,268,Abordable,2026-03-06
11340,Voltek365,268,Abordable,2026-03-06
11341,netolvo,268,Abordable,2026-03-06
11342,4ngoTV,268,Abordable,2026-03-06
11343,terrylechat,268,Abordable,2026-03-06
11344,Raphton___,267,Abordable,2026-03-06
11345,benodigos,267,Abordable,2026-03-06
11346,alexlecongo,267,Abordable,2026-03-06
11347,saumonbl1,267,Abordable,2026-03-06
11348,zguigou64,267,Abordable,2026-03-06
11349,jbjb10,267,Abordable,2026-03-06
11350,DaGreatWorld,267,Abordable,2026-03-06
11351,ozno28,266,Abordable,2026-03-06
11352,Tosteur,266,Abordable,2026-03-06
11353,Artiisiandre,266,Abordable,2026-03-06
11354,Crackose,266,Abordable,2026-03-06
11355,celiine63,266,Abordable,2026-03-06
11356,decka03,266,Abordable,2026-03-06
11357,blayne___,266,Abordable,2026-03-06
11358,ctLila,266,Abordable,2026-03-06
11359,jKIEsav,266,Abordable,2026-03-06
11360,r3tro_MXT,266,Abordable,2026-03-06
11361,youness140100,266,Abordable,2026-03-06
11362,lionnrv,266,Abordable,2026-03-06
11363,grimberyall,265,Abordable,2026-03-06
11364,lucille554,265,Abordable,2026-03-06
11365,annapaanda,265,Abordable,2026-03-06
11366,parzouile,265,Abordable,2026-03-06
11367,LordSandvich,265,Abordable,2026-03-06
11368,lemonadeswirl30,264,Abordable,2026-03-06
11369,niocal7253,264,Abordable,2026-03-06
11370,Nhewt,264,Abordable,2026-03-06
11371,Kourva4,264,Abordable,2026-03-06
11372,andrea__f,264,Abordable,2026-03-06
11373,Caporal_Dream,264,Abordable,2026-03-06
11374,maxime_le_goat_,264,Abordable,2026-03-06
11375,rcz_pew,263,Abordable,2026-03-06
11376,iliana78000,263,Abordable,2026-03-06
11377,zozoppr,263,Abordable,2026-03-06
11378,BBB_BillyBoyBoy,263,Abordable,2026-03-06
11379,bougadi,263,Abordable,2026-03-06
11380,nitriam14,263,Abordable,2026-03-06
11381,ackermaxx_,263,Abordable,2026-03-06
11382,Mysempage,263,Abordable,2026-03-06
11383,chrispitwitch,263,Abordable,2026-03-06
11384,bx024,263,Abordable,2026-03-06
11385,Flax288,263,Abordable,2026-03-06
11386,Kronos_85,263,Abordable,2026-03-06
11387,blackguard362,263,Abordable,2026-03-06
11388,syssarh7,263,Abordable,2026-03-06
11389,mathis_pp,263,Abordable,2026-03-06
11390,Didactox,263,Abordable,2026-03-06
11391,moth__444,263,Abordable,2026-03-06
11392,franxper,263,Abordable,2026-03-06
11393,itsyuga,262,Abordable,2026-03-06
11394,RyuShow,262,Abordable,2026-03-06
11395,Roidesplatanes,262,Abordable,2026-03-06
11396,recoqui,262,Abordable,2026-03-06
11397,rosette06,262,Abordable,2026-03-06
11398,racouuuuun,262,Abordable,2026-03-06
11399,Keajox,262,Abordable,2026-03-06
11400,liloulabayle,262,Abordable,2026-03-06
11401,come_nook,262,Abordable,2026-03-06
11402,fourmoiluc,262,Abordable,2026-03-06
11403,baabouche_,262,Abordable,2026-03-06
11404,thibzzz01,262,Abordable,2026-03-06
11405,Gi0rnno,262,Abordable,2026-03-06
11406,franmerguez,262,Abordable,2026-03-06
11407,manmanu55,261,Abordable,2026-03-06
11408,maximepari,261,Abordable,2026-03-06
11409,alThor_ed,261,Abordable,2026-03-06
11410,Orgoth__,261,Abordable,2026-03-06
11411,juju92747,261,Abordable,2026-03-06
11412,armelp93,261,Abordable,2026-03-06
11413,Kara04__,261,Abordable,2026-03-06
11414,mounyane,261,Abordable,2026-03-06
11415,tinkywinkiie,260,Abordable,2026-03-06
11416,bremboir,260,Abordable,2026-03-06
11417,yozenn77,260,Abordable,2026-03-06
11418,paulineb_15,260,Abordable,2026-03-06
11419,pierdig,260,Abordable,2026-03-06
11420,homardrouges,259,Abordable,2026-03-06
11421,noemiie_18,259,Abordable,2026-03-06
11422,squateuse_47,259,Abordable,2026-03-06
11423,kylikar,259,Abordable,2026-03-06
11424,bptstid,259,Abordable,2026-03-06
11425,Floki_Attano,259,Abordable,2026-03-06
11426,candy_crv,259,Abordable,2026-03-06
11427,ayoo2312,259,Abordable,2026-03-06
11428,PawMyaa,259,Abordable,2026-03-06
11429,DawSoa,258,Abordable,2026-03-06
11430,im_baptman,258,Abordable,2026-03-06
11431,auxoxe_,258,Abordable,2026-03-06
11432,jeanmicheltryhard2000,258,Abordable,2026-03-06
11433,mathiilde_c,258,Abordable,2026-03-06
11434,lucstar13600,258,Abordable,2026-03-06
11435,poulidorom,258,Abordable,2026-03-06
11436,Milli3_02,258,Abordable,2026-03-06
11437,Le_Flegmatic,258,Abordable,2026-03-06
11438,flogogo1,258,Abordable,2026-03-06
11439,faseur,258,Abordable,2026-03-06
11440,ChewiiiTV,257,Abordable,2026-03-06
11441,TileManager,257,Abordable,2026-03-06
11442,kalow26,257,Abordable,2026-03-06
11443,Syrawin,257,Abordable,2026-03-06
11444,Arca13,257,Abordable,2026-03-06
11445,LeSingeSalai,257,Abordable,2026-03-06
11446,teooooo78,257,Abordable,2026-03-06
11447,nicolart_,257,Abordable,2026-03-06
11448,theshortkid6,257,Abordable,2026-03-06
11449,9luouew,257,Abordable,2026-03-06
11450,clemcloouu,257,Abordable,2026-03-06
11451,hibo0o_,257,Abordable,2026-03-06
11452,theosaur3,257,Abordable,2026-03-06
11453,byligutzz,257,Abordable,2026-03-06
11454,gabin206,257,Abordable,2026-03-06
11455,Craysor1,257,Abordable,2026-03-06
11456,raphahhhh,257,Abordable,2026-03-06
11457,willipipo,256,Abordable,2026-03-06
11458,Thor_Oden,256,Abordable,2026-03-06
11459,ninavvn,256,Abordable,2026-03-06
11460,velvet_kind,256,Abordable,2026-03-06
11461,neofario,256,Abordable,2026-03-06
11462,Jopiterr,256,Abordable,2026-03-06
11463,778need,256,Abordable,2026-03-06
11464,khode_fr,256,Abordable,2026-03-06
11465,tom_pix3l,256,Abordable,2026-03-06
11466,zaregedish,256,Abordable,2026-03-06
11467,Go_Yeet,256,Abordable,2026-03-06
11468,bilhoute59,256,Abordable,2026-03-06
11469,Chatore_LCN,256,Abordable,2026-03-06
11470,Klaimoleth,255,Abordable,2026-03-06
11471,benivici,255,Abordable,2026-03-06
11472,TyLem_,255,Abordable,2026-03-06
11473,Almeraaaa,255,Abordable,2026-03-06
11474,winsl0w2,255,Abordable,2026-03-06
11475,aymax4d,255,Abordable,2026-03-06
11476,gabatilani_lupus_nubilus,255,Abordable,2026-03-06
11477,emichordate,255,Abordable,2026-03-06
11478,Ravendalf,255,Abordable,2026-03-06
11479,santylor,254,Abordable,2026-03-06
11480,Limb3cile,254,Abordable,2026-03-06
11481,Darkkiler44,254,Abordable,2026-03-06
11482,mh_ockey,254,Abordable,2026-03-06
11483,nimya,254,Abordable,2026-03-06
11484,dadou55120,254,Abordable,2026-03-06
11485,mamss59,254,Abordable,2026-03-06
11486,clara0798,254,Abordable,2026-03-06
11487,matmatha,254,Abordable,2026-03-06
11488,Tanjiko784,253,Abordable,2026-03-06
11489,hyper_sympa,253,Abordable,2026-03-06
11490,reblochon_samurai,253,Abordable,2026-03-06
11491,phymea,253,Abordable,2026-03-06
11492,viserion_77,253,Abordable,2026-03-06
11493,smats,253,Abordable,2026-03-06
11494,Yutal,253,Abordable,2026-03-06
11495,xynoseni,253,Abordable,2026-03-06
11496,vorien13,253,Abordable,2026-03-06
11497,thorfnn,253,Abordable,2026-03-06
11498,koeda_45,253,Abordable,2026-03-06
11499,Juthiep,253,Abordable,2026-03-06
11500,Nova_Moon__,253,Abordable,2026-03-06
11501,freezy_noob,253,Abordable,2026-03-06
11502,yongicobay,253,Abordable,2026-03-06
11503,immoise_,253,Abordable,2026-03-06
11504,t_max741_t,253,Abordable,2026-03-06
11505,mekekdi,253,Abordable,2026-03-06
11506,azioxmaxou,252,Abordable,2026-03-06
11507,skyzo_bzh,252,Abordable,2026-03-06
11508,brouette_divine,252,Abordable,2026-03-06
11509,lucaizoku,252,Abordable,2026-03-06
11510,perlette_24,252,Abordable,2026-03-06
11511,valdauria,252,Abordable,2026-03-06
11512,Furaka_,252,Abordable,2026-03-06
11513,romwa19,252,Abordable,2026-03-06
11514,cocooo2005,252,Abordable,2026-03-06
11515,outadoc,252,Abordable,2026-03-06
11516,lajuuj,252,Abordable,2026-03-06
11517,joshu2515,252,Abordable,2026-03-06
11518,Vatigoat,252,Abordable,2026-03-06
11519,warkii0,252,Abordable,2026-03-06
11520,DBF_alexhuit,252,Abordable,2026-03-06
11521,SainteZoey,252,Abordable,2026-03-06
11522,Kureoru,252,Abordable,2026-03-06
11523,napozz_,252,Abordable,2026-03-06
11524,desnosds,251,Abordable,2026-03-06
11525,mar__gauxe,251,Abordable,2026-03-06
11526,elsaaa33,251,Abordable,2026-03-06
11527,Leoleop08,251,Abordable,2026-03-06
11528,alizeecamille,251,Abordable,2026-03-06
11529,GTS_SOLDIER,251,Abordable,2026-03-06
11530,ouistitouan_,251,Abordable,2026-03-06
11531,jecpacekejefoula,251,Abordable,2026-03-06
11532,moviesinparis,251,Abordable,2026-03-06
11533,Diamondzozo,251,Abordable,2026-03-06
11534,tictaczn_,251,Abordable,2026-03-06
11535,CanarLaquais,251,Abordable,2026-03-06
11536,biscott2316,251,Abordable,2026-03-06
11537,b3njjji,251,Abordable,2026-03-06
11538,agathe_the_blues__,251,Abordable,2026-03-06
11539,waybeeyb,251,Abordable,2026-03-06
11540,jonasparatte,251,Abordable,2026-03-06
11541,lutinlongobito,250,Abordable,2026-03-06
11542,EuforiaStream,250,Abordable,2026-03-06
11543,louis_caniez,250,Abordable,2026-03-06
11544,exystio,250,Abordable,2026-03-06
11545,remouth20,250,Abordable,2026-03-06
11546,djoujitsu,250,Abordable,2026-03-06
11547,LordAythur,250,Abordable,2026-03-06
11548,speedybota,250,Abordable,2026-03-06
11549,yokoo59000,250,Abordable,2026-03-06
11550,yunyx_6,250,Abordable,2026-03-06
11551,leo08321,250,Abordable,2026-03-06
11552,benhps,250,Abordable,2026-03-06
11553,kc_myriel,249,Abordable,2026-03-06
11554,svrt7,249,Abordable,2026-03-06
11555,esgeu,249,Abordable,2026-03-06
11556,lejduzio,249,Abordable,2026-03-06
11557,mangosteenfr,249,Abordable,2026-03-06
11558,capsulette,249,Abordable,2026-03-06
11559,clemmmssss23,249,Abordable,2026-03-06
11560,boubi54x,249,Abordable,2026-03-06
11561,cloclo_channel34,249,Abordable,2026-03-06
11562,basos_,248,Abordable,2026-03-06
11563,ludoduroulo,248,Abordable,2026-03-06
11564,Hug0led0z0,248,Abordable,2026-03-06
11565,melssa2000,248,Abordable,2026-03-06
11566,Gamah__,248,Abordable,2026-03-06
11567,bitume_92,248,Abordable,2026-03-06
11568,50_nuances_daigris,248,Abordable,2026-03-06
11569,ElToniooo,247,Abordable,2026-03-06
11570,orlanestwt,247,Abordable,2026-03-06
11571,chiwu7,247,Abordable,2026-03-06
11572,lolavalidaa,247,Abordable,2026-03-06
11573,MaxNarb,247,Abordable,2026-03-06
11574,camelins,247,Abordable,2026-03-06
11575,SlowyyTr,247,Abordable,2026-03-06
11576,mbiron20,247,Abordable,2026-03-06
11577,ptitchickenn,247,Abordable,2026-03-06
11578,jokii59,247,Abordable,2026-03-06
11579,camcelestin1,247,Abordable,2026-03-06
11580,redpearl05,247,Abordable,2026-03-06
11581,Msfzyrrr,247,Abordable,2026-03-06
11582,nulwenn,247,Abordable,2026-03-06
11583,khalessy17,246,Abordable,2026-03-06
11584,2spy_saga,246,Abordable,2026-03-06
11585,red10100,246,Abordable,2026-03-06
11586,georges_abdo98,246,Abordable,2026-03-06
11587,t0mmy_38,246,Abordable,2026-03-06
11588,7Yayaa_,246,Abordable,2026-03-06
11589,paudfleur,246,Abordable,2026-03-06
11590,Pecha_926,246,Abordable,2026-03-06
11591,xenonlife_,246,Abordable,2026-03-06
11592,Kill_Green,246,Abordable,2026-03-06
11593,Robicheee,246,Abordable,2026-03-06
11594,FeuTigres,246,Abordable,2026-03-06
11595,bougli91,245,Abordable,2026-03-06
11596,Now_AAA,245,Abordable,2026-03-06
11597,maxchabsss,245,Abordable,2026-03-06
11598,Neldof,245,Abordable,2026-03-06
11599,Nekoda,245,Abordable,2026-03-06
11600,anna_lyz_,245,Abordable,2026-03-06
11601,komagicien,245,Abordable,2026-03-06
11602,tafaanari,245,Abordable,2026-03-06
11603,lea12003,245,Abordable,2026-03-06
11604,yhekkyyoo,245,Abordable,2026-03-06
11605,BauBauBiNKS,245,Abordable,2026-03-06
11606,matuch3t,245,Abordable,2026-03-06
11607,McRub_,245,Abordable,2026-03-06
11608,shinartheroes,245,Abordable,2026-03-06
11609,docmedoc,245,Abordable,2026-03-06
11610,lea_th_,245,Abordable,2026-03-06
11611,kelsier_cm,245,Abordable,2026-03-06
11612,djo_25,244,Abordable,2026-03-06
11613,nvth17,244,Abordable,2026-03-06
11614,piflaor,244,Abordable,2026-03-06
11615,Juanitiex,244,Abordable,2026-03-06
11616,jockeytos,244,Abordable,2026-03-06
11617,Oniiryo,244,Abordable,2026-03-06
11618,callunaria,244,Abordable,2026-03-06
11619,lpeyotll,244,Abordable,2026-03-06
11620,taka_norii,244,Abordable,2026-03-06
11621,alexisflo1,244,Abordable,2026-03-06
11622,testaccount90921,244,Abordable,2026-03-06
11623,Giigite,244,Abordable,2026-03-06
11624,gerer_mi,244,Abordable,2026-03-06
11625,Rykkaaa,244,Abordable,2026-03-06
11626,flavince,244,Abordable,2026-03-06
11627,El_pi3rr0t,244,Abordable,2026-03-06
11628,stucki92,244,Abordable,2026-03-06
11629,vitaluryknacki,244,Abordable,2026-03-06
11630,tictruc,244,Abordable,2026-03-06
11631,ambero4,244,Abordable,2026-03-06
11632,Avodin,244,Abordable,2026-03-06
11633,zeuwo,244,Abordable,2026-03-06
11634,Pryan_,244,Abordable,2026-03-06
11635,melk59230,243,Abordable,2026-03-06
11636,Craftien_land,243,Abordable,2026-03-06
11637,Cqlii,243,Abordable,2026-03-06
11638,angie_3lexia,243,Abordable,2026-03-06
11639,robcoro,243,Abordable,2026-03-06
11640,zillaauwuu,243,Abordable,2026-03-06
11641,jnngrn,243,Abordable,2026-03-06
11642,BatoShy,243,Abordable,2026-03-06
11643,Maestrozap,243,Abordable,2026-03-06
11644,gabarbare,243,Abordable,2026-03-06
11645,nonopanda2000,242,Abordable,2026-03-06
11646,evaniiish,242,Abordable,2026-03-06
11647,toinoucafew,242,Abordable,2026-03-06
11648,laghoss,242,Abordable,2026-03-06
11649,ludorit0,242,Abordable,2026-03-06
11650,Dexter3x1,242,Abordable,2026-03-06
11651,Maniateck,242,Abordable,2026-03-06
11652,ameliashepherd7,242,Abordable,2026-03-06
11653,XamelnaX,242,Abordable,2026-03-06
11654,Babapouleup,242,Abordable,2026-03-06
11655,chronosnumbers13,241,Abordable,2026-03-06
11656,cavendiiish_,241,Abordable,2026-03-06
11657,kanshasuru,241,Abordable,2026-03-06
11658,Nar_d0,241,Abordable,2026-03-06
11659,billy__4444,241,Abordable,2026-03-06
11660,pau4l3,241,Abordable,2026-03-06
11661,Mihark,241,Abordable,2026-03-06
11662,pepeech,241,Abordable,2026-03-06
11663,clozzernn,240,Abordable,2026-03-06
11664,grnceeee,240,Abordable,2026-03-06
11665,balfig,240,Abordable,2026-03-06
11666,Algosse,240,Abordable,2026-03-06
11667,noodles1338,240,Abordable,2026-03-06
11668,nexo_oslo,240,Abordable,2026-03-06
11669,bereacteur,240,Abordable,2026-03-06
11670,skullj56_,240,Abordable,2026-03-06
11671,mimanouma,240,Abordable,2026-03-06
11672,chlorys17,240,Abordable,2026-03-06
11673,sylvanuspierrusdurifus,240,Abordable,2026-03-06
11674,mistergekko,240,Abordable,2026-03-06
11675,laura6248,240,Abordable,2026-03-06
11676,Lexio0o,240,Abordable,2026-03-06
11677,Chromatiks,240,Abordable,2026-03-06
11678,Air1__,240,Abordable,2026-03-06
11679,bayane_b01,240,Abordable,2026-03-06
11680,somemilkandwater,240,Abordable,2026-03-06
11681,TrotsKyeur,240,Abordable,2026-03-06
11682,hleg54,240,Abordable,2026-03-06
11683,papaours345,240,Abordable,2026-03-06
11684,romainvr22,240,Abordable,2026-03-06
11685,misaki11011,240,Abordable,2026-03-06
11686,retroy230,240,Abordable,2026-03-06
11687,jst_snowy,240,Abordable,2026-03-06
11688,hartatata,240,Abordable,2026-03-06
11689,Akkarinnnnn,240,Abordable,2026-03-06
11690,olaf_bleu,240,Abordable,2026-03-06
11691,pauline_mzh,240,Abordable,2026-03-06
11692,L1rios,240,Abordable,2026-03-06
11693,infiniti_blast,240,Abordable,2026-03-06
11694,lilooof17,240,Abordable,2026-03-06
11695,djodjooo5,240,Abordable,2026-03-06
11696,theotmc,240,Abordable,2026-03-06
11697,alann_784,240,Abordable,2026-03-06
11698,marmittooo,240,Abordable,2026-03-06
11699,DBF_lolo74,240,Abordable,2026-03-06
11700,charlie_140703,240,Abordable,2026-03-06
11701,ReflexSNC,240,Abordable,2026-03-06
11702,pachuco0o,240,Abordable,2026-03-06
11703,katlet44,240,Abordable,2026-03-06
11704,krokmouwu,240,Abordable,2026-03-06
11705,brazzafab,240,Abordable,2026-03-06
11706,vikt3k1,240,Abordable,2026-03-06
11707,dianepm64,240,Abordable,2026-03-06
11708,lelefanteau,240,Abordable,2026-03-06
11709,elodie7953,240,Abordable,2026-03-06
11710,Yui_Shark,240,Abordable,2026-03-06
11711,pelouse47,240,Abordable,2026-03-06
11712,RoroS78,240,Abordable,2026-03-06
11713,Victor_lVl_,240,Abordable,2026-03-06
11714,lurasse,240,Abordable,2026-03-06
11715,fantenaoki,240,Abordable,2026-03-06
11716,zuroukou,240,Abordable,2026-03-06
11717,clarabttn,240,Abordable,2026-03-06
11718,BananaProtocol1,240,Abordable,2026-03-06
11719,upzzip,240,Abordable,2026-03-06
11720,nynon08,240,Abordable,2026-03-06
11721,Zeemcian,240,Abordable,2026-03-06
11722,gadjourno21,240,Abordable,2026-03-06
11723,baptou_etbest,240,Abordable,2026-03-06
11724,yanis93m,240,Abordable,2026-03-06
11725,lauraly486,240,Abordable,2026-03-06
11726,V0kli,240,Abordable,2026-03-06
11727,wyay,239,Abordable,2026-03-06
11728,shark053,239,Abordable,2026-03-06
11729,manu_02468,239,Abordable,2026-03-06
11730,Mallya2324,239,Abordable,2026-03-06
11731,Lauracine,239,Abordable,2026-03-06
11732,asuko16,239,Abordable,2026-03-06
11733,shiftix_xd,238,Abordable,2026-03-06
11734,emmaawwe,238,Abordable,2026-03-06
11735,Gomelle,238,Abordable,2026-03-06
11736,olafvanhovsky,238,Abordable,2026-03-06
11737,shlaguitt0,238,Abordable,2026-03-06
11738,h_kolaz,238,Abordable,2026-03-06
11739,chachacrtn,238,Abordable,2026-03-06
11740,lisa_grmt,238,Abordable,2026-03-06
11741,Banky1506,238,Abordable,2026-03-06
11742,Scy_tes,238,Abordable,2026-03-06
11743,daminius,238,Abordable,2026-03-06
11744,micron0s,238,Abordable,2026-03-06
11745,klyydefr,238,Abordable,2026-03-06
11746,solixreal,237,Abordable,2026-03-06
11747,LeS1doux,237,Abordable,2026-03-06
11748,ookamiii_,237,Abordable,2026-03-06
11749,cdjozer,237,Abordable,2026-03-06
11750,Dany_351,236,Abordable,2026-03-06
11751,GreenLord_,236,Abordable,2026-03-06
11752,lolau_off,236,Abordable,2026-03-06
11753,Luminarss,236,Abordable,2026-03-06
11754,ProF_ESport,236,Abordable,2026-03-06
11755,maloq1,236,Abordable,2026-03-06
11756,yoyoda_le_roux,236,Abordable,2026-03-06
11757,elfiaskywalker,235,Abordable,2026-03-06
11758,dadouh82,235,Abordable,2026-03-06
11759,thomas_msr,235,Abordable,2026-03-06
11760,neoxioxi,235,Abordable,2026-03-06
11761,noemie_g30,235,Abordable,2026-03-06
11762,coupcoup35,234,Abordable,2026-03-06
11763,mars488,234,Abordable,2026-03-06
11764,lankytests,234,Abordable,2026-03-06
11765,TomRoulleau,234,Abordable,2026-03-06
11766,Daerrow_,234,Abordable,2026-03-06
11767,k_risme,234,Abordable,2026-03-06
11768,noyale_lm,234,Abordable,2026-03-06
11769,thibau_doumeng,234,Abordable,2026-03-06
11770,Amakie1,233,Abordable,2026-03-06
11771,Wiloeuf,233,Abordable,2026-03-06
11772,laserdaed,233,Abordable,2026-03-06
11773,julien_cmnd,233,Abordable,2026-03-06
11774,Azurio34,233,Abordable,2026-03-06
11775,anbaut2,233,Abordable,2026-03-06
11776,Brookiz_,233,Abordable,2026-03-06
11777,Ponce,233,Abordable,2026-03-06
11778,bibosaure,233,Abordable,2026-03-06
11779,Percy1970,232,Abordable,2026-03-06
11780,sam_eug,232,Abordable,2026-03-06
11781,ldrpigeon,232,Abordable,2026-03-06
11782,gurrrug,232,Abordable,2026-03-06
11783,nvenot,232,Abordable,2026-03-06
11784,bacman37,232,Abordable,2026-03-06
11785,edgard52,232,Abordable,2026-03-06
11786,crocojoejo,232,Abordable,2026-03-06
11787,cejix10,232,Abordable,2026-03-06
11788,bebe_onsm,232,Abordable,2026-03-06
11789,bapt_delaveg10,232,Abordable,2026-03-06
11790,YmuUm,232,Abordable,2026-03-06
11791,Haanko_,232,Abordable,2026-03-06
11792,tomlrt53,232,Abordable,2026-03-06
11793,corent1s,232,Abordable,2026-03-06
11794,Auneol,232,Abordable,2026-03-06
11795,romalyouni,232,Abordable,2026-03-06
11796,Niamro16,232,Abordable,2026-03-06
11797,LaPouleDeShurima,232,Abordable,2026-03-06
11798,crapulee_,232,Abordable,2026-03-06
11799,anaclian,231,Abordable,2026-03-06
11800,TDFno2,231,Abordable,2026-03-06
11801,heiikyy,231,Abordable,2026-03-06
11802,Charlyne_NootNoot,231,Abordable,2026-03-06
11803,syr4xxxxx,231,Abordable,2026-03-06
11804,mayoucllx,231,Abordable,2026-03-06
11805,basilico0101,231,Abordable,2026-03-06
11806,j_neige,231,Abordable,2026-03-06
11807,art_29,230,Abordable,2026-03-06
11808,alexislafleche,230,Abordable,2026-03-06
11809,k3tal,230,Abordable,2026-03-06
11810,identifiants_corrects,230,Abordable,2026-03-06
11811,negiwilly25,230,Abordable,2026-03-06
11812,math_2bk,230,Abordable,2026-03-06
11813,Maxalrun,230,Abordable,2026-03-06
11814,fef74,229,Abordable,2026-03-06
11815,cerseigrd,229,Abordable,2026-03-06
11816,ananas_2731,229,Abordable,2026-03-06
11817,djorreus,229,Abordable,2026-03-06
11818,gingermonkey00,229,Abordable,2026-03-06
11819,Pandaroux_09,229,Abordable,2026-03-06
11820,gabin1122,229,Abordable,2026-03-06
11821,mizversa,228,Abordable,2026-03-06
11822,shika_35,228,Abordable,2026-03-06
11823,mathias2502,228,Abordable,2026-03-06
11824,skyl_kenobi,228,Abordable,2026-03-06
11825,Marethyu377,228,Abordable,2026-03-06
11826,BionicMephit,228,Abordable,2026-03-06
11827,moana_c21h30o2,227,Abordable,2026-03-06
11828,Ceber_24,227,Abordable,2026-03-06
11829,hozesweethoze,227,Abordable,2026-03-06
11830,caliendark,227,Abordable,2026-03-06
11831,monsieurcamembert,227,Abordable,2026-03-06
11832,aarowltdf,227,Abordable,2026-03-06
11833,theohenry1610,227,Abordable,2026-03-06
11834,tristanppo,226,Abordable,2026-03-06
11835,skyllneverdie,226,Abordable,2026-03-06
11836,bambin0u,226,Abordable,2026-03-06
11837,CellMout,226,Abordable,2026-03-06
11838,poupingaelle,226,Abordable,2026-03-06
11839,cytronixe,226,Abordable,2026-03-06
11840,darkelle,226,Abordable,2026-03-06
11841,alaindu12,226,Abordable,2026-03-06
11842,Cedigold,226,Abordable,2026-03-06
11843,isa4033,226,Abordable,2026-03-06
11844,juamadieu,226,Abordable,2026-03-06
11845,thelululu,226,Abordable,2026-03-06
11846,camille291200,226,Abordable,2026-03-06
11847,lilya_cmy,226,Abordable,2026-03-06
11848,kiyling,226,Abordable,2026-03-06
11849,ioxks,226,Abordable,2026-03-06
11850,Ajkaz,226,Abordable,2026-03-06
11851,raykkiz,225,Abordable,2026-03-06
11852,annachronique27,225,Abordable,2026-03-06
11853,antoineee____,225,Abordable,2026-03-06
11854,Andaaeriel,225,Abordable,2026-03-06
11855,elizaza37111317,225,Abordable,2026-03-06
11856,robin_x44x,225,Abordable,2026-03-06
11857,llSiwonll,224,Abordable,2026-03-06
11858,bisule0,224,Abordable,2026-03-06
11859,august_vgn,224,Abordable,2026-03-06
11860,jimolanimoo,224,Abordable,2026-03-06
11861,clemcnon,224,Abordable,2026-03-06
11862,Bameuskadi,224,Abordable,2026-03-06
11863,Stranger_Flash,224,Abordable,2026-03-06
11864,mheuvet,223,Abordable,2026-03-06
11865,ejalinier,223,Abordable,2026-03-06
11866,kikikioofkekdo,223,Abordable,2026-03-06
11867,Reyru92,223,Abordable,2026-03-06
11868,Ewcofymi_TV,223,Abordable,2026-03-06
11869,Cristalia,223,Abordable,2026-03-06
11870,choco_prince,223,Abordable,2026-03-06
11871,shaaanor,223,Abordable,2026-03-06
11872,kshallz,222,Abordable,2026-03-06
11873,katy_22100,222,Abordable,2026-03-06
11874,Revido_,222,Abordable,2026-03-06
11875,georges_fromage,222,Abordable,2026-03-06
11876,mounefcm,221,Abordable,2026-03-06
11877,clairette_06,221,Abordable,2026-03-06
11878,Aysshii,221,Abordable,2026-03-06
11879,tonychal98,221,Abordable,2026-03-06
11880,auxane_lbrs,221,Abordable,2026-03-06
11881,jchap1459,221,Abordable,2026-03-06
11882,lowwp15,221,Abordable,2026-03-06
11883,alexnsa007,221,Abordable,2026-03-06
11884,victoor2302,221,Abordable,2026-03-06
11885,Oclase_,221,Abordable,2026-03-06
11886,KZayTo,221,Abordable,2026-03-06
11887,snoopy_0905,221,Abordable,2026-03-06
11888,renardftn,221,Abordable,2026-03-06
11889,jacob_2095,221,Abordable,2026-03-06
11890,mroxy57,220,Abordable,2026-03-06
11891,biigmath67,220,Abordable,2026-03-06
11892,louaucarre2,220,Abordable,2026-03-06
11893,biscuitpaladin6,220,Abordable,2026-03-06
11894,knnfece,220,Abordable,2026-03-06
11895,peramega69,220,Abordable,2026-03-06
11896,lisam2803,220,Abordable,2026-03-06
11897,angeceleste,220,Abordable,2026-03-06
11898,anssstri,219,Abordable,2026-03-06
11899,anaelle_jhl,219,Abordable,2026-03-06
11900,dodeline84,219,Abordable,2026-03-06
11901,janisss50,219,Abordable,2026-03-06
11902,kc_younes26,219,Abordable,2026-03-06
11903,bachacranta,218,Abordable,2026-03-06
11904,camille_stjalm,218,Abordable,2026-03-06
11905,alexgamer2172,218,Abordable,2026-03-06
11906,sounidoo,218,Abordable,2026-03-06
11907,ch4rly_01,218,Abordable,2026-03-06
11908,ZetsuyFR,218,Abordable,2026-03-06
11909,xxwartozzxx,218,Abordable,2026-03-06
11910,quent47,218,Abordable,2026-03-06
11911,Soniii79,217,Abordable,2026-03-06
11912,lilcookie270,217,Abordable,2026-03-06
11913,aiexis_brg,217,Abordable,2026-03-06
11914,remremsss,217,Abordable,2026-03-06
11915,benji1478,216,Abordable,2026-03-06
11916,niveksmash,216,Abordable,2026-03-06
11917,legend_yosh_,216,Abordable,2026-03-06
11918,tom_dtd,216,Abordable,2026-03-06
11919,loulox10,216,Abordable,2026-03-06
11920,PierreNoseTV,216,Abordable,2026-03-06
11921,Conscko,216,Abordable,2026-03-06
11922,chrono_maitre,216,Abordable,2026-03-06
11923,teholee,216,Abordable,2026-03-06
11924,aerok_76,215,Abordable,2026-03-06
11925,Patcho__,215,Abordable,2026-03-06
11926,RaphFafia05,215,Abordable,2026-03-06
11927,valoulelout,215,Abordable,2026-03-06
11928,yopcrazy,215,Abordable,2026-03-06
11929,thonyfers,215,Abordable,2026-03-06
11930,parzival4235,215,Abordable,2026-03-06
11931,orangina3008,215,Abordable,2026-03-06
11932,oc_4002,215,Abordable,2026-03-06
11933,LucA_B91,215,Abordable,2026-03-06
11934,aefenelon,215,Abordable,2026-03-06
11935,nabil_0000,215,Abordable,2026-03-06
11936,fiiqzette,214,Abordable,2026-03-06
11937,M8_Sonoix,214,Abordable,2026-03-06
11938,snowchris,214,Abordable,2026-03-06
11939,babyboys14,214,Abordable,2026-03-06
11940,ocee582,214,Abordable,2026-03-06
11941,GusLeCactuS,214,Abordable,2026-03-06
11942,ZeNadack,214,Abordable,2026-03-06
11943,zezitron,214,Abordable,2026-03-06
11944,Sashiko_lol,214,Abordable,2026-03-06
11945,deliae_,214,Abordable,2026-03-06
11946,malaoja,214,Abordable,2026-03-06
11947,lpdbrx,214,Abordable,2026-03-06
11948,cindyprz,214,Abordable,2026-03-06
11949,folstein21,214,Abordable,2026-03-06
11950,LeKosby,214,Abordable,2026-03-06
11951,tnt_bs,214,Abordable,2026-03-06
11952,DrChoppeer,214,Abordable,2026-03-06
11953,Amalasunthe,214,Abordable,2026-03-06
11954,elinelaza,214,Abordable,2026-03-06
11955,YuniAnalya,213,Abordable,2026-03-06
11956,AvyAce,213,Abordable,2026-03-06
11957,Jumaica42,213,Abordable,2026-03-06
11958,dimryzer,213,Abordable,2026-03-06
11959,le_cubi_de_mamie,213,Abordable,2026-03-06
11960,marin_michmel,213,Abordable,2026-03-06
11961,le_loubard,213,Abordable,2026-03-06
11962,CR_Arthurito,213,Abordable,2026-03-06
11963,lucas16160,213,Abordable,2026-03-06
11964,alpha_lumix,212,Abordable,2026-03-06
11965,belugava,212,Abordable,2026-03-06
11966,jb8931,212,Abordable,2026-03-06
11967,annickdewavre,212,Abordable,2026-03-06
11968,novohgu,212,Abordable,2026-03-06
11969,katgoro_fphess,212,Abordable,2026-03-06
11970,IIPiRaTeII,212,Abordable,2026-03-06
11971,eloizeee77,212,Abordable,2026-03-06
11972,flachaaaaat,212,Abordable,2026-03-06
11973,21gramsofceline,212,Abordable,2026-03-06
11974,bf152,212,Abordable,2026-03-06
11975,cjuless,212,Abordable,2026-03-06
11976,juliostis,212,Abordable,2026-03-06
11977,dirrow_,211,Abordable,2026-03-06
11978,Protesco,211,Abordable,2026-03-06
11979,LNS_Seven,211,Abordable,2026-03-06
11980,shiirudo_,211,Abordable,2026-03-06
11981,titus_rss,211,Abordable,2026-03-06
11982,MacManet,210,Abordable,2026-03-06
11983,gentil_rori,210,Abordable,2026-03-06
11984,spraky,210,Abordable,2026-03-06
11985,ledieumichel42,210,Abordable,2026-03-06
11986,chasseur2lotus,210,Abordable,2026-03-06
11987,Psimenox,210,Abordable,2026-03-06
11988,bLuecYan,210,Abordable,2026-03-06
11989,ant_ld13,210,Abordable,2026-03-06
11990,captainmoocs,210,Abordable,2026-03-06
11991,C_li_ah,210,Abordable,2026-03-06
11992,mylene_bqlln,210,Abordable,2026-03-06
11993,nebsus,210,Abordable,2026-03-06
11994,rat_ix,210,Abordable,2026-03-06
11995,moonkrist,210,Abordable,2026-03-06
11996,IvanDesTables,210,Abordable,2026-03-06
11997,MonsieurEus,210,Abordable,2026-03-06
11998,BourgeoisGentilhomme,210,Abordable,2026-03-06
11999,echos987,210,Abordable,2026-03-06
12000,Thahsal,210,Abordable,2026-03-06
12001,mad__world___,210,Abordable,2026-03-06
12002,Matdu81,210,Abordable,2026-03-06
12003,paquetdeclopes,210,Abordable,2026-03-06
12004,ey_la,210,Abordable,2026-03-06
12005,Gew_tter,210,Abordable,2026-03-06
12006,bastien_f2156,210,Abordable,2026-03-06
12007,bourseur,210,Abordable,2026-03-06
12008,suuuuperman67,210,Abordable,2026-03-06
12009,jokk_9,210,Abordable,2026-03-06
12010,Saaaaaaaabbbbbbbbb,210,Abordable,2026-03-06
12011,luffytaro077,210,Abordable,2026-03-06
12012,inespplicable,210,Abordable,2026-03-06
12013,Lonardoss,210,Abordable,2026-03-06
12014,irigoss,210,Abordable,2026-03-06
12015,Falkhae,210,Abordable,2026-03-06
12016,emeline_jrdn,210,Abordable,2026-03-06
12017,linares33000,210,Abordable,2026-03-06
12018,just1bridouu,210,Abordable,2026-03-06
12019,pixel_2010,210,Abordable,2026-03-06
12020,julduv,210,Abordable,2026-03-06
12021,Minto3X,210,Abordable,2026-03-06
12022,math_lrg,210,Abordable,2026-03-06
12023,Kuhro93,210,Abordable,2026-03-06
12024,grosoursgrincheux,210,Abordable,2026-03-06
12025,duanyarhs,210,Abordable,2026-03-06
12026,fuf_26,210,Abordable,2026-03-06
12027,niodau,210,Abordable,2026-03-06
12028,the_evonix,210,Abordable,2026-03-06
12029,french_cookies_,210,Abordable,2026-03-06
12030,charpl0u,210,Abordable,2026-03-06
12031,twwcu,210,Abordable,2026-03-06
12032,Marels10,210,Abordable,2026-03-06
12033,silili33,210,Abordable,2026-03-06
12034,drowolf25,210,Abordable,2026-03-06
12035,Papytou,210,Abordable,2026-03-06
12036,aalleexxiiss01,210,Abordable,2026-03-06
12037,swinblad,210,Abordable,2026-03-06
12038,cosmoschtroumpf6,210,Abordable,2026-03-06
12039,alluka189,210,Abordable,2026-03-06
12040,Yanflayer,210,Abordable,2026-03-06
12041,0livson,210,Abordable,2026-03-06
12042,enzo__gf10,210,Abordable,2026-03-06
12043,morty_1607,210,Abordable,2026-03-06
12044,Maitre_Shifu12,210,Abordable,2026-03-06
12045,rgrim,210,Abordable,2026-03-06
12046,l0wseez_,210,Abordable,2026-03-06
12047,markmark0v,210,Abordable,2026-03-06
12048,Helle_Bored,210,Abordable,2026-03-06
12049,nolwenn0429,210,Abordable,2026-03-06
12050,angeliquelouis,210,Abordable,2026-03-06
12051,csgctaxii,210,Abordable,2026-03-06
12052,beatozoor,210,Abordable,2026-03-06
12053,ytehkjhzkhkjhkh,210,Abordable,2026-03-06
12054,EricLaFrite,210,Abordable,2026-03-06
12055,Geojet,210,Abordable,2026-03-06
12056,lucecr,210,Abordable,2026-03-06
12057,kelyanctl,210,Abordable,2026-03-06
12058,tonio_14_,210,Abordable,2026-03-06
12059,sebastttt,210,Abordable,2026-03-06
12060,Lekk_25,210,Abordable,2026-03-06
12061,donovanbriand,210,Abordable,2026-03-06
12062,raouphkc,210,Abordable,2026-03-06
12063,tiboug97228,210,Abordable,2026-03-06
12064,Warib0,210,Abordable,2026-03-06
12065,VaIIou,210,Abordable,2026-03-06
12066,clarabibaut52,210,Abordable,2026-03-06
12067,Elyxian3313,210,Abordable,2026-03-06
12068,Oromisl,210,Abordable,2026-03-06
12069,White_Meteor,210,Abordable,2026-03-06
12070,thomasbios,210,Abordable,2026-03-06
12081,seykolz,209,Abordable,2026-03-06
12082,kakashishh,209,Abordable,2026-03-06
12083,marylou_ppr,209,Abordable,2026-03-06
12084,potatoooeees,209,Abordable,2026-03-06
12085,klausmikaelson467,209,Abordable,2026-03-06
12086,misterdada02,209,Abordable,2026-03-06
12087,Ghormy,209,Abordable,2026-03-06
12088,UniXdeTwitch,208,Abordable,2026-03-06
12089,noacsnv,208,Abordable,2026-03-06
12090,aeztot,208,Abordable,2026-03-06
12091,Raccoon_del_inferno,208,Abordable,2026-03-06
12092,studio_wisart,208,Abordable,2026-03-06
12093,lioohm11,208,Abordable,2026-03-06
12094,cemm__,207,Abordable,2026-03-06
12095,lakecb63,207,Abordable,2026-03-06
12096,gagou_off,207,Abordable,2026-03-06
12097,nevescar,207,Abordable,2026-03-06
12098,jakougnou,207,Abordable,2026-03-06
12099,infinity0404,207,Abordable,2026-03-06
12100,Samsouls_,206,Abordable,2026-03-06
12101,ic_astosse,206,Abordable,2026-03-06
12102,poulpib,206,Abordable,2026-03-06
12103,antoh457,206,Abordable,2026-03-06
12104,Ionaent,206,Abordable,2026-03-06
12105,rivieres_,206,Abordable,2026-03-06
12106,merlinxmas,206,Abordable,2026-03-06
12107,jles08,206,Abordable,2026-03-06
12108,silversud0,206,Abordable,2026-03-06
12109,jud_0range,205,Abordable,2026-03-06
12110,Kojiac,205,Abordable,2026-03-06
12111,penelopeulv,205,Abordable,2026-03-06
12112,hugopereira0,205,Abordable,2026-03-06
12113,chlo1605,205,Abordable,2026-03-06
12114,zzzzzz29052010,204,Abordable,2026-03-06
12115,ninjasteel971,204,Abordable,2026-03-06
12116,alexlep_,204,Abordable,2026-03-06
12117,teomate8,203,Abordable,2026-03-06
12118,cptbantam,203,Abordable,2026-03-06
12119,poposheitan,203,Abordable,2026-03-06
12120,Leroi4567,203,Abordable,2026-03-06
12121,axoul55,203,Abordable,2026-03-06
12122,nonononono654,203,Abordable,2026-03-06
12123,albich_pleureur,203,Abordable,2026-03-06
12124,hugo_denis2605,203,Abordable,2026-03-06
12125,emmental117785,203,Abordable,2026-03-06
12126,SohtreZ__,202,Abordable,2026-03-06
12127,Levins78,202,Abordable,2026-03-06
12128,seb_cdl,202,Abordable,2026-03-06
12129,drozy2626,202,Abordable,2026-03-06
12130,laurebrc,202,Abordable,2026-03-06
12131,heartofmaddy,202,Abordable,2026-03-06
12132,M4mbo__,202,Abordable,2026-03-06
12133,TibaUlte,202,Abordable,2026-03-06
12134,Le_TGM,202,Abordable,2026-03-06
12135,tryscalia,201,Abordable,2026-03-06
12136,siplair,201,Abordable,2026-03-06
12137,LouisR_Twitch,201,Abordable,2026-03-06
12138,nellyepp,200,Abordable,2026-03-06
12139,christianeafr,200,Abordable,2026-03-06
12140,itsnotcha,200,Abordable,2026-03-06
12141,lepetitmoutondeux,200,Abordable,2026-03-06
12142,loulouh19,199,Abordable,2026-03-06
12143,rezokoro,199,Abordable,2026-03-06
12144,ST_Franckytchup,199,Abordable,2026-03-06
12145,jejepelikan,199,Abordable,2026-03-06
12146,Todoroki_MhdFire_NK,199,Abordable,2026-03-06
12147,WolphegonLive,199,Abordable,2026-03-06
12148,levrettepunitivereformed,198,Abordable,2026-03-06
12149,cabolognaise,198,Abordable,2026-03-06
12150,thib_clmb,198,Abordable,2026-03-06
12151,gus1249,198,Abordable,2026-03-06
12152,paarl002,198,Abordable,2026-03-06
12153,wizeko_,198,Abordable,2026-03-06
12154,Moi_0405,198,Abordable,2026-03-06
12155,zvx_vichy,198,Abordable,2026-03-06
12156,Hinkyu,198,Abordable,2026-03-06
12157,gentilnuage66,197,Abordable,2026-03-06
12158,RedHawK04280,197,Abordable,2026-03-06
12159,flololarose,197,Abordable,2026-03-06
12160,louislyr72,197,Abordable,2026-03-06
12161,ccjmc1958,197,Abordable,2026-03-06
12162,couscousfleurii,197,Abordable,2026-03-06
12163,noelitodelamuerto,197,Abordable,2026-03-06
12164,mashoum,197,Abordable,2026-03-06
12165,anaelle0501,197,Abordable,2026-03-06
12166,m4rcheur_blanc,197,Abordable,2026-03-06
12167,noctario08,197,Abordable,2026-03-06
12168,therybles,197,Abordable,2026-03-06
12169,Dark0oo_,197,Abordable,2026-03-06
12170,Rovi35,197,Abordable,2026-03-06
12171,reinom2,197,Abordable,2026-03-06
12172,flexheal,197,Abordable,2026-03-06
12173,mac_cime,197,Abordable,2026-03-06
12174,valochzer,196,Abordable,2026-03-06
12175,nesness_19,196,Abordable,2026-03-06
12176,jamzy79,196,Abordable,2026-03-06
12177,El_Shivas,196,Abordable,2026-03-06
12178,patoulamenace,196,Abordable,2026-03-06
12179,sev_e_,196,Abordable,2026-03-06
12180,WhiteDumbo,196,Abordable,2026-03-06
12181,kingkiwi02,196,Abordable,2026-03-06
12182,pavakamz,196,Abordable,2026-03-06
12183,alexiel05,196,Abordable,2026-03-06
12184,anniefru54,196,Abordable,2026-03-06
12185,virginienatacha,196,Abordable,2026-03-06
12186,rom931,196,Abordable,2026-03-06
12187,SpannerLies,196,Abordable,2026-03-06
12188,mecherebel,196,Abordable,2026-03-06
12189,martinob12345,196,Abordable,2026-03-06
12190,levraialph,196,Abordable,2026-03-06
12191,noaaahthl,196,Abordable,2026-03-06
12192,lulustrabouy,196,Abordable,2026-03-06
12193,cobinette,196,Abordable,2026-03-06
12194,Ari4ane,195,Abordable,2026-03-06
12195,KC_Shalowe,195,Abordable,2026-03-06
12196,Youupla,195,Abordable,2026-03-06
12197,cettebonnevieillemarie,195,Abordable,2026-03-06
12198,elweisss,195,Abordable,2026-03-06
12199,Niavlyth,195,Abordable,2026-03-06
12200,Primordialys,194,Abordable,2026-03-06
12201,remy_gdre,194,Abordable,2026-03-06
12202,asmode23,194,Abordable,2026-03-06
12203,Duanoc_,194,Abordable,2026-03-06
12204,adro49bi,194,Abordable,2026-03-06
12205,valochelovesnever,194,Abordable,2026-03-06
12206,cikeos,194,Abordable,2026-03-06
12207,Mowenlein,193,Abordable,2026-03-06
12208,juliettemtrop,193,Abordable,2026-03-06
12209,un_grain_de_sable,193,Abordable,2026-03-06
12210,lehygo,193,Abordable,2026-03-06
12211,NIETTE_e_,193,Abordable,2026-03-06
12212,samuelsallagoitylafitte,193,Abordable,2026-03-06
12213,toxto_jvum11,193,Abordable,2026-03-06
12214,hirons,192,Abordable,2026-03-06
12215,praioraptor,192,Abordable,2026-03-06
12216,krokvador,192,Abordable,2026-03-06
12217,clarouxxx,192,Abordable,2026-03-06
12218,guiral64,192,Abordable,2026-03-06
12219,Mavinus_,192,Abordable,2026-03-06
12220,euds78,191,Abordable,2026-03-06
12221,louisb6,191,Abordable,2026-03-06
12222,carolinedenancy,191,Abordable,2026-03-06
12223,akahiko7w,191,Abordable,2026-03-06
12224,Just__Xt,191,Abordable,2026-03-06
12225,jeffetpipioli,191,Abordable,2026-03-06
12226,manon_fhl,191,Abordable,2026-03-06
12227,margotnallet,191,Abordable,2026-03-06
12228,davidbenan,191,Abordable,2026-03-06
12229,amphi054,191,Abordable,2026-03-06
12230,arti_choux,191,Abordable,2026-03-06
12231,maxou3030,191,Abordable,2026-03-06
12232,thortome,191,Abordable,2026-03-06
12233,camuscamuss,191,Abordable,2026-03-06
12234,lordhiraishin,191,Abordable,2026-03-06
12235,allgoodis,191,Abordable,2026-03-06
12236,gadouxe,191,Abordable,2026-03-06
12237,Oxlann_,190,Abordable,2026-03-06
12238,dongosh,190,Abordable,2026-03-06
12239,kalmiter,190,Abordable,2026-03-06
12240,tomdudimanche,190,Abordable,2026-03-06
12241,bublesTV_,190,Abordable,2026-03-06
12242,MULEDO,190,Abordable,2026-03-06
12243,josefinlandd,190,Abordable,2026-03-06
12244,yayaaa94,190,Abordable,2026-03-06
12245,sawgyann,190,Abordable,2026-03-06
12246,mtpslim60,189,Abordable,2026-03-06
12247,Nataroks,189,Abordable,2026-03-06
12248,yoonchaeee,189,Abordable,2026-03-06
12249,babbambi_,189,Abordable,2026-03-06
12250,paparsival,189,Abordable,2026-03-06
12251,no_nocturne,189,Abordable,2026-03-06
12252,matthieubst,189,Abordable,2026-03-06
12253,swilenne,189,Abordable,2026-03-06
12254,bapper21,189,Abordable,2026-03-06
12255,Laufay,188,Abordable,2026-03-06
12256,iHoyLe,188,Abordable,2026-03-06
12257,Goldenmerou,188,Abordable,2026-03-06
12258,MixxcderLand,188,Abordable,2026-03-06
12259,Schelnooow,188,Abordable,2026-03-06
12260,ethann12cpsdemidi,188,Abordable,2026-03-06
12261,BigfloEtOliLive,188,Abordable,2026-03-06
12262,Ianc3lot,188,Abordable,2026-03-06
12263,kc_finger,188,Abordable,2026-03-06
12264,anthox_47,188,Abordable,2026-03-06
12265,kalumeeh,188,Abordable,2026-03-06
12266,mattyfication,188,Abordable,2026-03-06
12267,finlande_,188,Abordable,2026-03-06
12268,Okamino_77,188,Abordable,2026-03-06
12269,Catdjuu,188,Abordable,2026-03-06
12270,melltrex,188,Abordable,2026-03-06
12271,BoidinCharles,187,Abordable,2026-03-06
12272,7zgregi,187,Abordable,2026-03-06
12273,kyowaa_,187,Abordable,2026-03-06
12274,Alyanaska,186,Abordable,2026-03-06
12275,louise2505,186,Abordable,2026-03-06
12276,Nightfall92C,186,Abordable,2026-03-06
12277,spaulineee,186,Abordable,2026-03-06
12278,politooooo0,186,Abordable,2026-03-06
12279,chroma0809,186,Abordable,2026-03-06
12280,lolosk_,186,Abordable,2026-03-06
12281,cbsasmf,186,Abordable,2026-03-06
12282,caca0503,185,Abordable,2026-03-06
12283,stain_gc,184,Abordable,2026-03-06
12284,totoles,184,Abordable,2026-03-06
12285,davidvincent78,184,Abordable,2026-03-06
12286,novitae,184,Abordable,2026-03-06
12287,nyolow,184,Abordable,2026-03-06
12288,Simonet_,184,Abordable,2026-03-06
12289,flac00_,184,Abordable,2026-03-06
12290,elpianissimoo,184,Abordable,2026-03-06
12291,jblacroc,184,Abordable,2026-03-06
12292,datchbri,184,Abordable,2026-03-06
12293,elbaumet,184,Abordable,2026-03-06
12294,lostport_,184,Abordable,2026-03-06
12295,amanineuh,184,Abordable,2026-03-06
12296,faucheur1414,184,Abordable,2026-03-06
12297,flp0100,184,Abordable,2026-03-06
12298,PlayfulChuck,184,Abordable,2026-03-06
12299,MrRmW,184,Abordable,2026-03-06
12300,astorath29,183,Abordable,2026-03-06
12301,Nytroooo_,183,Abordable,2026-03-06
12302,debcau,183,Abordable,2026-03-06
12303,SfpYoshi,183,Abordable,2026-03-06
12304,Vitourp,183,Abordable,2026-03-06
12305,ComradeLazyShpee,182,Abordable,2026-03-06
12306,Zeiriuu,182,Abordable,2026-03-06
12307,jodily,182,Abordable,2026-03-06
12308,gigiblaum,182,Abordable,2026-03-06
12309,Alia_1864,182,Abordable,2026-03-06
12310,gigot_dagnole,182,Abordable,2026-03-06
12311,andolie_twitch,182,Abordable,2026-03-06
12312,luxuryon_,182,Abordable,2026-03-06
12313,Lolayaay,182,Abordable,2026-03-06
12314,T02L,182,Abordable,2026-03-06
12315,kikitron34,181,Abordable,2026-03-06
12316,ines_31_,181,Abordable,2026-03-06
12317,foufifanou,181,Abordable,2026-03-06
12318,jmstudent228,181,Abordable,2026-03-06
12319,Ebuloz,181,Abordable,2026-03-06
12320,marinepx,181,Abordable,2026-03-06
12321,gradzard,180,Abordable,2026-03-06
12322,babas134,180,Abordable,2026-03-06
12323,erwanlp22,180,Abordable,2026-03-06
12324,bigchaudasse,180,Abordable,2026-03-06
12325,cuzen_,180,Abordable,2026-03-06
12326,mAkenLeVrai,180,Abordable,2026-03-06
12327,VaTriX_0,180,Abordable,2026-03-06
12328,guillaume__8,180,Abordable,2026-03-06
12329,Mithrime,180,Abordable,2026-03-06
12330,hoymille,180,Abordable,2026-03-06
12331,gamoror4,180,Abordable,2026-03-06
12332,TheFrozindead,180,Abordable,2026-03-06
12333,mururoahh,180,Abordable,2026-03-06
12334,laulilette,180,Abordable,2026-03-06
12335,zozolevraie,180,Abordable,2026-03-06
12336,massalia___,180,Abordable,2026-03-06
12337,yaourt_24,180,Abordable,2026-03-06
12338,jj_947,180,Abordable,2026-03-06
12339,zihura,180,Abordable,2026-03-06
12340,sukyos_,180,Abordable,2026-03-06
12341,Harukali,180,Abordable,2026-03-06
12342,Tortyw,180,Abordable,2026-03-06
12343,nail_artiste,180,Abordable,2026-03-06
12344,momo_cfr,180,Abordable,2026-03-06
12345,ptitpikka,180,Abordable,2026-03-06
12346,AntoineDuq,180,Abordable,2026-03-06
12347,garrenlagan,180,Abordable,2026-03-06
12348,clara_mstn,180,Abordable,2026-03-06
12349,emeric74400,180,Abordable,2026-03-06
12350,aasfax_,180,Abordable,2026-03-06
12351,ahmoxfut,180,Abordable,2026-03-06
12352,Leandre0812,180,Abordable,2026-03-06
12353,gael_aco,180,Abordable,2026-03-06
12354,leopold062,180,Abordable,2026-03-06
12355,Rmzzz,180,Abordable,2026-03-06
12356,nijikala,180,Abordable,2026-03-06
12357,sk199999,180,Abordable,2026-03-06
12358,monkyflea,180,Abordable,2026-03-06
12359,nathan_810,180,Abordable,2026-03-06
12360,babelehr,180,Abordable,2026-03-06
12361,Floked_,180,Abordable,2026-03-06
12362,invasiondecochons,180,Abordable,2026-03-06
12363,Gamanana,180,Abordable,2026-03-06
12364,udzfoot,180,Abordable,2026-03-06
12365,raphi2506,180,Abordable,2026-03-06
12366,drag00_00n,180,Abordable,2026-03-06
12367,sorsheal2,180,Abordable,2026-03-06
12368,balance_oie_re,180,Abordable,2026-03-06
12369,Valtop_,180,Abordable,2026-03-06
12370,faucheuus,180,Abordable,2026-03-06
12371,Homelandcat,180,Abordable,2026-03-06
12372,Heldeur,180,Abordable,2026-03-06
12373,charlenedod,180,Abordable,2026-03-06
12374,nowayprofr,180,Abordable,2026-03-06
12375,Miyusaho,180,Abordable,2026-03-06
12376,noadacosta,180,Abordable,2026-03-06
12377,erazics,180,Abordable,2026-03-06
12378,swxnnnn,180,Abordable,2026-03-06
12379,chefout,180,Abordable,2026-03-06
12380,olivbleu,180,Abordable,2026-03-06
12381,martin_supreme_cheese,180,Abordable,2026-03-06
12382,paul_tandniaize,180,Abordable,2026-03-06
12383,cookietroopboon,180,Abordable,2026-03-06
12384,cristinamatt,180,Abordable,2026-03-06
12385,vanvan53,180,Abordable,2026-03-06
12386,manonlinetlse,180,Abordable,2026-03-06
12387,neoArtaX,180,Abordable,2026-03-06
12388,leaaaaa78,180,Abordable,2026-03-06
12389,liamilo,180,Abordable,2026-03-06
12390,foge73,180,Abordable,2026-03-06
12391,ratuss_69,180,Abordable,2026-03-06
12392,Shinibarty,180,Abordable,2026-03-06
12393,LaMentaliste,180,Abordable,2026-03-06
12394,cllemncee,180,Abordable,2026-03-06
12395,papadeterii,180,Abordable,2026-03-06
12396,twmat_,180,Abordable,2026-03-06
12397,naganos,180,Abordable,2026-03-06
12398,ju72489,180,Abordable,2026-03-06
12399,Taciturnesan,180,Abordable,2026-03-06
12400,le_quiche_,180,Abordable,2026-03-06
12401,ebzila,180,Abordable,2026-03-06
12402,ethan_diabate,180,Abordable,2026-03-06
12403,atomicxgremlin,180,Abordable,2026-03-06
12404,arthurcamus,180,Abordable,2026-03-06
12405,JilkoniX,180,Abordable,2026-03-06
12406,discuss__,180,Abordable,2026-03-06
12407,cxlestee,180,Abordable,2026-03-06
12408,leaat__,180,Abordable,2026-03-06
12409,LeHendrik47,180,Abordable,2026-03-06
12410,jdhwhsk,180,Abordable,2026-03-06
12411,pabl0ow,180,Abordable,2026-03-06
12412,elouche37,180,Abordable,2026-03-06
12413,terrygolooo,180,Abordable,2026-03-06
12414,averyd2,180,Abordable,2026-03-06
12415,Carl1403,180,Abordable,2026-03-06
12416,Elariss_,180,Abordable,2026-03-06
12417,cubyflo,180,Abordable,2026-03-06
12418,zetronn,180,Abordable,2026-03-06
12419,pablo_chgn,180,Abordable,2026-03-06
12420,chaa_314,180,Abordable,2026-03-06
12421,le_jnc,179,Abordable,2026-03-06
12422,inferno564,179,Abordable,2026-03-06
12423,victoricard,179,Abordable,2026-03-06
12424,IPacOII,179,Abordable,2026-03-06
12425,chalderiap,179,Abordable,2026-03-06
12426,lemoize,178,Abordable,2026-03-06
12427,juli4_r,178,Abordable,2026-03-06
12428,eli78913,178,Abordable,2026-03-06
12429,turcikovitch,178,Abordable,2026-03-06
12430,edotenzo,178,Abordable,2026-03-06
12431,librokoza,178,Abordable,2026-03-06
12432,valou_ht,178,Abordable,2026-03-06
12433,No_ChiCha,178,Abordable,2026-03-06
12434,saboignare,177,Abordable,2026-03-06
12435,chachou2202,177,Abordable,2026-03-06
12436,crista_lynn,177,Abordable,2026-03-06
12437,Eyakan,176,Abordable,2026-03-06
12438,lylid29,176,Abordable,2026-03-06
12439,nouk3364,176,Abordable,2026-03-06
12440,emmakipu,176,Abordable,2026-03-06
12441,nathne1,176,Abordable,2026-03-06
12442,darkkie76,176,Abordable,2026-03-06
12443,Tsunamiiyo,176,Abordable,2026-03-06
12444,sasarob,176,Abordable,2026-03-06
12445,titor___,176,Abordable,2026-03-06
12446,cinq_sans_seize,176,Abordable,2026-03-06
12447,alekksbss,176,Abordable,2026-03-06
12448,hgiro22,175,Abordable,2026-03-06
12449,lenabornet,175,Abordable,2026-03-06
12450,dx_want_t,175,Abordable,2026-03-06
12451,elfiii_elfy9,174,Abordable,2026-03-06
12452,Inferniuus,174,Abordable,2026-03-06
12453,zelog56,174,Abordable,2026-03-06
12454,jayjayflaco,174,Abordable,2026-03-06
12455,llulup,173,Abordable,2026-03-06
12456,evenc06,173,Abordable,2026-03-06
12457,k3v_bn,173,Abordable,2026-03-06
12458,carelu11,173,Abordable,2026-03-06
12459,bxubxu54,173,Abordable,2026-03-06
12460,matisu_4d4,173,Abordable,2026-03-06
12461,ErebauK,173,Abordable,2026-03-06
12462,zlaspha,173,Abordable,2026-03-06
12463,psgwin_,173,Abordable,2026-03-06
12464,yurei_aki,172,Abordable,2026-03-06
12465,ju4n1t0ss,172,Abordable,2026-03-06
12466,enicar76,172,Abordable,2026-03-06
12467,boulaki8,172,Abordable,2026-03-06
12468,lunnella2711,172,Abordable,2026-03-06
12469,Ringskar_,172,Abordable,2026-03-06
12470,leroiragondin,172,Abordable,2026-03-06
12471,rheia76,171,Abordable,2026-03-06
12472,Seahri,171,Abordable,2026-03-06
12473,SvenGC,171,Abordable,2026-03-06
12474,ilanwt,171,Abordable,2026-03-06
12475,chiddyslimbaby,171,Abordable,2026-03-06
12476,celianganlupi,170,Abordable,2026-03-06
12477,evasfts,170,Abordable,2026-03-06
12478,EthoooZ,168,Abordable,2026-03-06
12479,Oshlup,168,Abordable,2026-03-06
12480,s_seen,168,Abordable,2026-03-06
12481,youriii5,168,Abordable,2026-03-06
12482,silveney_29,168,Abordable,2026-03-06
12483,42gats,168,Abordable,2026-03-06
12484,tirabit1,168,Abordable,2026-03-06
12485,cathy92tchang,167,Abordable,2026-03-06
12486,louisgta32,167,Abordable,2026-03-06
12487,DodgingPineapple,167,Abordable,2026-03-06
12488,amliesubi,167,Abordable,2026-03-06
12489,moucky_yt,167,Abordable,2026-03-06
12490,IBloody_LaMoula,167,Abordable,2026-03-06
12491,raknarok868,167,Abordable,2026-03-06
12492,billkilleuse,166,Abordable,2026-03-06
12493,linkbot_firely,166,Abordable,2026-03-06
12494,monsieur_zozo21,166,Abordable,2026-03-06
12495,activesocieties,166,Abordable,2026-03-06
12496,ShinnyyTwi,166,Abordable,2026-03-06
12497,srgreg62,166,Abordable,2026-03-06
12498,pandemoniumo,166,Abordable,2026-03-06
12499,calci_tv,166,Abordable,2026-03-06
12500,leacalmar,166,Abordable,2026-03-06
12501,noah_tirie,166,Abordable,2026-03-06
12502,bananaboss97,166,Abordable,2026-03-06
12503,tomythoman,166,Abordable,2026-03-06
12504,Reven_vl,166,Abordable,2026-03-06
12505,thlse,166,Abordable,2026-03-06
12506,xila42,166,Abordable,2026-03-06
12507,hugues_teyssier,166,Abordable,2026-03-06
12508,Enigamy,166,Abordable,2026-03-06
12509,etyyxx,166,Abordable,2026-03-06
12510,TW_thunderwolf,166,Abordable,2026-03-06
12511,Ivy_Bridge31280,166,Abordable,2026-03-06
12512,loutrecurieuse,166,Abordable,2026-03-06
12513,ragnarokkruger,166,Abordable,2026-03-06
12514,thonyjordan24,165,Abordable,2026-03-06
12515,Kishin_80,165,Abordable,2026-03-06
12516,margoulinfr,165,Abordable,2026-03-06
12517,basilictigre_x,164,Abordable,2026-03-06
12518,grorentinn,164,Abordable,2026-03-06
12519,bewbewbew,164,Abordable,2026-03-06
12520,louiseodr,164,Abordable,2026-03-06
12521,mamoux02,164,Abordable,2026-03-06
12522,theboulet007,164,Abordable,2026-03-06
12523,morpho_games,164,Abordable,2026-03-06
12524,drthibault69,164,Abordable,2026-03-06
12525,enzolok05,163,Abordable,2026-03-06
12526,TRKLNOCTAA,163,Abordable,2026-03-06
12527,overcreepy,163,Abordable,2026-03-06
12528,bebertlevrai,163,Abordable,2026-03-06
12529,baabslil,163,Abordable,2026-03-06
12530,Mitsuushi,163,Abordable,2026-03-06
12531,alex22O4_,163,Abordable,2026-03-06
12532,medi_gpl,162,Abordable,2026-03-06
12533,etienneruru,162,Abordable,2026-03-06
12534,timeo_plr,162,Abordable,2026-03-06
12535,perle_18,161,Abordable,2026-03-06
12536,xzaqqq,161,Abordable,2026-03-06
12537,tuturenflure,161,Abordable,2026-03-06
12538,El_Gippos,161,Abordable,2026-03-06
12539,starrora_swag,161,Abordable,2026-03-06
12540,naitsu____,161,Abordable,2026-03-06
12541,hurricanescampy,161,Abordable,2026-03-06
12542,foufounef,161,Abordable,2026-03-06
12543,une_jadouu,161,Abordable,2026-03-06
12544,CaIheim,161,Abordable,2026-03-06
12545,lauranneda,161,Abordable,2026-03-06
12546,jerosom,161,Abordable,2026-03-06
12547,KeacyKenobi,161,Abordable,2026-03-06
12548,Tilouxe,160,Abordable,2026-03-06
12549,Dayvyde94,160,Abordable,2026-03-06
12550,equeyran,160,Abordable,2026-03-06
12551,sw_lauriane,160,Abordable,2026-03-06
12552,GalouTV,160,Abordable,2026-03-06
12553,hiboux_de_la_lune,160,Abordable,2026-03-06
12554,blanix_x,160,Abordable,2026-03-06
12555,kazutoyaa,160,Abordable,2026-03-06
12556,mailyyyyyss,159,Abordable,2026-03-06
12557,proserpine_lovely,159,Abordable,2026-03-06
12558,Macksawn,159,Abordable,2026-03-06
12559,tpedrajas,159,Abordable,2026-03-06
12560,Antthoss,159,Abordable,2026-03-06
12561,Lars_1204,159,Abordable,2026-03-06
12562,irisdvl,159,Abordable,2026-03-06
12563,lllunatix,158,Abordable,2026-03-06
12564,teamjbzzed,158,Abordable,2026-03-06
12565,robernardd,158,Abordable,2026-03-06
12566,Avalonyx,158,Abordable,2026-03-06
12567,andreamrts,158,Abordable,2026-03-06
12568,roronoa2k,158,Abordable,2026-03-06
12569,nathxeb,157,Abordable,2026-03-06
12570,camion_fruit,157,Abordable,2026-03-06
12571,AgentL02,156,Abordable,2026-03-06
12572,walidbki,156,Abordable,2026-03-06
12573,mayukimisa,156,Abordable,2026-03-06
12574,MaxPaiiiin,156,Abordable,2026-03-06
12575,ouaislequip,156,Abordable,2026-03-06
12576,arzyphale,156,Abordable,2026-03-06
12577,cecile69340,155,Abordable,2026-03-06
12578,macnocky,154,Abordable,2026-03-06
12579,Hyanato,154,Abordable,2026-03-06
12580,Mylanderp,154,Abordable,2026-03-06
12581,flavuera,154,Abordable,2026-03-06
12582,Prehaline,154,Abordable,2026-03-06
12583,AkaS_FTS,154,Abordable,2026-03-06
12584,paleander,154,Abordable,2026-03-06
12585,tobiochannn,154,Abordable,2026-03-06
12586,Midifix,154,Abordable,2026-03-06
12587,lilaagr,154,Abordable,2026-03-06
12588,uranium_19,154,Abordable,2026-03-06
12589,hybiky,154,Abordable,2026-03-06
12590,S0rab,153,Abordable,2026-03-06
12591,bearzo091,153,Abordable,2026-03-06
12592,paulorigolo,153,Abordable,2026-03-06
12593,SKORELbucci,153,Abordable,2026-03-06
12594,arno__70,153,Abordable,2026-03-06
12595,bento0m,153,Abordable,2026-03-06
12596,Barbe__Rousse_,153,Abordable,2026-03-06
12597,edithstsik,152,Abordable,2026-03-06
12598,ThomskoBilly,152,Abordable,2026-03-06
12599,CouscousDeToucan,152,Abordable,2026-03-06
12600,lulu191108,152,Abordable,2026-03-06
12601,arkan_______,152,Abordable,2026-03-06
12602,K2Fkertos,152,Abordable,2026-03-06
12603,alban1j2,152,Abordable,2026-03-06
12604,Anael_458,152,Abordable,2026-03-06
12605,El_Platypus,152,Abordable,2026-03-06
12606,NewLombax,152,Abordable,2026-03-06
12607,morarf,150,Abordable,2026-03-06
12608,aythel,150,Abordable,2026-03-06
12609,antoine_p35,150,Abordable,2026-03-06
12610,casyopee,150,Abordable,2026-03-06
12611,FrancoisRegisGolri,150,Abordable,2026-03-06
12612,GriffBRQ,150,Abordable,2026-03-06
12613,quendysse_,150,Abordable,2026-03-06
12614,petitsoleil2811,150,Abordable,2026-03-06
12615,Stilitou,150,Abordable,2026-03-06
12616,bakir692,150,Abordable,2026-03-06
12617,paulby_chocapic,150,Abordable,2026-03-06
12618,epsiion31,150,Abordable,2026-03-06
12619,missmarmelade,150,Abordable,2026-03-06
12620,momoelbargeot,150,Abordable,2026-03-06
12621,tibawbaw,150,Abordable,2026-03-06
12622,TsumeFakiri,150,Abordable,2026-03-06
12623,ElPeoninho,150,Abordable,2026-03-06
12624,akirr0ss,150,Abordable,2026-03-06
12625,kcmaxxlxx,150,Abordable,2026-03-06
12626,Calamity_Jah1,150,Abordable,2026-03-06
12627,nicolain20,150,Abordable,2026-03-06
12628,leoop_0,150,Abordable,2026-03-06
12629,Pirox_76,150,Abordable,2026-03-06
12630,Kioube,150,Abordable,2026-03-06
12631,alicegsst,150,Abordable,2026-03-06
12632,lil_dew_91,150,Abordable,2026-03-06
12633,ronikiinns,150,Abordable,2026-03-06
12634,athesto_,150,Abordable,2026-03-06
12635,LeGeneralPatton,150,Abordable,2026-03-06
12636,adrien_geni,150,Abordable,2026-03-06
12637,craribow,150,Abordable,2026-03-06
12638,chozetsu_,150,Abordable,2026-03-06
12639,AxeLegend2,150,Abordable,2026-03-06
12640,Jarketh,150,Abordable,2026-03-06
12641,pouf45,150,Abordable,2026-03-06
12642,cla_gnzls,150,Abordable,2026-03-06
12643,jimzoh34,150,Abordable,2026-03-06
12644,slayyyyyyyyyyy_,150,Abordable,2026-03-06
12645,emmaangelaross,150,Abordable,2026-03-06
12646,mightyplatypus,150,Abordable,2026-03-06
12647,valousse85,150,Abordable,2026-03-06
12648,Yuurei_Panic,150,Abordable,2026-03-06
12649,BenjaminGambon,150,Abordable,2026-03-06
12650,JLWhices,150,Abordable,2026-03-06
12651,bocboc2,150,Abordable,2026-03-06
12652,kaelig7,150,Abordable,2026-03-06
12653,zilano_,150,Abordable,2026-03-06
12654,axadious,150,Abordable,2026-03-06
12655,leprincet,150,Abordable,2026-03-06
12656,hunter_edo,150,Abordable,2026-03-06
12657,pimsoriginal,150,Abordable,2026-03-06
12658,sarah_zn_,150,Abordable,2026-03-06
12659,come_0009,150,Abordable,2026-03-06
12660,lZUMOl,150,Abordable,2026-03-06
12661,lagnarik_,150,Abordable,2026-03-06
12662,lesfollicochonnes,150,Abordable,2026-03-06
12663,cmaelwesh,150,Abordable,2026-03-06
12664,kkayjin,150,Abordable,2026-03-06
12665,ludovizzle,150,Abordable,2026-03-06
12666,sinqy__,150,Abordable,2026-03-06
12667,man_we550,150,Abordable,2026-03-06
12668,didou1207,150,Abordable,2026-03-06
12669,earz_ramb0,150,Abordable,2026-03-06
12670,galacno,150,Abordable,2026-03-06
12671,lululatortueninja,150,Abordable,2026-03-06
12672,orel93,150,Abordable,2026-03-06
12673,tipii_,150,Abordable,2026-03-06
12674,clemmmmss,150,Abordable,2026-03-06
12675,kaveiiraa,150,Abordable,2026-03-06
12676,chagas9444,150,Abordable,2026-03-06
12677,lulugfr,150,Abordable,2026-03-06
12678,Matheiere,150,Abordable,2026-03-06
12679,lucasdusiecle,150,Abordable,2026-03-06
12680,Gismo_LoL,150,Abordable,2026-03-06
12681,FoxNate,150,Abordable,2026-03-06
12682,Pirate85310,150,Abordable,2026-03-06
12683,egk_wolf,150,Abordable,2026-03-06
12684,WEENZLY,150,Abordable,2026-03-06
12685,darkmaxxfr,150,Abordable,2026-03-06
12686,ilowhrl,150,Abordable,2026-03-06
12687,Newton_the_true,150,Abordable,2026-03-06
12688,Taps0605,150,Abordable,2026-03-06
12689,requinque,150,Abordable,2026-03-06
12690,Yuro222,150,Abordable,2026-03-06
12691,chackey2,150,Abordable,2026-03-06
12692,camussard06,150,Abordable,2026-03-06
12693,loloroller2000,150,Abordable,2026-03-06
12694,lyder_live,150,Abordable,2026-03-06
12695,momoaloulou,150,Abordable,2026-03-06
12696,luluamn,150,Abordable,2026-03-06
12697,nuagevoiture,150,Abordable,2026-03-06
12698,hgzer_,150,Abordable,2026-03-06
12699,alexandre_lfa,150,Abordable,2026-03-06
12700,chajacq,150,Abordable,2026-03-06
12701,memo____789,150,Abordable,2026-03-06
12702,Frangipanure,150,Abordable,2026-03-06
12703,yatzea,150,Abordable,2026-03-06
12704,rideuurrr,150,Abordable,2026-03-06
12705,6_Kakashi_,150,Abordable,2026-03-06
12706,fantin_cr,150,Abordable,2026-03-06
12707,ant0ine_36,150,Abordable,2026-03-06
12708,slyway14,150,Abordable,2026-03-06
12709,jessecox27,150,Abordable,2026-03-06
12710,tiphainedltr,148,Abordable,2026-03-06
12711,tomsgameinfr,147,Abordable,2026-03-06
12712,quizgoat,146,Abordable,2026-03-06
12713,ZedZed_EU,146,Abordable,2026-03-06
12714,renard28384,146,Abordable,2026-03-06
12715,elasix,146,Abordable,2026-03-06
12716,alain_b_,146,Abordable,2026-03-06
12717,mimiadamy,144,Abordable,2026-03-06
12718,mazarizinaza,144,Abordable,2026-03-06
12719,f__a07,143,Abordable,2026-03-06
12720,masnp,143,Abordable,2026-03-06
12721,KAARISLEPOULET,143,Abordable,2026-03-06
12722,Hugorder7,143,Abordable,2026-03-06
12723,Kiyotaka63,143,Abordable,2026-03-06
12724,m8_majupr0dga,143,Abordable,2026-03-06
12725,nightcat_m,143,Abordable,2026-03-06
12726,carlagt30,142,Abordable,2026-03-06
12727,ambreuuu24,142,Abordable,2026-03-06
12728,valouks,142,Abordable,2026-03-06
12729,lottisste,141,Abordable,2026-03-06
12730,nina_str6,140,Abordable,2026-03-06
12731,mitzzip,140,Abordable,2026-03-06
12732,dem0On70,138,Abordable,2026-03-06
12733,LuckyS444,138,Abordable,2026-03-06
12734,kyandchzs,138,Abordable,2026-03-06
12735,Xandar_22,138,Abordable,2026-03-06
12736,AhrKz_,138,Abordable,2026-03-06
12737,TiGen_TV,138,Abordable,2026-03-06
12738,blueyyyyrl,138,Abordable,2026-03-06
12739,Nykoza,138,Abordable,2026-03-06
12740,oxxilun,138,Abordable,2026-03-06
12741,amaurybodin,138,Abordable,2026-03-06
12742,shadoxnight,138,Abordable,2026-03-06
12743,neoitachi1416,138,Abordable,2026-03-06
12744,lil_titou,138,Abordable,2026-03-06
12745,moukachten,138,Abordable,2026-03-06
12746,bichehumide,137,Abordable,2026-03-06
12747,Mat_hieu_,137,Abordable,2026-03-06
12748,laly_des,136,Abordable,2026-03-06
12749,lmu976,136,Abordable,2026-03-06
12750,kevvvin33,136,Abordable,2026-03-06
12751,ezilllo,136,Abordable,2026-03-06
12752,ikrameyh,136,Abordable,2026-03-06
12753,luckka06,136,Abordable,2026-03-06
12754,sephrane94,136,Abordable,2026-03-06
12755,space_lynk,136,Abordable,2026-03-06
12756,trilou42,136,Abordable,2026-03-06
12757,mamie_gigitte,136,Abordable,2026-03-06
12758,fennec801,136,Abordable,2026-03-06
12759,rubias09,136,Abordable,2026-03-06
12760,mathildemrnn,136,Abordable,2026-03-06
12761,LeZooave,136,Abordable,2026-03-06
12762,byterqlf,136,Abordable,2026-03-06
12763,maashh_,136,Abordable,2026-03-06
12764,nsyCrabe,136,Abordable,2026-03-06
12765,BaziIic_,136,Abordable,2026-03-06
12766,LevraiPaupaul,136,Abordable,2026-03-06
12767,sealixir_fr,135,Abordable,2026-03-06
12768,mortphes,135,Abordable,2026-03-06
12769,tomtominours,135,Abordable,2026-03-06
12770,analou53,135,Abordable,2026-03-06
12771,braiseee,135,Abordable,2026-03-06
12772,GarsideIsDead,134,Abordable,2026-03-06
12773,st_gratouilledu36,133,Abordable,2026-03-06
12774,toadster___,133,Abordable,2026-03-06
12775,lllllluxxxx,133,Abordable,2026-03-06
12776,m1samosa,132,Abordable,2026-03-06
12777,alex_levraichemin,132,Abordable,2026-03-06
12778,Nonow45,132,Abordable,2026-03-06
12779,sand0002,131,Abordable,2026-03-06
12780,ophprz85,131,Abordable,2026-03-06
12781,tiyaetplume,131,Abordable,2026-03-06
12782,Anemone_02,130,Abordable,2026-03-06
12783,jon_lioka,130,Abordable,2026-03-06
12784,Jorge___I,130,Abordable,2026-03-06
12785,Kanass59,130,Abordable,2026-03-06
12786,stitchmod_,130,Abordable,2026-03-06
12787,sab_rll,130,Abordable,2026-03-06
12788,yacoubarbatruc,130,Abordable,2026-03-06
12789,elody83260,130,Abordable,2026-03-06
12790,manon14522,129,Abordable,2026-03-06
12791,lisa_razu,129,Abordable,2026-03-06
12792,KC_Sunna,129,Abordable,2026-03-06
12793,iyoan344,129,Abordable,2026-03-06
12794,schertos23,128,Abordable,2026-03-06
12795,makeryaa,128,Abordable,2026-03-06
12796,sandwi8,128,Abordable,2026-03-06
12797,mathildegbe,128,Abordable,2026-03-06
12798,kingnoxious7,128,Abordable,2026-03-06
12799,Amel1002,126,Abordable,2026-03-06
12800,meleagant62000,126,Abordable,2026-03-06
12801,ujol17,125,Abordable,2026-03-06
12802,nalouchee,124,Abordable,2026-03-06
12803,emmyyy16,124,Abordable,2026-03-06
12804,Mowglitos69,124,Abordable,2026-03-06
12805,Thibault_Pap,124,Abordable,2026-03-06
12806,julinho2905,124,Abordable,2026-03-06
12807,3m4rt1l1s3r4_,123,Abordable,2026-03-06
12808,Thomazepin,123,Abordable,2026-03-06
12809,gmarcelegoat,123,Abordable,2026-03-06
12810,skirnirs,123,Abordable,2026-03-06
12811,fullbrain_,123,Abordable,2026-03-06
12812,painboulette,123,Abordable,2026-03-06
12813,nelodi,122,Abordable,2026-03-06
12814,timothe1708,122,Abordable,2026-03-06
12815,Xela_N9,122,Abordable,2026-03-06
12816,jeanrajh,122,Abordable,2026-03-06
12817,teyzen_,122,Abordable,2026-03-06
12818,wyzenlol,121,Abordable,2026-03-06
12819,Edrate,120,Abordable,2026-03-06
12820,Leoooooop,120,Abordable,2026-03-06
12821,L0UMAA,120,Abordable,2026-03-06
12822,la_tortueninja,120,Abordable,2026-03-06
12823,nicothom200,120,Abordable,2026-03-06
12824,Babaobab__,120,Abordable,2026-03-06
12825,ImNon0X,120,Abordable,2026-03-06
12826,emerico017,120,Abordable,2026-03-06
12827,elpaulo64,120,Abordable,2026-03-06
12828,fardreamer79,120,Abordable,2026-03-06
12829,yfoxgamerpvp,120,Abordable,2026-03-06
12830,Metafesse,120,Abordable,2026-03-06
12831,FR_FuFu,120,Abordable,2026-03-06
12832,Whitepantiz,120,Abordable,2026-03-06
12833,Terrybac,120,Abordable,2026-03-06
12834,Xelo_GG,120,Abordable,2026-03-06
12835,tygruu,120,Abordable,2026-03-06
12836,THE_MEKI,120,Abordable,2026-03-06
12837,Yota_284,120,Abordable,2026-03-06
12838,Lunick28,120,Abordable,2026-03-06
12839,theohf,120,Abordable,2026-03-06
12840,lpgcyril,120,Abordable,2026-03-06
12841,manonlschr26,120,Abordable,2026-03-06
12842,gaby212121210,120,Abordable,2026-03-06
12843,Fexatsyn,120,Abordable,2026-03-06
12844,SalimLaBanquise,120,Abordable,2026-03-06
12845,petitcoq17,120,Abordable,2026-03-06
12846,michelpaste,120,Abordable,2026-03-06
12847,Rom1_04,120,Abordable,2026-03-06
12848,rob127in,120,Abordable,2026-03-06
12849,linda34230,120,Abordable,2026-03-06
12850,erwanlfd,120,Abordable,2026-03-06
12851,inesgil_976,120,Abordable,2026-03-06
12852,gaetaaan_,120,Abordable,2026-03-06
12853,clochettelep,120,Abordable,2026-03-06
12854,chlo_bnt,120,Abordable,2026-03-06
12855,lou142004,120,Abordable,2026-03-06
12856,loubie16,120,Abordable,2026-03-06
12857,nah0j_g,120,Abordable,2026-03-06
12858,xavier_deb,120,Abordable,2026-03-06
12859,keke_4002,120,Abordable,2026-03-06
12860,kayanir,120,Abordable,2026-03-06
12861,Tim_Destroyer,120,Abordable,2026-03-06
12862,koxilaz1,120,Abordable,2026-03-06
12863,hezer_0,120,Abordable,2026-03-06
12864,superkik_15,120,Abordable,2026-03-06
12865,nar2t0,120,Abordable,2026-03-06
12866,Val_Team17,120,Abordable,2026-03-06
12867,r4nd0m__0,120,Abordable,2026-03-06
12868,gz_or,120,Abordable,2026-03-06
12869,Eppeque,120,Abordable,2026-03-06
12870,a_plant_from_nowhere,120,Abordable,2026-03-06
12871,eliottjaunet,120,Abordable,2026-03-06
12872,piwarrr,120,Abordable,2026-03-06
12873,asthehis,120,Abordable,2026-03-06
12874,TheKatomb,120,Abordable,2026-03-06
12875,OnnDJ,120,Abordable,2026-03-06
12876,Dolmaur_BoardGamerAddict,120,Abordable,2026-03-06
12877,Izolyne,120,Abordable,2026-03-06
12878,christietms,120,Abordable,2026-03-06
12879,mederic_3,120,Abordable,2026-03-06
12880,Frdyyyy,120,Abordable,2026-03-06
12881,XeNNNN31,120,Abordable,2026-03-06
12882,lalim92,120,Abordable,2026-03-06
12883,papillon44350,120,Abordable,2026-03-06
12884,ibesmoon,120,Abordable,2026-03-06
12885,gwendaluiyap,120,Abordable,2026-03-06
12886,fernoiser,120,Abordable,2026-03-06
12887,R0binet_,120,Abordable,2026-03-06
12888,maomaolumine,120,Abordable,2026-03-06
12889,Oshibaru,120,Abordable,2026-03-06
12890,mat31_,120,Abordable,2026-03-06
12891,toufikfik,120,Abordable,2026-03-06
12892,wass1o,120,Abordable,2026-03-06
12893,haga_rdd,120,Abordable,2026-03-06
12894,lezooooo4ve,120,Abordable,2026-03-06
12895,elonky,120,Abordable,2026-03-06
12896,Fontananas,120,Abordable,2026-03-06
12897,raphael868,120,Abordable,2026-03-06
12898,nozcore_,120,Abordable,2026-03-06
12899,feizoreyzeur,120,Abordable,2026-03-06
12900,WoodieJinn,120,Abordable,2026-03-06
12901,ilnyaplusdepiles,120,Abordable,2026-03-06
12902,monster_dico,120,Abordable,2026-03-06
12903,douroum77,120,Abordable,2026-03-06
12904,BendeRo_,118,Abordable,2026-03-06
12905,Syrakhuse,118,Abordable,2026-03-06
12906,OnLy__Tv,117,Abordable,2026-03-06
12907,camden_town,116,Abordable,2026-03-06
12908,asiriix,116,Abordable,2026-03-06
12909,CecilLoul,116,Abordable,2026-03-06
12910,tssaru5,113,Abordable,2026-03-06
12911,Eventage,113,Abordable,2026-03-06
12912,Arkhaloss,113,Abordable,2026-03-06
12913,3ulia,113,Abordable,2026-03-06
12914,megthemug,113,Abordable,2026-03-06
12915,quent_dlf_,110,Abordable,2026-03-06
12916,Poupixe,110,Abordable,2026-03-06
12917,PhosfoZ,109,Abordable,2026-03-06
12918,beniben1990,108,Abordable,2026-03-06
12919,kazeKblood,108,Abordable,2026-03-06
12920,Florian41,108,Abordable,2026-03-06
12921,KeykoTV_,108,Abordable,2026-03-06
12922,mx_gigi_,108,Abordable,2026-03-06
12923,snackdiino,108,Abordable,2026-03-06
12924,leynha_,106,Abordable,2026-03-06
12925,hc12gamer,106,Abordable,2026-03-06
12926,kimbo_008,106,Abordable,2026-03-06
12927,Nuwri,106,Abordable,2026-03-06
12928,cenozoique,106,Abordable,2026-03-06
12929,k1000caze,106,Abordable,2026-03-06
12930,Jo_Choc,106,Abordable,2026-03-06
12931,Eyoda974,106,Abordable,2026-03-06
12932,Flash_dawn,106,Abordable,2026-03-06
12933,Symjii,105,Abordable,2026-03-06
12934,Clem_92100,105,Abordable,2026-03-06
12935,coralighht,104,Abordable,2026-03-06
12936,Cobottas7,104,Abordable,2026-03-06
12937,Mistergoosk,104,Abordable,2026-03-06
12938,manon313131,102,Abordable,2026-03-06
12939,williamfransen,102,Abordable,2026-03-06
12940,jos_k_a,101,Abordable,2026-03-06
12941,zackrom2,101,Abordable,2026-03-06
12942,Elioesque,100,Abordable,2026-03-06
12943,vfallegv,100,Abordable,2026-03-06
12944,osburth,100,Abordable,2026-03-06
12945,kaioooox,100,Abordable,2026-03-06
12946,kapz7__,99,Abordable,2026-03-06
12947,amaande2,99,Abordable,2026-03-06
12948,Neykoe,99,Abordable,2026-03-06
12949,kc_adeloo,98,Abordable,2026-03-06
12950,ipsa_valou,98,Abordable,2026-03-06
12951,tdoignon,98,Abordable,2026-03-06
12952,tornade55,98,Abordable,2026-03-06
12953,Vaganuki,98,Abordable,2026-03-06
12954,juliemarie700,98,Abordable,2026-03-06
12955,clement_1710,98,Abordable,2026-03-06
12956,salutatous350,97,Abordable,2026-03-06
12957,2yasmine_,95,Abordable,2026-03-06
12958,Wesnoww,93,Abordable,2026-03-06
12959,omblin,93,Abordable,2026-03-06
12960,nas_la_menace95,92,Abordable,2026-03-06
12961,elasticoco,92,Abordable,2026-03-06
12962,lili0abrt,92,Abordable,2026-03-06
12963,cassano99goat,92,Abordable,2026-03-06
12964,eodum59,90,Abordable,2026-03-06
12965,Sohamso,90,Abordable,2026-03-06
12966,mnopsice,90,Abordable,2026-03-06
12967,beanjiiiii,90,Abordable,2026-03-06
12968,leleg2,90,Abordable,2026-03-06
12969,suzanne336777,90,Abordable,2026-03-06
12970,flavien_fr85,90,Abordable,2026-03-06
12971,yorkeeeeee,90,Abordable,2026-03-06
12972,enkibt,90,Abordable,2026-03-06
12973,Salakis_,90,Abordable,2026-03-06
12974,Acidu___,90,Abordable,2026-03-06
12975,kano_off,90,Abordable,2026-03-06
12976,bastounet66,90,Abordable,2026-03-06
12977,mathis8952,90,Abordable,2026-03-06
12978,lumixae,90,Abordable,2026-03-06
12979,Milou_510,90,Abordable,2026-03-06
12980,canastark,90,Abordable,2026-03-06
12981,iquera,90,Abordable,2026-03-06
12982,makayyyy,90,Abordable,2026-03-06
12983,seikeem,90,Abordable,2026-03-06
12984,fadoch212,90,Abordable,2026-03-06
12985,morinanaelle,90,Abordable,2026-03-06
12986,duapmip,90,Abordable,2026-03-06
12987,pern3lle,90,Abordable,2026-03-06
12988,citrouille_19,90,Abordable,2026-03-06
12989,thonybzh29,90,Abordable,2026-03-06
12990,elocipe,90,Abordable,2026-03-06
12991,CDT_juel,90,Abordable,2026-03-06
12992,lyokodbst,90,Abordable,2026-03-06
12993,amb9876543210,90,Abordable,2026-03-06
12994,lulucbn,90,Abordable,2026-03-06
12995,laaxx_0,90,Abordable,2026-03-06
12996,lilemss,90,Abordable,2026-03-06
12997,maya4444444,90,Abordable,2026-03-06
12998,zaurya_,90,Abordable,2026-03-06
12999,nesounette,90,Abordable,2026-03-06
13000,pofly__,90,Abordable,2026-03-06
13001,lulu37860000,90,Abordable,2026-03-06
13002,sanctom_,90,Abordable,2026-03-06
13003,thomas6114000,90,Abordable,2026-03-06
13004,fatalitesfoujjji,90,Abordable,2026-03-06
13005,22Vegaa,90,Abordable,2026-03-06
13006,carigno_,90,Abordable,2026-03-06
13007,bvne24,90,Abordable,2026-03-06
13008,packtimfc,90,Abordable,2026-03-06
13009,selcap,88,Abordable,2026-03-06
13010,pooome18,87,Abordable,2026-03-06
13011,Wolfraphraph,86,Abordable,2026-03-06
13012,sparthus_le_rat,85,Abordable,2026-03-06
13013,rosieslemonade,85,Abordable,2026-03-06
13014,maitreshot,82,Abordable,2026-03-06
13015,minimoys2110,82,Abordable,2026-03-06
13016,gar0uk,82,Abordable,2026-03-06
13017,TmengXng,79,Abordable,2026-03-06
13018,benjigeno,78,Abordable,2026-03-06
13019,pingoulet,78,Abordable,2026-03-06
13020,Etiranyth_83,78,Abordable,2026-03-06
13021,lowyky,78,Abordable,2026-03-06
13022,intarwet,75,Abordable,2026-03-06
13023,mokpin,75,Abordable,2026-03-06
13024,snayer1580,75,Abordable,2026-03-06
13025,Aerow62,75,Abordable,2026-03-06
13026,Garudaaz,74,Abordable,2026-03-06
13027,FireWing01010101,74,Abordable,2026-03-06
13028,sensei_marley_,74,Abordable,2026-03-06
13029,enzo_rach,71,Abordable,2026-03-06
13030,Xenbooot,70,Abordable,2026-03-06
13031,Vastag__,70,Abordable,2026-03-06
13032,matjam2005,70,Abordable,2026-03-06
13033,zatoth_r6,70,Abordable,2026-03-06
13034,Kazurudo,70,Abordable,2026-03-06
13035,clarahda,69,Abordable,2026-03-06
13036,rooooooohhhhhhh,68,Abordable,2026-03-06
13037,rs6ixx,68,Abordable,2026-03-06
13038,stleboss2020,68,Abordable,2026-03-06
13039,franci_l_etoile_de_mer,68,Abordable,2026-03-06
13040,elfooow,68,Abordable,2026-03-06
13041,spadriix,68,Abordable,2026-03-06
13042,Lucie361,68,Abordable,2026-03-06
13043,Sageuss,66,Abordable,2026-03-06
13044,rastalove62143,66,Abordable,2026-03-06
13045,ZaXion_YT,66,Abordable,2026-03-06
13046,Luzmog_Tvv,66,Abordable,2026-03-06
13047,cro_ki,64,Abordable,2026-03-06
13048,kouriri,60,Abordable,2026-03-06
13049,lisa92dc,60,Abordable,2026-03-06
13050,khylix03,60,Abordable,2026-03-06
13051,giannisjr2,60,Abordable,2026-03-06
13052,cours_echecs_dodo,60,Abordable,2026-03-06
13053,coco_bnd,60,Abordable,2026-03-06
13054,ayumi30005,60,Abordable,2026-03-06
13055,u_tumbadore,60,Abordable,2026-03-06
13056,etiennesurtonlive,60,Abordable,2026-03-06
13057,sxniadsch,60,Abordable,2026-03-06
13058,aizoo,60,Abordable,2026-03-06
13059,hypeshadowdash,60,Abordable,2026-03-06
13060,oneilie,60,Abordable,2026-03-06
13061,nanousse_,60,Abordable,2026-03-06
13062,heisenburger828,60,Abordable,2026-03-06
13063,Sadochiii,60,Abordable,2026-03-06
13064,elizabeth_829,60,Abordable,2026-03-06
13065,roxaneluc,60,Abordable,2026-03-06
13066,elisa62370,60,Abordable,2026-03-06
13067,nukex64,60,Abordable,2026-03-06
13068,Xerios_0,60,Abordable,2026-03-06
13069,wali404,60,Abordable,2026-03-06
13070,ehr79,60,Abordable,2026-03-06
13071,jackartho,60,Abordable,2026-03-06
13072,maryview_,60,Abordable,2026-03-06
13073,val_cln,60,Abordable,2026-03-06
13074,L3xys,60,Abordable,2026-03-06
13075,Clemhostyl3,60,Abordable,2026-03-06
13076,threshol,60,Abordable,2026-03-06
13077,Ashki,60,Abordable,2026-03-06
13078,n0ah_ltsr,52,Abordable,2026-03-06
13079,jeetix13,52,Abordable,2026-03-06
13080,94mustahil,51,Abordable,2026-03-06
13081,al_kryme,48,Abordable,2026-03-06
13082,cdz_anto,48,Abordable,2026-03-06
13083,Naejirah,48,Abordable,2026-03-06
13084,myte_0,45,Abordable,2026-03-06
13085,kontinuum_lxix,44,Abordable,2026-03-06
13086,darkgriezou17,44,Abordable,2026-03-06
13087,sawcisselevrai,44,Abordable,2026-03-06
13088,Nassjet,40,Abordable,2026-03-06
13089,simonvousparle,40,Abordable,2026-03-06
13090,splitzou19,40,Abordable,2026-03-06
13091,Lea_Ysha,39,Abordable,2026-03-06
13092,harryglandeur,39,Abordable,2026-03-06
13093,poseidonzero94,38,Abordable,2026-03-06
13094,kevinetlucas,38,Abordable,2026-03-06
13095,valleinx,38,Abordable,2026-03-06
13096,lisa________________,38,Abordable,2026-03-06
13097,LuluX852,38,Abordable,2026-03-06
13098,asumaa213,38,Abordable,2026-03-06
13099,daropa,31,Abordable,2026-03-06
13100,meluptitlu,30,Abordable,2026-03-06
13101,Figoluuuu,30,Abordable,2026-03-06
13102,grizly64,30,Abordable,2026-03-06
13103,mi_marion,30,Abordable,2026-03-06
13104,kujo_01_,30,Abordable,2026-03-06
13105,OchoTom,30,Abordable,2026-03-06
13106,louislgrnt,30,Abordable,2026-03-06
13107,Toumba,30,Abordable,2026-03-06
13108,amano_hoey,30,Abordable,2026-03-06
13109,Ugly_Dingzy,30,Abordable,2026-03-06
13110,marfy1232,25,Abordable,2026-03-06
13111,Alexey_yyy,24,Abordable,2026-03-06
13112,UnPand4,18,Abordable,2026-03-06
13113,talendoz__,10,Abordable,2026-03-06
13114,Roi_des_ananas_Rj_Jb,10,Abordable,2026-03-06
13115,noecc33,8,Abordable,2026-03-06
13116,mattotolz,8,Abordable,2026-03-06
13117,william_lardechois,6,Abordable,2026-03-06
13118,blk_973,3,Abordable,2026-03-06
13119,roxie_mt,1,Abordable,2026-03-06
13120,liinou62,0,Abordable,2026-03-06
13121,JujuLaChips_,0,Abordable,2026-03-06
13122,mr_thoomas,0,Abordable,2026-03-06
13123,sauvagericc,0,Abordable,2026-03-06
13124,erzaslot,0,Abordable,2026-03-06
13125,prepathlas,0,Abordable,2026-03-06
13126,stylyrus,0,Abordable,2026-03-06
13127,lecture240,0,Abordable,2026-03-06
1,XavINSA_,2833,Expert,2026-03-06
2,Herbiv,2815,Expert,2026-03-06
3,Oriharaaa_,2788,Expert,2026-03-06
4,scottsbury,2688,Expert,2026-03-06
5,mdr_olfan79,2612,Expert,2026-03-06
6,Vayke084,2608,Expert,2026-03-06
7,Poy0o7,2599,Expert,2026-03-06
8,yoyoseb29,2584,Expert,2026-03-06
9,RED_JAZ,2577,Expert,2026-03-06
10,xanabud,2567,Expert,2026-03-06
11,thanann12,2564,Expert,2026-03-06
12,Maitre_JB,2546,Expert,2026-03-06
13,pindeslandes2,2540,Expert,2026-03-06
14,ralph_flo,2506,Expert,2026-03-06
15,jaxa1987,2467,Expert,2026-03-06
16,hawkinsstv,2457,Expert,2026-03-06
17,Cokeuhlikot,2428,Expert,2026-03-06
18,Deelfe,2417,Expert,2026-03-06
19,xelel06,2392,Expert,2026-03-06
20,Richbis,2390,Expert,2026-03-06
21,willy_pagnol,2369,Expert,2026-03-06
22,akypiiik,2363,Expert,2026-03-06
23,Tapalchoix,2342,Expert,2026-03-06
24,amulus91,2324,Expert,2026-03-06
25,totototomas123,2323,Expert,2026-03-06
26,thehautifl,2318,Expert,2026-03-06
27,pierre0042,2307,Expert,2026-03-06
28,Kid_Treplev,2294,Expert,2026-03-06
29,B0udrick,2292,Expert,2026-03-06
30,ronalbert33,2288,Expert,2026-03-06
31,enzodalby,2283,Expert,2026-03-06
32,Lvxn_,2279,Expert,2026-03-06
33,SkylagStream,2272,Expert,2026-03-06
34,snowkey_y,2267,Expert,2026-03-06
35,Ascogone,2249,Expert,2026-03-06
36,AliGerBrap,2247,Expert,2026-03-06
37,livebreizh,2246,Expert,2026-03-06
38,athena83__,2243,Expert,2026-03-06
39,ju_mardy,2242,Expert,2026-03-06
40,erag0nyc,2231,Expert,2026-03-06
41,ThePylote,2225,Expert,2026-03-06
42,armosfr,2222,Expert,2026-03-06
43,denissanchez1978,2208,Expert,2026-03-06
44,Akena_EFE,2187,Expert,2026-03-06
45,lolokhali,2184,Expert,2026-03-06
46,jotunheim29,2175,Expert,2026-03-06
47,TnT04100,2168,Expert,2026-03-06
48,alex_11_19_96,2156,Expert,2026-03-06
49,N_Selenian,2149,Expert,2026-03-06
50,EmmyDeter,2141,Expert,2026-03-06
51,biugn,2137,Expert,2026-03-06
52,kecyftn,2123,Expert,2026-03-06
53,zigzag_ld,2119,Expert,2026-03-06
54,ElColchoneroFR,2090,Expert,2026-03-06
55,Enarkael,2088,Expert,2026-03-06
56,guigsdu17,2069,Expert,2026-03-06
57,Joyphena,2045,Expert,2026-03-06
58,romain_9_,2044,Expert,2026-03-06
59,motel_86,2036,Expert,2026-03-06
60,cpegorier,2035,Expert,2026-03-06
61,Theodiric3,2028,Expert,2026-03-06
62,eliaas755,2016,Expert,2026-03-06
63,modokomso,2008,Expert,2026-03-06
64,TheApac,2003,Expert,2026-03-06
65,zecharentais,1989,Expert,2026-03-06
66,91benda,1979,Expert,2026-03-06
67,Noahzis_,1976,Expert,2026-03-06
68,eddydet,1971,Expert,2026-03-06
69,windsorlockwood,1964,Expert,2026-03-06
70,SpleenEtFlemme,1961,Expert,2026-03-06
71,hugrotu,1945,Expert,2026-03-06
72,jesus00733,1937,Expert,2026-03-06
73,suplex63,1924,Expert,2026-03-06
74,mm2956,1923,Expert,2026-03-06
75,big_toto,1920,Expert,2026-03-06
76,gavheda,1917,Expert,2026-03-06
77,ChercheurdOr,1912,Expert,2026-03-06
78,eden91940,1904,Expert,2026-03-06
79,mpointc,1894,Expert,2026-03-06
80,itsjooris,1889,Expert,2026-03-06
81,tractopoule_,1888,Expert,2026-03-06
82,aikez7,1887,Expert,2026-03-06
83,Annonyme31,1883,Expert,2026-03-06
84,TamPoque,1869,Expert,2026-03-06
85,torethiel,1867,Expert,2026-03-06
86,valqpuc,1860,Expert,2026-03-06
87,tan_tris,1853,Expert,2026-03-06
88,jepeuxtemontrerlescrocs,1846,Expert,2026-03-06
89,smfc95,1844,Expert,2026-03-06
90,Azdakar,1841,Expert,2026-03-06
91,bodopute,1837,Expert,2026-03-06
92,JankieChad,1832,Expert,2026-03-06
93,ThemaskOo,1818,Expert,2026-03-06
94,louis_lc2,1810,Expert,2026-03-06
95,floriandrux,1810,Expert,2026-03-06
96,tomlg3415,1808,Expert,2026-03-06
97,TerrliNainPosteur,1807,Expert,2026-03-06
98,arturizio,1807,Expert,2026-03-06
99,TrollsDesPlaines,1803,Expert,2026-03-06
100,chessopus111,1800,Expert,2026-03-06
101,oopsxful,1800,Expert,2026-03-06
102,armyos,1799,Expert,2026-03-06
103,clemdude,1795,Expert,2026-03-06
104,pralun_,1795,Expert,2026-03-06
105,WarzazatXXL,1792,Expert,2026-03-06
106,math953900,1788,Expert,2026-03-06
107,pabl0escabo,1780,Expert,2026-03-06
108,annepo9,1776,Expert,2026-03-06
109,playergab1,1773,Expert,2026-03-06
110,Helyades,1764,Expert,2026-03-06
111,sappheiross_,1761,Expert,2026-03-06
112,Cthouloulou,1751,Expert,2026-03-06
113,EvilNinaSoapy,1741,Expert,2026-03-06
114,malphas68,1737,Expert,2026-03-06
115,el_profesor1989,1732,Expert,2026-03-06
116,pietrohab,1729,Expert,2026-03-06
117,the_rominou,1727,Expert,2026-03-06
118,alicio_kh,1726,Expert,2026-03-06
119,ninodechile,1724,Expert,2026-03-06
120,iAyO,1717,Expert,2026-03-06
121,hugokml1,1705,Expert,2026-03-06
122,alternatif_,1696,Expert,2026-03-06
123,hi8hram,1694,Expert,2026-03-06
124,Aydrow_,1694,Expert,2026-03-06
125,SaumonmanL,1692,Expert,2026-03-06
126,BBAGin,1680,Expert,2026-03-06
127,ClemtiCP,1673,Expert,2026-03-06
128,MonsieurBiganon,1664,Expert,2026-03-06
129,flouflouf,1662,Expert,2026-03-06
130,gusguss22,1660,Expert,2026-03-06
131,vulcainta,1654,Expert,2026-03-06
132,beubeulafougere,1653,Expert,2026-03-06
133,Superleupho,1647,Expert,2026-03-06
134,noelflantier17,1641,Expert,2026-03-06
135,axzan06,1640,Expert,2026-03-06
136,Ikioub,1635,Expert,2026-03-06
137,sttaniss,1628,Expert,2026-03-06
138,Guirlyn,1626,Expert,2026-03-06
139,monsieurzozo_,1625,Expert,2026-03-06
140,faberneird,1625,Expert,2026-03-06
141,melaninecolie,1624,Expert,2026-03-06
142,flo_1412,1622,Expert,2026-03-06
143,lafastod,1620,Expert,2026-03-06
144,Preponal,1619,Expert,2026-03-06
145,Liquid0ceIot,1618,Expert,2026-03-06
146,Erpic,1618,Expert,2026-03-06
147,Laaampadaire,1617,Expert,2026-03-06
148,Elfander713,1616,Expert,2026-03-06
149,tengr1iaf,1613,Expert,2026-03-06
150,kingofgambas,1611,Expert,2026-03-06
151,En0zzz,1605,Expert,2026-03-06
152,mourtonus,1601,Expert,2026-03-06
153,MrGravlax,1598,Expert,2026-03-06
154,La_Gej_,1593,Expert,2026-03-06
155,rapi2244,1592,Expert,2026-03-06
156,g8velo,1591,Expert,2026-03-06
157,Vylkhin,1585,Expert,2026-03-06
158,mcgregg1977,1581,Expert,2026-03-06
159,Didier_is_diamond,1577,Expert,2026-03-06
160,robin_des_boites_,1577,Expert,2026-03-06
161,dalmuti1,1576,Expert,2026-03-06
162,asterioa_,1576,Expert,2026-03-06
163,derkprono,1569,Expert,2026-03-06
164,mfp_wanderer,1569,Expert,2026-03-06
165,sbtfu_fenrir,1567,Expert,2026-03-06
166,machicouliis,1560,Expert,2026-03-06
167,adrioux_,1560,Expert,2026-03-06
168,sarode22_,1557,Expert,2026-03-06
169,Clem_Brule,1555,Expert,2026-03-06
170,theyoooop,1553,Expert,2026-03-06
171,Jeagles,1550,Expert,2026-03-06
172,chardonnere,1549,Expert,2026-03-06
173,Skouaibe,1547,Expert,2026-03-06
174,mc_chombaart,1546,Expert,2026-03-06
175,jo_dieuze,1545,Expert,2026-03-06
176,arkogy,1544,Expert,2026-03-06
177,GMachine_TV,1542,Expert,2026-03-06
178,KuromeJ,1541,Expert,2026-03-06
179,agnruv,1541,Expert,2026-03-06
180,BlueHando,1541,Expert,2026-03-06
181,iko7,1541,Expert,2026-03-06
182,fulgurys_noam,1541,Expert,2026-03-06
183,skoothyx,1540,Expert,2026-03-06
184,TheNathy_,1538,Expert,2026-03-06
185,pandaman_88,1533,Expert,2026-03-06
186,quindecim64,1528,Expert,2026-03-06
187,brringer,1528,Expert,2026-03-06
188,lucasthelucky,1526,Expert,2026-03-06
189,xfwonka,1525,Expert,2026-03-06
190,magimiel,1525,Expert,2026-03-06
191,AOPMaroilles,1525,Expert,2026-03-06
192,Rusfly,1521,Expert,2026-03-06
193,PurpleTurtle34,1520,Expert,2026-03-06
194,LeagueOfQPUC,1518,Expert,2026-03-06
195,KorovievBC,1518,Expert,2026-03-06
196,Lashlabaskme,1514,Expert,2026-03-06
197,Aelystos,1514,Expert,2026-03-06
198,quetzalitoo,1512,Expert,2026-03-06
199,fl8shblack,1509,Expert,2026-03-06
200,polymathe14,1508,Expert,2026-03-06
201,lacremiere07,1504,Expert,2026-03-06
202,MyopicTortoise,1503,Expert,2026-03-06
203,fee_lix,1503,Expert,2026-03-06
204,lucie_loves_cheese,1502,Expert,2026-03-06
205,Axelfauteuil,1499,Expert,2026-03-06
206,montgolfiere23,1496,Expert,2026-03-06
207,mikados83,1495,Expert,2026-03-06
208,jimmyceltics95,1495,Expert,2026-03-06
209,FalconPoulet,1493,Expert,2026-03-06
210,ratinho__7,1492,Expert,2026-03-06
211,alexis_180_05,1491,Expert,2026-03-06
212,LaurentxLoL,1490,Expert,2026-03-06
213,lilico0410,1488,Expert,2026-03-06
214,Enerousse,1487,Expert,2026-03-06
215,nokiou,1487,Expert,2026-03-06
216,Pano404,1478,Expert,2026-03-06
217,JeanCatherine,1475,Expert,2026-03-06
218,luckylukeol,1473,Expert,2026-03-06
219,rd_lou,1471,Expert,2026-03-06
220,Kerrigana,1471,Expert,2026-03-06
221,lechapelier55,1470,Expert,2026-03-06
222,vulcocitronade,1468,Expert,2026-03-06
223,kiiiiiwiiiiii1,1467,Expert,2026-03-06
224,nouvier64,1462,Expert,2026-03-06
225,Clem31011,1462,Expert,2026-03-06
226,louis__4,1459,Expert,2026-03-06
227,RRRubiks,1457,Expert,2026-03-06
228,Neicilef,1455,Expert,2026-03-06
229,EGO_bd,1453,Expert,2026-03-06
230,TiboMarsiho,1453,Expert,2026-03-06
231,un_nain_parfait,1452,Expert,2026-03-06
232,NagisaXpsionne,1451,Expert,2026-03-06
233,n_legends,1444,Expert,2026-03-06
234,KotoLePlusBo,1443,Expert,2026-03-06
235,Sebcube,1442,Expert,2026-03-06
236,tobias_frd,1436,Expert,2026-03-06
237,Todomach,1433,Expert,2026-03-06
238,tout_un_fromaj,1431,Expert,2026-03-06
239,internova_,1430,Expert,2026-03-06
240,cestdric,1430,Expert,2026-03-06
241,Lilloote,1427,Expert,2026-03-06
242,pluie14,1427,Expert,2026-03-06
243,max5960,1426,Expert,2026-03-06
244,pepitofurtif_,1426,Expert,2026-03-06
245,schrymp,1422,Expert,2026-03-06
246,Gogogogo,1422,Expert,2026-03-06
247,alexsjbite,1422,Expert,2026-03-06
248,waystar_r0yco,1420,Expert,2026-03-06
249,AirCeos_,1420,Expert,2026-03-06
250,hassen_ijou,1420,Expert,2026-03-06
251,lukeju26,1417,Expert,2026-03-06
252,KoalSheep,1416,Expert,2026-03-06
253,mlle_cha,1416,Expert,2026-03-06
254,Amauryarti,1415,Expert,2026-03-06
255,flozz42,1414,Expert,2026-03-06
256,klaratsh,1414,Expert,2026-03-06
257,meleykali,1413,Expert,2026-03-06
258,bastonks,1413,Expert,2026-03-06
259,eris_1207,1413,Expert,2026-03-06
260,friday_next,1412,Expert,2026-03-06
261,theludayack,1412,Expert,2026-03-06
262,L13_Graphics,1401,Expert,2026-03-06
263,matt3xbot,1400,Expert,2026-03-06
264,Arotuf,1399,Expert,2026-03-06
265,byakorh,1393,Expert,2026-03-06
266,semper49,1393,Expert,2026-03-06
267,win_le_maitre8,1391,Expert,2026-03-06
268,Tchoupii66,1390,Expert,2026-03-06
269,Mbemsmile,1390,Expert,2026-03-06
270,noxilby23,1389,Expert,2026-03-06
271,ben_poisson,1389,Expert,2026-03-06
272,Skeneros,1386,Expert,2026-03-06
273,donyzi,1384,Expert,2026-03-06
274,ABcornichon3,1378,Expert,2026-03-06
275,percvaldegalles,1378,Expert,2026-03-06
276,spolioz,1374,Expert,2026-03-06
277,martin_wiz,1372,Expert,2026-03-06
278,bill_playmo,1370,Expert,2026-03-06
279,adr75,1370,Expert,2026-03-06
280,thepetitbreton,1368,Expert,2026-03-06
281,Slt_,1366,Expert,2026-03-06
282,sethzx63,1366,Expert,2026-03-06
283,just1mart1,1363,Expert,2026-03-06
284,djyoyo123,1363,Expert,2026-03-06
285,eva_decabra,1362,Expert,2026-03-06
286,gudulesuperstar,1362,Expert,2026-03-06
287,French_Ninja,1361,Expert,2026-03-06
288,maxcanette,1361,Expert,2026-03-06
289,raph1414,1357,Expert,2026-03-06
290,FrenchArmyGuy,1354,Expert,2026-03-06
291,Vladousse,1354,Expert,2026-03-06
292,MrNerwey,1353,Expert,2026-03-06
293,wayneseb,1352,Expert,2026-03-06
294,Rodsyyy,1347,Expert,2026-03-06
295,lougneh,1347,Expert,2026-03-06
296,kb946,1345,Expert,2026-03-06
297,Feainnwedd,1343,Expert,2026-03-06
298,carlosmir96,1343,Expert,2026-03-06
299,santorodu46,1339,Expert,2026-03-06
300,linkilou,1334,Expert,2026-03-06
301,claraa_l,1329,Expert,2026-03-06
302,jeremiejk,1328,Expert,2026-03-06
303,captnnoe,1326,Expert,2026-03-06
304,palox_213,1325,Expert,2026-03-06
305,tgraudie83,1325,Expert,2026-03-06
306,magnoliarain,1323,Expert,2026-03-06
307,lulurpz2740,1316,Expert,2026-03-06
308,leb_theo,1314,Expert,2026-03-06
309,vejeam,1309,Expert,2026-03-06
310,el_corsaire,1309,Expert,2026-03-06
311,LeRemiii,1303,Expert,2026-03-06
312,CaNico3D,1303,Expert,2026-03-06
313,pouill4x,1302,Expert,2026-03-06
314,lePabe,1299,Expert,2026-03-06
315,marie8263,1296,Expert,2026-03-06
316,gaofei__,1296,Expert,2026-03-06
317,lm_oc,1292,Expert,2026-03-06
318,kek_eight,1289,Expert,2026-03-06
319,LeKagoule,1287,Expert,2026-03-06
320,ouloulouu8,1286,Expert,2026-03-06
321,Tanukiiiiiiiiiii,1286,Expert,2026-03-06
322,jb64a,1284,Expert,2026-03-06
323,peyo222,1280,Expert,2026-03-06
324,ourssucrerie,1280,Expert,2026-03-06
325,Nevulas_,1279,Expert,2026-03-06
326,PoireauPane,1277,Expert,2026-03-06
327,mehdecin,1276,Expert,2026-03-06
328,mimines1,1272,Expert,2026-03-06
329,sardaukar_roublard,1270,Expert,2026-03-06
330,Simboy31,1269,Expert,2026-03-06
331,sidesoul,1269,Expert,2026-03-06
332,CatCahuait,1267,Expert,2026-03-06
333,GnR_Blitz,1265,Expert,2026-03-06
334,amosdq,1263,Expert,2026-03-06
335,nataachaaa,1263,Expert,2026-03-06
336,eblett,1258,Expert,2026-03-06
337,Ximile,1258,Expert,2026-03-06
338,LittleYugo,1258,Expert,2026-03-06
339,Sebayer,1258,Expert,2026-03-06
340,3timit3,1255,Expert,2026-03-06
341,CorsicanGambler,1253,Expert,2026-03-06
342,Ryad__c,1253,Expert,2026-03-06
343,sunjuux3,1250,Expert,2026-03-06
344,0xonium3,1249,Expert,2026-03-06
345,sebnet25,1246,Expert,2026-03-06
346,le_commando,1245,Expert,2026-03-06
347,Hedw1ge,1245,Expert,2026-03-06
348,captain_nemo7,1244,Expert,2026-03-06
349,balez88,1243,Expert,2026-03-06
350,adamounaking,1241,Expert,2026-03-06
351,lothorcanie,1240,Expert,2026-03-06
352,Eusphodus,1240,Expert,2026-03-06
353,princesse_cradouille,1238,Expert,2026-03-06
354,lykobro,1235,Expert,2026-03-06
355,padekdos,1235,Expert,2026-03-06
356,ItsMangho,1233,Expert,2026-03-06
357,jumars33,1233,Expert,2026-03-06
358,ndkdkoslzvdi,1232,Expert,2026-03-06
359,robxa27,1230,Expert,2026-03-06
360,BranlixLeGaulois,1230,Expert,2026-03-06
361,Kelzara,1227,Expert,2026-03-06
362,amelied33,1227,Expert,2026-03-06
363,dornab,1226,Expert,2026-03-06
364,gilles_bourque,1224,Expert,2026-03-06
365,maxou1409,1221,Expert,2026-03-06
366,downkyz,1218,Expert,2026-03-06
367,Gophie,1215,Expert,2026-03-06
368,SabakuJulien,1214,Expert,2026-03-06
369,Zeltharyon,1212,Expert,2026-03-06
370,LauranneChavel,1211,Expert,2026-03-06
371,Manu230874,1210,Expert,2026-03-06
372,ssk68100,1207,Expert,2026-03-06
373,Loyyso,1207,Expert,2026-03-06
374,veuchdeuf,1206,Expert,2026-03-06
375,minouche7463,1205,Expert,2026-03-06
376,Spido39,1205,Expert,2026-03-06
377,Serial76,1204,Expert,2026-03-06
378,Valkeine,1204,Expert,2026-03-06
379,Njuk,1204,Expert,2026-03-06
380,TonyDan_,1202,Expert,2026-03-06
381,adriknox,1201,Expert,2026-03-06
382,sherpearce,1201,Expert,2026-03-06
383,Ewylinia,1200,Expert,2026-03-06
384,Lwizhart,1200,Expert,2026-03-06
385,C3PetDansLEau,1198,Expert,2026-03-06
386,vincentavellana,1196,Expert,2026-03-06
387,beurredoux_namnam,1196,Expert,2026-03-06
388,theodebx,1196,Expert,2026-03-06
389,aurelbj75,1195,Expert,2026-03-06
390,artistepeintre26,1194,Expert,2026-03-06
391,LeGouicheur,1194,Expert,2026-03-06
392,Loucaluz,1193,Expert,2026-03-06
393,magicdidou34,1193,Expert,2026-03-06
394,Qorback,1192,Expert,2026-03-06
395,alain195417,1192,Expert,2026-03-06
396,CaptainSebji,1191,Expert,2026-03-06
397,skil0ne,1190,Expert,2026-03-06
398,nouyork_hs,1190,Expert,2026-03-06
399,wyrross,1188,Expert,2026-03-06
400,bisiaam,1187,Expert,2026-03-06
401,TsepmeTRednuhT,1185,Expert,2026-03-06
402,toneanother,1184,Expert,2026-03-06
403,zeasonb,1183,Expert,2026-03-06
404,guillaume_alld62,1183,Expert,2026-03-06
405,oreuga_,1181,Expert,2026-03-06
406,Gabivad,1181,Expert,2026-03-06
407,angelique_grdn,1181,Expert,2026-03-06
408,jbalvin88,1181,Expert,2026-03-06
409,TakoHetto,1176,Expert,2026-03-06
410,soaad12345,1176,Expert,2026-03-06
411,lucieebl,1176,Expert,2026-03-06
412,nanet3974,1172,Expert,2026-03-06
413,pandabubu,1170,Expert,2026-03-06
414,wazanimay_,1167,Expert,2026-03-06
415,asheb00,1165,Expert,2026-03-06
416,jordantoulalan,1164,Expert,2026-03-06
417,Niflheim13,1162,Expert,2026-03-06
418,saaam888,1160,Expert,2026-03-06
419,Kerroaz,1160,Expert,2026-03-06
420,Selachimorpha__,1159,Expert,2026-03-06
421,maxkass_13,1158,Expert,2026-03-06
422,MehdiYopi,1156,Expert,2026-03-06
423,Feralasse,1155,Expert,2026-03-06
424,xpims,1155,Expert,2026-03-06
425,HardenBoar,1155,Expert,2026-03-06
426,Doubhea,1155,Expert,2026-03-06
427,ninibouquiine,1153,Expert,2026-03-06
428,helshan,1152,Expert,2026-03-06
429,Paultraunesofa,1152,Expert,2026-03-06
430,mathiswolfie,1151,Expert,2026-03-06
431,lacraw666,1147,Expert,2026-03-06
432,lul_fdz,1147,Expert,2026-03-06
433,Mazkeem,1146,Expert,2026-03-06
434,jakku003,1146,Expert,2026-03-06
435,Fefelhhhh,1145,Expert,2026-03-06
436,chloeamt,1144,Expert,2026-03-06
437,joeyxuyhj,1144,Expert,2026-03-06
438,leana_amor,1143,Expert,2026-03-06
439,yeloi,1141,Expert,2026-03-06
440,yoballers,1138,Expert,2026-03-06
441,Xazou72,1137,Expert,2026-03-06
442,Koalet,1136,Expert,2026-03-06
443,Candyce,1136,Expert,2026-03-06
444,yanisflxxx,1136,Expert,2026-03-06
445,Vorax2102,1135,Expert,2026-03-06
446,Fressouer,1133,Expert,2026-03-06
447,EldurionJ,1131,Expert,2026-03-06
448,cactuspoeme6,1131,Expert,2026-03-06
449,elpiteleto,1131,Expert,2026-03-06
450,clementlaimant,1129,Expert,2026-03-06
451,Raiden27,1129,Expert,2026-03-06
452,TahzioRadioFrance,1129,Expert,2026-03-06
453,BrorenTilTchoupi,1127,Expert,2026-03-06
454,Dodo2308,1127,Expert,2026-03-06
455,alcarex09,1126,Expert,2026-03-06
456,bolchepitch,1125,Expert,2026-03-06
457,apooooo__,1121,Expert,2026-03-06
458,QuaszarMeister,1120,Expert,2026-03-06
459,gaubian,1120,Expert,2026-03-06
460,DocUtom,1119,Expert,2026-03-06
461,ohlegigi,1118,Expert,2026-03-06
462,the_trazom,1118,Expert,2026-03-06
463,nonolabiscottezer,1117,Expert,2026-03-06
464,utopie_r,1116,Expert,2026-03-06
465,nicowthehead,1116,Expert,2026-03-06
466,elflavosss,1115,Expert,2026-03-06
467,may3316,1115,Expert,2026-03-06
468,Lohem54,1114,Expert,2026-03-06
469,norak_26,1114,Expert,2026-03-06
470,elcurbo,1114,Expert,2026-03-06
471,MrThanaka,1110,Expert,2026-03-06
472,Areki_,1109,Expert,2026-03-06
473,bidet76,1105,Expert,2026-03-06
474,ImFormalYT,1104,Expert,2026-03-06
475,tsquoir51,1104,Expert,2026-03-06
476,maitre_platine,1104,Expert,2026-03-06
477,peacefulcatworld,1103,Expert,2026-03-06
478,abdelkiks,1101,Expert,2026-03-06
479,griicha,1099,Expert,2026-03-06
480,bananaspif,1099,Expert,2026-03-06
481,fl00da,1099,Expert,2026-03-06
482,Fubinix,1097,Expert,2026-03-06
483,artepat,1096,Expert,2026-03-06
484,benjir21,1095,Expert,2026-03-06
485,Smash_MonStreamMaBataille,1094,Expert,2026-03-06
486,kimpawssible,1092,Expert,2026-03-06
487,yannmdc,1092,Expert,2026-03-06
488,punzeer,1092,Expert,2026-03-06
489,anais_sg,1092,Expert,2026-03-06
490,Herakles64,1090,Expert,2026-03-06
491,xx_jojodu42_xx,1090,Expert,2026-03-06
492,baatoou,1090,Expert,2026-03-06
493,SquaredGrunt,1090,Expert,2026-03-06
494,ptitbouh,1089,Expert,2026-03-06
495,liliyii,1088,Expert,2026-03-06
496,jeanmichelrebou,1087,Expert,2026-03-06
497,aurelie_dtv,1083,Expert,2026-03-06
498,HeebooKuro,1082,Expert,2026-03-06
499,CamyrtilleMC,1081,Expert,2026-03-06
500,metaphenix25,1080,Expert,2026-03-06
501,lipstick44160,1080,Expert,2026-03-06
502,batandleo,1079,Expert,2026-03-06
503,maattieu16,1077,Expert,2026-03-06
504,Erx0n,1073,Expert,2026-03-06
505,dionysos1310,1073,Expert,2026-03-06
506,Merygold_,1072,Expert,2026-03-06
507,jomsu23,1071,Expert,2026-03-06
508,antkil02,1071,Expert,2026-03-06
509,lakitex,1069,Expert,2026-03-06
510,claude_maillou,1069,Expert,2026-03-06
511,Razac76,1069,Expert,2026-03-06
512,ilyas_,1068,Expert,2026-03-06
513,romanimaux,1064,Expert,2026-03-06
514,megata__,1062,Expert,2026-03-06
515,zetiti270,1061,Expert,2026-03-06
516,benoireuhh,1061,Expert,2026-03-06
517,TempoBack,1060,Expert,2026-03-06
518,molabikhov,1059,Expert,2026-03-06
519,TintinTamarre,1059,Expert,2026-03-06
520,Slitter087,1058,Expert,2026-03-06
521,enzolebogose,1057,Expert,2026-03-06
522,Matthieu_avec_2T,1055,Expert,2026-03-06
523,tamsoueg,1055,Expert,2026-03-06
524,nicogo2155,1055,Expert,2026-03-06
525,silvamillon,1054,Expert,2026-03-06
526,cla_bou_,1052,Expert,2026-03-06
527,OrelChien,1052,Expert,2026-03-06
528,0xard,1051,Expert,2026-03-06
529,soussonoeil,1050,Expert,2026-03-06
530,beetle_21,1050,Expert,2026-03-06
531,Nwardezyr,1049,Expert,2026-03-06
532,jubryant,1049,Expert,2026-03-06
533,tan__ki,1048,Expert,2026-03-06
534,komagik,1047,Expert,2026-03-06
535,Alexdr_sle,1045,Expert,2026-03-06
536,Dekkhen,1045,Expert,2026-03-06
537,frafrax,1043,Expert,2026-03-06
538,Mouzouill,1042,Expert,2026-03-06
539,rekkvinnan,1041,Expert,2026-03-06
540,ivyix,1040,Expert,2026-03-06
541,eliott00000000,1039,Expert,2026-03-06
542,cedricblandin,1039,Expert,2026-03-06
543,HouussLeRetour,1038,Expert,2026-03-06
544,kiyuq666,1032,Expert,2026-03-06
545,cloclochlo_b,1030,Expert,2026-03-06
546,carlitalovesbees,1029,Expert,2026-03-06
547,gauwilzam_mp4,1028,Expert,2026-03-06
548,SileksTV,1028,Expert,2026-03-06
549,m_bouly67,1025,Expert,2026-03-06
550,ModZoL,1025,Expert,2026-03-06
551,Belkahiaa,1025,Expert,2026-03-06
552,sorzi,1020,Expert,2026-03-06
553,marie_etsespetitstraits,1020,Expert,2026-03-06
554,baretus,1019,Expert,2026-03-06
555,EmudDemasic,1018,Expert,2026-03-06
556,f4lco_10,1018,Expert,2026-03-06
557,m3ch3l,1017,Expert,2026-03-06
558,Shikoroh,1016,Expert,2026-03-06
559,nnrclt,1016,Expert,2026-03-06
560,Zigaroula,1015,Expert,2026-03-06
561,beubaz,1015,Expert,2026-03-06
562,wewen_17,1015,Expert,2026-03-06
563,mpaolinocd,1014,Expert,2026-03-06
564,Hinata_live,1013,Expert,2026-03-06
565,TangDara,1012,Expert,2026-03-06
566,universalis_max,1012,Expert,2026-03-06
567,ShowtimeXIII,1010,Expert,2026-03-06
568,albanne,1010,Expert,2026-03-06
569,knackiy,1009,Expert,2026-03-06
570,caerwyn8,1009,Expert,2026-03-06
571,anjoyl,1009,Expert,2026-03-06
572,rnobz71,1006,Expert,2026-03-06
573,m8_nanocif,1006,Expert,2026-03-06
574,larbex10,1005,Expert,2026-03-06
575,axorem0202,1005,Expert,2026-03-06
576,toujoudelika,1004,Expert,2026-03-06
577,toxxinswitch,1003,Expert,2026-03-06
578,lucioole13,1002,Expert,2026-03-06
579,tomnz945,1001,Expert,2026-03-06
580,mb3105,1001,Expert,2026-03-06
581,ZachLeStream,1001,Expert,2026-03-06
582,Azuron_,1001,Expert,2026-03-06
583,Aquarius_56,1001,Expert,2026-03-06
584,mstrsolodolo,1000,Expert,2026-03-06
585,andulo9150,999,Expert,2026-03-06
586,cloe5788a,998,Expert,2026-03-06
587,Kaourentin_,996,Expert,2026-03-06
588,steph1769300,995,Expert,2026-03-06
589,bapt0511,995,Expert,2026-03-06
590,Adwon_,993,Expert,2026-03-06
591,speedygonzalix,993,Expert,2026-03-06
592,julien_gsmt,991,Expert,2026-03-06
593,improsteur,990,Expert,2026-03-06
594,jchamign,990,Expert,2026-03-06
595,kepler_232,990,Expert,2026-03-06
596,ptnmjsp,990,Expert,2026-03-06
597,servietsky488,987,Expert,2026-03-06
598,RickyMuscle,987,Expert,2026-03-06
599,laulaux_,985,Expert,2026-03-06
600,prnce08,984,Expert,2026-03-06
601,Redfirds,984,Expert,2026-03-06
602,zetla7,983,Expert,2026-03-06
603,kalyse83,982,Expert,2026-03-06
604,Miloumath,982,Expert,2026-03-06
605,camoxx_,981,Expert,2026-03-06
606,Roubaixe,980,Expert,2026-03-06
607,berrytos,979,Expert,2026-03-06
608,sophie_lxn,973,Expert,2026-03-06
609,wiggly_boy,972,Expert,2026-03-06
610,TheAmazingBishop,971,Expert,2026-03-06
611,MINISKYFALL,970,Expert,2026-03-06
612,zeligggg,970,Expert,2026-03-06
613,FyyTox,969,Expert,2026-03-06
614,piejeh,968,Expert,2026-03-06
615,mmaattd,967,Expert,2026-03-06
616,lukasdurok,967,Expert,2026-03-06
617,dy0uu,966,Expert,2026-03-06
618,BehelFR,966,Expert,2026-03-06
619,jsplusmonidentifiantetmdp,965,Expert,2026-03-06
620,moletg74,965,Expert,2026-03-06
621,Cezawy,965,Expert,2026-03-06
622,ton_gros_front_lisse,964,Expert,2026-03-06
623,dyonisos086,961,Expert,2026-03-06
624,Guicri_,961,Expert,2026-03-06
625,bapinho_22,960,Expert,2026-03-06
626,Doway,957,Expert,2026-03-06
627,Balem88,955,Expert,2026-03-06
628,Alpoca1,955,Expert,2026-03-06
629,quentinhgg27,951,Expert,2026-03-06
630,maeveaml25,950,Expert,2026-03-06
631,liam_2307,947,Expert,2026-03-06
632,Yotinshull,944,Expert,2026-03-06
633,stone__island_,943,Expert,2026-03-06
634,Jee64,943,Expert,2026-03-06
635,miniacs,941,Expert,2026-03-06
636,paul_f_t,939,Expert,2026-03-06
637,harveyslim,938,Expert,2026-03-06
638,guigvk,938,Expert,2026-03-06
639,andreas09500,936,Expert,2026-03-06
640,linkseff,936,Expert,2026-03-06
641,RoseChateau,935,Expert,2026-03-06
642,lemonkilter,934,Expert,2026-03-06
643,enzolaplante,932,Expert,2026-03-06
644,MrRuseur,932,Expert,2026-03-06
645,ssybele,929,Expert,2026-03-06
646,valairlines_,928,Expert,2026-03-06
647,SantiDeRiv,927,Expert,2026-03-06
648,sebway,927,Expert,2026-03-06
649,suffpapy,925,Expert,2026-03-06
650,hortensia06,925,Expert,2026-03-06
651,MsieurDodo,925,Expert,2026-03-06
652,Zifuko_de_la_B,925,Expert,2026-03-06
653,nico14_twitch,924,Expert,2026-03-06
654,eiden94,924,Expert,2026-03-06
655,eli0x58,921,Expert,2026-03-06
656,ayoo231211,919,Expert,2026-03-06
657,sachiel66,919,Expert,2026-03-06
658,hugoooo0_,919,Expert,2026-03-06
659,gfunkybasse,918,Expert,2026-03-06
660,ZenysDrago,918,Expert,2026-03-06
661,kraken_ti,917,Expert,2026-03-06
662,Ascure,916,Expert,2026-03-06
663,Sherlock_3571,914,Expert,2026-03-06
664,grootplan,912,Expert,2026-03-06
665,stervox_,912,Expert,2026-03-06
666,svz_anarion,911,Expert,2026-03-06
667,turrix_zip,911,Expert,2026-03-06
668,Nico_Olyvian,910,Expert,2026-03-06
669,tuktuk286,910,Expert,2026-03-06
670,R4tatosk,910,Expert,2026-03-06
671,freez_skiiz2,909,Expert,2026-03-06
672,damso_22,909,Expert,2026-03-06
673,wyngfire,909,Expert,2026-03-06
674,balledegolf,908,Expert,2026-03-06
675,Apost0phe,908,Expert,2026-03-06
676,melyxis,907,Expert,2026-03-06
677,zenox170,907,Expert,2026-03-06
678,maitre_oasis,906,Expert,2026-03-06
679,nathbgnn,906,Expert,2026-03-06
680,jefloow,906,Expert,2026-03-06
681,Bepo____,905,Expert,2026-03-06
682,eliox_lapox,905,Expert,2026-03-06
683,mockingjay1230,904,Expert,2026-03-06
684,dr_andral,904,Expert,2026-03-06
685,emphaaaa,903,Expert,2026-03-06
686,Tilston,903,Expert,2026-03-06
687,KCconstantin,902,Expert,2026-03-06
688,moriartt,900,Expert,2026-03-06
689,malo_dschs,899,Expert,2026-03-06
690,clallema,898,Expert,2026-03-06
691,Escarryna,897,Expert,2026-03-06
692,naoofr,897,Expert,2026-03-06
693,mllepams,896,Expert,2026-03-06
694,onestufflevrai,894,Expert,2026-03-06
695,v2ajnbl9,894,Expert,2026-03-06
696,Narim0,894,Expert,2026-03-06
697,baiikoo,893,Expert,2026-03-06
698,ares_p13,893,Expert,2026-03-06
699,nanou33190,891,Expert,2026-03-06
700,lealavraiee,890,Expert,2026-03-06
701,Kernatol,888,Expert,2026-03-06
702,louproch,885,Expert,2026-03-06
703,valenting9378,885,Expert,2026-03-06
704,Valais14,885,Expert,2026-03-06
705,romelcz,884,Expert,2026-03-06
706,Hemistiche_,884,Expert,2026-03-06
707,celin_brownie,884,Expert,2026-03-06
708,Gauffragon,881,Expert,2026-03-06
709,pascaline5956,880,Expert,2026-03-06
710,cledesol45,880,Expert,2026-03-06
711,dechannes,879,Expert,2026-03-06
712,Lord_Drake_,879,Expert,2026-03-06
713,muhfassa,876,Expert,2026-03-06
714,noebsn,875,Expert,2026-03-06
715,MrYannSan,873,Expert,2026-03-06
716,camcombloux,872,Expert,2026-03-06
717,ElHash17,871,Expert,2026-03-06
718,romslatempete,870,Expert,2026-03-06
719,t0ul0use47,870,Expert,2026-03-06
720,Pierrox5,869,Expert,2026-03-06
721,matdudedude,868,Expert,2026-03-06
722,arthurlongin,867,Expert,2026-03-06
723,aRReVn0,867,Expert,2026-03-06
724,lijiko98,867,Expert,2026-03-06
725,Pititlink,865,Expert,2026-03-06
726,w4ld00,864,Expert,2026-03-06
727,Licorne_Flakes,864,Expert,2026-03-06
728,escomparr,862,Expert,2026-03-06
729,gaspacho2303,860,Expert,2026-03-06
730,celsanfri,859,Expert,2026-03-06
731,emmabuisson222,859,Expert,2026-03-06
732,jeanbradley,858,Expert,2026-03-06
733,ThaoIan,855,Expert,2026-03-06
734,yayachoucroute_officiel,854,Expert,2026-03-06
735,Kramer_McBarrett,854,Expert,2026-03-06
736,angelique51000,852,Expert,2026-03-06
737,tinckiiwinckii1,851,Expert,2026-03-06
738,Khryd,850,Expert,2026-03-06
739,pitimikma3l,850,Expert,2026-03-06
740,firox_91,848,Expert,2026-03-06
741,freulanf,848,Expert,2026-03-06
742,EykuySs,848,Expert,2026-03-06
743,Fantomas44,845,Expert,2026-03-06
744,Lodjigg,845,Expert,2026-03-06
745,remissile_,845,Expert,2026-03-06
746,lerefugedugamer,845,Expert,2026-03-06
747,snakinho74,845,Expert,2026-03-06
748,TanguyOM,843,Expert,2026-03-06
749,el_jaguar8,843,Expert,2026-03-06
750,coeurpendule,842,Expert,2026-03-06
751,Serviiiietsky,841,Expert,2026-03-06
752,pneumothorman,841,Expert,2026-03-06
753,jujustumeuh,841,Expert,2026-03-06
754,leunachos,840,Expert,2026-03-06
755,cissou3324,840,Expert,2026-03-06
756,xTwenkyy,840,Expert,2026-03-06
757,Asefy42,840,Expert,2026-03-06
758,eliot_mh,840,Expert,2026-03-06
759,gabsdou,840,Expert,2026-03-06
760,seblepieux,839,Expert,2026-03-06
761,Idthesheep,839,Expert,2026-03-06
762,jylix_,839,Expert,2026-03-06
763,LeNono_TV,838,Expert,2026-03-06
764,asteria3038,837,Expert,2026-03-06
765,azgar0,836,Expert,2026-03-06
766,Rapik79,836,Expert,2026-03-06
767,Webelu,835,Expert,2026-03-06
768,Lily_ace,834,Expert,2026-03-06
769,SulfuryDBX,834,Expert,2026-03-06
770,toby_hornetsfr,833,Expert,2026-03-06
771,matlhhg31,833,Expert,2026-03-06
772,louis_bzl,831,Expert,2026-03-06
773,airvivi,831,Expert,2026-03-06
774,keryoma,830,Expert,2026-03-06
775,asdelatlas,830,Expert,2026-03-06
776,BillyBeardo,830,Expert,2026-03-06
777,fhorn23,828,Expert,2026-03-06
778,armilz,826,Expert,2026-03-06
779,tristan_ryu,826,Expert,2026-03-06
780,Theagaphie,826,Expert,2026-03-06
781,FirsTerZ,824,Expert,2026-03-06
782,xenol57,822,Expert,2026-03-06
783,surfysamy23,822,Expert,2026-03-06
784,XmasFather,820,Expert,2026-03-06
785,WanDayo_,817,Expert,2026-03-06
786,loooulouuuuuuuuuuuuu,815,Expert,2026-03-06
787,lounapsch,815,Expert,2026-03-06
788,bletzpack,814,Expert,2026-03-06
789,anarkyyyyyyyyy,813,Expert,2026-03-06
790,Buttercupsz_,813,Expert,2026-03-06
791,pachangaboi,813,Expert,2026-03-06
792,Demurah,812,Expert,2026-03-06
793,DANLCARTON,811,Expert,2026-03-06
794,Kaizonic,808,Expert,2026-03-06
795,dondiego6818_,808,Expert,2026-03-06
796,zaynwtf_,807,Expert,2026-03-06
797,flexyyzzz,807,Expert,2026-03-06
798,geffg69,806,Expert,2026-03-06
799,laurelineldr,806,Expert,2026-03-06
800,neocommedansmatrix,805,Expert,2026-03-06
801,yav_jr,804,Expert,2026-03-06
802,thebabet,803,Expert,2026-03-06
803,Zaringers,803,Expert,2026-03-06
804,romaiin3898,802,Expert,2026-03-06
805,mrthiol,801,Expert,2026-03-06
806,Galaxy541,801,Expert,2026-03-06
807,Brigadoon8,800,Expert,2026-03-06
808,KixLaMenace_,798,Expert,2026-03-06
809,robinase1,797,Expert,2026-03-06
810,linfinitumm,797,Expert,2026-03-06
811,LSel_grenade,796,Expert,2026-03-06
812,lucilecdt,796,Expert,2026-03-06
813,Typlouf_,795,Expert,2026-03-06
814,O_Tawa,795,Expert,2026-03-06
815,HadrienCl,795,Expert,2026-03-06
816,salutbob720,794,Expert,2026-03-06
817,chibrillignac,792,Expert,2026-03-06
818,atropine35,789,Expert,2026-03-06
819,STEUSSO,789,Expert,2026-03-06
820,MiisterBueno,789,Expert,2026-03-06
821,romain_1410,788,Expert,2026-03-06
822,Asmowo,787,Expert,2026-03-06
823,Skribbled_,786,Expert,2026-03-06
824,Prototype4K,784,Expert,2026-03-06
825,bethored25,784,Expert,2026-03-06
826,virgilux,782,Expert,2026-03-06
827,crgrd,782,Expert,2026-03-06
828,martiinuuus,781,Expert,2026-03-06
829,keyrran,779,Expert,2026-03-06
830,Light_srh,779,Expert,2026-03-06
831,jiiraph,778,Expert,2026-03-06
832,inesr81,777,Expert,2026-03-06
833,OrgeVenus,776,Expert,2026-03-06
834,RedcraftMaster,776,Expert,2026-03-06
835,campiignon,774,Expert,2026-03-06
836,Thib_ouille,774,Expert,2026-03-06
837,Neohoops,773,Expert,2026-03-06
838,Lem0n_seed,772,Expert,2026-03-06
839,clara9306,772,Expert,2026-03-06
840,MTX_Magikzz,772,Expert,2026-03-06
841,Kalepom,772,Expert,2026-03-06
842,battlamenace,771,Expert,2026-03-06
843,bi_e,771,Expert,2026-03-06
844,balboachess,769,Expert,2026-03-06
845,JusteDany,769,Expert,2026-03-06
846,WizerWx,768,Expert,2026-03-06
847,triskell35,768,Expert,2026-03-06
848,doctorkelogs,767,Expert,2026-03-06
849,sky_little,767,Expert,2026-03-06
850,Quentin_FTW,767,Expert,2026-03-06
851,saiko_reiji,765,Expert,2026-03-06
852,Notitou,765,Expert,2026-03-06
853,Pagui,764,Expert,2026-03-06
854,druidebonux,764,Expert,2026-03-06
855,CeresLaPlanete,764,Expert,2026-03-06
856,KiViK___,763,Expert,2026-03-06
857,harry_dean_stanton,763,Expert,2026-03-06
858,bonjourpierre,762,Expert,2026-03-06
859,baptiste_mnst,761,Expert,2026-03-06
860,lulu77_,759,Expert,2026-03-06
861,RoyalNwKadoc,758,Expert,2026-03-06
862,formiwan,758,Expert,2026-03-06
863,srusru0805,758,Expert,2026-03-06
864,OzymandiasFG,757,Expert,2026-03-06
865,boogawanga,755,Expert,2026-03-06
866,otikiz,754,Expert,2026-03-06
867,Poweriser144,754,Expert,2026-03-06
868,poupoutte,753,Expert,2026-03-06
869,Wolfwar78,753,Expert,2026-03-06
870,regaabi,753,Expert,2026-03-06
871,hugojoubert01,752,Expert,2026-03-06
872,Tourop29,748,Expert,2026-03-06
873,franny59,748,Expert,2026-03-06
874,remi3191,747,Expert,2026-03-06
875,flow56300,746,Expert,2026-03-06
876,DTJ_01,746,Expert,2026-03-06
877,Grantef,744,Expert,2026-03-06
878,JudastaZ_,744,Expert,2026-03-06
879,apodeus33,743,Expert,2026-03-06
880,domitille_sans,743,Expert,2026-03-06
881,galakmoody,742,Expert,2026-03-06
882,suuuuzon,742,Expert,2026-03-06
883,gob1lad_,741,Expert,2026-03-06
884,bipraxk,740,Expert,2026-03-06
885,Mugis,740,Expert,2026-03-06
886,Packkkco,738,Expert,2026-03-06
887,thomasvbgh,738,Expert,2026-03-06
888,astrologia14,738,Expert,2026-03-06
889,Brice2Nils,737,Expert,2026-03-06
890,FrencheQuiche,737,Expert,2026-03-06
891,luxakyy,737,Expert,2026-03-06
892,plntel,735,Expert,2026-03-06
893,alshimistes,735,Expert,2026-03-06
894,flolepetitflocon,734,Expert,2026-03-06
895,Elyar_TV,734,Expert,2026-03-06
896,Nisignem,733,Expert,2026-03-06
897,marickette,733,Expert,2026-03-06
898,Arg_a,733,Expert,2026-03-06
899,Kenshima,732,Expert,2026-03-06
900,clement0330,729,Expert,2026-03-06
901,CharlemagneDuBled,728,Expert,2026-03-06
902,Kowalsky06,727,Expert,2026-03-06
903,clapuik,727,Expert,2026-03-06
904,ew0ne,727,Expert,2026-03-06
905,ang9lee,727,Expert,2026-03-06
906,Rabenas,727,Expert,2026-03-06
907,eyrochi,726,Expert,2026-03-06
908,Marrbol,726,Expert,2026-03-06
909,lnl8d,725,Expert,2026-03-06
910,clarartichaud,725,Expert,2026-03-06
911,JoshBrolin34,724,Expert,2026-03-06
912,ademonio3,724,Expert,2026-03-06
913,loulou_lezeub,724,Expert,2026-03-06
914,mx2gunrs,724,Expert,2026-03-06
915,eesil,723,Expert,2026-03-06
916,passerine23,723,Expert,2026-03-06
917,psycholink91,722,Expert,2026-03-06
918,guezman555,722,Expert,2026-03-06
919,Rorotte_,722,Expert,2026-03-06
920,littledesire73,722,Expert,2026-03-06
921,dimvalax,720,Expert,2026-03-06
922,Fl0bio,720,Expert,2026-03-06
923,fixfax83,720,Expert,2026-03-06
924,Themrzz,719,Expert,2026-03-06
925,Ratman258,719,Expert,2026-03-06
926,PoLLux5,719,Expert,2026-03-06
927,Beerslayer06,719,Expert,2026-03-06
928,Waaave__,718,Expert,2026-03-06
929,Tchiktchikk,716,Expert,2026-03-06
930,R0ch8,715,Expert,2026-03-06
931,FXzoroarc,715,Expert,2026-03-06
932,Adar59,715,Expert,2026-03-06
933,mwtoshi,715,Expert,2026-03-06
934,tiny_slippers,714,Expert,2026-03-06
935,jaden37_,713,Expert,2026-03-06
936,ev4n1r56,713,Expert,2026-03-06
937,leroigogus,713,Expert,2026-03-06
938,Floco_YT,713,Expert,2026-03-06
939,djolissu,712,Expert,2026-03-06
940,quenssee,712,Expert,2026-03-06
941,Ju_Tess,712,Expert,2026-03-06
942,nash_ol,711,Expert,2026-03-06
943,AhriRoseElmac,711,Expert,2026-03-06
944,arianeblack,710,Expert,2026-03-06
945,TamagoSpace,710,Expert,2026-03-06
946,nougatkenan,709,Expert,2026-03-06
947,Hattir,709,Expert,2026-03-06
948,vanptide,708,Expert,2026-03-06
949,ejiil2,707,Expert,2026-03-06
950,aodhan_lb,706,Expert,2026-03-06
951,rebox_fn,705,Expert,2026-03-06
952,bobbbyz,704,Expert,2026-03-06
953,uncledrew_85,704,Expert,2026-03-06
954,ridzuWZK,704,Expert,2026-03-06
955,TessoTV,703,Expert,2026-03-06
956,mathieu_34920,703,Expert,2026-03-06
957,IamSid3WiNdeR,699,Expert,2026-03-06
958,hulot3012,699,Expert,2026-03-06
959,jeanne_lavender,699,Expert,2026-03-06
960,Youfzer,699,Expert,2026-03-06
961,yannisznt,699,Expert,2026-03-06
962,DocKrakan,698,Expert,2026-03-06
963,Dintitan_G,698,Expert,2026-03-06
964,siana23092000,698,Expert,2026-03-06
965,idaje,698,Expert,2026-03-06
966,Whytetiger,695,Expert,2026-03-06
967,Aza_elm,695,Expert,2026-03-06
968,cellowo,695,Expert,2026-03-06
969,gashii_na,694,Expert,2026-03-06
970,fab_oo,693,Expert,2026-03-06
971,maximeouais,691,Expert,2026-03-06
972,zkkdlin,690,Expert,2026-03-06
973,Meiin__,689,Expert,2026-03-06
974,arntet,688,Expert,2026-03-06
975,billmall44310,687,Expert,2026-03-06
976,moutontuf,686,Expert,2026-03-06
977,justerango,686,Expert,2026-03-06
978,GiganThor_,686,Expert,2026-03-06
979,ringo_65,685,Expert,2026-03-06
980,Patchi6249,685,Expert,2026-03-06
981,Lesathus,685,Expert,2026-03-06
982,Aniade_,684,Expert,2026-03-06
983,captaindeadpool55,682,Expert,2026-03-06
984,cha_pristi,681,Expert,2026-03-06
985,arthur_dmcd,681,Expert,2026-03-06
986,prealexx,681,Expert,2026-03-06
987,Sanjicook51,680,Expert,2026-03-06
988,henricroixrond,680,Expert,2026-03-06
989,ju_le_100,680,Expert,2026-03-06
990,btwix38,680,Expert,2026-03-06
991,babou945,679,Expert,2026-03-06
992,Almo_le_trublion,678,Expert,2026-03-06
993,Maeridiann,678,Expert,2026-03-06
994,Shogaro,675,Expert,2026-03-06
995,marionvgv,670,Expert,2026-03-06
996,hypoallergenique__,670,Expert,2026-03-06
997,picon02,669,Expert,2026-03-06
998,Kiddy74,669,Expert,2026-03-06
999,Boubouze25,668,Expert,2026-03-06
1000,ghalimoums,667,Expert,2026-03-06
1001,kekeyakari7,666,Expert,2026-03-06
1002,kittybzh,666,Expert,2026-03-06
1003,conni2507,664,Expert,2026-03-06
1004,MDCe,663,Expert,2026-03-06
1005,javierpastore2716,662,Expert,2026-03-06
1006,glantichou,662,Expert,2026-03-06
1007,kaliro_fr,662,Expert,2026-03-06
1008,Pikaxyyy,662,Expert,2026-03-06
1009,golrad,661,Expert,2026-03-06
1010,vincenzo35230,660,Expert,2026-03-06
1011,cherub_fan,660,Expert,2026-03-06
1012,matbudd,660,Expert,2026-03-06
1013,WeKantStop,657,Expert,2026-03-06
1014,man0nmaoui,657,Expert,2026-03-06
1015,cloclolette,657,Expert,2026-03-06
1016,Tornoz,657,Expert,2026-03-06
1017,Bubble__Lisa,656,Expert,2026-03-06
1018,alex_pingg,655,Expert,2026-03-06
1019,neyka_a,654,Expert,2026-03-06
1020,LHV_Sky_DreaM_,652,Expert,2026-03-06
1021,matooooooooooo0,652,Expert,2026-03-06
1022,Gaga_san,651,Expert,2026-03-06
1023,setawk67,650,Expert,2026-03-06
1024,Luthis_IV,650,Expert,2026-03-06
1025,Krotaaas,650,Expert,2026-03-06
1026,flash_mc_cime,649,Expert,2026-03-06
1027,Damdam13600,649,Expert,2026-03-06
1028,jokair09,649,Expert,2026-03-06
1029,provencal_le_gaulois_kmlt,648,Expert,2026-03-06
1030,tintochette_,648,Expert,2026-03-06
1031,theolgrs,648,Expert,2026-03-06
1032,Myssa,648,Expert,2026-03-06
1033,maxenzz,647,Expert,2026-03-06
1034,Wowtwinka,646,Expert,2026-03-06
1035,TayKo007,646,Expert,2026-03-06
1036,nicomygoddd,646,Expert,2026-03-06
1037,midnight_rdb,645,Expert,2026-03-06
1038,Retsillo,645,Expert,2026-03-06
1039,shadowandhopes,645,Expert,2026-03-06
1040,foulimage,644,Expert,2026-03-06
1041,romanitou_,643,Expert,2026-03-06
1042,titiriprag,641,Expert,2026-03-06
1043,Kezelem_TL,641,Expert,2026-03-06
1044,Ruityde,639,Expert,2026-03-06
1045,BARZE02,638,Expert,2026-03-06
1046,blaisematuidigoat,638,Expert,2026-03-06
1047,KheosFR,635,Expert,2026-03-06
1048,DrRichard89,634,Expert,2026-03-06
1049,lucasinhoom,633,Expert,2026-03-06
1050,mathou_brb,631,Expert,2026-03-06
1051,arnaud2204,631,Expert,2026-03-06
1052,blackraven560276,630,Expert,2026-03-06
1053,excalibur2924,629,Expert,2026-03-06
1054,venini92,628,Expert,2026-03-06
1055,2Mimoch,626,Expert,2026-03-06
1056,clararap,625,Expert,2026-03-06
1057,maedandelion,624,Expert,2026-03-06
1058,mathildegregoire,624,Expert,2026-03-06
1059,riiixxx,623,Expert,2026-03-06
1060,pacoclicot,623,Expert,2026-03-06
1061,perejosephine,621,Expert,2026-03-06
1062,theolebgdu35,621,Expert,2026-03-06
1063,arkysflexonurmom,621,Expert,2026-03-06
1064,ngollo13,619,Expert,2026-03-06
1065,no_lan_deng,619,Expert,2026-03-06
1066,Niels_Elit,618,Expert,2026-03-06
1067,Nxlqn,618,Expert,2026-03-06
1068,Operacomix,617,Expert,2026-03-06
1069,popolp5678,617,Expert,2026-03-06
1070,PlanetGeek,617,Expert,2026-03-06
1071,celliiinee,617,Expert,2026-03-06
1072,wind57050,617,Expert,2026-03-06
1073,Ritz_Fickz,616,Expert,2026-03-06
1074,luiop34,613,Expert,2026-03-06
1075,leofandechat,613,Expert,2026-03-06
1076,pierre52190,613,Expert,2026-03-06
1077,CaptainBaroud,613,Expert,2026-03-06
1078,malozer35,612,Expert,2026-03-06
1079,Tyney_,612,Expert,2026-03-06
1080,Damles,612,Expert,2026-03-06
1081,derpepino,611,Expert,2026-03-06
1082,twitchbolognaise,611,Expert,2026-03-06
1083,NitroFirZen,611,Expert,2026-03-06
1084,cocoboit,610,Expert,2026-03-06
1085,AVistaDeNas,610,Expert,2026-03-06
1086,Janken01,609,Expert,2026-03-06
1087,kiiara1234,608,Expert,2026-03-06
1088,WBCorp,607,Expert,2026-03-06
1089,manuerequin,607,Expert,2026-03-06
1090,emmavossoeurs2,606,Expert,2026-03-06
1091,BananCeleste,606,Expert,2026-03-06
1092,pawaaaa_,606,Expert,2026-03-06
1093,Neaflys,604,Expert,2026-03-06
1094,blurrynat,603,Expert,2026-03-06
1095,infer_not,602,Expert,2026-03-06
1096,mur_de_brik,602,Expert,2026-03-06
1097,daffyduckamaru,601,Expert,2026-03-06
1098,jeffSeven,599,Expert,2026-03-06
1099,Bebecq_57,599,Expert,2026-03-06
1100,YungHooligan06,599,Expert,2026-03-06
1101,guiguich9,598,Expert,2026-03-06
1102,melman3107,597,Expert,2026-03-06
1103,najayaaa,597,Expert,2026-03-06
1104,pilloweli,597,Expert,2026-03-06
1105,edgar_2204,596,Expert,2026-03-06
1106,Foujine,596,Expert,2026-03-06
1107,segotte70,594,Expert,2026-03-06
1108,joshuadepedi,593,Expert,2026-03-06
1109,roylapoutre68,593,Expert,2026-03-06
1110,JadixaTV,592,Expert,2026-03-06
1111,baptdll,592,Expert,2026-03-06
1112,DIO_1926,590,Expert,2026-03-06
1113,aepsilon2,590,Expert,2026-03-06
1114,silia4,590,Expert,2026-03-06
1115,babajem,589,Expert,2026-03-06
1116,le_bazz,589,Expert,2026-03-06
1117,Ragnarok410,588,Expert,2026-03-06
1118,31mdlp,588,Expert,2026-03-06
1119,aramistouille,587,Expert,2026-03-06
1120,w0lf_ti9r0ux,587,Expert,2026-03-06
1121,Vincea04,587,Expert,2026-03-06
1122,responseau,587,Expert,2026-03-06
1123,trithom23,586,Expert,2026-03-06
1124,vassago1986,586,Expert,2026-03-06
1125,Shatrani44,585,Expert,2026-03-06
1126,crimsonrom,584,Expert,2026-03-06
1127,Pexmab,584,Expert,2026-03-06
1128,misteralex2112,584,Expert,2026-03-06
1129,mjlaucian,582,Expert,2026-03-06
1130,vivekjosef,582,Expert,2026-03-06
1131,skIyde,581,Expert,2026-03-06
1132,Sophie_Ldr,581,Expert,2026-03-06
1133,dzekonomies,581,Expert,2026-03-06
1134,damis59,580,Expert,2026-03-06
1135,astridgnd,580,Expert,2026-03-06
1136,mateteee,580,Expert,2026-03-06
1137,jspjesuisarthur,580,Expert,2026-03-06
1138,SKlearner,580,Expert,2026-03-06
1139,Hawzaz,579,Expert,2026-03-06
1140,nicowdt,579,Expert,2026-03-06
1141,Damonarix,579,Expert,2026-03-06
1142,cha_gbb_,578,Expert,2026-03-06
1143,jujy57,577,Expert,2026-03-06
1144,Enwey,576,Expert,2026-03-06
1145,Hrognaar,575,Expert,2026-03-06
1146,chicodelamuerte,574,Expert,2026-03-06
1147,tombasket4426,573,Expert,2026-03-06
1148,ecureuilbleu,572,Expert,2026-03-06
1149,sar_yer,572,Expert,2026-03-06
1150,frzzzzz63,572,Expert,2026-03-06
1151,jrm_f,571,Expert,2026-03-06
1152,TalArtemis,571,Expert,2026-03-06
1153,lepetitlouloudanslaforet,571,Expert,2026-03-06
1154,grosveineux85,570,Expert,2026-03-06
1155,gdmtm,570,Expert,2026-03-06
1156,Nonajo29,569,Expert,2026-03-06
1157,ChatRose49,569,Expert,2026-03-06
1158,Samoussam,566,Expert,2026-03-06
1159,celinou7,566,Expert,2026-03-06
1160,Ramei_Taphore,566,Expert,2026-03-06
1161,hugo140604,565,Expert,2026-03-06
1162,ykiyuk,565,Expert,2026-03-06
1163,klara_0711,564,Expert,2026-03-06
1164,robsfool,562,Expert,2026-03-06
1165,lilianlr10,561,Expert,2026-03-06
1166,Lupytup_,561,Expert,2026-03-06
1167,estarossaaa18,559,Expert,2026-03-06
1168,percheval,555,Expert,2026-03-06
1169,daceae_,553,Expert,2026-03-06
1170,embrouaze,552,Expert,2026-03-06
1171,MalouReyy,552,Expert,2026-03-06
1172,omniscy,552,Expert,2026-03-06
1173,batlamy49,551,Expert,2026-03-06
1174,lau_ra_7,550,Expert,2026-03-06
1175,haltemanga,550,Expert,2026-03-06
1176,pandaddicte,550,Expert,2026-03-06
1177,arthurlefu,550,Expert,2026-03-06
1178,Lyllubia,549,Expert,2026-03-06
1179,fb_julien,548,Expert,2026-03-06
1180,miemdax,548,Expert,2026-03-06
1181,6m67,547,Expert,2026-03-06
1182,lusquah,547,Expert,2026-03-06
1183,nanor20p,546,Expert,2026-03-06
1184,aprif,546,Expert,2026-03-06
1185,lapetitelouise1,543,Expert,2026-03-06
1186,elisaaarsenic,543,Expert,2026-03-06
1187,YuriiVGR,542,Expert,2026-03-06
1188,guighzy,541,Expert,2026-03-06
1189,pliver_,540,Expert,2026-03-06
1190,jacklemalin,540,Expert,2026-03-06
1191,chek56,539,Expert,2026-03-06
1192,Skymonn,539,Expert,2026-03-06
1193,moutig29200,537,Expert,2026-03-06
1194,lukasmelchior95,537,Expert,2026-03-06
1195,Clemerfed,536,Expert,2026-03-06
1196,BoulangerDeCristal,536,Expert,2026-03-06
1197,pierto840,535,Expert,2026-03-06
1198,shimz22,534,Expert,2026-03-06
1199,Bresko_Emc,534,Expert,2026-03-06
1200,lynn_22_,533,Expert,2026-03-06
1201,martincloson,532,Expert,2026-03-06
1202,drderrien,531,Expert,2026-03-06
1203,FlashD19,530,Expert,2026-03-06
1204,perrfre,530,Expert,2026-03-06
1205,LilithMajor,530,Expert,2026-03-06
1206,HerrEks,529,Expert,2026-03-06
1207,lescargotvadrouilleur,528,Expert,2026-03-06
1208,chavouille,527,Expert,2026-03-06
1209,elwalidinho,527,Expert,2026-03-06
1210,elisim,526,Expert,2026-03-06
1211,eldon947,525,Expert,2026-03-06
1212,strainedbutcute,525,Expert,2026-03-06
1213,Lopiktec,525,Expert,2026-03-06
1214,Faudero,525,Expert,2026-03-06
1215,germanmen77,524,Expert,2026-03-06
1216,reeey__,524,Expert,2026-03-06
1217,markaragnos501,524,Expert,2026-03-06
1218,Spayerboy,524,Expert,2026-03-06
1219,Tehk_Now,523,Expert,2026-03-06
1220,MystCloud,523,Expert,2026-03-06
1221,clementdjir,523,Expert,2026-03-06
1222,nemesis_0503,523,Expert,2026-03-06
1223,DarkCharlemagne,523,Expert,2026-03-06
1224,xraymnd,522,Expert,2026-03-06
1225,arouxxxx,522,Expert,2026-03-06
1226,thetoniocarbo,521,Expert,2026-03-06
1227,beavounet12,521,Expert,2026-03-06
1228,siropmonarde,521,Expert,2026-03-06
1229,JordanVdl,520,Expert,2026-03-06
1230,theovtie,520,Expert,2026-03-06
1231,bobbybambou24,520,Expert,2026-03-06
1232,galaxy101201,518,Expert,2026-03-06
1233,stiglitztz,518,Expert,2026-03-06
1234,lekerx24,516,Expert,2026-03-06
1235,gui12ma,515,Expert,2026-03-06
1236,eddybluefingz,515,Expert,2026-03-06
1237,BenjiElChti,514,Expert,2026-03-06
1238,LuniqueGamus,514,Expert,2026-03-06
1239,Waylannon,513,Expert,2026-03-06
1240,kot_db,513,Expert,2026-03-06
1241,lorena_frl,511,Expert,2026-03-06
1242,Jakp0t_,511,Expert,2026-03-06
1243,Wataroux,510,Expert,2026-03-06
1244,nazdrovjebr,510,Expert,2026-03-06
1245,Monsieur_Juj,509,Expert,2026-03-06
1246,lepriscie,509,Expert,2026-03-06
1247,SLG299,508,Expert,2026-03-06
1248,Titoouu_,508,Expert,2026-03-06
1249,sweetteaaddict39,508,Expert,2026-03-06
1250,momotte21,508,Expert,2026-03-06
1251,lasnoe7,507,Expert,2026-03-06
1252,alexanepineau,507,Expert,2026-03-06
1253,pierre2408,507,Expert,2026-03-06
1254,nefeit_rl,506,Expert,2026-03-06
1255,echtecly,506,Expert,2026-03-06
1256,KC_Feloux,506,Expert,2026-03-06
1257,nainbustibo,505,Expert,2026-03-06
1258,smyno0,504,Expert,2026-03-06
1259,racconwithrizz,504,Expert,2026-03-06
1260,Amethyste_tp,504,Expert,2026-03-06
1261,steerpike63,504,Expert,2026-03-06
1262,lou_lb5,503,Expert,2026-03-06
1263,xovves,503,Expert,2026-03-06
1264,Gui13700,500,Expert,2026-03-06
1265,titinelagrande,499,Expert,2026-03-06
1266,ttbox21,499,Expert,2026-03-06
1267,PapyPomme,499,Expert,2026-03-06
1268,seizeh,496,Expert,2026-03-06
1269,NhanVinh,494,Expert,2026-03-06
1270,shlager,494,Expert,2026-03-06
1271,Cihrzad,493,Expert,2026-03-06
1272,Waxiwe_,493,Expert,2026-03-06
1273,baptister42,492,Expert,2026-03-06
1274,ScarrsX,490,Expert,2026-03-06
1275,yuumaas,489,Expert,2026-03-06
1276,raaa_aph,489,Expert,2026-03-06
1277,asstorm1,488,Expert,2026-03-06
1278,Marceau62,488,Expert,2026-03-06
1279,general_vador,486,Expert,2026-03-06
1280,gros_nazeee,485,Expert,2026-03-06
1281,Kamertur,484,Expert,2026-03-06
1282,cbkine,482,Expert,2026-03-06
1283,kaboumza85,482,Expert,2026-03-06
1284,coraliearg,482,Expert,2026-03-06
1285,h_bogart25,481,Expert,2026-03-06
1286,riquinos,481,Expert,2026-03-06
1287,Raptorrr59,480,Expert,2026-03-06
1288,gallenssio,480,Expert,2026-03-06
1289,mxrinek,479,Expert,2026-03-06
1290,qualouche24,477,Expert,2026-03-06
1291,murddy_r6,472,Expert,2026-03-06
1292,Robert_Lafondue_,471,Expert,2026-03-06
1293,still_mbc,469,Expert,2026-03-06
1294,roarslan,468,Expert,2026-03-06
1295,pepitto84,468,Expert,2026-03-06
1296,Thephoenix15,468,Expert,2026-03-06
1297,MatForceur,467,Expert,2026-03-06
1298,kyinio,466,Expert,2026-03-06
1299,Marsbal,465,Expert,2026-03-06
1300,Leroms1,464,Expert,2026-03-06
1301,ethany42,464,Expert,2026-03-06
1302,LeMart14,463,Expert,2026-03-06
1303,agon_cc,463,Expert,2026-03-06
1304,tellure52,462,Expert,2026-03-06
1305,albertmonsieur,460,Expert,2026-03-06
1306,Oasiisgood,459,Expert,2026-03-06
1307,malpz7,458,Expert,2026-03-06
1308,lKazz_,458,Expert,2026-03-06
1309,prunorigolo,457,Expert,2026-03-06
1310,titilebest2,457,Expert,2026-03-06
1311,KenLaFraise,457,Expert,2026-03-06
1312,charlotteg4,456,Expert,2026-03-06
1313,paullmrtn,453,Expert,2026-03-06
1314,jade_sicsic,453,Expert,2026-03-06
1315,SadakoKimimura,452,Expert,2026-03-06
1316,Pifoute,452,Expert,2026-03-06
1317,Scadeur,452,Expert,2026-03-06
1318,vesp_thynisol,451,Expert,2026-03-06
1319,mathitsu9,450,Expert,2026-03-06
1320,Yaaassine_z,450,Expert,2026-03-06
1321,Gritam,450,Expert,2026-03-06
1322,MethEnFait,448,Expert,2026-03-06
1323,Holt78,447,Expert,2026-03-06
1324,GL_Gabdau,447,Expert,2026-03-06
1325,deltimekl,447,Expert,2026-03-06
1326,rontidju,447,Expert,2026-03-06
1327,highdrien34,446,Expert,2026-03-06
1328,Tibogecko59,445,Expert,2026-03-06
1329,annotir,444,Expert,2026-03-06
1330,leo7128,443,Expert,2026-03-06
1331,superlipopette_zazou,443,Expert,2026-03-06
1332,Callie450,443,Expert,2026-03-06
1333,Pragoserda,441,Expert,2026-03-06
1334,yann_m15,441,Expert,2026-03-06
1335,mario_kartoffel,440,Expert,2026-03-06
1336,choukakiller,439,Expert,2026-03-06
1337,Azedine85,439,Expert,2026-03-06
1338,LyneSG,438,Expert,2026-03-06
1339,w0lp_,435,Expert,2026-03-06
1340,phhierre,434,Expert,2026-03-06
1341,lithme_,434,Expert,2026-03-06
1342,MrSkorpiox,433,Expert,2026-03-06
1343,elvin__19,432,Expert,2026-03-06
1344,FlorusHippocampe,429,Expert,2026-03-06
1345,TTouille,429,Expert,2026-03-06
1346,loucaz_rbx,428,Expert,2026-03-06
1347,haddocktrllx,427,Expert,2026-03-06
1348,piecout,427,Expert,2026-03-06
1349,sullyzok25,425,Expert,2026-03-06
1350,lov_vbwd7,425,Expert,2026-03-06
1351,stibimi,425,Expert,2026-03-06
1352,zerom_13,425,Expert,2026-03-06
1353,Spaywo,424,Expert,2026-03-06
1354,AlanGoud,422,Expert,2026-03-06
1355,laapetitechloe,422,Expert,2026-03-06
1356,Caebun,421,Expert,2026-03-06
1357,labubette,420,Expert,2026-03-06
1358,LeAlveris,420,Expert,2026-03-06
1359,vsatanas,420,Expert,2026-03-06
1360,ttomy91,420,Expert,2026-03-06
1361,Desillusion0,420,Expert,2026-03-06
1362,Soisang,420,Expert,2026-03-06
1363,Millay,420,Expert,2026-03-06
1364,sirnitneroc,419,Expert,2026-03-06
1365,mintarra21,419,Expert,2026-03-06
1366,t1ph41n3,417,Expert,2026-03-06
1367,buuche__,416,Expert,2026-03-06
1368,Shyyx44,415,Expert,2026-03-06
1369,5kronizer,415,Expert,2026-03-06
1370,clemrev85,414,Expert,2026-03-06
1371,alilabase18,414,Expert,2026-03-06
1372,TitiSco49,412,Expert,2026-03-06
1373,guillef77,411,Expert,2026-03-06
1374,ahorushiro,411,Expert,2026-03-06
1375,abraksas95,410,Expert,2026-03-06
1376,valoune74,410,Expert,2026-03-06
1377,ElFringoo,409,Expert,2026-03-06
1378,camarade_007,408,Expert,2026-03-06
1379,olivierpapaye,408,Expert,2026-03-06
1380,cowlehre,407,Expert,2026-03-06
1381,ryceme,405,Expert,2026-03-06
1382,cost4r,405,Expert,2026-03-06
1383,Porosamax,405,Expert,2026-03-06
1384,eliot25000,404,Expert,2026-03-06
1385,DianeHn,401,Expert,2026-03-06
1386,farfadetjovial,401,Expert,2026-03-06
1387,Lioad,401,Expert,2026-03-06
1388,malo_ok,401,Expert,2026-03-06
1389,Pierma_,399,Expert,2026-03-06
1390,Spryven_,399,Expert,2026-03-06
1391,clemdefreu,399,Expert,2026-03-06
1392,Barjhork,399,Expert,2026-03-06
1393,carlos_ej9,399,Expert,2026-03-06
1394,lixtya,398,Expert,2026-03-06
1395,davinhyo_8,397,Expert,2026-03-06
1396,juicyman6,397,Expert,2026-03-06
1397,ShinoxEU,396,Expert,2026-03-06
1398,thibsf,394,Expert,2026-03-06
1399,perkele4242,394,Expert,2026-03-06
1400,m_spector,394,Expert,2026-03-06
1401,jacklessur,394,Expert,2026-03-06
1402,tanguyenne,392,Expert,2026-03-06
1403,nonamnitud,392,Expert,2026-03-06
1404,The_Doctor_Brown,392,Expert,2026-03-06
1405,demonrider_155,392,Expert,2026-03-06
1406,dgdrhzse,391,Expert,2026-03-06
1407,jmpunk59,391,Expert,2026-03-06
1408,obus325,391,Expert,2026-03-06
1409,hugo840,391,Expert,2026-03-06
1410,RicT0n,390,Expert,2026-03-06
1411,vic2312,390,Expert,2026-03-06
1412,Lastot,389,Expert,2026-03-06
1413,tom78170,387,Expert,2026-03-06
1414,Mikkoku_chan,387,Expert,2026-03-06
1415,SuperCookie37,386,Expert,2026-03-06
1416,BauBauBiNKS,384,Expert,2026-03-06
1417,loukaysi,384,Expert,2026-03-06
1418,far_innn,383,Expert,2026-03-06
1419,xLe0_,382,Expert,2026-03-06
1420,Valk1205,381,Expert,2026-03-06
1421,Sw4pyG4m3s,381,Expert,2026-03-06
1422,AlfiShelby,379,Expert,2026-03-06
1423,timar_san,379,Expert,2026-03-06
1424,Koriio,378,Expert,2026-03-06
1425,charlet_ctr,378,Expert,2026-03-06
1426,clementguise,377,Expert,2026-03-06
1427,LeNareux,376,Expert,2026-03-06
1428,NeoXHyriz,376,Expert,2026-03-06
1429,roolerfan,376,Expert,2026-03-06
1430,valmax94,375,Expert,2026-03-06
1431,Yakouze,372,Expert,2026-03-06
1432,Yokai67twitch,372,Expert,2026-03-06
1433,Mimozia_,371,Expert,2026-03-06
1434,soldat_rp11,371,Expert,2026-03-06
1435,candoudouz,369,Expert,2026-03-06
1436,lilllice,369,Expert,2026-03-06
1437,thiem69,367,Expert,2026-03-06
1438,fewart24,367,Expert,2026-03-06
1439,jeeeun63,366,Expert,2026-03-06
1440,karelle_p,366,Expert,2026-03-06
1441,line_ma,365,Expert,2026-03-06
1442,la_romb,365,Expert,2026-03-06
1443,saamoht,364,Expert,2026-03-06
1444,sharpyl,362,Expert,2026-03-06
1445,halco_o,362,Expert,2026-03-06
1446,SlyErwan,361,Expert,2026-03-06
1447,JSQ_NoixDeCoco,361,Expert,2026-03-06
1448,zlc_zip,360,Expert,2026-03-06
1449,ttrixo,360,Expert,2026-03-06
1450,flameoov,359,Expert,2026-03-06
1451,tudal,358,Expert,2026-03-06
1452,hft40,356,Expert,2026-03-06
1453,ThorPenn,354,Expert,2026-03-06
1454,Antho_Clacos,354,Expert,2026-03-06
1455,armand08_,353,Expert,2026-03-06
1456,pepelitossss,351,Expert,2026-03-06
1457,TheNewChemist,350,Expert,2026-03-06
1458,olkaaz,349,Expert,2026-03-06
1459,whitefox1806,349,Expert,2026-03-06
1460,istiis,349,Expert,2026-03-06
1461,dest6n6,348,Expert,2026-03-06
1462,obb1,348,Expert,2026-03-06
1463,blyziit,348,Expert,2026-03-06
1464,noahd1706,347,Expert,2026-03-06
1465,zehncool,347,Expert,2026-03-06
1466,Thakeax,347,Expert,2026-03-06
1467,Guitouuu,343,Expert,2026-03-06
1468,evan3ssor,342,Expert,2026-03-06
1469,raptorfou16,341,Expert,2026-03-06
1470,patapoufi1,341,Expert,2026-03-06
1471,leniplentqui,341,Expert,2026-03-06
1472,mhaax_,340,Expert,2026-03-06
1473,ac_richie,340,Expert,2026-03-06
1474,Mbaptiste20,339,Expert,2026-03-06
1475,assel_dm,339,Expert,2026-03-06
1476,YukariYuii,339,Expert,2026-03-06
1477,teoulea8,337,Expert,2026-03-06
1478,ujjutz,337,Expert,2026-03-06
1479,badnews33,335,Expert,2026-03-06
1480,zoebullition,332,Expert,2026-03-06
1481,megapegasus15,332,Expert,2026-03-06
1482,klausye,331,Expert,2026-03-06
1483,stargate1907,331,Expert,2026-03-06
1484,papazouglu500,328,Expert,2026-03-06
1485,MaroixCompagnie,328,Expert,2026-03-06
1486,Araclove31,327,Expert,2026-03-06
1487,sidass1519,326,Expert,2026-03-06
1488,Overzimbabwe,326,Expert,2026-03-06
1489,kelyurushka,326,Expert,2026-03-06
1490,FitzTomgaming,326,Expert,2026-03-06
1491,emichordate,325,Expert,2026-03-06
1492,okasa_vr,324,Expert,2026-03-06
1493,freipapagei,323,Expert,2026-03-06
1494,amndnb,322,Expert,2026-03-06
1495,Mitalias_,319,Expert,2026-03-06
1496,Jalaga,318,Expert,2026-03-06
1497,SoBgd,318,Expert,2026-03-06
1498,clement_tmsr,317,Expert,2026-03-06
1499,galeckid,317,Expert,2026-03-06
1500,niwiarz,317,Expert,2026-03-06
1501,marin_g56,316,Expert,2026-03-06
1502,pierre_lny8,316,Expert,2026-03-06
1503,tonio385,316,Expert,2026-03-06
1504,LeKosby,315,Expert,2026-03-06
1505,Daerrow_,313,Expert,2026-03-06
1506,empereurgoummeur,313,Expert,2026-03-06
1507,Tayzeck,312,Expert,2026-03-06
1508,mayakovitch,311,Expert,2026-03-06
1509,davy_53,310,Expert,2026-03-06
1510,mathvall,309,Expert,2026-03-06
1511,Allineaa,309,Expert,2026-03-06
1512,lisalyca,308,Expert,2026-03-06
1513,Allan4A,307,Expert,2026-03-06
1514,vins0806,306,Expert,2026-03-06
1515,emyzakii,305,Expert,2026-03-06
1516,makzime_,304,Expert,2026-03-06
1517,roro2553,304,Expert,2026-03-06
1518,vanHinano,303,Expert,2026-03-06
1519,migemary,303,Expert,2026-03-06
1520,Starcower,301,Expert,2026-03-06
1521,FloWteurs,300,Expert,2026-03-06
1522,totobass08600,300,Expert,2026-03-06
1523,zepartiiw,300,Expert,2026-03-06
1524,marlondujj,299,Expert,2026-03-06
1525,falkky88,298,Expert,2026-03-06
1526,Luxian71,297,Expert,2026-03-06
1527,og_shuk,296,Expert,2026-03-06
1528,sebleronflex,296,Expert,2026-03-06
1529,Nhewt,296,Expert,2026-03-06
1530,EkiHolic_,295,Expert,2026-03-06
1531,bluebat59,295,Expert,2026-03-06
1532,defal__,295,Expert,2026-03-06
1533,hugom64,294,Expert,2026-03-06
1534,notbadassassinnn,293,Expert,2026-03-06
1535,Leo_dmo,293,Expert,2026-03-06
1536,minibras42,292,Expert,2026-03-06
1537,Ironfirst_ow,291,Expert,2026-03-06
1538,Kelkinbaicil,291,Expert,2026-03-06
1539,Gloups,290,Expert,2026-03-06
1540,tim_tim27,290,Expert,2026-03-06
1541,Goshtbusters44,289,Expert,2026-03-06
1542,banana2522,288,Expert,2026-03-06
1543,la_souillure,286,Expert,2026-03-06
1544,Sinaynomis,285,Expert,2026-03-06
1545,TwiceOW_,284,Expert,2026-03-06
1546,tom_dtd,284,Expert,2026-03-06
1547,k0lge,284,Expert,2026-03-06
1548,redst0,283,Expert,2026-03-06
1549,jindhotwheels,282,Expert,2026-03-06
1550,rozankya,281,Expert,2026-03-06
1551,perimetre,281,Expert,2026-03-06
1552,anakayui,281,Expert,2026-03-06
1553,Roro_L,280,Expert,2026-03-06
1554,aymericdep,278,Expert,2026-03-06
1555,jeremystranger,278,Expert,2026-03-06
1556,Z4RT0CK,277,Expert,2026-03-06
1557,disnoow_,277,Expert,2026-03-06
1558,nicosmilesc,276,Expert,2026-03-06
1559,puceau_et_cocu,275,Expert,2026-03-06
1560,buggsbun2856,273,Expert,2026-03-06
1561,kelsier_cm,273,Expert,2026-03-06
1562,wazkiz,271,Expert,2026-03-06
1563,Frasierjones,271,Expert,2026-03-06
1564,sf_mat,271,Expert,2026-03-06
1565,copaingeorge,271,Expert,2026-03-06
1566,flodel76,271,Expert,2026-03-06
1567,tibro_,270,Expert,2026-03-06
1568,stinkysidh,270,Expert,2026-03-06
1569,admylex33,270,Expert,2026-03-06
1570,anachocolat78,270,Expert,2026-03-06
1571,meteor21x,269,Expert,2026-03-06
1572,martineau72200,269,Expert,2026-03-06
1573,Olvibo,268,Expert,2026-03-06
1574,ngu9572,267,Expert,2026-03-06
1575,eldod_5986,266,Expert,2026-03-06
1576,julian12122005,265,Expert,2026-03-06
1577,Clem_92100,264,Expert,2026-03-06
1578,standotcow,263,Expert,2026-03-06
1579,gigiblaum,259,Expert,2026-03-06
1580,Mimirtylle,259,Expert,2026-03-06
1581,Vavi10,257,Expert,2026-03-06
1582,bougzy1,257,Expert,2026-03-06
1583,Curtiflop,257,Expert,2026-03-06
1584,at_m0s,256,Expert,2026-03-06
1585,Ewcofymi_TV,256,Expert,2026-03-06
1586,kraxthar,255,Expert,2026-03-06
1587,lotusroussette,255,Expert,2026-03-06
1588,Darkswaglpb,254,Expert,2026-03-06
1589,kindermaxi07,253,Expert,2026-03-06
1590,Tatagnol,251,Expert,2026-03-06
1591,lilysead,251,Expert,2026-03-06
1592,ANiceAtomicZuno,251,Expert,2026-03-06
1593,merlinxmas,251,Expert,2026-03-06
1594,Sunnnyy_,250,Expert,2026-03-06
1595,alex73630,250,Expert,2026-03-06
1596,EmilieGU,250,Expert,2026-03-06
1597,prof_scarecrow,249,Expert,2026-03-06
1598,bilhoute59,248,Expert,2026-03-06
1599,0odys,248,Expert,2026-03-06
1600,meglyne,247,Expert,2026-03-06
1601,rorosp1,247,Expert,2026-03-06
1602,eb010294,247,Expert,2026-03-06
1603,parzouile,247,Expert,2026-03-06
1604,effygies26,245,Expert,2026-03-06
1605,Khazu_,244,Expert,2026-03-06
1606,yoktoo,244,Expert,2026-03-06
1607,hippo__games,243,Expert,2026-03-06
1608,ghargo92,243,Expert,2026-03-06
1609,QuizyAntho,242,Expert,2026-03-06
1610,LadyD4rk_,241,Expert,2026-03-06
1611,lulumatteo,240,Expert,2026-03-06
1612,Axlouf_,240,Expert,2026-03-06
1613,Hyygow,240,Expert,2026-03-06
1614,607v6hdi,240,Expert,2026-03-06
1615,Thorneir_,240,Expert,2026-03-06
1616,mcperrier,240,Expert,2026-03-06
1617,biboujils,240,Expert,2026-03-06
1618,LuckyNipples,240,Expert,2026-03-06
1619,banban008,240,Expert,2026-03-06
1620,clemger30,240,Expert,2026-03-06
1621,Pipou_47,240,Expert,2026-03-06
1622,manon14522,239,Expert,2026-03-06
1623,geantpersil,239,Expert,2026-03-06
1624,Evandar_XD,238,Expert,2026-03-06
1625,7thsymphony,238,Expert,2026-03-06
1626,locabuzell,238,Expert,2026-03-06
1627,gagelibuzz,237,Expert,2026-03-06
1628,lad51,236,Expert,2026-03-06
1629,max4h,236,Expert,2026-03-06
1630,jchllx,233,Expert,2026-03-06
1631,topaze2008,233,Expert,2026-03-06
1632,M4sh19,232,Expert,2026-03-06
1633,nibiru667,232,Expert,2026-03-06
1634,Rhssy_,231,Expert,2026-03-06
1635,Tuuttuurr,231,Expert,2026-03-06
1636,Reydark59,231,Expert,2026-03-06
1637,wiikiix,230,Expert,2026-03-06
1638,romain_jcq,230,Expert,2026-03-06
1639,ValereDeLaPlaneteTerre,229,Expert,2026-03-06
1640,milobito,229,Expert,2026-03-06
1641,SiliaValentine,229,Expert,2026-03-06
1642,inferno_marto,229,Expert,2026-03-06
1643,DeuxAiles,228,Expert,2026-03-06
1644,Ouaf_blanc,228,Expert,2026-03-06
1645,Ensowu,227,Expert,2026-03-06
1646,champoly,226,Expert,2026-03-06
1647,Kirosath,224,Expert,2026-03-06
1648,Sousou36,223,Expert,2026-03-06
1649,monpote__,222,Expert,2026-03-06
1650,Pandawann01,222,Expert,2026-03-06
1651,charmandprout,221,Expert,2026-03-06
1652,Cudiinho,221,Expert,2026-03-06
1653,piketaxx,219,Expert,2026-03-06
1654,annick33440,217,Expert,2026-03-06
1655,Eijioklm,217,Expert,2026-03-06
1656,peramega69,217,Expert,2026-03-06
1657,softwave__,217,Expert,2026-03-06
1658,LuckyLucian0_,217,Expert,2026-03-06
1659,Sacrisanglant,216,Expert,2026-03-06
1660,selmasada,213,Expert,2026-03-06
1661,Yodathor,212,Expert,2026-03-06
1662,0uahleouff,211,Expert,2026-03-06
1663,antonbtt,210,Expert,2026-03-06
1664,bidilah,210,Expert,2026-03-06
1665,Truepika,210,Expert,2026-03-06
1666,rollo2k17,210,Expert,2026-03-06
1667,AlricOnasrite,210,Expert,2026-03-06
1668,zetaxc25,210,Expert,2026-03-06
1669,pretrescientologue,210,Expert,2026-03-06
1670,Mauramyr,209,Expert,2026-03-06
1671,octanegirl77,209,Expert,2026-03-06
1672,YT_Shirotv,208,Expert,2026-03-06
1673,vever2134,207,Expert,2026-03-06
1674,paigee14,207,Expert,2026-03-06
1675,Boruug,206,Expert,2026-03-06
1676,profit_lactique,206,Expert,2026-03-06
1677,nitram_v,204,Expert,2026-03-06
1678,meennttooss,201,Expert,2026-03-06
1679,ohla2000,201,Expert,2026-03-06
1680,laghoss,200,Expert,2026-03-06
1681,apocaelips,200,Expert,2026-03-06
1682,petochedu52,199,Expert,2026-03-06
1683,amomamoma,199,Expert,2026-03-06
1684,Aybliicher_,197,Expert,2026-03-06
1685,lepierrotdu67_,197,Expert,2026-03-06
1686,lodestroy,196,Expert,2026-03-06
1687,BadGones,195,Expert,2026-03-06
1688,yorickk_,195,Expert,2026-03-06
1689,ArKeiZ_,195,Expert,2026-03-06
1690,WWWeynon,193,Expert,2026-03-06
1691,KuriStream,192,Expert,2026-03-06
1692,nabil_0000,191,Expert,2026-03-06
1693,art_29,190,Expert,2026-03-06
1694,Ruka_Bartender,190,Expert,2026-03-06
1695,Iwilli26,190,Expert,2026-03-06
1696,roidada5,190,Expert,2026-03-06
1697,adroseee,188,Expert,2026-03-06
1698,RequiesPace,187,Expert,2026-03-06
1699,alphabread__,187,Expert,2026-03-06
1700,ctLila,187,Expert,2026-03-06
1701,valochelovesnever,187,Expert,2026-03-06
1702,Eldrokos,187,Expert,2026-03-06
1703,clemlo23,185,Expert,2026-03-06
1704,laurianerbld,184,Expert,2026-03-06
1705,Aza_Naru,183,Expert,2026-03-06
1706,AEG_Benammus,181,Expert,2026-03-06
1707,coco_n9_,181,Expert,2026-03-06
1708,hecatelalune,180,Expert,2026-03-06
1709,mamiehouda,180,Expert,2026-03-06
1710,Cedigold,180,Expert,2026-03-06
1711,Maitre_Shifu12,180,Expert,2026-03-06
1712,xiram95,180,Expert,2026-03-06
1713,3l_b3urr3_br3ton,180,Expert,2026-03-06
1714,dagbzz,180,Expert,2026-03-06
1715,sakuretsu1234,179,Expert,2026-03-06
1716,chris_asnl54,178,Expert,2026-03-06
1717,thenabz_,178,Expert,2026-03-06
1718,Insupie,178,Expert,2026-03-06
1719,Justdothatman,177,Expert,2026-03-06
1720,stitch0b2,174,Expert,2026-03-06
1721,petiteperrruche,174,Expert,2026-03-06
1722,tvX3NON,173,Expert,2026-03-06
1723,purplewordle,172,Expert,2026-03-06
1724,flova55,171,Expert,2026-03-06
1725,Remiwyng,169,Expert,2026-03-06
1726,shooteerr85,169,Expert,2026-03-06
1727,legendbonobo,167,Expert,2026-03-06
1728,MelcoreHat,167,Expert,2026-03-06
1729,VoImoG,166,Expert,2026-03-06
1730,hugo_camille,165,Expert,2026-03-06
1731,Gregofrigo,164,Expert,2026-03-06
1732,lucilecln,163,Expert,2026-03-06
1733,hugo_prs73,160,Expert,2026-03-06
1734,Shiirosune,160,Expert,2026-03-06
1735,Pascalouuu,160,Expert,2026-03-06
1736,petitebiche,159,Expert,2026-03-06
1737,lumi5717,159,Expert,2026-03-06
1738,alison_vrignaud,159,Expert,2026-03-06
1739,remi10des,157,Expert,2026-03-06
1740,42gats,157,Expert,2026-03-06
1741,susheagle,157,Expert,2026-03-06
1742,devreix,157,Expert,2026-03-06
1743,lorentin_hs,156,Expert,2026-03-06
1744,emmental117785,156,Expert,2026-03-06
1745,gaaston____,154,Expert,2026-03-06
1746,sw1___,153,Expert,2026-03-06
1747,LeonDeFoudre,153,Expert,2026-03-06
1748,inesn34,153,Expert,2026-03-06
1749,margauxmnto,151,Expert,2026-03-06
1750,captaingreenie,150,Expert,2026-03-06
1751,jud_0range,150,Expert,2026-03-06
1752,Pataruu,150,Expert,2026-03-06
1753,alexe_gblng,150,Expert,2026-03-06
1754,isayas___,150,Expert,2026-03-06
1755,vanougonza,150,Expert,2026-03-06
1756,Rodemic,150,Expert,2026-03-06
1757,poupiwi,150,Expert,2026-03-06
1758,Tuilespaprika,148,Expert,2026-03-06
1759,elsa_gllt,147,Expert,2026-03-06
1760,Ribsouu,145,Expert,2026-03-06
1761,apple7954,144,Expert,2026-03-06
1762,iroflane,142,Expert,2026-03-06
1763,Myfanwi59,141,Expert,2026-03-06
1764,riseflag,139,Expert,2026-03-06
1765,EmN1ght,139,Expert,2026-03-06
1766,kaitosamatv,136,Expert,2026-03-06
1767,MrJoy27,136,Expert,2026-03-06
1768,LMA_Reckss,135,Expert,2026-03-06
1769,makusuwu,135,Expert,2026-03-06
1770,kyhosa,135,Expert,2026-03-06
1771,Bouhbubs,133,Expert,2026-03-06
1772,Magicaboy1,132,Expert,2026-03-06
1773,Pantoofles,132,Expert,2026-03-06
1774,ElKoudou,132,Expert,2026-03-06
1775,owellesjp,132,Expert,2026-03-06
1776,AMP_Tanzo,129,Expert,2026-03-06
1777,TenebroA,129,Expert,2026-03-06
1778,kaiihuaii,126,Expert,2026-03-06
1779,sushi302,124,Expert,2026-03-06
1780,pastradan,124,Expert,2026-03-06
1781,thebunouf,124,Expert,2026-03-06
1782,IPacOII,124,Expert,2026-03-06
1783,quent47,124,Expert,2026-03-06
1784,syllo3,123,Expert,2026-03-06
1785,crims0n_emperor,123,Expert,2026-03-06
1786,Walnem,122,Expert,2026-03-06
1787,maxmur,121,Expert,2026-03-06
1788,F4yaman,121,Expert,2026-03-06
1789,Hikitikat,121,Expert,2026-03-06
1790,alexianvgl,120,Expert,2026-03-06
1791,Reliop_sc2,120,Expert,2026-03-06
1792,RemyJn_,120,Expert,2026-03-06
1793,azeliixx,120,Expert,2026-03-06
1794,marcolino13000,120,Expert,2026-03-06
1795,onijjam,120,Expert,2026-03-06
1796,Avodin,120,Expert,2026-03-06
1797,agreabourg,120,Expert,2026-03-06
1798,leoluffyfannnn,117,Expert,2026-03-06
1799,T0k0yamiii,114,Expert,2026-03-06
1800,alex6344,113,Expert,2026-03-06
1801,maxime_le_goat_,112,Expert,2026-03-06
1802,Loisyoyo_,110,Expert,2026-03-06
1803,feroi350,109,Expert,2026-03-06
1804,Koishi_sama,109,Expert,2026-03-06
1805,b3stburg3r,109,Expert,2026-03-06
1806,jul_fls,108,Expert,2026-03-06
1807,thomate1406,106,Expert,2026-03-06
1808,Binbaski,106,Expert,2026-03-06
1809,d0mart,104,Expert,2026-03-06
1810,ashell21,104,Expert,2026-03-06
1811,sarahggre,104,Expert,2026-03-06
1812,franxper,102,Expert,2026-03-06
1813,theooef,100,Expert,2026-03-06
1814,reflyy,100,Expert,2026-03-06
1815,alpharia_18,100,Expert,2026-03-06
1816,pierrepier5,100,Expert,2026-03-06
1817,darkstar2710,99,Expert,2026-03-06
1818,MsWallace24,96,Expert,2026-03-06
1819,indoleon,96,Expert,2026-03-06
1820,teganaz,96,Expert,2026-03-06
1821,Axelinho1402,96,Expert,2026-03-06
1822,4ngoTV,96,Expert,2026-03-06
1823,relqx_,96,Expert,2026-03-06
1824,ewan_231,96,Expert,2026-03-06
1825,toadsuper,91,Expert,2026-03-06
1826,rebasah,90,Expert,2026-03-06
1827,Yutal,90,Expert,2026-03-06
1828,khaynes__,90,Expert,2026-03-06
1829,djeynialo,90,Expert,2026-03-06
1830,diabolitoyanito,90,Expert,2026-03-06
1831,karashic,90,Expert,2026-03-06
1832,julianedrdn,90,Expert,2026-03-06
1833,biwan93_,90,Expert,2026-03-06
1834,yanis93m,90,Expert,2026-03-06
1835,6_Kakashi_,90,Expert,2026-03-06
1836,PlayfulChuck,90,Expert,2026-03-06
1837,ambreblc12,90,Expert,2026-03-06
1838,Nywayz,89,Expert,2026-03-06
1839,djo_25,87,Expert,2026-03-06
1840,TheRizzenTV,87,Expert,2026-03-06
1841,bebertlevrai,86,Expert,2026-03-06
1842,renardftn,86,Expert,2026-03-06
1843,lisavssr,84,Expert,2026-03-06
1844,SKORELbucci,79,Expert,2026-03-06
1845,patinmau,79,Expert,2026-03-06
1846,Drakengall,79,Expert,2026-03-06
1847,shadoxnight,79,Expert,2026-03-06
1848,RasperGrimm,79,Expert,2026-03-06
1849,clochpl,79,Expert,2026-03-06
1850,margtl21,77,Expert,2026-03-06
1851,Ikascouille,74,Expert,2026-03-06
1852,Luminarss,73,Expert,2026-03-06
1853,JellalFRT,72,Expert,2026-03-06
1854,Just__Xt,71,Expert,2026-03-06
1855,cherrysouptv,70,Expert,2026-03-06
1856,azukesen,69,Expert,2026-03-06
1857,ju4n1t0ss,69,Expert,2026-03-06
1858,Noobary_Player,69,Expert,2026-03-06
1859,chaloupen,66,Expert,2026-03-06
1860,Derasiel,65,Expert,2026-03-06
1861,Lycla_,60,Expert,2026-03-06
1862,emile85200,60,Expert,2026-03-06
1863,bocboc2,60,Expert,2026-03-06
1864,floangais,60,Expert,2026-03-06
1865,man_we550,60,Expert,2026-03-06
1866,Marels10,60,Expert,2026-03-06
1867,melassiedtoi,60,Expert,2026-03-06
1868,lobytch,60,Expert,2026-03-06
1869,ashtray514,60,Expert,2026-03-06
1870,ethan_diabate,60,Expert,2026-03-06
1871,sabovvi,60,Expert,2026-03-06
1872,luludigne,60,Expert,2026-03-06
1873,KeacyKenobi,60,Expert,2026-03-06
1874,tiffanimagique,60,Expert,2026-03-06
1875,19needle,59,Expert,2026-03-06
1876,kevluct,56,Expert,2026-03-06
1877,creepstone,50,Expert,2026-03-06
1878,Taerrann,50,Expert,2026-03-06
1879,AlphaH3lo,49,Expert,2026-03-06
1880,Venergyt,49,Expert,2026-03-06
1881,ZetsuyFR,46,Expert,2026-03-06
1882,bigoat_,45,Expert,2026-03-06
1883,carolinedenancy,43,Expert,2026-03-06
1884,zaceru,42,Expert,2026-03-06
1885,johan_peyr,42,Expert,2026-03-06
1886,Charmillya,41,Expert,2026-03-06
1887,Elioesque,40,Expert,2026-03-06
1888,gunmar06,39,Expert,2026-03-06
1889,Nad174,39,Expert,2026-03-06
1890,paresses,37,Expert,2026-03-06
1891,ldrpigeon,30,Expert,2026-03-06
1892,sosolartichaut,30,Expert,2026-03-06
1893,THE_MEKI,30,Expert,2026-03-06
1894,Kioube,30,Expert,2026-03-06
1895,FrancisAnkou,30,Expert,2026-03-06
1896,maxime508,30,Expert,2026-03-06
1897,migmax_l,30,Expert,2026-03-06
1898,ellymak,30,Expert,2026-03-06
1899,potatoooeees,30,Expert,2026-03-06
1900,asxha_,30,Expert,2026-03-06
1901,leodu95,30,Expert,2026-03-06
1902,No_ChiCha,30,Expert,2026-03-06
1903,Milow_YTB,30,Expert,2026-03-06
1904,skynath29,30,Expert,2026-03-06
1905,Maax27,30,Expert,2026-03-06
1906,Ferendall,30,Expert,2026-03-06
1907,12yboke,26,Expert,2026-03-06
1908,fr_bab0u,26,Expert,2026-03-06
1909,IIPiRaTeII,20,Expert,2026-03-06
1910,fransma2,20,Expert,2026-03-06
1911,fiiqzette,0,Expert,2026-03-06
1912,Lunick28,0,Expert,2026-03-06
1913,Falkhae,0,Expert,2026-03-06
1914,babyboys14,0,Expert,2026-03-06
1915,tolhairance,0,Expert,2026-03-06
1916,jujupro,0,Expert,2026-03-06
1917,Mehdi_Dabu,0,Expert,2026-03-06
1918,niodau,0,Expert,2026-03-06
1919,manu_02468,0,Expert,2026-03-06
1920,OnLy__Tv,0,Expert,2026-03-06
1921,chefout,0,Expert,2026-03-06
1922,olivbleu,0,Expert,2026-03-06
1923,LHV_doudou,0,Expert,2026-03-06
1924,Kerdael,0,Expert,2026-03-06
1925,cosmoschtroumpf6,0,Expert,2026-03-06
1926,TapAs_bs,0,Expert,2026-03-06
1927,inquii,0,Expert,2026-03-06
1928,lecture240,0,Expert,2026-03-06
1929,Annnae,0,Expert,2026-03-06
1930,rubias09,0,Expert,2026-03-06
1931,Heughmage,0,Expert,2026-03-06
1932,lhv_rose,0,Expert,2026-03-06
1933,ch4rly_01,0,Expert,2026-03-06
1934,mathieumdt,0,Expert,2026-03-06
1935,thelululu,0,Expert,2026-03-06
1936,loulox10,0,Expert,2026-03-06
1937,gossip_boy7000,0,Expert,2026-03-06
1938,Disox1,0,Expert,2026-03-06
1939,Clemands,0,Expert,2026-03-06
1940,gogolgu,0,Expert,2026-03-06
1941,CaIheim,0,Expert,2026-03-06
1942,iyoan344,0,Expert,2026-03-06
1943,lukelapin,0,Expert,2026-03-06
1944,geo570,0,Expert,2026-03-06
1945,heliumsolide,0,Expert,2026-03-06
1946,Wartux_,0,Expert,2026-03-06
1947,cikeos,0,Expert,2026-03-06
