rank,pseudo,points,level,date
1,scottsbury,1750,Abordable,2026-03-04
2,Cokeuhlikot,1738,Abordable,2026-03-04
3,Mentore36,1728,Abordable,2026-03-04
4,ralph_flo,1727,Abordable,2026-03-04
5,CVousLaServiette,1726,Abordable,2026-03-04
6,sappheiross_,1722,Abordable,2026-03-04
7,CharlemagneDuBled,1706,Abordable,2026-03-04
8,guigsdu17,1703,Abordable,2026-03-04
9,mdr_olfan79,1698,Abordable,2026-03-04
10,XavINSA_,1695,Abordable,2026-03-04
11,ElColchoneroFR,1692,Abordable,2026-03-04
12,th3_fr3nch_baguette,1689,Abordable,2026-03-04
13,Rhadamante,1681,Abordable,2026-03-04
14,chaxnard,1678,Abordable,2026-03-04
15,Ilowzzyy_,1676,Abordable,2026-03-04
16,skayyrr0x,1676,Abordable,2026-03-04
17,levraieinstein,1672,Abordable,2026-03-04
18,alex_11_19_96,1656,Abordable,2026-03-04
19,LewisPaulson,1655,Abordable,2026-03-04
20,floriandrux,1654,Abordable,2026-03-04
21,N_Selenian,1651,Abordable,2026-03-04
22,Akena_EFE,1650,Abordable,2026-03-04
23,lucamus34,1648,Abordable,2026-03-04
24,kingbourbondodo,1647,Abordable,2026-03-04
25,mikados83,1646,Abordable,2026-03-04
26,lucillep01,1643,Abordable,2026-03-04
27,ronalbert33,1642,Abordable,2026-03-04
28,Skioushi,1640,Abordable,2026-03-04
29,Herbiv,1639,Abordable,2026-03-04
30,pr0vencallegaull0is,1637,Abordable,2026-03-04
31,doopsy2,1634,Abordable,2026-03-04
32,Deelfe,1634,Abordable,2026-03-04
33,Enarkael,1633,Abordable,2026-03-04
34,erag0nyc,1633,Abordable,2026-03-04
35,willy_pagnol,1624,Abordable,2026-03-04
36,Ikioub,1624,Abordable,2026-03-04
37,mycanou,1621,Abordable,2026-03-04
38,PiR4nha,1618,Abordable,2026-03-04
39,g8velo,1615,Abordable,2026-03-04
40,Bouddhaly,1615,Abordable,2026-03-04
41,xelel06,1612,Abordable,2026-03-04
42,TahzioRadioFrance,1610,Abordable,2026-03-04
43,RED_JAZ,1609,Abordable,2026-03-04
44,Tapalchoix,1609,Abordable,2026-03-04
45,EmmyDeter,1607,Abordable,2026-03-04
46,Bobinours_,1606,Abordable,2026-03-04
47,biugn,1606,Abordable,2026-03-04
48,jbOtech,1603,Abordable,2026-03-04
49,Poy0o7,1602,Abordable,2026-03-04
50,GMachine_TV,1601,Abordable,2026-03-04
51,Lyannah_,1601,Abordable,2026-03-04
52,jlklingler,1598,Abordable,2026-03-04
53,demidieu12,1598,Abordable,2026-03-04
54,gaubian,1595,Abordable,2026-03-04
55,slippingsatu,1592,Abordable,2026-03-04
56,xanabud,1592,Abordable,2026-03-04
57,OutOfSight25,1590,Abordable,2026-03-04
58,mighty_lorenzo,1590,Abordable,2026-03-04
59,Oriharaaa_,1588,Abordable,2026-03-04
60,smfc95,1588,Abordable,2026-03-04
61,Razac76,1587,Abordable,2026-03-04
62,Aydrow_,1584,Abordable,2026-03-04
63,pindeslandes2,1584,Abordable,2026-03-04
64,Microwifix,1582,Abordable,2026-03-04
65,Exy29,1582,Abordable,2026-03-04
66,armosfr,1582,Abordable,2026-03-04
67,WarzazatXXL,1581,Abordable,2026-03-04
68,ari_billion2,1578,Abordable,2026-03-04
69,metafysike5,1578,Abordable,2026-03-04
70,magretmiel,1577,Abordable,2026-03-04
71,ju_mardy,1577,Abordable,2026-03-04
72,mousketons,1574,Abordable,2026-03-04
73,Rusfly,1572,Abordable,2026-03-04
74,la__golum,1571,Abordable,2026-03-04
75,CamyrtilleMC,1571,Abordable,2026-03-04
76,mpaolinocd,1571,Abordable,2026-03-04
77,eden91940,1571,Abordable,2026-03-04
78,akypiiik,1570,Abordable,2026-03-04
79,TrollsDesPlaines,1570,Abordable,2026-03-04
80,Hodolink,1569,Abordable,2026-03-04
81,ClemtiCP,1568,Abordable,2026-03-04
82,Pyjamartin,1567,Abordable,2026-03-04
83,livhervient,1566,Abordable,2026-03-04
84,fabode26,1566,Abordable,2026-03-04
85,ziquetjr,1565,Abordable,2026-03-04
86,eddydet,1565,Abordable,2026-03-04
87,DenisIP,1564,Abordable,2026-03-04
88,Bathemane,1558,Abordable,2026-03-04
89,malphas68,1558,Abordable,2026-03-04
90,leminimoys49,1558,Abordable,2026-03-04
91,Preponal,1557,Abordable,2026-03-04
92,Jibzzed,1554,Abordable,2026-03-04
93,Sebcube,1553,Abordable,2026-03-04
94,minicopolis,1551,Abordable,2026-03-04
95,flouflouf,1550,Abordable,2026-03-04
96,HashtagHilare,1548,Abordable,2026-03-04
97,lorenzoo0o0o,1547,Abordable,2026-03-04
98,totototomas123,1547,Abordable,2026-03-04
99,lukscape,1547,Abordable,2026-03-04
100,Elfander713,1544,Abordable,2026-03-04
101,BoisDeBuche,1543,Abordable,2026-03-04
102,gavheda,1543,Abordable,2026-03-04
103,TLecanu,1542,Abordable,2026-03-04
104,Bahkiir,1541,Abordable,2026-03-04
106,Maitre_JB,1537,Abordable,2026-03-04
107,leila110505,1535,Abordable,2026-03-04
108,mur_de_brik,1535,Abordable,2026-03-04
109,Warbird0783,1535,Abordable,2026-03-04
110,laupatos378,1534,Abordable,2026-03-04
111,gargazoth59,1534,Abordable,2026-03-04
112,timmy656565,1534,Abordable,2026-03-04
113,KorovievBC,1531,Abordable,2026-03-04
114,ninodechile,1531,Abordable,2026-03-04
115,Poiline,1530,Abordable,2026-03-04
116,Cthouloulou,1529,Abordable,2026-03-04
117,Sleepjin,1525,Abordable,2026-03-04
118,xpims,1520,Abordable,2026-03-04
119,grosbidoucorporation,1519,Abordable,2026-03-04
120,adamounaking,1518,Abordable,2026-03-04
121,grozny97447,1518,Abordable,2026-03-04
123,Kukoru,1518,Abordable,2026-03-04
124,July_7even,1516,Abordable,2026-03-04
125,LunTuuZ,1514,Abordable,2026-03-04
126,JankieChad,1512,Abordable,2026-03-04
127,emipictures,1510,Abordable,2026-03-04
128,chardonnere,1509,Abordable,2026-03-04
129,pluie14,1508,Abordable,2026-03-04
130,Barde_Choco,1508,Abordable,2026-03-04
131,marcdupont2,1506,Abordable,2026-03-04
132,Kaourentin_,1506,Abordable,2026-03-04
133,TamPoque,1504,Abordable,2026-03-04
134,RedySkull,1503,Abordable,2026-03-04
135,Guit0u_,1502,Abordable,2026-03-04
136,vikinggisors,1497,Abordable,2026-03-04
137,antoine_chemin,1495,Abordable,2026-03-04
138,monsieursaf,1494,Abordable,2026-03-04
139,cpegorier,1494,Abordable,2026-03-04
140,aclrie,1494,Abordable,2026-03-04
141,locoomotive,1493,Abordable,2026-03-04
142,JehanMenilpotene,1492,Abordable,2026-03-04
143,robin_des_boites_,1490,Abordable,2026-03-04
144,gtolibrius,1489,Abordable,2026-03-04
145,Azaeps,1489,Abordable,2026-03-04
146,raph1414,1489,Abordable,2026-03-04
147,Zelz14,1489,Abordable,2026-03-04
148,SkylagStream,1489,Abordable,2026-03-04
149,loupac_,1489,Abordable,2026-03-04
150,zipss_,1486,Abordable,2026-03-04
151,Zayro_twitch,1486,Abordable,2026-03-04
152,carminacarlotta,1486,Abordable,2026-03-04
153,xavxav19,1485,Abordable,2026-03-04
154,Panulphe,1484,Abordable,2026-03-04
155,ThemaskOo,1484,Abordable,2026-03-04
156,ChercheurdOr,1483,Abordable,2026-03-04
157,Durzoo,1483,Abordable,2026-03-04
158,boussaviola,1482,Abordable,2026-03-04
159,Miamuxx,1481,Abordable,2026-03-04
160,internova_,1481,Abordable,2026-03-04
161,senestia_19,1481,Abordable,2026-03-04
162,suplex63,1479,Abordable,2026-03-04
163,missbuterffly,1478,Abordable,2026-03-04
164,smokby24,1476,Abordable,2026-03-04
165,SabakuJulien,1476,Abordable,2026-03-04
166,N_zoh,1476,Abordable,2026-03-04
167,angel0w_flo,1476,Abordable,2026-03-04
168,nainbustibo,1475,Abordable,2026-03-04
169,Arkanisz,1475,Abordable,2026-03-04
170,eliaas755,1474,Abordable,2026-03-04
171,aikez7,1474,Abordable,2026-03-04
172,arthur_265,1473,Abordable,2026-03-04
173,TheGwakeuR,1472,Abordable,2026-03-04
174,belette__feroce,1472,Abordable,2026-03-04
175,fl8shblack,1472,Abordable,2026-03-04
176,arboxen,1472,Abordable,2026-03-04
177,oopsxful,1472,Abordable,2026-03-04
178,h_jeune_sinj,1469,Abordable,2026-03-04
179,tislem81,1469,Abordable,2026-03-04
180,IsJorTheReal,1468,Abordable,2026-03-04
181,errno_,1468,Abordable,2026-03-04
182,noxilby23,1468,Abordable,2026-03-04
183,ZebraneGrochien,1468,Abordable,2026-03-04
184,jojoko30,1467,Abordable,2026-03-04
185,welyns_,1465,Abordable,2026-03-04
186,B0udrick,1465,Abordable,2026-03-04
187,laurenceb14,1464,Abordable,2026-03-04
188,milrehe1,1464,Abordable,2026-03-04
189,bapt_1823,1462,Abordable,2026-03-04
190,tortueagileexotique2,1462,Abordable,2026-03-04
191,gauvain_adb,1461,Abordable,2026-03-04
192,Hvahel,1459,Abordable,2026-03-04
193,RxApi85,1459,Abordable,2026-03-04
194,EmilienRCSA,1459,Abordable,2026-03-04
195,chocoregliss,1457,Abordable,2026-03-04
196,val_cs224,1456,Abordable,2026-03-04
198,epinarinho,1456,Abordable,2026-03-04
199,jimmyceltics95,1456,Abordable,2026-03-04
200,Pano404,1455,Abordable,2026-03-04
201,SenriSama,1454,Abordable,2026-03-04
202,wazanimay_,1454,Abordable,2026-03-04
203,puunpuuun_,1453,Abordable,2026-03-04
204,TheLordAC,1453,Abordable,2026-03-04
205,balez88,1453,Abordable,2026-03-04
206,percvaldegalles,1453,Abordable,2026-03-04
207,giorgiomoritz,1452,Abordable,2026-03-04
208,alexis_180_05,1452,Abordable,2026-03-04
209,matt3xbot,1452,Abordable,2026-03-04
210,jeanpaultartre71,1451,Abordable,2026-03-04
211,lukeju26,1451,Abordable,2026-03-04
212,thewatibg21,1450,Abordable,2026-03-04
213,didiecg,1450,Abordable,2026-03-04
214,Axelfauteuil,1450,Abordable,2026-03-04
215,spoutiii,1448,Abordable,2026-03-04
216,Folaste,1448,Abordable,2026-03-04
217,bipraxk,1447,Abordable,2026-03-04
218,AliGerBrap,1447,Abordable,2026-03-04
219,raphloursquimangedestacos,1443,Abordable,2026-03-04
220,iamnotyourkind_1010,1442,Abordable,2026-03-04
221,pecoot,1442,Abordable,2026-03-04
222,nausicaavallee,1441,Abordable,2026-03-04
223,ImFormalYT,1440,Abordable,2026-03-04
224,Blind_LeeSin_,1438,Abordable,2026-03-04
225,panqyz,1437,Abordable,2026-03-04
226,tout_un_fromaj,1436,Abordable,2026-03-04
227,b_49,1436,Abordable,2026-03-04
228,pralun_,1436,Abordable,2026-03-04
229,simlucc,1435,Abordable,2026-03-04
230,ort2108,1434,Abordable,2026-03-04
231,wintersoldier_bas,1434,Abordable,2026-03-04
232,motel_86,1434,Abordable,2026-03-04
233,bloodbulets,1434,Abordable,2026-03-04
234,elsa_gllt,1434,Abordable,2026-03-04
235,luckylukeol,1433,Abordable,2026-03-04
236,windsorlockwood,1432,Abordable,2026-03-04
237,FredjaacK,1432,Abordable,2026-03-04
238,magnoliarain,1432,Abordable,2026-03-04
239,tinychinesegirl,1432,Abordable,2026-03-04
240,nitmar0,1430,Abordable,2026-03-04
241,toby_hornetsfr,1430,Abordable,2026-03-04
242,ClemBBBas,1429,Abordable,2026-03-04
243,maxime_lef,1429,Abordable,2026-03-04
244,torethiel,1428,Abordable,2026-03-04
245,Noahzis_,1428,Abordable,2026-03-04
246,fabuleuxfabulle,1426,Abordable,2026-03-04
247,kiiiiiwiiiiii1,1426,Abordable,2026-03-04
248,margocho,1425,Abordable,2026-03-04
249,Blinky44,1425,Abordable,2026-03-04
250,Superleupho,1425,Abordable,2026-03-04
251,qwavesan,1424,Abordable,2026-03-04
252,kecyftn,1424,Abordable,2026-03-04
253,prodigal59,1423,Abordable,2026-03-04
254,Theodiric3,1422,Abordable,2026-03-04
255,paul_f_t,1421,Abordable,2026-03-04
256,Shandy_Ruggles,1420,Abordable,2026-03-04
257,mjdavel,1419,Abordable,2026-03-04
258,marethii,1419,Abordable,2026-03-04
259,provencal_le_gaulois_kmlt,1417,Abordable,2026-03-04
260,Kalexoo_,1417,Abordable,2026-03-04
261,shazamgui,1417,Abordable,2026-03-04
262,RRRubiks,1416,Abordable,2026-03-04
263,MonsieurBiganon,1414,Abordable,2026-03-04
264,aymr_6,1414,Abordable,2026-03-04
265,La_Gej_,1414,Abordable,2026-03-04
266,Renflose,1414,Abordable,2026-03-04
267,DevilSoul_,1412,Abordable,2026-03-04
268,amosdq,1412,Abordable,2026-03-04
269,daitogalaxy8,1411,Abordable,2026-03-04
270,dlem45,1410,Abordable,2026-03-04
271,angrod17,1410,Abordable,2026-03-04
272,thenightwatch1,1409,Abordable,2026-03-04
273,trajaxx,1409,Abordable,2026-03-04
274,gege0650,1409,Abordable,2026-03-04
275,chessopus111,1408,Abordable,2026-03-04
276,baptisteazplume,1408,Abordable,2026-03-04
277,lololucky4238,1407,Abordable,2026-03-04
278,LeRemiii,1407,Abordable,2026-03-04
279,meleykali,1406,Abordable,2026-03-04
280,Licorne_Flakes,1406,Abordable,2026-03-04
281,emeuhhh,1405,Abordable,2026-03-04
282,Feelinqqq,1405,Abordable,2026-03-04
283,klefki1,1403,Abordable,2026-03-04
284,louis_lc2,1402,Abordable,2026-03-04
285,d1435,1402,Abordable,2026-03-04
286,rculpoiroi,1402,Abordable,2026-03-04
287,linkilou,1401,Abordable,2026-03-04
288,TnT04100,1400,Abordable,2026-03-04
289,Itizemi,1400,Abordable,2026-03-04
290,TerrliNainPosteur,1399,Abordable,2026-03-04
291,Marie_Dicule,1399,Abordable,2026-03-04
292,pierre0042,1398,Abordable,2026-03-04
293,Altaw,1398,Abordable,2026-03-04
294,Blikii,1397,Abordable,2026-03-04
295,geoozer,1397,Abordable,2026-03-04
296,narixrl,1397,Abordable,2026-03-04
297,freulanf,1397,Abordable,2026-03-04
298,alb_z,1397,Abordable,2026-03-04
299,tefalus,1397,Abordable,2026-03-04
300,cchielli,1396,Abordable,2026-03-04
301,dgdrhzse,1394,Abordable,2026-03-04
302,thehautifl,1394,Abordable,2026-03-04
303,marie8263,1394,Abordable,2026-03-04
304,Llu90,1394,Abordable,2026-03-04
305,eris_1207,1394,Abordable,2026-03-04
306,moltary,1393,Abordable,2026-03-04
307,Tryviss,1393,Abordable,2026-03-04
308,Slitter087,1393,Abordable,2026-03-04
309,benderrrrrrrrrrrrr,1393,Abordable,2026-03-04
310,novayaza_,1391,Abordable,2026-03-04
311,khloette,1391,Abordable,2026-03-04
312,m3lyes,1390,Abordable,2026-03-04
313,rd_lou,1390,Abordable,2026-03-04
314,elcurbo,1390,Abordable,2026-03-04
315,nutell01,1389,Abordable,2026-03-04
316,crazy_pasteque,1389,Abordable,2026-03-04
317,lauranne0564,1389,Abordable,2026-03-04
318,big_toto,1388,Abordable,2026-03-04
319,annepo9,1388,Abordable,2026-03-04
320,hawkinsstv,1388,Abordable,2026-03-04
321,TicotTM,1387,Abordable,2026-03-04
322,captainmoumoute,1387,Abordable,2026-03-04
323,Yakouze,1385,Abordable,2026-03-04
324,Lvxn_,1385,Abordable,2026-03-04
325,jyroure,1384,Abordable,2026-03-04
326,loekus_,1384,Abordable,2026-03-04
327,TsepmeTRednuhT,1383,Abordable,2026-03-04
328,leokkaido,1382,Abordable,2026-03-04
329,itiuv,1382,Abordable,2026-03-04
330,thanatosview,1382,Abordable,2026-03-04
331,lolokhali,1380,Abordable,2026-03-04
332,maeveaml25,1380,Abordable,2026-03-04
333,palox_213,1380,Abordable,2026-03-04
334,Vayke084,1380,Abordable,2026-03-04
335,artistepeintre26,1379,Abordable,2026-03-04
336,Clem31011,1379,Abordable,2026-03-04
337,CNeyo,1379,Abordable,2026-03-04
338,Spipers,1378,Abordable,2026-03-04
339,mrgdstuff,1378,Abordable,2026-03-04
340,Cepafoh,1378,Abordable,2026-03-04
341,Aquarius_56,1378,Abordable,2026-03-04
342,Jeagles,1378,Abordable,2026-03-04
343,ouloulouu8,1377,Abordable,2026-03-04
344,peyo222,1377,Abordable,2026-03-04
345,HardenBoar,1377,Abordable,2026-03-04
346,killer14323a,1377,Abordable,2026-03-04
347,JePossedeUnCousin,1377,Abordable,2026-03-04
348,ABcornichon3,1376,Abordable,2026-03-04
349,haki47000,1376,Abordable,2026-03-04
350,Fressouer,1376,Abordable,2026-03-04
351,LeMilouzeur,1376,Abordable,2026-03-04
352,Tchoupii66,1376,Abordable,2026-03-04
353,universalis_max,1376,Abordable,2026-03-04
354,pierrewimez,1376,Abordable,2026-03-04
355,cocoleb17,1375,Abordable,2026-03-04
356,Smash_MonStreamMaBataille,1375,Abordable,2026-03-04
357,joviagaliega,1375,Abordable,2026-03-04
358,el_profesor1989,1375,Abordable,2026-03-04
359,asdelatlas,1374,Abordable,2026-03-04
360,florianllo,1374,Abordable,2026-03-04
361,justerango,1374,Abordable,2026-03-04
362,theyoooop,1374,Abordable,2026-03-04
363,artepat,1373,Abordable,2026-03-04
364,galano_0,1373,Abordable,2026-03-04
365,Gazpard,1373,Abordable,2026-03-04
366,Lilllibl,1372,Abordable,2026-03-04
367,tan_tris,1372,Abordable,2026-03-04
368,ponchouch,1372,Abordable,2026-03-04
369,theludayack,1372,Abordable,2026-03-04
370,Ascogone,1372,Abordable,2026-03-04
371,ndkdkoslzvdi,1371,Abordable,2026-03-04
372,redbast_,1371,Abordable,2026-03-04
373,zazobonsangdebonjusdtang,1370,Abordable,2026-03-04
374,Gostphenix2,1370,Abordable,2026-03-04
375,gentilrital,1370,Abordable,2026-03-04
376,vduflot,1369,Abordable,2026-03-04
377,Robin_et,1369,Abordable,2026-03-04
378,TheFlatZeppelin,1369,Abordable,2026-03-04
379,axorem0202,1368,Abordable,2026-03-04
380,rambou78,1368,Abordable,2026-03-04
381,sethzx63,1368,Abordable,2026-03-04
382,mrraedwyn,1367,Abordable,2026-03-04
383,yoyoseb29,1367,Abordable,2026-03-04
384,Hedw1ge,1367,Abordable,2026-03-04
385,Maleus1638,1367,Abordable,2026-03-04
386,Raiden27,1365,Abordable,2026-03-04
387,guimoooove,1364,Abordable,2026-03-04
388,jordantoulalan,1364,Abordable,2026-03-04
389,nokiou,1363,Abordable,2026-03-04
390,Orneon_,1362,Abordable,2026-03-04
391,clairedt07,1362,Abordable,2026-03-04
392,xaviersteyer,1362,Abordable,2026-03-04
393,krokodebil31,1362,Abordable,2026-03-04
394,flo_1412,1362,Abordable,2026-03-04
395,LordAzeth,1361,Abordable,2026-03-04
396,Enerousse,1361,Abordable,2026-03-04
397,LaGrosseBertrass,1361,Abordable,2026-03-04
398,Poein,1361,Abordable,2026-03-04
399,xx_jojodu42_xx,1360,Abordable,2026-03-04
400,goid42,1360,Abordable,2026-03-04
401,brringer,1360,Abordable,2026-03-04
402,ND44ADS,1358,Abordable,2026-03-04
403,kek_eight,1358,Abordable,2026-03-04
404,jepeuxtemontrerlescrocs,1358,Abordable,2026-03-04
405,Generation_90,1358,Abordable,2026-03-04
406,un_nain_parfait,1357,Abordable,2026-03-04
407,quindecim64,1357,Abordable,2026-03-04
408,luluxette,1357,Abordable,2026-03-04
409,Valkeine,1357,Abordable,2026-03-04
410,princesse_cradouille,1357,Abordable,2026-03-04
411,lukecrecy42,1356,Abordable,2026-03-04
412,fripomi,1356,Abordable,2026-03-04
413,clemzy10,1356,Abordable,2026-03-04
414,DefyinGrav,1356,Abordable,2026-03-04
415,lacraw666,1355,Abordable,2026-03-04
416,melaninecolie,1355,Abordable,2026-03-04
417,tochkom,1354,Abordable,2026-03-04
418,bydjskull,1354,Abordable,2026-03-04
419,axougerko08,1354,Abordable,2026-03-04
420,andreas09500,1354,Abordable,2026-03-04
421,Fan_erudite,1354,Abordable,2026-03-04
422,slaxdc,1353,Abordable,2026-03-04
423,Alix_EnR,1353,Abordable,2026-03-04
424,nicogo2155,1353,Abordable,2026-03-04
425,Helyades,1353,Abordable,2026-03-04
426,romanbdp,1352,Abordable,2026-03-04
427,harveyslim,1352,Abordable,2026-03-04
428,alicook25,1352,Abordable,2026-03-04
429,agentpet,1352,Abordable,2026-03-04
430,romelcz,1351,Abordable,2026-03-04
431,cducharabia,1350,Abordable,2026-03-04
432,Lilloote,1349,Abordable,2026-03-04
433,thedoublecc,1349,Abordable,2026-03-04
434,armilz,1349,Abordable,2026-03-04
435,revfyawo,1348,Abordable,2026-03-04
436,Shamanee,1348,Abordable,2026-03-04
437,grandnounours8,1347,Abordable,2026-03-04
438,h_tes,1347,Abordable,2026-03-04
439,Is4ki,1347,Abordable,2026-03-04
440,nouvier64,1347,Abordable,2026-03-04
441,Clem_Brule,1347,Abordable,2026-03-04
442,LeVram__,1347,Abordable,2026-03-04
443,pipoiapi,1346,Abordable,2026-03-04
444,jeloooh,1345,Abordable,2026-03-04
445,niang46,1345,Abordable,2026-03-04
446,Roxaasora,1345,Abordable,2026-03-04
447,snailfucker,1345,Abordable,2026-03-04
448,Bigonoud,1344,Abordable,2026-03-04
449,aztronaute,1344,Abordable,2026-03-04
450,fl0r3_o7,1344,Abordable,2026-03-04
451,itsjooris,1343,Abordable,2026-03-04
452,didier_guepe,1343,Abordable,2026-03-04
453,leilamnccc,1343,Abordable,2026-03-04
454,alanbes76,1342,Abordable,2026-03-04
455,suilono,1342,Abordable,2026-03-04
456,minadia_,1341,Abordable,2026-03-04
457,Galdore_,1341,Abordable,2026-03-04
458,frvt109,1340,Abordable,2026-03-04
459,eneoxy,1340,Abordable,2026-03-04
460,exarium_,1340,Abordable,2026-03-04
461,metaphenix25,1339,Abordable,2026-03-04
462,helshan,1339,Abordable,2026-03-04
463,Eusphodus,1339,Abordable,2026-03-04
464,beurredoux_namnam,1339,Abordable,2026-03-04
465,tengr1iaf,1339,Abordable,2026-03-04
466,Cool_Yaoul,1339,Abordable,2026-03-04
467,alternatif_,1339,Abordable,2026-03-04
468,SquareVerySoft,1339,Abordable,2026-03-04
469,seizeh,1338,Abordable,2026-03-04
470,MarghostC,1338,Abordable,2026-03-04
471,vulcocitronade,1338,Abordable,2026-03-04
472,Gogogogo,1338,Abordable,2026-03-04
473,Luapago,1338,Abordable,2026-03-04
474,rapi2244,1338,Abordable,2026-03-04
475,thibthibs7,1338,Abordable,2026-03-04
476,azrogbrs,1337,Abordable,2026-03-04
477,keuweuleu,1337,Abordable,2026-03-04
478,pyroshiman,1336,Abordable,2026-03-04
479,Toadallie,1336,Abordable,2026-03-04
480,amulus91,1336,Abordable,2026-03-04
481,bapt0511,1336,Abordable,2026-03-04
482,qskrobaka1991,1335,Abordable,2026-03-04
483,glantichou,1335,Abordable,2026-03-04
484,MrGravlax,1335,Abordable,2026-03-04
485,aprif,1335,Abordable,2026-03-04
486,julfoulefoufou,1335,Abordable,2026-03-04
487,gaspacho2303,1335,Abordable,2026-03-04
488,BalSent,1333,Abordable,2026-03-04
489,beetle_21,1333,Abordable,2026-03-04
490,sonoigmo,1333,Abordable,2026-03-04
491,LubzLaDeveine,1333,Abordable,2026-03-04
492,Manu230874,1332,Abordable,2026-03-04
493,crackitos69,1332,Abordable,2026-03-04
494,enzodalby,1332,Abordable,2026-03-04
495,jyfiyfviyfv,1332,Abordable,2026-03-04
496,i_l_i_a_n,1332,Abordable,2026-03-04
497,freazeril,1331,Abordable,2026-03-04
498,renniwoj18,1331,Abordable,2026-03-04
499,fracaz,1331,Abordable,2026-03-04
500,rouge_et_rond,1330,Abordable,2026-03-04
501,jbbjjbbj,1330,Abordable,2026-03-04
502,RoseChateau,1330,Abordable,2026-03-04
503,r3izher,1329,Abordable,2026-03-04
504,Antear_Dis,1329,Abordable,2026-03-04
505,redst0,1329,Abordable,2026-03-04
506,Alexcendres,1329,Abordable,2026-03-04
507,Feainnwedd,1328,Abordable,2026-03-04
508,dalmuti1,1327,Abordable,2026-03-04
509,claro_quai_6,1327,Abordable,2026-03-04
510,benjcoulis,1327,Abordable,2026-03-04
511,s0lb33,1327,Abordable,2026-03-04
512,aramistouille,1326,Abordable,2026-03-04
513,welcome_paris,1326,Abordable,2026-03-04
514,TiboMarsiho,1326,Abordable,2026-03-04
515,faberneird,1326,Abordable,2026-03-04
516,raphair,1325,Abordable,2026-03-04
517,annashy27,1325,Abordable,2026-03-04
518,HaLowZen,1325,Abordable,2026-03-04
519,tteckoo,1325,Abordable,2026-03-04
520,sardaukar_roublard,1325,Abordable,2026-03-04
521,Spido39,1325,Abordable,2026-03-04
522,TheSoulStealer,1324,Abordable,2026-03-04
523,Pedr0madaire,1324,Abordable,2026-03-04
524,Lenzy__,1324,Abordable,2026-03-04
525,herdilly,1324,Abordable,2026-03-04
526,Kornog_XLR,1324,Abordable,2026-03-04
527,shadit0,1324,Abordable,2026-03-04
528,SHALALALALAMSM,1323,Abordable,2026-03-04
529,Nitrostarch,1322,Abordable,2026-03-04
530,GnR_Blitz,1322,Abordable,2026-03-04
531,arturizio,1321,Abordable,2026-03-04
532,Loub_V,1321,Abordable,2026-03-04
533,bdmaniac70,1321,Abordable,2026-03-04
534,groziflette,1320,Abordable,2026-03-04
535,tetraphenylporphyrine,1320,Abordable,2026-03-04
536,matteo_23456,1320,Abordable,2026-03-04
537,acotterl,1319,Abordable,2026-03-04
538,denissanchez1978,1319,Abordable,2026-03-04
539,PurpleTurtle34,1318,Abordable,2026-03-04
540,bulbefesse,1318,Abordable,2026-03-04
541,Sans_Le_Ji,1318,Abordable,2026-03-04
542,dimargotgot,1318,Abordable,2026-03-04
543,zmudh,1318,Abordable,2026-03-04
544,kielll_l,1318,Abordable,2026-03-04
545,mm2956,1318,Abordable,2026-03-04
546,xofyache,1318,Abordable,2026-03-04
547,jomsu23,1317,Abordable,2026-03-04
548,Windshark_,1317,Abordable,2026-03-04
549,Zodnas,1317,Abordable,2026-03-04
550,TheFabulousLink_,1316,Abordable,2026-03-04
551,xfwonka,1316,Abordable,2026-03-04
552,lemael12,1316,Abordable,2026-03-04
553,playergab1,1315,Abordable,2026-03-04
554,thepetitbreton,1315,Abordable,2026-03-04
555,N0ox_hs,1315,Abordable,2026-03-04
556,Tartine_De_Gazoule,1315,Abordable,2026-03-04
557,sol3_n,1314,Abordable,2026-03-04
558,lopotipatxi,1314,Abordable,2026-03-04
559,soaad12345,1314,Abordable,2026-03-04
560,Paultraunesofa,1314,Abordable,2026-03-04
561,tutur4oo,1314,Abordable,2026-03-04
562,Neorigg,1314,Abordable,2026-03-04
563,monsieurzozo_,1314,Abordable,2026-03-04
564,mourtonus,1313,Abordable,2026-03-04
565,vsatanas,1313,Abordable,2026-03-04
566,oreuga_,1313,Abordable,2026-03-04
567,hugokml1,1313,Abordable,2026-03-04
568,fee_lix,1313,Abordable,2026-03-04
569,fulgurys_noam,1313,Abordable,2026-03-04
570,okami_sp40,1312,Abordable,2026-03-04
571,StrixLuscinia,1312,Abordable,2026-03-04
572,nestlu_,1312,Abordable,2026-03-04
573,robinase1,1311,Abordable,2026-03-04
574,Zigaroula,1311,Abordable,2026-03-04
575,carlitalovesbees,1311,Abordable,2026-03-04
576,Renaud___,1311,Abordable,2026-03-04
577,Alostiss,1311,Abordable,2026-03-04
578,mc_chombaart,1310,Abordable,2026-03-04
579,mariuscdd,1310,Abordable,2026-03-04
580,guillaumev31,1310,Abordable,2026-03-04
581,hoodbabyluffy,1310,Abordable,2026-03-04
582,goldy23102007,1310,Abordable,2026-03-04
583,GladXVI,1309,Abordable,2026-03-04
584,asterioa_,1309,Abordable,2026-03-04
585,odysseus1234567,1309,Abordable,2026-03-04
586,motzus,1309,Abordable,2026-03-04
587,Atinele,1309,Abordable,2026-03-04
588,Yuushinakin,1308,Abordable,2026-03-04
589,iglishmek,1308,Abordable,2026-03-04
590,dooomiiinooo,1308,Abordable,2026-03-04
591,iAyO,1308,Abordable,2026-03-04
592,Oliv_Karnage,1308,Abordable,2026-03-04
594,arthur_britannia,1308,Abordable,2026-03-04
595,afy_fou,1307,Abordable,2026-03-04
596,Lurok_,1307,Abordable,2026-03-04
597,slalomixxx,1307,Abordable,2026-03-04
598,planckifoire16,1307,Abordable,2026-03-04
599,Albanane__,1307,Abordable,2026-03-04
600,Michy2tess,1307,Abordable,2026-03-04
601,ikisbok1s,1306,Abordable,2026-03-04
602,bea70fm,1306,Abordable,2026-03-04
603,En0zzz,1306,Abordable,2026-03-04
604,raph6o,1306,Abordable,2026-03-04
605,morgane_polerina,1306,Abordable,2026-03-04
606,flavienric,1306,Abordable,2026-03-04
607,ThePylote,1305,Abordable,2026-03-04
608,youennig,1305,Abordable,2026-03-04
609,fataraxe,1305,Abordable,2026-03-04
610,chocolapin33,1303,Abordable,2026-03-04
611,potterfan94,1303,Abordable,2026-03-04
612,friday_next,1303,Abordable,2026-03-04
613,formiwan,1303,Abordable,2026-03-04
614,valqpuc,1303,Abordable,2026-03-04
615,chaouy,1302,Abordable,2026-03-04
616,poii2carotte,1302,Abordable,2026-03-04
617,boimer,1302,Abordable,2026-03-04
618,takeso360,1302,Abordable,2026-03-04
619,polar_circles,1302,Abordable,2026-03-04
620,Toomaahawks,1302,Abordable,2026-03-04
621,mclpr,1302,Abordable,2026-03-04
622,vincentavellana,1302,Abordable,2026-03-04
623,mathieu_34920,1302,Abordable,2026-03-04
624,Jukain,1302,Abordable,2026-03-04
625,isdohi,1302,Abordable,2026-03-04
626,bastien_cdr,1301,Abordable,2026-03-04
627,dydybulle55,1301,Abordable,2026-03-04
628,MamiePadoeu,1301,Abordable,2026-03-04
629,guylouche29,1300,Abordable,2026-03-04
630,alkapss,1300,Abordable,2026-03-04
631,Sanzashinho,1300,Abordable,2026-03-04
632,mintarra21,1300,Abordable,2026-03-04
633,vulcainta,1299,Abordable,2026-03-04
634,nico_blackstar97,1299,Abordable,2026-03-04
635,agnruv,1299,Abordable,2026-03-04
636,yanisflxxx,1299,Abordable,2026-03-04
637,QuaszarMeister,1299,Abordable,2026-03-04
638,quetzalitoo,1299,Abordable,2026-03-04
639,beavounet12,1298,Abordable,2026-03-04
640,montgolfiere23,1298,Abordable,2026-03-04
641,solalcoolo,1298,Abordable,2026-03-04
642,Nevulas_,1298,Abordable,2026-03-04
643,DarkfanchKuro,1297,Abordable,2026-03-04
644,French_Ninja,1297,Abordable,2026-03-04
645,thanann12,1297,Abordable,2026-03-04
646,Tonyo_x_,1297,Abordable,2026-03-04
647,fixfax83,1297,Abordable,2026-03-04
648,ascyltus_,1296,Abordable,2026-03-04
649,flo_w5763,1296,Abordable,2026-03-04
650,FalconPoulet,1296,Abordable,2026-03-04
651,ant0ine_s,1295,Abordable,2026-03-04
652,exilayzon,1295,Abordable,2026-03-04
653,Praetrorian,1295,Abordable,2026-03-04
654,laurentribeiro,1295,Abordable,2026-03-04
655,Chaton_Trop_Mignon,1295,Abordable,2026-03-04
656,Wirdenss,1295,Abordable,2026-03-04
657,naillik953,1295,Abordable,2026-03-04
658,vanadiuuum,1295,Abordable,2026-03-04
659,katellpg,1295,Abordable,2026-03-04
660,W_Sherman,1295,Abordable,2026-03-04
661,meule_,1294,Abordable,2026-03-04
662,dam_chx,1294,Abordable,2026-03-04
663,ascooked,1294,Abordable,2026-03-04
664,warsoonn,1294,Abordable,2026-03-04
665,bisiaam,1294,Abordable,2026-03-04
666,bobby_fischer_2,1294,Abordable,2026-03-04
667,Patmol25,1294,Abordable,2026-03-04
668,tvkekage,1293,Abordable,2026-03-04
669,JeanCatherine,1293,Abordable,2026-03-04
670,captainfeeder2,1293,Abordable,2026-03-04
671,krolafoldingue,1293,Abordable,2026-03-04
672,Ttalanar,1292,Abordable,2026-03-04
673,Liquid0ceIot,1292,Abordable,2026-03-04
675,CsuzdiG,1292,Abordable,2026-03-04
676,pieroncello,1292,Abordable,2026-03-04
677,jutype1,1291,Abordable,2026-03-04
678,isa6137,1291,Abordable,2026-03-04
679,AsTriD37,1291,Abordable,2026-03-04
680,naoofr,1291,Abordable,2026-03-04
681,Enwey,1290,Abordable,2026-03-04
682,Lord_Drake_,1290,Abordable,2026-03-04
683,eltah00,1289,Abordable,2026-03-04
684,fanchinho6,1289,Abordable,2026-03-04
685,Nraitt,1289,Abordable,2026-03-04
686,nat150210,1289,Abordable,2026-03-04
687,win_le_maitre8,1289,Abordable,2026-03-04
688,JessLivraddict,1288,Abordable,2026-03-04
689,hugotheup,1288,Abordable,2026-03-04
690,yomann988,1288,Abordable,2026-03-04
691,tetedejondi,1287,Abordable,2026-03-04
692,Basvit,1287,Abordable,2026-03-04
693,Okaym42,1287,Abordable,2026-03-04
694,bafienfarq,1286,Abordable,2026-03-04
695,stone__island_,1286,Abordable,2026-03-04
696,KittensEmpress,1286,Abordable,2026-03-04
697,kiriroule,1286,Abordable,2026-03-04
698,devolution3120,1286,Abordable,2026-03-04
699,trucmuche3,1286,Abordable,2026-03-04
700,aadelee,1286,Abordable,2026-03-04
701,McCornickk,1286,Abordable,2026-03-04
702,adddd21,1286,Abordable,2026-03-04
703,simondaval_,1286,Abordable,2026-03-04
704,soussonoeil,1285,Abordable,2026-03-04
705,pierbal,1285,Abordable,2026-03-04
706,jelengele,1285,Abordable,2026-03-04
707,Amauryarti,1285,Abordable,2026-03-04
708,coum12,1284,Abordable,2026-03-04
709,thomas050801,1284,Abordable,2026-03-04
710,raiderdu24,1284,Abordable,2026-03-04
711,AlexisM208,1284,Abordable,2026-03-04
712,lul_fdz,1283,Abordable,2026-03-04
713,tuktuk286,1283,Abordable,2026-03-04
714,Athaisback,1283,Abordable,2026-03-04
715,jujudepoire,1283,Abordable,2026-03-04
716,lyria_prs,1283,Abordable,2026-03-04
717,RdNetwork,1283,Abordable,2026-03-04
718,thaddee_fm,1281,Abordable,2026-03-04
719,omsi668,1281,Abordable,2026-03-04
720,Piroulis,1281,Abordable,2026-03-04
721,DocUtom,1281,Abordable,2026-03-04
722,nxxmxnd,1281,Abordable,2026-03-04
723,arthurlefu,1281,Abordable,2026-03-04
724,cececerian,1280,Abordable,2026-03-04
725,Jean_Pepito,1280,Abordable,2026-03-04
726,aqualhya,1279,Abordable,2026-03-04
727,moowt,1278,Abordable,2026-03-04
728,derkprono,1278,Abordable,2026-03-04
729,atebaobab,1278,Abordable,2026-03-04
730,hoshea_jaj,1278,Abordable,2026-03-04
731,silvermarco97,1277,Abordable,2026-03-04
732,Pisteur_alpin,1277,Abordable,2026-03-04
733,lolo777x,1277,Abordable,2026-03-04
734,Crakstic,1277,Abordable,2026-03-04
735,BerbieTV,1276,Abordable,2026-03-04
736,linio6,1276,Abordable,2026-03-04
737,svjaz,1276,Abordable,2026-03-04
738,Cedric_______,1275,Abordable,2026-03-04
739,astrofeur,1275,Abordable,2026-03-04
740,sheepsy_,1275,Abordable,2026-03-04
741,alexdubinkss,1275,Abordable,2026-03-04
742,z_one107,1274,Abordable,2026-03-04
743,fefer79,1274,Abordable,2026-03-04
744,Monsieur_Bol,1274,Abordable,2026-03-04
745,wonderabi,1273,Abordable,2026-03-04
746,izziquent,1273,Abordable,2026-03-04
747,don_azhon,1273,Abordable,2026-03-04
748,black5ad,1272,Abordable,2026-03-04
749,Kid_Treplev,1272,Abordable,2026-03-04
750,kafkakeske,1272,Abordable,2026-03-04
751,Aelystos,1272,Abordable,2026-03-04
752,Richbis,1272,Abordable,2026-03-04
753,poussichou,1271,Abordable,2026-03-04
754,claude_maillou,1271,Abordable,2026-03-04
755,ZoE_DuL,1271,Abordable,2026-03-04
756,chemisemauveacarreaux,1271,Abordable,2026-03-04
757,airone_44,1271,Abordable,2026-03-04
759,kb946,1270,Abordable,2026-03-04
760,patate1654,1270,Abordable,2026-03-04
761,Pierrox5,1270,Abordable,2026-03-04
762,mpointc,1270,Abordable,2026-03-04
763,n4tsuy4,1270,Abordable,2026-03-04
764,minora_mchx,1270,Abordable,2026-03-04
765,axwayve,1270,Abordable,2026-03-04
766,Asmowo,1269,Abordable,2026-03-04
767,tybald_cornelion,1269,Abordable,2026-03-04
768,lacremiere07,1269,Abordable,2026-03-04
769,BigBlueMTG,1268,Abordable,2026-03-04
770,PandaduJapon,1268,Abordable,2026-03-04
771,starofsky78,1268,Abordable,2026-03-04
772,celian7712,1268,Abordable,2026-03-04
773,Nico_Olyvian,1267,Abordable,2026-03-04
774,prunodesbois,1267,Abordable,2026-03-04
775,lebouftout,1267,Abordable,2026-03-04
776,marcatounu,1266,Abordable,2026-03-04
777,Gabivad,1266,Abordable,2026-03-04
778,helenorma,1266,Abordable,2026-03-04
779,ofuikx,1265,Abordable,2026-03-04
780,LuxyoFR,1265,Abordable,2026-03-04
781,noelflantier17,1265,Abordable,2026-03-04
782,kepler_232,1265,Abordable,2026-03-04
783,ngollo13,1265,Abordable,2026-03-04
784,didoudulabal,1265,Abordable,2026-03-04
785,tyroga_,1265,Abordable,2026-03-04
786,captain_nemo7,1264,Abordable,2026-03-04
787,louisprague,1264,Abordable,2026-03-04
788,Dorevos,1264,Abordable,2026-03-04
789,martincloson,1264,Abordable,2026-03-04
790,walkerbeni,1264,Abordable,2026-03-04
791,lgxcinci,1264,Abordable,2026-03-04
792,lgxcinci,1264,Abordable,2026-03-04
793,ShoTam3,1264,Abordable,2026-03-04
794,LeGouicheur,1264,Abordable,2026-03-04
795,Khrista_87,1263,Abordable,2026-03-04
796,Paroxysmique,1263,Abordable,2026-03-04
797,welana2002,1263,Abordable,2026-03-04
798,Kehran,1263,Abordable,2026-03-04
799,lucie_loves_cheese,1262,Abordable,2026-03-04
800,CaNico3D,1262,Abordable,2026-03-04
801,Etinamuh,1262,Abordable,2026-03-04
802,Dj33zza,1261,Abordable,2026-03-04
803,eblett,1261,Abordable,2026-03-04
804,luciefer___,1261,Abordable,2026-03-04
805,LaurentxLoL,1261,Abordable,2026-03-04
806,unkebabultra,1261,Abordable,2026-03-04
807,patinho_44lh,1261,Abordable,2026-03-04
808,kingofgambas,1261,Abordable,2026-03-04
809,bapricbigbob,1260,Abordable,2026-03-04
810,leaa30,1260,Abordable,2026-03-04
811,Mo0nKizz,1260,Abordable,2026-03-04
812,MystCloud,1260,Abordable,2026-03-04
813,kevluct,1260,Abordable,2026-03-04
814,wayneseb,1260,Abordable,2026-03-04
815,Spiri_DocS,1260,Abordable,2026-03-04
816,AEG_Keppsyf,1260,Abordable,2026-03-04
817,piejeh,1260,Abordable,2026-03-04
818,Adwon_,1260,Abordable,2026-03-04
819,Ernal7,1260,Abordable,2026-03-04
820,psycocci,1260,Abordable,2026-03-04
821,pitimikma3l,1260,Abordable,2026-03-04
822,marti_jojo,1260,Abordable,2026-03-04
823,RickTus,1259,Abordable,2026-03-04
824,liv9171,1259,Abordable,2026-03-04
825,PleinDeSoupe,1259,Abordable,2026-03-04
826,enzo99enzo,1259,Abordable,2026-03-04
827,TheJaecko,1259,Abordable,2026-03-04
828,Niflheim13,1259,Abordable,2026-03-04
829,arno_bab,1259,Abordable,2026-03-04
830,Toadio64,1259,Abordable,2026-03-04
831,veuchdeuf,1259,Abordable,2026-03-04
832,coinetifawl,1258,Abordable,2026-03-04
833,flouze55,1258,Abordable,2026-03-04
834,e2mi,1258,Abordable,2026-03-04
835,lopysc12,1258,Abordable,2026-03-04
836,oak_trainer,1258,Abordable,2026-03-04
837,zora__x,1258,Abordable,2026-03-04
838,manuerequin,1257,Abordable,2026-03-04
839,ptitbouh,1257,Abordable,2026-03-04
840,gladyathor7,1257,Abordable,2026-03-04
841,Enaira02,1257,Abordable,2026-03-04
842,anais_sg,1257,Abordable,2026-03-04
843,gretirse,1256,Abordable,2026-03-04
844,charlesgeorges1976,1256,Abordable,2026-03-04
845,Ascure,1256,Abordable,2026-03-04
846,MrNerwey,1256,Abordable,2026-03-04
847,lauranorak,1256,Abordable,2026-03-04
848,paulfrrd,1255,Abordable,2026-03-04
849,nyyko77,1254,Abordable,2026-03-04
850,ElendirGurdil,1253,Abordable,2026-03-04
851,celinette2605,1252,Abordable,2026-03-04
852,spire30,1252,Abordable,2026-03-04
853,Annonyme31,1252,Abordable,2026-03-04
854,Nawak80,1251,Abordable,2026-03-04
855,Fllorrin,1251,Abordable,2026-03-04
856,taykeron,1251,Abordable,2026-03-04
857,xMcMANx,1251,Abordable,2026-03-04
859,jakomanobis,1250,Abordable,2026-03-04
860,cobra_jb51,1250,Abordable,2026-03-04
861,Noyyinn,1250,Abordable,2026-03-04
862,alcarex09,1250,Abordable,2026-03-04
863,camilia_cr,1250,Abordable,2026-03-04
864,lucaspi6,1250,Abordable,2026-03-04
865,dopeofchlo,1250,Abordable,2026-03-04
866,pepiteidem,1249,Abordable,2026-03-04
867,Monsieur_Legume,1249,Abordable,2026-03-04
868,garnoule2,1249,Abordable,2026-03-04
869,Loos_Guccreen,1249,Abordable,2026-03-04
870,alinecompass,1249,Abordable,2026-03-04
871,hesiodar,1248,Abordable,2026-03-04
872,AirCeos_,1248,Abordable,2026-03-04
873,MyopicTortoise,1248,Abordable,2026-03-04
874,loulou_le_fifou,1248,Abordable,2026-03-04
875,DracoFlo_ssb,1248,Abordable,2026-03-04
876,saccard8,1248,Abordable,2026-03-04
877,labarbiturique,1248,Abordable,2026-03-04
878,choixio,1247,Abordable,2026-03-04
879,clallema,1247,Abordable,2026-03-04
880,hfhdhdggebehdgge,1247,Abordable,2026-03-04
881,Zhedexis,1247,Abordable,2026-03-04
882,Tacsel,1246,Abordable,2026-03-04
883,binouzeframboise,1246,Abordable,2026-03-04
884,Sam_Sar4h,1246,Abordable,2026-03-04
885,SaumonmanL,1246,Abordable,2026-03-04
886,Tseko_tm,1246,Abordable,2026-03-04
887,Arg_a,1246,Abordable,2026-03-04
888,minizza59380,1245,Abordable,2026-03-04
889,mfp_wanderer,1245,Abordable,2026-03-04
890,odisaure,1245,Abordable,2026-03-04
891,infini1006,1244,Abordable,2026-03-04
892,thebabet,1244,Abordable,2026-03-04
893,louis540,1244,Abordable,2026-03-04
894,bildungsromane,1244,Abordable,2026-03-04
895,mpt4eva,1243,Abordable,2026-03-04
896,La_Siole,1243,Abordable,2026-03-04
897,dfer1265,1243,Abordable,2026-03-04
898,mwtoshi,1243,Abordable,2026-03-04
899,MarCalifornium,1243,Abordable,2026-03-04
900,alicio_kh,1243,Abordable,2026-03-04
901,ikonnah,1242,Abordable,2026-03-04
902,art_lbn,1242,Abordable,2026-03-04
903,zigzag_ld,1242,Abordable,2026-03-04
904,nnirrrrr,1242,Abordable,2026-03-04
905,fanchito2677,1242,Abordable,2026-03-04
906,kethjin,1241,Abordable,2026-03-04
907,Drypaints,1241,Abordable,2026-03-04
908,spi8544,1241,Abordable,2026-03-04
909,angelolive_m,1241,Abordable,2026-03-04
910,ev4n1r56,1241,Abordable,2026-03-04
911,leb_theo,1241,Abordable,2026-03-04
912,xayah_play,1241,Abordable,2026-03-04
913,zenoovvv,1240,Abordable,2026-03-04
914,FlowFlowGAMING,1240,Abordable,2026-03-04
915,tim0thh,1240,Abordable,2026-03-04
916,oryon1x,1239,Abordable,2026-03-04
917,Samgam,1239,Abordable,2026-03-04
918,Canisback,1239,Abordable,2026-03-04
919,ratinho__7,1239,Abordable,2026-03-04
920,victor_cizeh,1239,Abordable,2026-03-04
921,Todomach,1239,Abordable,2026-03-04
922,yooshi213,1239,Abordable,2026-03-04
923,jiiraph,1238,Abordable,2026-03-04
924,FlashD19,1238,Abordable,2026-03-04
925,romainhg_9,1238,Abordable,2026-03-04
926,yuna_ymt,1238,Abordable,2026-03-04
927,Karthaz_ow,1238,Abordable,2026-03-04
928,reynier907,1238,Abordable,2026-03-04
929,thomas041036,1238,Abordable,2026-03-04
930,Bluepsie,1237,Abordable,2026-03-04
931,nicolens62_,1237,Abordable,2026-03-04
932,SaghLaaaaa,1237,Abordable,2026-03-04
933,Apocalypse88666,1237,Abordable,2026-03-04
934,BrorenTilTchoupi,1237,Abordable,2026-03-04
935,Raikuz,1236,Abordable,2026-03-04
936,lajayce,1236,Abordable,2026-03-04
937,Gafpix,1236,Abordable,2026-03-04
938,lipstick44160,1236,Abordable,2026-03-04
939,alaixtidia,1235,Abordable,2026-03-04
940,plydfonik,1235,Abordable,2026-03-04
941,portalis37,1235,Abordable,2026-03-04
942,lepriscie,1235,Abordable,2026-03-04
943,ahorushiro,1235,Abordable,2026-03-04
944,gab0utch,1234,Abordable,2026-03-04
945,MelanieHDF,1234,Abordable,2026-03-04
946,loubln22,1234,Abordable,2026-03-04
947,MrMich38,1234,Abordable,2026-03-04
948,Lito__9,1234,Abordable,2026-03-04
949,TheApac,1234,Abordable,2026-03-04
950,melvineuer22,1234,Abordable,2026-03-04
951,velf_at,1234,Abordable,2026-03-04
952,toneanother,1234,Abordable,2026-03-04
953,apooooo__,1234,Abordable,2026-03-04
954,niksputt,1233,Abordable,2026-03-04
955,celsanfri,1233,Abordable,2026-03-04
956,mother_oftears,1233,Abordable,2026-03-04
957,mrpoulpe0191,1233,Abordable,2026-03-04
958,etharkan,1233,Abordable,2026-03-04
959,cartelqueen,1233,Abordable,2026-03-04
960,gervais26,1233,Abordable,2026-03-04
961,etriname_twitch,1233,Abordable,2026-03-04
962,tom22bzh,1233,Abordable,2026-03-04
963,Loisyoyo_,1233,Abordable,2026-03-04
964,hiroshipanda2,1233,Abordable,2026-03-04
965,hydroshadowz,1233,Abordable,2026-03-04
966,Lilehoux,1233,Abordable,2026-03-04
967,roro911902,1232,Abordable,2026-03-04
968,romaincyg,1232,Abordable,2026-03-04
969,arkogy,1232,Abordable,2026-03-04
970,adriknox,1231,Abordable,2026-03-04
971,skCrytek,1231,Abordable,2026-03-04
972,marynell22,1231,Abordable,2026-03-04
973,RickyMuscle,1231,Abordable,2026-03-04
974,Kerroaz,1231,Abordable,2026-03-04
975,Kenzoche,1230,Abordable,2026-03-04
976,Bacon_Grille,1230,Abordable,2026-03-04
977,alexinhos,1230,Abordable,2026-03-04
978,Slafuss,1230,Abordable,2026-03-04
979,milobito,1230,Abordable,2026-03-04
980,Ghighim0n,1229,Abordable,2026-03-04
981,lukasmelchior95,1229,Abordable,2026-03-04
982,galakmoody,1229,Abordable,2026-03-04
983,Waluigion,1229,Abordable,2026-03-04
984,Cheelou1306,1229,Abordable,2026-03-04
985,Demurah,1229,Abordable,2026-03-04
986,Hinata_live,1228,Abordable,2026-03-04
987,eriakhor,1228,Abordable,2026-03-04
988,guepineuse,1228,Abordable,2026-03-04
989,zsuzska___,1228,Abordable,2026-03-04
990,arthurlongin,1227,Abordable,2026-03-04
991,jotunheim29,1226,Abordable,2026-03-04
992,Sanjicook51,1226,Abordable,2026-03-04
993,lnl8d,1226,Abordable,2026-03-04
994,HenriOOS,1226,Abordable,2026-03-04
995,annonymon198,1226,Abordable,2026-03-04
997,fruuhstuck,1225,Abordable,2026-03-04
998,hortensia06,1225,Abordable,2026-03-04
999,LeKagoule,1225,Abordable,2026-03-04
1000,stanimal38,1225,Abordable,2026-03-04
1001,nolbi_,1224,Abordable,2026-03-04
1003,gwen1083,1224,Abordable,2026-03-04
1004,heehooeee,1223,Abordable,2026-03-04
1005,Vavalcelest,1223,Abordable,2026-03-04
1006,livebreizh,1223,Abordable,2026-03-04
1007,cebinhodobrasil,1223,Abordable,2026-03-04
1008,typhanie06,1223,Abordable,2026-03-04
1009,gao_2108,1223,Abordable,2026-03-04
1010,theplayerdu18,1223,Abordable,2026-03-04
1011,the23ace,1222,Abordable,2026-03-04
1012,picon02,1222,Abordable,2026-03-04
1013,schrymp,1222,Abordable,2026-03-04
1014,Acansee,1222,Abordable,2026-03-04
1015,martinounours_,1222,Abordable,2026-03-04
1016,arlettechabotgaming,1222,Abordable,2026-03-04
1017,BehelFR,1222,Abordable,2026-03-04
1018,Terkha,1222,Abordable,2026-03-04
1019,AuziXx15,1222,Abordable,2026-03-04
1020,the_wolf_94,1221,Abordable,2026-03-04
1021,tsquoir51,1221,Abordable,2026-03-04
1022,Caro_ea,1221,Abordable,2026-03-04
1023,Djoyia,1221,Abordable,2026-03-04
1024,kraken_ti,1221,Abordable,2026-03-04
1025,timar_san,1221,Abordable,2026-03-04
1026,bigodiche,1220,Abordable,2026-03-04
1027,Markhat,1220,Abordable,2026-03-04
1028,tomlg3415,1220,Abordable,2026-03-04
1029,IHelias,1220,Abordable,2026-03-04
1030,allexpresso,1220,Abordable,2026-03-04
1031,the_rominou,1220,Abordable,2026-03-04
1032,airvai,1220,Abordable,2026-03-04
1033,Serial76,1219,Abordable,2026-03-04
1034,flibustier13,1219,Abordable,2026-03-04
1035,mattouellettboucher,1219,Abordable,2026-03-04
1036,poupouille101400,1219,Abordable,2026-03-04
1037,kalyse83,1219,Abordable,2026-03-04
1038,Titourno,1219,Abordable,2026-03-04
1039,YEPKiks,1218,Abordable,2026-03-04
1040,pierrham,1218,Abordable,2026-03-04
1041,NezukYe,1218,Abordable,2026-03-04
1042,vincentmrr,1218,Abordable,2026-03-04
1043,Lwizhart,1218,Abordable,2026-03-04
1044,omchampionn,1218,Abordable,2026-03-04
1045,zigour,1218,Abordable,2026-03-04
1046,seblepieux,1217,Abordable,2026-03-04
1047,aud75016,1217,Abordable,2026-03-04
1048,iResis_,1217,Abordable,2026-03-04
1049,FyyTox,1217,Abordable,2026-03-04
1050,lilico0410,1216,Abordable,2026-03-04
1051,PetitEwokk,1216,Abordable,2026-03-04
1052,adrizhed,1216,Abordable,2026-03-04
1053,Almagics_,1216,Abordable,2026-03-04
1054,npnvn67,1216,Abordable,2026-03-04
1055,val_jnv,1216,Abordable,2026-03-04
1056,hadjee,1216,Abordable,2026-03-04
1057,KiViK___,1215,Abordable,2026-03-04
1058,Lohem54,1215,Abordable,2026-03-04
1059,legcles9,1215,Abordable,2026-03-04
1060,chloeamt,1215,Abordable,2026-03-04
1061,eurydicean,1215,Abordable,2026-03-04
1062,allan178679,1215,Abordable,2026-03-04
1063,togepi_boardgame,1215,Abordable,2026-03-04
1064,Oree___,1214,Abordable,2026-03-04
1065,TatieParapluie,1214,Abordable,2026-03-04
1066,Evil3ye,1214,Abordable,2026-03-04
1067,Guirlyn,1214,Abordable,2026-03-04
1068,clem_du_42,1214,Abordable,2026-03-04
1069,poryoneuve,1214,Abordable,2026-03-04
1070,robxa27,1214,Abordable,2026-03-04
1071,dornab,1214,Abordable,2026-03-04
1072,Guicri_,1214,Abordable,2026-03-04
1073,anna_pmette,1213,Abordable,2026-03-04
1074,al_barthar,1213,Abordable,2026-03-04
1075,bastonks,1213,Abordable,2026-03-04
1076,Aramandra,1212,Abordable,2026-03-04
1077,nicocena2203,1212,Abordable,2026-03-04
1078,Didier_is_diamond,1212,Abordable,2026-03-04
1079,vinaja85,1212,Abordable,2026-03-04
1080,blablacar09420,1212,Abordable,2026-03-04
1081,groupamafdj,1212,Abordable,2026-03-04
1082,sojade86,1211,Abordable,2026-03-04
1083,andiamogo1,1211,Abordable,2026-03-04
1084,Menquia,1211,Abordable,2026-03-04
1085,streetfightermas,1211,Abordable,2026-03-04
1086,jaxa1987,1211,Abordable,2026-03-04
1087,fishman84,1211,Abordable,2026-03-04
1088,momotte21,1211,Abordable,2026-03-04
1089,Theobald,1211,Abordable,2026-03-04
1090,athena83__,1211,Abordable,2026-03-04
1091,anneflorence83,1210,Abordable,2026-03-04
1092,vt12_levrai,1210,Abordable,2026-03-04
1093,trh1217,1210,Abordable,2026-03-04
1094,captflam,1210,Abordable,2026-03-04
1095,dy0uu,1210,Abordable,2026-03-04
1096,CeroDos__,1210,Abordable,2026-03-04
1097,Stillau,1210,Abordable,2026-03-04
1098,suuuuzon,1210,Abordable,2026-03-04
1099,livio13007,1210,Abordable,2026-03-04
1100,pietrohab,1210,Abordable,2026-03-04
1101,lordani44,1209,Abordable,2026-03-04
1102,Grozene,1209,Abordable,2026-03-04
1103,Grantef,1209,Abordable,2026-03-04
1104,lookiadia,1209,Abordable,2026-03-04
1105,miohne822,1209,Abordable,2026-03-04
1106,magicdidou34,1209,Abordable,2026-03-04
1107,adagio0,1208,Abordable,2026-03-04
1108,manoc2,1208,Abordable,2026-03-04
1109,testzzrot,1208,Abordable,2026-03-04
1110,antvine,1208,Abordable,2026-03-04
1111,Dexte03,1208,Abordable,2026-03-04
1112,ThaoIan,1208,Abordable,2026-03-04
1113,vingt_et_un,1207,Abordable,2026-03-04
1114,mathiswolfie,1207,Abordable,2026-03-04
1115,Trantora,1207,Abordable,2026-03-04
1116,pierre52190,1207,Abordable,2026-03-04
1117,cestdric,1207,Abordable,2026-03-04
1118,queenmamouche,1206,Abordable,2026-03-04
1119,kc_axl974,1206,Abordable,2026-03-04
1120,Randommer52,1206,Abordable,2026-03-04
1121,Mahkda,1206,Abordable,2026-03-04
1122,E_TzT_Silver,1206,Abordable,2026-03-04
1123,Dr_Niamor,1205,Abordable,2026-03-04
1124,loulou4426,1205,Abordable,2026-03-04
1125,emilienrb,1205,Abordable,2026-03-04
1126,baptister42,1205,Abordable,2026-03-04
1127,Piveau1,1205,Abordable,2026-03-04
1128,loopipol,1204,Abordable,2026-03-04
1129,cronozisyt,1204,Abordable,2026-03-04
1130,Ramda_Pink,1204,Abordable,2026-03-04
1131,LeWalui,1204,Abordable,2026-03-04
1132,zkkdlin,1204,Abordable,2026-03-04
1133,l1xep,1203,Abordable,2026-03-04
1134,jeanmarielepencvrmtlegoat,1203,Abordable,2026-03-04
1135,Koalet,1203,Abordable,2026-03-04
1136,Triguneur28,1203,Abordable,2026-03-04
1137,Duvoiing,1203,Abordable,2026-03-04
1138,Zayli__,1203,Abordable,2026-03-04
1139,coxlelynel,1203,Abordable,2026-03-04
1140,baretus,1203,Abordable,2026-03-04
1141,bamouhs,1203,Abordable,2026-03-04
1142,KotoLePlusBo,1203,Abordable,2026-03-04
1144,mario_kartoffel,1202,Abordable,2026-03-04
1145,Sangti,1202,Abordable,2026-03-04
1146,rubyxcub,1202,Abordable,2026-03-04
1147,Atouxi,1202,Abordable,2026-03-04
1148,MaxSheune,1202,Abordable,2026-03-04
1149,Arotuf,1202,Abordable,2026-03-04
1150,alto_27,1202,Abordable,2026-03-04
1151,flaflaxdup,1201,Abordable,2026-03-04
1152,titicoco44,1201,Abordable,2026-03-04
1153,hugeo2106,1201,Abordable,2026-03-04
1154,steph1769300,1201,Abordable,2026-03-04
1155,aepsilon2,1201,Abordable,2026-03-04
1156,skaikruhedab,1201,Abordable,2026-03-04
1157,sisi_muybien,1200,Abordable,2026-03-04
1158,uraniumonster,1200,Abordable,2026-03-04
1159,ba_asti1,1200,Abordable,2026-03-04
1160,Tenshin_7,1200,Abordable,2026-03-04
1161,OzymandiasFG,1200,Abordable,2026-03-04
1162,sidesoul,1200,Abordable,2026-03-04
1163,lyxtoo,1199,Abordable,2026-03-04
1164,hughasm,1199,Abordable,2026-03-04
1165,malo_dschs,1199,Abordable,2026-03-04
1166,metallianmask,1199,Abordable,2026-03-04
1167,lisalyca,1199,Abordable,2026-03-04
1168,nanou33190,1199,Abordable,2026-03-04
1169,PapaDucorona,1199,Abordable,2026-03-04
1170,feroi350,1198,Abordable,2026-03-04
1171,jonathan0dc,1198,Abordable,2026-03-04
1172,celine512,1198,Abordable,2026-03-04
1173,bidet76,1198,Abordable,2026-03-04
1174,Landulyk,1198,Abordable,2026-03-04
1175,syl400,1198,Abordable,2026-03-04
1176,nadadrufio,1197,Abordable,2026-03-04
1177,Folamour,1197,Abordable,2026-03-04
1178,lambarKader,1197,Abordable,2026-03-04
1179,Pailletowin,1197,Abordable,2026-03-04
1180,Herakles64,1197,Abordable,2026-03-04
1181,Merygold_,1197,Abordable,2026-03-04
1182,maxou1409,1197,Abordable,2026-03-04
1183,Amitayu,1197,Abordable,2026-03-04
1184,prnce08,1197,Abordable,2026-03-04
1185,benj__4,1196,Abordable,2026-03-04
1186,imjustjphil_,1196,Abordable,2026-03-04
1187,R0ch8,1196,Abordable,2026-03-04
1188,spatiosaur,1196,Abordable,2026-03-04
1189,sow__sow,1196,Abordable,2026-03-04
1190,ilyas_,1196,Abordable,2026-03-04
1191,Myu_Cosplay,1196,Abordable,2026-03-04
1192,b4949r,1196,Abordable,2026-03-04
1193,Neohoops,1196,Abordable,2026-03-04
1194,kurohigggge,1195,Abordable,2026-03-04
1195,yolocomander,1195,Abordable,2026-03-04
1196,kerviken,1195,Abordable,2026-03-04
1197,Pasdlle,1195,Abordable,2026-03-04
1198,eageln5,1195,Abordable,2026-03-04
1199,Azuron_,1195,Abordable,2026-03-04
1200,Scotchill,1195,Abordable,2026-03-04
1201,Cyliaelle,1195,Abordable,2026-03-04
1202,SeigneurZigmou,1195,Abordable,2026-03-04
1203,lucienchinaski,1194,Abordable,2026-03-04
1204,puputedu31,1194,Abordable,2026-03-04
1205,Morgys,1194,Abordable,2026-03-04
1206,Tanukiiiiiiiiiii,1194,Abordable,2026-03-04
1207,downkyz,1194,Abordable,2026-03-04
1208,MrManuluigi,1193,Abordable,2026-03-04
1209,pau_line6,1193,Abordable,2026-03-04
1210,gusguss22,1193,Abordable,2026-03-04
1211,kyaa05,1192,Abordable,2026-03-04
1212,ogdec,1192,Abordable,2026-03-04
1213,pandaman_88,1192,Abordable,2026-03-04
1214,UneChipMasquee,1192,Abordable,2026-03-04
1215,m_bouly67,1192,Abordable,2026-03-04
1216,gfunkybasse,1192,Abordable,2026-03-04
1217,Gophie,1192,Abordable,2026-03-04
1218,bapinho_22,1192,Abordable,2026-03-04
1219,PoireauPane,1192,Abordable,2026-03-04
1220,poupoutte,1191,Abordable,2026-03-04
1221,baptiste_mnst,1191,Abordable,2026-03-04
1222,pellegrino1kg,1191,Abordable,2026-03-04
1223,alvin19011,1190,Abordable,2026-03-04
1224,raphrigal,1190,Abordable,2026-03-04
1225,prince_sans_rire,1190,Abordable,2026-03-04
1226,ssk68100,1190,Abordable,2026-03-04
1227,Crayak88,1190,Abordable,2026-03-04
1228,elonuf49,1190,Abordable,2026-03-04
1229,cellowo,1190,Abordable,2026-03-04
1230,kn__12,1189,Abordable,2026-03-04
1231,Zifuko_de_la_B,1189,Abordable,2026-03-04
1232,oNAILUJo,1189,Abordable,2026-03-04
1233,dautremax,1189,Abordable,2026-03-04
1234,srusru0805,1189,Abordable,2026-03-04
1235,gob1lad_,1189,Abordable,2026-03-04
1236,surfysamy23,1189,Abordable,2026-03-04
1237,Rapik79,1189,Abordable,2026-03-04
1238,giobd28,1188,Abordable,2026-03-04
1239,gotmarine,1188,Abordable,2026-03-04
1240,punzeer,1188,Abordable,2026-03-04
1241,fbernable,1187,Abordable,2026-03-04
1242,Dzerky7,1187,Abordable,2026-03-04
1243,Pibeurre,1187,Abordable,2026-03-04
1244,Neicilef,1187,Abordable,2026-03-04
1245,SpleenEtFlemme,1187,Abordable,2026-03-04
1246,corpsenthym_,1187,Abordable,2026-03-04
1247,Patchi6249,1187,Abordable,2026-03-04
1248,billmall44310,1187,Abordable,2026-03-04
1249,vandalmonde,1186,Abordable,2026-03-04
1250,Maxidroll,1186,Abordable,2026-03-04
1251,thomio2565,1186,Abordable,2026-03-04
1252,kr1st0feur,1186,Abordable,2026-03-04
1253,misfeet35,1186,Abordable,2026-03-04
1254,CaptainSebji,1186,Abordable,2026-03-04
1255,rebis47,1185,Abordable,2026-03-04
1256,arthurhohlmann,1185,Abordable,2026-03-04
1257,hamlew_44,1185,Abordable,2026-03-04
1258,chokkxx,1185,Abordable,2026-03-04
1259,yazoso,1185,Abordable,2026-03-04
1260,M8_lekyks,1185,Abordable,2026-03-04
1261,tartotartes,1184,Abordable,2026-03-04
1262,HaznaN,1184,Abordable,2026-03-04
1263,naa7_,1184,Abordable,2026-03-04
1264,judo_63,1184,Abordable,2026-03-04
1265,gloria2326,1184,Abordable,2026-03-04
1266,onicapnod,1183,Abordable,2026-03-04
1267,gardenofshura,1183,Abordable,2026-03-04
1268,ElToomyFR,1183,Abordable,2026-03-04
1270,Mazkeem,1183,Abordable,2026-03-04
1271,periclees75,1183,Abordable,2026-03-04
1272,matth1600,1183,Abordable,2026-03-04
1273,kikinou_spark_,1183,Abordable,2026-03-04
1274,Zestios,1183,Abordable,2026-03-04
1275,GeoNonooo,1183,Abordable,2026-03-04
1276,Astyazz,1183,Abordable,2026-03-04
1277,galures,1183,Abordable,2026-03-04
1278,Aiveune,1183,Abordable,2026-03-04
1279,Gueguettee,1182,Abordable,2026-03-04
1280,zienckar,1182,Abordable,2026-03-04
1281,guighzy,1182,Abordable,2026-03-04
1282,vital_sloth,1182,Abordable,2026-03-04
1283,flodel76,1182,Abordable,2026-03-04
1284,Jannaimar,1182,Abordable,2026-03-04
1285,PumPiz,1181,Abordable,2026-03-04
1286,draggio22,1181,Abordable,2026-03-04
1287,aurelie_dtv,1181,Abordable,2026-03-04
1288,Caaaann_,1181,Abordable,2026-03-04
1289,leo_r3,1181,Abordable,2026-03-04
1290,morgane_888,1181,Abordable,2026-03-04
1291,flo40404031,1180,Abordable,2026-03-04
1292,mat_crbl,1180,Abordable,2026-03-04
1293,en7itoo,1180,Abordable,2026-03-04
1294,Dedfynx,1180,Abordable,2026-03-04
1295,yannmdc,1180,Abordable,2026-03-04
1296,nicklas56400,1180,Abordable,2026-03-04
1297,Minipix_,1180,Abordable,2026-03-04
1298,maxmrld,1180,Abordable,2026-03-04
1299,nytrap2,1180,Abordable,2026-03-04
1300,Eadliyn,1180,Abordable,2026-03-04
1301,anirielle,1180,Abordable,2026-03-04
1302,Ryad__c,1180,Abordable,2026-03-04
1303,Askellllllllll,1179,Abordable,2026-03-04
1304,Cynelya,1179,Abordable,2026-03-04
1305,megata__,1179,Abordable,2026-03-04
1306,Robzy26,1178,Abordable,2026-03-04
1307,aliceeuh_,1178,Abordable,2026-03-04
1308,Best_Platypus,1178,Abordable,2026-03-04
1309,Karreaux_,1178,Abordable,2026-03-04
1310,snakinho74,1178,Abordable,2026-03-04
1311,Pentateuques,1178,Abordable,2026-03-04
1312,LineceMadu,1177,Abordable,2026-03-04
1313,lakonik44,1177,Abordable,2026-03-04
1314,katakeno,1177,Abordable,2026-03-04
1315,lasnoe7,1177,Abordable,2026-03-04
1316,blurvial,1177,Abordable,2026-03-04
1317,leo22971_2,1177,Abordable,2026-03-04
1318,besticule,1177,Abordable,2026-03-04
1319,sirius47th,1176,Abordable,2026-03-04
1320,ton_gros_front_lisse,1176,Abordable,2026-03-04
1321,Karabiffle,1176,Abordable,2026-03-04
1322,Troglodyte_Grognon,1176,Abordable,2026-03-04
1323,C3PetDansLEau,1176,Abordable,2026-03-04
1324,DANLCARTON,1176,Abordable,2026-03-04
1325,lanasavannah,1175,Abordable,2026-03-04
1326,Ertaqq,1175,Abordable,2026-03-04
1327,Howinta,1175,Abordable,2026-03-04
1328,poipoi_0,1175,Abordable,2026-03-04
1329,the_real_alexx,1175,Abordable,2026-03-04
1330,Trafalgar_8sky,1175,Abordable,2026-03-04
1331,devotneedler,1175,Abordable,2026-03-04
1332,Bobberta,1175,Abordable,2026-03-04
1333,IDeox02,1174,Abordable,2026-03-04
1334,Floftnl,1174,Abordable,2026-03-04
1335,finalfansebi,1174,Abordable,2026-03-04
1336,Kadoum07,1174,Abordable,2026-03-04
1337,dechannes,1174,Abordable,2026-03-04
1338,Laerl_crtrs,1173,Abordable,2026-03-04
1339,alexis_taniere,1173,Abordable,2026-03-04
1340,rygs98,1173,Abordable,2026-03-04
1341,eliot_mh,1173,Abordable,2026-03-04
1342,tobias_frd,1173,Abordable,2026-03-04
1343,Anekitous,1173,Abordable,2026-03-04
1344,boreal1333,1173,Abordable,2026-03-04
1345,aziegenhagen,1172,Abordable,2026-03-04
1346,Jenroule,1172,Abordable,2026-03-04
1347,Clemoslo,1172,Abordable,2026-03-04
1348,wolfgang111,1172,Abordable,2026-03-04
1349,douti40,1172,Abordable,2026-03-04
1350,Chapaapaaa,1172,Abordable,2026-03-04
1351,jesus00733,1172,Abordable,2026-03-04
1352,Pimrov,1171,Abordable,2026-03-04
1353,igrancee,1171,Abordable,2026-03-04
1354,battlamenace,1171,Abordable,2026-03-04
1355,hajimeta,1171,Abordable,2026-03-04
1356,Nisignem,1171,Abordable,2026-03-04
1357,milochevrier,1171,Abordable,2026-03-04
1358,may3316,1171,Abordable,2026-03-04
1359,hassen_ijou,1171,Abordable,2026-03-04
1360,Elyar_TV,1171,Abordable,2026-03-04
1361,sttaniss,1171,Abordable,2026-03-04
1362,R4tatosk,1171,Abordable,2026-03-04
1363,Azdakar,1170,Abordable,2026-03-04
1364,LeopoldoPisanello,1170,Abordable,2026-03-04
1365,thibaudrbo,1170,Abordable,2026-03-04
1366,Hrognaar,1170,Abordable,2026-03-04
1367,vigneauuu,1170,Abordable,2026-03-04
1368,Piloup974,1169,Abordable,2026-03-04
1369,Tak0de,1169,Abordable,2026-03-04
1370,klemkarovska,1169,Abordable,2026-03-04
1371,quinzmar,1169,Abordable,2026-03-04
1372,isabo56,1169,Abordable,2026-03-04
1373,neyka_a,1169,Abordable,2026-03-04
1374,Helcay_,1169,Abordable,2026-03-04
1375,Potamochoerus_porcus,1168,Abordable,2026-03-04
1376,sukuweasoft,1168,Abordable,2026-03-04
1377,Oltarian_,1168,Abordable,2026-03-04
1378,alcyroco,1168,Abordable,2026-03-04
1379,DTJ_01,1168,Abordable,2026-03-04
1380,j_o_k_o,1168,Abordable,2026-03-04
1381,babouuuuuuuuuuuuuu67,1167,Abordable,2026-03-04
1382,Suiden95,1167,Abordable,2026-03-04
1383,paul_iblt,1167,Abordable,2026-03-04
1384,LeNono_TV,1167,Abordable,2026-03-04
1385,basilemh22,1167,Abordable,2026-03-04
1386,theodamo,1167,Abordable,2026-03-04
1387,rara090,1167,Abordable,2026-03-04
1388,katsuyaa,1166,Abordable,2026-03-04
1389,Noxetw,1166,Abordable,2026-03-04
1390,Joyphena,1166,Abordable,2026-03-04
1391,maxencedtz,1166,Abordable,2026-03-04
1392,bart_au_lit,1166,Abordable,2026-03-04
1393,microzgueg,1166,Abordable,2026-03-04
1394,fariostrewis,1166,Abordable,2026-03-04
1395,Rugbyvier,1166,Abordable,2026-03-04
1396,findarsim,1165,Abordable,2026-03-04
1397,raphabetb,1165,Abordable,2026-03-04
1398,fandebowie,1165,Abordable,2026-03-04
1399,cloyyy3,1165,Abordable,2026-03-04
1400,LSel_grenade,1165,Abordable,2026-03-04
1401,ls_pas_sub,1165,Abordable,2026-03-04
1402,tortuegourmande,1164,Abordable,2026-03-04
1403,Agoo_12,1164,Abordable,2026-03-04
1404,PorzFoll,1164,Abordable,2026-03-04
1405,cdemoul1,1164,Abordable,2026-03-04
1406,gudulesuperstar,1164,Abordable,2026-03-04
1407,adr75,1164,Abordable,2026-03-04
1408,jxdesssss,1164,Abordable,2026-03-04
1409,Takan0va,1164,Abordable,2026-03-04
1410,yeloi,1164,Abordable,2026-03-04
1411,milkklei,1163,Abordable,2026-03-04
1412,fifilebreton,1163,Abordable,2026-03-04
1413,arthuroo1,1163,Abordable,2026-03-04
1414,chbeb73,1163,Abordable,2026-03-04
1415,TessoTV,1163,Abordable,2026-03-04
1416,Chesley97,1163,Abordable,2026-03-04
1417,LeMart14,1163,Abordable,2026-03-04
1418,anael_cph,1163,Abordable,2026-03-04
1419,gaofei__,1163,Abordable,2026-03-04
1420,remissile_,1163,Abordable,2026-03-04
1421,Robiino,1163,Abordable,2026-03-04
1422,Acheum,1163,Abordable,2026-03-04
1423,notLeandre,1162,Abordable,2026-03-04
1424,SoldatFlippy,1162,Abordable,2026-03-04
1425,volhidr,1162,Abordable,2026-03-04
1426,barst_mc_plonte,1162,Abordable,2026-03-04
1427,rustinadellapatata,1162,Abordable,2026-03-04
1428,eva_decabra,1162,Abordable,2026-03-04
1429,batou128,1162,Abordable,2026-03-04
1430,ratch_hou3,1162,Abordable,2026-03-04
1431,demesuros,1162,Abordable,2026-03-04
1432,emmatchatcha,1161,Abordable,2026-03-04
1433,patinmau,1161,Abordable,2026-03-04
1434,hugskyhusky,1161,Abordable,2026-03-04
1435,Nitneroc74,1161,Abordable,2026-03-04
1436,axouxx31,1161,Abordable,2026-03-04
1437,Sentry_Down,1161,Abordable,2026-03-04
1438,bazach18,1161,Abordable,2026-03-04
1439,Ritz_Fickz,1161,Abordable,2026-03-04
1440,chaloupen,1160,Abordable,2026-03-04
1441,axzan06,1160,Abordable,2026-03-04
1442,lennythemystery,1160,Abordable,2026-03-04
1443,Lmon_Chok,1160,Abordable,2026-03-04
1444,HeebooKuro,1160,Abordable,2026-03-04
1445,Mugis,1160,Abordable,2026-03-04
1446,Xtktxb,1160,Abordable,2026-03-04
1447,Yoyi29,1160,Abordable,2026-03-04
1448,maximehrd,1160,Abordable,2026-03-04
1449,bloodychick_,1159,Abordable,2026-03-04
1450,xlinaelyoupi,1159,Abordable,2026-03-04
1451,magics_wolf,1159,Abordable,2026-03-04
1452,archisteph,1159,Abordable,2026-03-04
1453,chrisandco,1159,Abordable,2026-03-04
1454,Twitcheuse_64,1159,Abordable,2026-03-04
1455,armyos,1159,Abordable,2026-03-04
1456,ajappe,1159,Abordable,2026-03-04
1457,OldStan,1158,Abordable,2026-03-04
1458,jozy64,1158,Abordable,2026-03-04
1459,marickette,1158,Abordable,2026-03-04
1460,ruhtraba10,1158,Abordable,2026-03-04
1461,sixdogs,1157,Abordable,2026-03-04
1462,Matthieu_avec_2T,1157,Abordable,2026-03-04
1463,nicosop25,1157,Abordable,2026-03-04
1464,poulpotiron,1157,Abordable,2026-03-04
1465,vanptide,1157,Abordable,2026-03-04
1466,Ancaragoum,1156,Abordable,2026-03-04
1467,tarl2,1156,Abordable,2026-03-04
1468,vacheenbois,1156,Abordable,2026-03-04
1469,emma_poulpee,1156,Abordable,2026-03-04
1470,clemdude,1156,Abordable,2026-03-04
1471,Apost0phe,1156,Abordable,2026-03-04
1472,NitroFirZen,1156,Abordable,2026-03-04
1473,samamoth3e,1156,Abordable,2026-03-04
1474,Tornoz,1156,Abordable,2026-03-04
1475,camcombloux,1155,Abordable,2026-03-04
1476,gauwilzam_mp4,1155,Abordable,2026-03-04
1477,edgar_2204,1155,Abordable,2026-03-04
1478,noetnette,1155,Abordable,2026-03-04
1479,silskinrius,1155,Abordable,2026-03-04
1480,maxouzen,1155,Abordable,2026-03-04
1481,domitille_sans,1155,Abordable,2026-03-04
1482,Loyyso,1155,Abordable,2026-03-04
1483,gaugau380,1155,Abordable,2026-03-04
1484,Komorebi_LD,1155,Abordable,2026-03-04
1485,eli0x58,1155,Abordable,2026-03-04
1486,droums_,1155,Abordable,2026-03-04
1487,corentincvr,1154,Abordable,2026-03-04
1488,DocMegPomit,1154,Abordable,2026-03-04
1489,v_ycare,1154,Abordable,2026-03-04
1490,vood_ou,1154,Abordable,2026-03-04
1491,Hakiten,1154,Abordable,2026-03-04
1492,Yamschas,1154,Abordable,2026-03-04
1493,krakendude,1154,Abordable,2026-03-04
1494,flaow_,1153,Abordable,2026-03-04
1495,templitude,1153,Abordable,2026-03-04
1496,PlanetGeek,1153,Abordable,2026-03-04
1497,semper49,1153,Abordable,2026-03-04
1498,maattieu16,1153,Abordable,2026-03-04
1499,komagik,1153,Abordable,2026-03-04
1500,lulustucru_17,1153,Abordable,2026-03-04
1501,PoneyEnJupe,1153,Abordable,2026-03-04
1502,tritonnosaure,1152,Abordable,2026-03-04
1503,kuramazer,1152,Abordable,2026-03-04
1504,Stormax92,1152,Abordable,2026-03-04
1505,Anodece,1151,Abordable,2026-03-04
1506,Patatours,1151,Abordable,2026-03-04
1507,snow26200,1151,Abordable,2026-03-04
1508,selyanarrow,1151,Abordable,2026-03-04
1509,relies1,1151,Abordable,2026-03-04
1510,zirifkxkldlvjnx,1151,Abordable,2026-03-04
1511,daemon21051,1150,Abordable,2026-03-04
1512,Feralasse,1150,Abordable,2026-03-04
1513,maatelott,1150,Abordable,2026-03-04
1514,the_tttyui,1150,Abordable,2026-03-04
1515,gashii_na,1150,Abordable,2026-03-04
1516,modokomso,1150,Abordable,2026-03-04
1517,mkbzzz,1149,Abordable,2026-03-04
1518,moletg74,1149,Abordable,2026-03-04
1519,isobratistochrone,1149,Abordable,2026-03-04
1520,nnrclt,1149,Abordable,2026-03-04
1521,tonio385,1149,Abordable,2026-03-04
1522,Pikaxyyy,1149,Abordable,2026-03-04
1523,ypnoz,1148,Abordable,2026-03-04
1524,Rodent7,1148,Abordable,2026-03-04
1525,mogador42,1148,Abordable,2026-03-04
1526,elliotlc,1148,Abordable,2026-03-04
1527,Ludixcordes,1148,Abordable,2026-03-04
1528,slip_kangourex,1148,Abordable,2026-03-04
1529,Unterfile,1148,Abordable,2026-03-04
1530,Matmaxd_,1147,Abordable,2026-03-04
1531,XmasFather,1147,Abordable,2026-03-04
1532,xxmatiloux_spikexx,1147,Abordable,2026-03-04
1533,quentindenice,1147,Abordable,2026-03-04
1534,marieange__,1147,Abordable,2026-03-04
1535,egaia31,1147,Abordable,2026-03-04
1536,F4yaman,1147,Abordable,2026-03-04
1537,m3ch3l,1147,Abordable,2026-03-04
1538,Shapa_,1147,Abordable,2026-03-04
1539,AOPMaroilles,1147,Abordable,2026-03-04
1540,SilverDogTV,1146,Abordable,2026-03-04
1541,lucien698,1146,Abordable,2026-03-04
1542,kaitosamatv,1146,Abordable,2026-03-04
1543,Sylchicha,1146,Abordable,2026-03-04
1544,EGO_bd,1146,Abordable,2026-03-04
1545,ouistitimarrant,1146,Abordable,2026-03-04
1546,niamor3141,1146,Abordable,2026-03-04
1547,GuyStark,1146,Abordable,2026-03-04
1548,ysliro,1145,Abordable,2026-03-04
1549,eliot_cm09,1145,Abordable,2026-03-04
1550,Ralli_kh,1145,Abordable,2026-03-04
1551,Sattamuse,1145,Abordable,2026-03-04
1552,lakitex,1145,Abordable,2026-03-04
1553,Gachet65,1145,Abordable,2026-03-04
1554,pachangaboi,1145,Abordable,2026-03-04
1555,TempoBack,1145,Abordable,2026-03-04
1556,fourmymy,1144,Abordable,2026-03-04
1557,Ximile,1144,Abordable,2026-03-04
1558,bridouze_,1144,Abordable,2026-03-04
1559,batleroi_melba,1144,Abordable,2026-03-04
1560,pkch25,1144,Abordable,2026-03-04
1561,kvrnvg,1144,Abordable,2026-03-04
1562,Mimozia_,1144,Abordable,2026-03-04
1563,poulpy46,1144,Abordable,2026-03-04
1564,Shilvana,1144,Abordable,2026-03-04
1565,daceae_,1144,Abordable,2026-03-04
1566,gundal_gundal,1144,Abordable,2026-03-04
1567,frafrax,1144,Abordable,2026-03-04
1568,miririri_,1144,Abordable,2026-03-04
1569,bolic47,1143,Abordable,2026-03-04
1570,KeyhoJackk,1143,Abordable,2026-03-04
1571,evan_gski,1143,Abordable,2026-03-04
1572,LhaexTV,1143,Abordable,2026-03-04
1573,clemcloum_76,1143,Abordable,2026-03-04
1574,el_mikado,1143,Abordable,2026-03-04
1575,BoulangerDeCristal,1143,Abordable,2026-03-04
1576,magentathecolor,1143,Abordable,2026-03-04
1577,kc_otomo,1143,Abordable,2026-03-04
1578,Narkanne,1143,Abordable,2026-03-04
1579,faus_phore,1143,Abordable,2026-03-04
1580,Laaampadaire,1142,Abordable,2026-03-04
1581,Aeglo,1142,Abordable,2026-03-04
1582,Ralmnor,1142,Abordable,2026-03-04
1583,copinedesouper,1141,Abordable,2026-03-04
1584,cla_bou_,1141,Abordable,2026-03-04
1585,titiriprag,1141,Abordable,2026-03-04
1586,Arkehlor,1141,Abordable,2026-03-04
1587,Bryssse,1141,Abordable,2026-03-04
1588,lefermier10,1141,Abordable,2026-03-04
1589,raphou_35,1141,Abordable,2026-03-04
1590,seleneris,1141,Abordable,2026-03-04
1591,xSlayz7,1140,Abordable,2026-03-04
1592,NiuPe,1140,Abordable,2026-03-04
1593,kimpawssible,1140,Abordable,2026-03-04
1594,hi8hram,1140,Abordable,2026-03-04
1595,why_you_tousser,1140,Abordable,2026-03-04
1596,leana_amor,1140,Abordable,2026-03-04
1597,CatCahuait,1140,Abordable,2026-03-04
1598,FIDE0__,1139,Abordable,2026-03-04
1599,themaexako,1139,Abordable,2026-03-04
1600,guitouille1,1139,Abordable,2026-03-04
1601,captnnoe,1139,Abordable,2026-03-04
1602,Babo_ucheTV,1139,Abordable,2026-03-04
1603,daffyduckamaru,1138,Abordable,2026-03-04
1604,Vicdum01,1138,Abordable,2026-03-04
1605,tatan42,1138,Abordable,2026-03-04
1606,claire1_7,1138,Abordable,2026-03-04
1607,paola_cltr,1138,Abordable,2026-03-04
1608,norak_26,1138,Abordable,2026-03-04
1609,omerour,1138,Abordable,2026-03-04
1610,xovves,1138,Abordable,2026-03-04
1611,wouchouuuu,1138,Abordable,2026-03-04
1612,kat6335,1138,Abordable,2026-03-04
1613,tomnz945,1137,Abordable,2026-03-04
1614,hugrotu,1137,Abordable,2026-03-04
1615,Valais14,1137,Abordable,2026-03-04
1616,baguette2paincomplet,1137,Abordable,2026-03-04
1617,yatowaa,1137,Abordable,2026-03-04
1618,katchaw01,1137,Abordable,2026-03-04
1619,wosper17,1137,Abordable,2026-03-04
1620,n_lc,1136,Abordable,2026-03-04
1621,lePabe,1136,Abordable,2026-03-04
1622,pandapo__,1136,Abordable,2026-03-04
1623,justineblcn,1136,Abordable,2026-03-04
1624,sf_mat,1136,Abordable,2026-03-04
1625,Enorotchka,1136,Abordable,2026-03-04
1626,Fubinix,1136,Abordable,2026-03-04
1627,iroflane,1136,Abordable,2026-03-04
1628,LuluElloco,1136,Abordable,2026-03-04
1629,romain679,1136,Abordable,2026-03-04
1630,toinou_442,1136,Abordable,2026-03-04
1631,guigvk,1136,Abordable,2026-03-04
1632,GaetanTiti,1136,Abordable,2026-03-04
1633,Adamas_____,1136,Abordable,2026-03-04
1634,hft40,1136,Abordable,2026-03-04
1635,nicoland33,1136,Abordable,2026-03-04
1636,CaptainBaroud,1136,Abordable,2026-03-04
1637,guill0mme,1135,Abordable,2026-03-04
1638,gwenvel1,1135,Abordable,2026-03-04
1639,furlisht,1135,Abordable,2026-03-04
1640,sickman29,1135,Abordable,2026-03-04
1641,crgrd,1135,Abordable,2026-03-04
1642,wizard_sp3,1135,Abordable,2026-03-04
1643,claraa_l,1135,Abordable,2026-03-04
1644,Kowalsky06,1134,Abordable,2026-03-04
1645,supermarbouu,1134,Abordable,2026-03-04
1646,morlou_,1134,Abordable,2026-03-04
1647,chcreel,1134,Abordable,2026-03-04
1648,nint_44,1134,Abordable,2026-03-04
1649,AnatomoRun,1134,Abordable,2026-03-04
1650,Remi29T,1134,Abordable,2026-03-04
1651,Zaringers,1134,Abordable,2026-03-04
1652,adelieplop,1134,Abordable,2026-03-04
1653,alain195417,1134,Abordable,2026-03-04
1654,aggie85,1133,Abordable,2026-03-04
1655,kwirmoustache,1133,Abordable,2026-03-04
1656,neyteaa,1133,Abordable,2026-03-04
1657,pneumothorman,1133,Abordable,2026-03-04
1658,enaireK,1133,Abordable,2026-03-04
1659,pierre2408,1133,Abordable,2026-03-04
1660,Lanriatho,1133,Abordable,2026-03-04
1661,BBAGin,1133,Abordable,2026-03-04
1662,ThisIsREDOU,1133,Abordable,2026-03-04
1663,Aresss220,1133,Abordable,2026-03-04
1664,spolioz,1132,Abordable,2026-03-04
1665,noobspoky,1132,Abordable,2026-03-04
1666,iznogood29,1132,Abordable,2026-03-04
1667,aurelbj75,1132,Abordable,2026-03-04
1668,Naldalin,1132,Abordable,2026-03-04
1669,matteoctlx,1132,Abordable,2026-03-04
1670,tictac609,1132,Abordable,2026-03-04
1671,lealavraiee,1132,Abordable,2026-03-04
1672,justine_cllix,1132,Abordable,2026-03-04
1673,matthid,1132,Abordable,2026-03-04
1675,Loucaluz,1131,Abordable,2026-03-04
1676,Electrro44,1131,Abordable,2026-03-04
1677,RedcraftMaster,1131,Abordable,2026-03-04
1678,EldurionJ,1130,Abordable,2026-03-04
1679,maosra,1130,Abordable,2026-03-04
1680,wyrross,1130,Abordable,2026-03-04
1681,Kudsak,1130,Abordable,2026-03-04
1682,MsieurDodo,1130,Abordable,2026-03-04
1683,WatiMax98,1130,Abordable,2026-03-04
1684,thegamb_,1130,Abordable,2026-03-04
1685,keke91bzh,1130,Abordable,2026-03-04
1686,remaku77,1130,Abordable,2026-03-04
1687,ivlian,1130,Abordable,2026-03-04
1688,alolo_pons,1130,Abordable,2026-03-04
1689,Alronax,1129,Abordable,2026-03-04
1690,bnteau,1129,Abordable,2026-03-04
1691,mb3105,1129,Abordable,2026-03-04
1692,bob_the_k_indexor,1129,Abordable,2026-03-04
1693,JudastaZ_,1129,Abordable,2026-03-04
1694,brie_de_meaux,1129,Abordable,2026-03-04
1695,ForixTM,1128,Abordable,2026-03-04
1696,adrien2vin,1128,Abordable,2026-03-04
1697,popydou,1128,Abordable,2026-03-04
1698,suzybe,1128,Abordable,2026-03-04
1699,Coquerette,1128,Abordable,2026-03-04
1700,Areki_,1128,Abordable,2026-03-04
1701,thecoconuteffect,1128,Abordable,2026-03-04
1702,thecoconuteffect,1128,Abordable,2026-03-04
1703,jerem_987,1128,Abordable,2026-03-04
1704,LePigeon_Catcher,1128,Abordable,2026-03-04
1705,SantiDeRiv,1127,Abordable,2026-03-04
1706,goonie,1127,Abordable,2026-03-04
1707,valoutxs,1127,Abordable,2026-03-04
1708,L13_Graphics,1127,Abordable,2026-03-04
1709,WellDoneYouWin,1127,Abordable,2026-03-04
1710,naily_b,1127,Abordable,2026-03-04
1711,Anathos31,1127,Abordable,2026-03-04
1712,Kerrigana,1127,Abordable,2026-03-04
1713,Lashlabaskme,1127,Abordable,2026-03-04
1714,iko7,1127,Abordable,2026-03-04
1715,jossleboloss,1126,Abordable,2026-03-04
1716,champinouf,1126,Abordable,2026-03-04
1717,estnavas,1126,Abordable,2026-03-04
1718,Lyllubia,1126,Abordable,2026-03-04
1719,AFGalaad,1126,Abordable,2026-03-04
1720,cacoooolito,1126,Abordable,2026-03-04
1721,maloprovis,1126,Abordable,2026-03-04
1722,ShinoxEU,1126,Abordable,2026-03-04
1723,Azedine85,1126,Abordable,2026-03-04
1724,enzomrgtt,1126,Abordable,2026-03-04
1725,Redfirds,1126,Abordable,2026-03-04
1726,uotab,1126,Abordable,2026-03-04
1727,magicmathis1,1125,Abordable,2026-03-04
1728,its_ficuuusss,1124,Abordable,2026-03-04
1729,waystar_r0yco,1124,Abordable,2026-03-04
1730,yannis_drq,1124,Abordable,2026-03-04
1731,pikadoc42,1124,Abordable,2026-03-04
1732,Dorky42,1124,Abordable,2026-03-04
1733,cloe5788a,1124,Abordable,2026-03-04
1734,sachiel66,1124,Abordable,2026-03-04
1735,o_p0000,1124,Abordable,2026-03-04
1736,gabmb_7,1124,Abordable,2026-03-04
1737,kirkou,1124,Abordable,2026-03-04
1738,peacefulcatworld,1124,Abordable,2026-03-04
1739,manue2805,1123,Abordable,2026-03-04
1740,Loutrakwatic,1123,Abordable,2026-03-04
1741,lamangouste32,1123,Abordable,2026-03-04
1742,epicviip,1123,Abordable,2026-03-04
1743,Xerland74,1123,Abordable,2026-03-04
1744,Pikcaam,1123,Abordable,2026-03-04
1745,azgar0,1123,Abordable,2026-03-04
1746,Nyckollah,1123,Abordable,2026-03-04
1747,blouyu,1123,Abordable,2026-03-04
1748,namou_tv,1123,Abordable,2026-03-04
1749,lisalakoala,1123,Abordable,2026-03-04
1750,Kramer_McBarrett,1123,Abordable,2026-03-04
1751,mstrsolodolo,1123,Abordable,2026-03-04
1752,Toinz_,1123,Abordable,2026-03-04
1753,nanet3974,1123,Abordable,2026-03-04
1754,Encore_Un_Hugo,1122,Abordable,2026-03-04
1755,bill_playmo,1122,Abordable,2026-03-04
1756,Tiriano,1122,Abordable,2026-03-04
1757,maxx_la_menaace,1122,Abordable,2026-03-04
1758,matteo_mgnt,1122,Abordable,2026-03-04
1759,terrorking97,1122,Abordable,2026-03-04
1760,Snailkeuh,1122,Abordable,2026-03-04
1761,Epidemio,1122,Abordable,2026-03-04
1762,robsfool,1122,Abordable,2026-03-04
1763,lewe_music,1122,Abordable,2026-03-04
1764,Mehfak,1121,Abordable,2026-03-04
1765,laharen,1121,Abordable,2026-03-04
1766,leepidalord,1121,Abordable,2026-03-04
1767,lexa0106,1121,Abordable,2026-03-04
1768,OneL_MoTo,1121,Abordable,2026-03-04
1769,prg_apollo,1121,Abordable,2026-03-04
1770,arbicho_,1121,Abordable,2026-03-04
1771,titiver,1121,Abordable,2026-03-04
1772,Allys7,1120,Abordable,2026-03-04
1773,romoche_,1120,Abordable,2026-03-04
1774,ezila_3,1120,Abordable,2026-03-04
1775,seiggate_,1120,Abordable,2026-03-04
1776,majima_goro13,1120,Abordable,2026-03-04
1777,Fraudeman_,1119,Abordable,2026-03-04
1778,tor2010manta,1119,Abordable,2026-03-04
1779,jeangrf,1119,Abordable,2026-03-04
1780,ridzen10,1119,Abordable,2026-03-04
1781,noebsn,1119,Abordable,2026-03-04
1782,Setsunael,1119,Abordable,2026-03-04
1783,lfbk_robz,1119,Abordable,2026-03-04
1784,jefloow,1119,Abordable,2026-03-04
1785,banana752b,1118,Abordable,2026-03-04
1786,albatros_consanguin,1118,Abordable,2026-03-04
1787,marine_thevenin,1118,Abordable,2026-03-04
1788,RiriLaLoutre,1118,Abordable,2026-03-04
1789,LeoReval,1118,Abordable,2026-03-04
1790,lecoach_cp,1118,Abordable,2026-03-04
1791,rlafosse54,1118,Abordable,2026-03-04
1792,Not_BhS,1118,Abordable,2026-03-04
1793,hagoty,1118,Abordable,2026-03-04
1794,CapCous_,1117,Abordable,2026-03-04
1795,laura_zm12,1117,Abordable,2026-03-04
1796,clem170350,1117,Abordable,2026-03-04
1797,martinbrth,1117,Abordable,2026-03-04
1798,agent974_,1117,Abordable,2026-03-04
1799,delugedekk,1117,Abordable,2026-03-04
1800,lau_ra_7,1117,Abordable,2026-03-04
1801,emphaaaa,1117,Abordable,2026-03-04
1802,yoha41,1117,Abordable,2026-03-04
1803,Alm4___,1117,Abordable,2026-03-04
1804,Felisamici,1117,Abordable,2026-03-04
1805,santorodu46,1117,Abordable,2026-03-04
1806,so_lait,1116,Abordable,2026-03-04
1807,skorenoxx,1116,Abordable,2026-03-04
1808,BlueSkySapphire,1116,Abordable,2026-03-04
1809,jerdnaxela1,1116,Abordable,2026-03-04
1810,akawert,1116,Abordable,2026-03-04
1811,gabsdou,1116,Abordable,2026-03-04
1812,patheman69,1116,Abordable,2026-03-04
1813,Galaxio153,1115,Abordable,2026-03-04
1814,romain_1410,1115,Abordable,2026-03-04
1815,suffpapy,1115,Abordable,2026-03-04
1816,matthieulav,1115,Abordable,2026-03-04
1817,JoshBrolin34,1115,Abordable,2026-03-04
1818,eole1503,1115,Abordable,2026-03-04
1819,Snowx2B,1115,Abordable,2026-03-04
1821,Rostazore,1114,Abordable,2026-03-04
1822,Paplenos,1114,Abordable,2026-03-04
1823,hermaniktor,1114,Abordable,2026-03-04
1824,armandinho__,1114,Abordable,2026-03-04
1825,CactusPikkant,1114,Abordable,2026-03-04
1826,zor_fen34,1113,Abordable,2026-03-04
1827,Rolfi6205,1113,Abordable,2026-03-04
1828,kuzigaban,1113,Abordable,2026-03-04
1829,titounours56,1113,Abordable,2026-03-04
1830,beatricejumeau,1113,Abordable,2026-03-04
1831,papender18,1113,Abordable,2026-03-04
1832,master_coffee,1113,Abordable,2026-03-04
1833,loloproduction,1113,Abordable,2026-03-04
1834,Tlash67,1112,Abordable,2026-03-04
1835,louacdc,1112,Abordable,2026-03-04
1836,Linkata,1112,Abordable,2026-03-04
1837,coeurpendule,1112,Abordable,2026-03-04
1838,crazyteamtest,1112,Abordable,2026-03-04
1839,ululik,1112,Abordable,2026-03-04
1840,ptnmjsp,1112,Abordable,2026-03-04
1841,phngn_,1111,Abordable,2026-03-04
1842,Rekamas0,1111,Abordable,2026-03-04
1843,Carlalad,1111,Abordable,2026-03-04
1844,Crinkrin,1111,Abordable,2026-03-04
1845,gaelledm,1111,Abordable,2026-03-04
1846,hugo42170,1111,Abordable,2026-03-04
1847,Luky_Blake,1111,Abordable,2026-03-04
1848,Damonarix,1111,Abordable,2026-03-04
1849,fravoi,1110,Abordable,2026-03-04
1850,lili449944,1110,Abordable,2026-03-04
1851,anthobisso,1110,Abordable,2026-03-04
1852,tommyyren,1110,Abordable,2026-03-04
1853,DarkHiito,1110,Abordable,2026-03-04
1854,crepeauxfromages,1110,Abordable,2026-03-04
1855,byakorh,1109,Abordable,2026-03-04
1856,n_legends,1109,Abordable,2026-03-04
1857,LadyClarence89,1109,Abordable,2026-03-04
1858,WizerWx,1109,Abordable,2026-03-04
1859,Bhullnatik,1109,Abordable,2026-03-04
1860,nico_conut_,1109,Abordable,2026-03-04
1861,Apatride_Dood,1109,Abordable,2026-03-04
1862,Pud_Lag,1108,Abordable,2026-03-04
1863,alhand1912,1108,Abordable,2026-03-04
1864,hannimessina,1108,Abordable,2026-03-04
1865,renardcrousti,1108,Abordable,2026-03-04
1866,justinekaali,1108,Abordable,2026-03-04
1867,linfinitumm,1108,Abordable,2026-03-04
1868,fatalmooon,1108,Abordable,2026-03-04
1869,Nostral_,1108,Abordable,2026-03-04
1870,el_corsaire,1108,Abordable,2026-03-04
1871,cecetino,1107,Abordable,2026-03-04
1872,bagaaaare2000,1107,Abordable,2026-03-04
1873,TakoHetto,1107,Abordable,2026-03-04
1874,frzzzzz63,1107,Abordable,2026-03-04
1875,Tourop29,1107,Abordable,2026-03-04
1876,Troycorser,1106,Abordable,2026-03-04
1877,romaiin3898,1106,Abordable,2026-03-04
1878,Ksempac,1106,Abordable,2026-03-04
1879,abe_sp,1106,Abordable,2026-03-04
1880,dem0_g,1106,Abordable,2026-03-04
1881,Stormetal,1106,Abordable,2026-03-04
1882,jackprtm,1106,Abordable,2026-03-04
1883,lounapsch,1106,Abordable,2026-03-04
1884,xenol57,1106,Abordable,2026-03-04
1885,Kobiwano_off,1106,Abordable,2026-03-04
1886,Sebayer,1106,Abordable,2026-03-04
1887,g0sane,1105,Abordable,2026-03-04
1888,benoireuhh,1105,Abordable,2026-03-04
1889,angelique_grdn,1105,Abordable,2026-03-04
1890,tams0078,1105,Abordable,2026-03-04
1891,maitre_platine,1105,Abordable,2026-03-04
1892,liliaxx56,1105,Abordable,2026-03-04
1893,barbre,1105,Abordable,2026-03-04
1894,ar_t_mis_,1105,Abordable,2026-03-04
1895,guyom27,1104,Abordable,2026-03-04
1896,zlc_zip,1104,Abordable,2026-03-04
1897,pauline16972,1104,Abordable,2026-03-04
1898,calabasse31,1104,Abordable,2026-03-04
1899,davidg_247,1104,Abordable,2026-03-04
1900,Dem0xiS,1104,Abordable,2026-03-04
1901,loiclebeatnik,1104,Abordable,2026-03-04
1902,TenryuKa,1103,Abordable,2026-03-04
1903,line26000,1103,Abordable,2026-03-04
1904,clems1899,1103,Abordable,2026-03-04
1905,touille84,1103,Abordable,2026-03-04
1906,arcythorin,1103,Abordable,2026-03-04
1907,Aragolos,1103,Abordable,2026-03-04
1908,WeeZay_,1102,Abordable,2026-03-04
1909,Ourimlive,1102,Abordable,2026-03-04
1910,adele298,1102,Abordable,2026-03-04
1911,Jal0rda,1102,Abordable,2026-03-04
1912,romain_9_,1102,Abordable,2026-03-04
1913,Belkahiaa,1102,Abordable,2026-03-04
1914,GiganThor_,1102,Abordable,2026-03-04
1915,KC_GuigooZ,1101,Abordable,2026-03-04
1916,Gypp,1101,Abordable,2026-03-04
1917,wiggly_boy,1101,Abordable,2026-03-04
1918,menoar,1101,Abordable,2026-03-04
1919,AmoAimo,1101,Abordable,2026-03-04
1920,steel_x1823,1101,Abordable,2026-03-04
1921,hugo840,1101,Abordable,2026-03-04
1922,choupie1994,1100,Abordable,2026-03-04
1923,Nonobus45,1100,Abordable,2026-03-04
1924,Banzai99,1100,Abordable,2026-03-04
1925,julienlussat,1100,Abordable,2026-03-04
1926,m8_nanocif,1100,Abordable,2026-03-04
1927,TanguyOM,1100,Abordable,2026-03-04
1928,flash_mc_cime,1100,Abordable,2026-03-04
1929,remoseven,1100,Abordable,2026-03-04
1930,lannoouu,1100,Abordable,2026-03-04
1931,Hulver_,1099,Abordable,2026-03-04
1932,irissushi,1099,Abordable,2026-03-04
1934,Pax_VLR,1099,Abordable,2026-03-04
1935,polymathe14,1099,Abordable,2026-03-04
1936,yamineb57,1099,Abordable,2026-03-04
1937,balledegolf,1099,Abordable,2026-03-04
1938,siropmonarde,1099,Abordable,2026-03-04
1939,allanitoooo,1099,Abordable,2026-03-04
1940,abllt19,1099,Abordable,2026-03-04
1941,LeBonJAN,1099,Abordable,2026-03-04
1942,Aiwha_Ardeo,1098,Abordable,2026-03-04
1943,bribrii03,1098,Abordable,2026-03-04
1944,guiguictn,1098,Abordable,2026-03-04
1945,siilbi,1098,Abordable,2026-03-04
1946,fryzzshark,1098,Abordable,2026-03-04
1947,justin_mnz19,1098,Abordable,2026-03-04
1948,blouig,1097,Abordable,2026-03-04
1949,PurpleLiiz,1097,Abordable,2026-03-04
1950,jojomars13,1097,Abordable,2026-03-04
1951,zoopsy3175,1097,Abordable,2026-03-04
1952,Airaina,1097,Abordable,2026-03-04
1953,romanimaux,1097,Abordable,2026-03-04
1954,abdelkiks,1097,Abordable,2026-03-04
1955,jeunepoulet,1097,Abordable,2026-03-04
1956,padlena,1097,Abordable,2026-03-04
1957,kame0c,1097,Abordable,2026-03-04
1958,alpha_one_o,1097,Abordable,2026-03-04
1959,superslihf,1097,Abordable,2026-03-04
1960,timtamtoum94,1096,Abordable,2026-03-04
1961,mattt_fr,1096,Abordable,2026-03-04
1962,antoine61600,1096,Abordable,2026-03-04
1963,tintochette_,1096,Abordable,2026-03-04
1964,sand0731,1096,Abordable,2026-03-04
1965,swiitch_fr,1096,Abordable,2026-03-04
1966,KixLaMenace_,1096,Abordable,2026-03-04
1967,Antrav74,1096,Abordable,2026-03-04
1968,Misay_y,1096,Abordable,2026-03-04
1969,paultub91,1095,Abordable,2026-03-04
1970,jtei_69,1095,Abordable,2026-03-04
1971,Dilaa_,1095,Abordable,2026-03-04
1972,Kilique,1095,Abordable,2026-03-04
1973,t0ul0use47,1095,Abordable,2026-03-04
1974,JpigeMC,1095,Abordable,2026-03-04
1975,pllaf_,1095,Abordable,2026-03-04
1976,thamos63,1094,Abordable,2026-03-04
1977,thgemme,1094,Abordable,2026-03-04
1978,Fujimoto11,1094,Abordable,2026-03-04
1979,stibimi,1094,Abordable,2026-03-04
1980,couragio,1094,Abordable,2026-03-04
1981,riquinos,1094,Abordable,2026-03-04
1982,choukakiller,1094,Abordable,2026-03-04
1983,universdewilliam,1094,Abordable,2026-03-04
1984,nonoshaq,1093,Abordable,2026-03-04
1985,crazypoulett,1093,Abordable,2026-03-04
1986,Roro_L,1093,Abordable,2026-03-04
1987,sergio63ander,1093,Abordable,2026-03-04
1988,Simboy31,1093,Abordable,2026-03-04
1989,bao_tr,1093,Abordable,2026-03-04
1990,clement0330,1093,Abordable,2026-03-04
1991,larvecitron,1093,Abordable,2026-03-04
1992,Zeltharyon,1093,Abordable,2026-03-04
1993,AEG_Maltuin,1092,Abordable,2026-03-04
1994,Potetoz2000_,1092,Abordable,2026-03-04
1995,antoines07,1092,Abordable,2026-03-04
1996,Edenrok,1092,Abordable,2026-03-04
1997,belagriculteur,1092,Abordable,2026-03-04
1998,thhiga,1092,Abordable,2026-03-04
1999,Aemri_,1092,Abordable,2026-03-04
2000,shadowbrezhy,1092,Abordable,2026-03-04
2001,lijiko98,1092,Abordable,2026-03-04
2002,MrRuseur,1092,Abordable,2026-03-04
2003,mahe2258,1092,Abordable,2026-03-04
2004,ZeTurboo_,1092,Abordable,2026-03-04
2005,lolilolblop,1091,Abordable,2026-03-04
2006,xoyvep04,1091,Abordable,2026-03-04
2007,Scarf_88,1091,Abordable,2026-03-04
2008,pabl0escabo,1091,Abordable,2026-03-04
2009,karagzz_jojo,1091,Abordable,2026-03-04
2010,motokultor42,1091,Abordable,2026-03-04
2011,landayse,1091,Abordable,2026-03-04
2012,SuroZ,1091,Abordable,2026-03-04
2013,theworldstoler,1091,Abordable,2026-03-04
2014,Meryth,1090,Abordable,2026-03-04
2015,Ar_Keez,1090,Abordable,2026-03-04
2016,boonthy,1090,Abordable,2026-03-04
2017,DireMad_,1090,Abordable,2026-03-04
2018,FCF_justinho,1090,Abordable,2026-03-04
2019,loulou_mcduck,1090,Abordable,2026-03-04
2020,evinrough,1090,Abordable,2026-03-04
2021,alxieann,1090,Abordable,2026-03-04
2022,felix_laf,1090,Abordable,2026-03-04
2023,adrioux_,1090,Abordable,2026-03-04
2024,savolpao,1089,Abordable,2026-03-04
2025,sirnitneroc,1089,Abordable,2026-03-04
2026,mao_m_,1089,Abordable,2026-03-04
2027,NagisaXpsionne,1089,Abordable,2026-03-04
2028,FrenchArmyGuy,1089,Abordable,2026-03-04
2029,baptiste_350,1089,Abordable,2026-03-04
2030,lm_oc,1089,Abordable,2026-03-04
2031,sim182737473,1089,Abordable,2026-03-04
2032,topinambour18,1088,Abordable,2026-03-04
2033,bouing23,1088,Abordable,2026-03-04
2034,cormaway44,1088,Abordable,2026-03-04
2035,Sworty02,1088,Abordable,2026-03-04
2036,Hemistiche_,1088,Abordable,2026-03-04
2037,jolengengar,1088,Abordable,2026-03-04
2038,Amalrog,1088,Abordable,2026-03-04
2039,TakenGood10,1087,Abordable,2026-03-04
2040,HalfGun_,1087,Abordable,2026-03-04
2041,aurelien_bayard,1087,Abordable,2026-03-04
2042,pandabubu,1087,Abordable,2026-03-04
2043,hugoooo0_,1087,Abordable,2026-03-04
2044,luffysanlb,1087,Abordable,2026-03-04
2045,p_senex,1087,Abordable,2026-03-04
2046,hugoninio35,1087,Abordable,2026-03-04
2047,Imhoteptep1,1086,Abordable,2026-03-04
2048,Ofual,1086,Abordable,2026-03-04
2049,miiiiilllls,1086,Abordable,2026-03-04
2050,briac_b,1086,Abordable,2026-03-04
2051,sammatac,1086,Abordable,2026-03-04
2052,Terraa_27,1086,Abordable,2026-03-04
2053,malovalade2,1086,Abordable,2026-03-04
2054,corenpain,1086,Abordable,2026-03-04
2055,rugbyab,1086,Abordable,2026-03-04
2056,zenytram_,1085,Abordable,2026-03-04
2057,elgigantenn,1085,Abordable,2026-03-04
2058,LeagueOfQPUC,1085,Abordable,2026-03-04
2059,Lykiell,1085,Abordable,2026-03-04
2060,somoka24,1085,Abordable,2026-03-04
2061,Ragnarok410,1085,Abordable,2026-03-04
2062,tintin433,1085,Abordable,2026-03-04
2063,luziii3,1085,Abordable,2026-03-04
2064,mama_blooky,1085,Abordable,2026-03-04
2065,RultyFR,1085,Abordable,2026-03-04
2066,Hydra1316,1085,Abordable,2026-03-04
2067,analepses,1085,Abordable,2026-03-04
2068,Oasiisgood,1085,Abordable,2026-03-04
2069,beubeulafougere,1085,Abordable,2026-03-04
2070,tommyboychamp,1084,Abordable,2026-03-04
2071,leader_supreme_leo,1084,Abordable,2026-03-04
2072,silvamillon,1084,Abordable,2026-03-04
2073,lumvert_,1084,Abordable,2026-03-04
2074,ademonio3,1084,Abordable,2026-03-04
2075,soazig_,1084,Abordable,2026-03-04
2076,homerunner,1084,Abordable,2026-03-04
2077,Xazou72,1083,Abordable,2026-03-04
2078,KingChurros_tw,1083,Abordable,2026-03-04
2079,lolmen38,1083,Abordable,2026-03-04
2080,christophe121986,1083,Abordable,2026-03-04
2081,guillaume_alld62,1083,Abordable,2026-03-04
2083,axouldu35,1083,Abordable,2026-03-04
2084,DouceLindoriel,1083,Abordable,2026-03-04
2085,AlanGoud,1083,Abordable,2026-03-04
2086,Cletri,1083,Abordable,2026-03-04
2087,alexyhiro,1083,Abordable,2026-03-04
2088,eldragof,1082,Abordable,2026-03-04
2089,apfjbl,1082,Abordable,2026-03-04
2090,Issmar,1082,Abordable,2026-03-04
2091,mazegnarg33,1082,Abordable,2026-03-04
2092,IlLouMah,1082,Abordable,2026-03-04
2093,Lucy0le_,1082,Abordable,2026-03-04
2094,anan3s_,1082,Abordable,2026-03-04
2095,xiram95,1082,Abordable,2026-03-04
2096,Canape_Iit,1082,Abordable,2026-03-04
2097,Vladousse,1082,Abordable,2026-03-04
2098,alexward74,1081,Abordable,2026-03-04
2099,mathwindou2k04,1081,Abordable,2026-03-04
2100,theo_1503,1081,Abordable,2026-03-04
2101,WanDayo_,1081,Abordable,2026-03-04
2102,Xperience_Design,1081,Abordable,2026-03-04
2103,miyen65,1081,Abordable,2026-03-04
2104,liliyii,1081,Abordable,2026-03-04
2105,elflavosss,1081,Abordable,2026-03-04
2106,victor_nts,1081,Abordable,2026-03-04
2107,gugusbad,1081,Abordable,2026-03-04
2108,jylix_,1081,Abordable,2026-03-04
2109,leniplentqui,1081,Abordable,2026-03-04
2110,lacagoal23,1081,Abordable,2026-03-04
2111,pierronoopy,1081,Abordable,2026-03-04
2112,jakku003,1081,Abordable,2026-03-04
2113,TheRizzenTV,1081,Abordable,2026-03-04
2114,lafastod,1081,Abordable,2026-03-04
2115,pierto840,1081,Abordable,2026-03-04
2116,redscreen6,1080,Abordable,2026-03-04
2117,pouill4x,1080,Abordable,2026-03-04
2118,n3iviv,1080,Abordable,2026-03-04
2119,DohkoSensei,1080,Abordable,2026-03-04
2120,Kelzara,1080,Abordable,2026-03-04
2121,navichou,1080,Abordable,2026-03-04
2122,dodoydu35,1080,Abordable,2026-03-04
2123,flore_05_,1080,Abordable,2026-03-04
2124,anaaaiis,1080,Abordable,2026-03-04
2125,TheRabtorr,1080,Abordable,2026-03-04
2126,mogglivrogne,1080,Abordable,2026-03-04
2127,kieskiela,1080,Abordable,2026-03-04
2128,Yan369,1079,Abordable,2026-03-04
2129,corazoninho,1079,Abordable,2026-03-04
2130,songotek,1079,Abordable,2026-03-04
2131,ffflowpi,1079,Abordable,2026-03-04
2132,Biscke,1079,Abordable,2026-03-04
2133,armand08_,1079,Abordable,2026-03-04
2134,tachypsychie,1079,Abordable,2026-03-04
2135,Galam08,1079,Abordable,2026-03-04
2136,calaobicorne0,1079,Abordable,2026-03-04
2137,dr_andral,1079,Abordable,2026-03-04
2138,sebvlm,1079,Abordable,2026-03-04
2139,hirosh06,1079,Abordable,2026-03-04
2140,toujoudelika,1079,Abordable,2026-03-04
2141,Vylkhin,1079,Abordable,2026-03-04
2142,nathan7826,1079,Abordable,2026-03-04
2143,zeyrixxu,1079,Abordable,2026-03-04
2144,bejul_418,1078,Abordable,2026-03-04
2145,Ah_Pierrot,1078,Abordable,2026-03-04
2146,firegenji1,1078,Abordable,2026-03-04
2147,Cezawy,1078,Abordable,2026-03-04
2148,wiIIiam31,1078,Abordable,2026-03-04
2149,jeannezub,1078,Abordable,2026-03-04
2150,ylqa212,1078,Abordable,2026-03-04
2151,ErmacRush,1078,Abordable,2026-03-04
2152,lou_lb5,1078,Abordable,2026-03-04
2153,consonne34,1078,Abordable,2026-03-04
2154,CorsicanGambler,1078,Abordable,2026-03-04
2155,eldon947,1077,Abordable,2026-03-04
2156,cecilia63730,1077,Abordable,2026-03-04
2157,clembgrs,1077,Abordable,2026-03-04
2158,sosomadeleine,1077,Abordable,2026-03-04
2159,karltobanias,1077,Abordable,2026-03-04
2160,legervinois,1077,Abordable,2026-03-04
2161,JLELUCKY,1077,Abordable,2026-03-04
2162,prealexx,1077,Abordable,2026-03-04
2163,amazingguy_,1077,Abordable,2026-03-04
2164,iceberg_lounge_,1077,Abordable,2026-03-04
2165,Ninow,1077,Abordable,2026-03-04
2166,bodopute,1077,Abordable,2026-03-04
2167,lucioole13,1077,Abordable,2026-03-04
2168,olivierpapaye,1076,Abordable,2026-03-04
2169,poulopo4827,1076,Abordable,2026-03-04
2170,globuleviolet,1076,Abordable,2026-03-04
2171,TorTotor,1076,Abordable,2026-03-04
2172,foucauloulou,1076,Abordable,2026-03-04
2173,kcrach,1076,Abordable,2026-03-04
2174,ocooc_,1076,Abordable,2026-03-04
2175,responseau,1076,Abordable,2026-03-04
2176,Alpoca1,1076,Abordable,2026-03-04
2177,foxie_22,1076,Abordable,2026-03-04
2178,Kynuur,1075,Abordable,2026-03-04
2179,Hey_Im_Bandit,1075,Abordable,2026-03-04
2180,Wolfwar78,1075,Abordable,2026-03-04
2181,Inorack,1075,Abordable,2026-03-04
2182,SpammeurDeFAB,1075,Abordable,2026-03-04
2183,Bilain_,1074,Abordable,2026-03-04
2184,noa_jenai,1074,Abordable,2026-03-04
2185,badwolf_75013,1074,Abordable,2026-03-04
2186,dimvalax,1074,Abordable,2026-03-04
2187,jofromlapalasse,1074,Abordable,2026-03-04
2188,manon_sports,1074,Abordable,2026-03-04
2189,valjms,1074,Abordable,2026-03-04
2190,lepoutax,1074,Abordable,2026-03-04
2191,sltcestmarie,1074,Abordable,2026-03-04
2192,Lugdus,1074,Abordable,2026-03-04
2193,mingaw_,1074,Abordable,2026-03-04
2194,mikethrough,1074,Abordable,2026-03-04
2195,gladiare,1074,Abordable,2026-03-04
2196,kerbeleg22,1074,Abordable,2026-03-04
2197,nysoss_,1074,Abordable,2026-03-04
2198,WBCorp,1073,Abordable,2026-03-04
2199,Cykaap,1073,Abordable,2026-03-04
2200,habedywin,1073,Abordable,2026-03-04
2201,titepiou,1073,Abordable,2026-03-04
2202,CoyoteJunior,1073,Abordable,2026-03-04
2203,Nnoctua,1073,Abordable,2026-03-04
2204,gegeiss,1073,Abordable,2026-03-04
2205,MrThanaka,1073,Abordable,2026-03-04
2206,Khazu_,1073,Abordable,2026-03-04
2207,colibri2002,1073,Abordable,2026-03-04
2208,FLOwN02,1073,Abordable,2026-03-04
2209,Plaizir0,1073,Abordable,2026-03-04
2210,vicdpre,1073,Abordable,2026-03-04
2211,victorhermet,1073,Abordable,2026-03-04
2212,mateteee,1073,Abordable,2026-03-04
2213,Sophie_Ldr,1073,Abordable,2026-03-04
2214,camiilfi,1073,Abordable,2026-03-04
2215,iamthesnips,1073,Abordable,2026-03-04
2216,Pivihi,1073,Abordable,2026-03-04
2217,Senshi62,1073,Abordable,2026-03-04
2218,Shikoroh,1072,Abordable,2026-03-04
2219,mathxlabeuteu,1072,Abordable,2026-03-04
2220,shagore_magal,1072,Abordable,2026-03-04
2221,falimou,1072,Abordable,2026-03-04
2222,Dany__,1072,Abordable,2026-03-04
2223,royalcookie_,1071,Abordable,2026-03-04
2224,nz0z_,1071,Abordable,2026-03-04
2225,zecharentais,1071,Abordable,2026-03-04
2226,Webelu,1071,Abordable,2026-03-04
2227,archer__off,1071,Abordable,2026-03-04
2228,barthos_chn,1071,Abordable,2026-03-04
2229,cecidrole,1071,Abordable,2026-03-04
2230,OxiumIRL,1071,Abordable,2026-03-04
2231,gmaxe57,1070,Abordable,2026-03-04
2232,mahlerovich,1070,Abordable,2026-03-04
2233,veronic68,1070,Abordable,2026-03-04
2234,Clemerfed,1070,Abordable,2026-03-04
2235,lho5,1070,Abordable,2026-03-04
2236,SquaredGrunt,1070,Abordable,2026-03-04
2237,ttrixo,1070,Abordable,2026-03-04
2238,flapflap05,1070,Abordable,2026-03-04
2239,scout_jean_raoul,1070,Abordable,2026-03-04
2240,Tantei_,1070,Abordable,2026-03-04
2241,camoxx_,1069,Abordable,2026-03-04
2242,astwin76,1069,Abordable,2026-03-04
2243,Deorl2000,1069,Abordable,2026-03-04
2244,eemeline_,1069,Abordable,2026-03-04
2245,Ekeho,1068,Abordable,2026-03-04
2246,axelleg1605,1068,Abordable,2026-03-04
2247,mariesarahyls,1068,Abordable,2026-03-04
2248,sv_romain,1068,Abordable,2026-03-04
2249,eesil,1068,Abordable,2026-03-04
2250,jeremiejk,1068,Abordable,2026-03-04
2251,Zanekou,1068,Abordable,2026-03-04
2252,oxwood06,1067,Abordable,2026-03-04
2253,m2blueeyes,1067,Abordable,2026-03-04
2254,Sytorex_,1067,Abordable,2026-03-04
2255,draekoth39,1067,Abordable,2026-03-04
2256,aRReVn0,1067,Abordable,2026-03-04
2257,morgenrot_,1067,Abordable,2026-03-04
2258,Khryd,1067,Abordable,2026-03-04
2259,TurboMwet,1067,Abordable,2026-03-04
2260,lotusroussette,1066,Abordable,2026-03-04
2261,mineur_2_gemmes,1066,Abordable,2026-03-04
2262,JurassX,1066,Abordable,2026-03-04
2263,CeresLaPlanete,1066,Abordable,2026-03-04
2264,johker121,1066,Abordable,2026-03-04
2265,Kyrraa,1066,Abordable,2026-03-04
2266,moumoune12,1066,Abordable,2026-03-04
2267,Moky06,1066,Abordable,2026-03-04
2268,Mbemsmile,1066,Abordable,2026-03-04
2269,ouaisouais01,1065,Abordable,2026-03-04
2270,amiralgialackbar,1065,Abordable,2026-03-04
2271,mica_noir,1065,Abordable,2026-03-04
2272,KCconstantin,1065,Abordable,2026-03-04
2273,Aliceward,1065,Abordable,2026-03-04
2274,ascaali,1065,Abordable,2026-03-04
2275,martiinuuus,1065,Abordable,2026-03-04
2276,malozer35,1065,Abordable,2026-03-04
2277,lomsa16,1065,Abordable,2026-03-04
2278,mathismegacool,1065,Abordable,2026-03-04
2279,damis59,1065,Abordable,2026-03-04
2280,carlos_ej9,1065,Abordable,2026-03-04
2281,jaykyz_et_michel,1065,Abordable,2026-03-04
2282,Maitre_leni,1065,Abordable,2026-03-04
2283,lothorcanie,1064,Abordable,2026-03-04
2284,Ilhayo,1064,Abordable,2026-03-04
2285,geek0flab,1064,Abordable,2026-03-04
2286,guiguich9,1064,Abordable,2026-03-04
2287,djoudjou0610,1064,Abordable,2026-03-04
2288,PattAuBeurre,1064,Abordable,2026-03-04
2289,cactuspoeme6,1064,Abordable,2026-03-04
2290,caerwyn8,1064,Abordable,2026-03-04
2291,cemaxence,1064,Abordable,2026-03-04
2292,tomisy14,1064,Abordable,2026-03-04
2293,morgane0950,1064,Abordable,2026-03-04
2294,eniotna64000,1064,Abordable,2026-03-04
2295,ElHash17,1064,Abordable,2026-03-04
2296,crockettor,1063,Abordable,2026-03-04
2297,Skyla04_,1063,Abordable,2026-03-04
2298,charles_25_leplusbeau,1063,Abordable,2026-03-04
2299,amsi476245,1063,Abordable,2026-03-04
2300,Pyxisa_,1063,Abordable,2026-03-04
2301,Elllundril,1062,Abordable,2026-03-04
2302,lerifonaa,1062,Abordable,2026-03-04
2303,cesyl,1062,Abordable,2026-03-04
2304,jchamign,1062,Abordable,2026-03-04
2305,anthostr,1062,Abordable,2026-03-04
2306,sorzi,1062,Abordable,2026-03-04
2307,laurelineldr,1062,Abordable,2026-03-04
2308,Louijis,1061,Abordable,2026-03-04
2309,Achernar182,1061,Abordable,2026-03-04
2310,PAragorni,1061,Abordable,2026-03-04
2311,utalbot,1061,Abordable,2026-03-04
2312,Jagauar,1061,Abordable,2026-03-04
2313,victorchavy,1061,Abordable,2026-03-04
2314,jean2cancun,1061,Abordable,2026-03-04
2315,lechapelier55,1061,Abordable,2026-03-04
2316,SwardenWarking,1061,Abordable,2026-03-04
2317,justarlet,1061,Abordable,2026-03-04
2318,antwan_gns,1061,Abordable,2026-03-04
2319,orion_nebul,1061,Abordable,2026-03-04
2320,ItsMangho,1060,Abordable,2026-03-04
2321,so6teee,1060,Abordable,2026-03-04
2322,rmousse,1060,Abordable,2026-03-04
2323,ruggipi,1060,Abordable,2026-03-04
2324,viskerdro,1060,Abordable,2026-03-04
2325,MrFanPDF,1060,Abordable,2026-03-04
2326,Mcdarling,1060,Abordable,2026-03-04
2327,PrepelBret8,1060,Abordable,2026-03-04
2328,riiixxx,1060,Abordable,2026-03-04
2329,yerdef,1060,Abordable,2026-03-04
2330,max_plg,1059,Abordable,2026-03-04
2331,minininja73110,1059,Abordable,2026-03-04
2332,cotonpearl,1059,Abordable,2026-03-04
2333,Chromasensei,1059,Abordable,2026-03-04
2334,Who_sThatGirl,1059,Abordable,2026-03-04
2335,romain_cleda,1059,Abordable,2026-03-04
2336,R3dden,1059,Abordable,2026-03-04
2337,Bloom_8423,1059,Abordable,2026-03-04
2338,lykobro,1058,Abordable,2026-03-04
2339,homard_scie,1058,Abordable,2026-03-04
2340,cytshitan,1058,Abordable,2026-03-04
2341,julesbrggg,1057,Abordable,2026-03-04
2342,ecureuilbleu,1057,Abordable,2026-03-04
2343,FR_Agile,1057,Abordable,2026-03-04
2344,matou44310,1057,Abordable,2026-03-04
2345,tractopoule_,1057,Abordable,2026-03-04
2346,phteu,1057,Abordable,2026-03-04
2347,antkil02,1057,Abordable,2026-03-04
2348,zqralex555,1057,Abordable,2026-03-04
2349,zeasonb,1056,Abordable,2026-03-04
2350,camxcccc,1056,Abordable,2026-03-04
2351,gourde92831,1056,Abordable,2026-03-04
2352,dieunicolaspepe,1056,Abordable,2026-03-04
2353,messbarzo,1056,Abordable,2026-03-04
2354,Maudtiny,1056,Abordable,2026-03-04
2355,ruuuulio_,1056,Abordable,2026-03-04
2356,nouyork_hs,1056,Abordable,2026-03-04
2357,La_Juuj,1056,Abordable,2026-03-04
2358,bant0n,1056,Abordable,2026-03-04
2359,pduprieu,1055,Abordable,2026-03-04
2360,Neineiiiii,1055,Abordable,2026-03-04
2361,NaaySquik,1055,Abordable,2026-03-04
2362,Sirobu_,1055,Abordable,2026-03-04
2363,meliana91,1055,Abordable,2026-03-04
2364,DocKrakan,1055,Abordable,2026-03-04
2365,pawaaaa_,1055,Abordable,2026-03-04
2366,duchmol3692,1055,Abordable,2026-03-04
2367,TruEsdrael,1054,Abordable,2026-03-04
2368,tphfcht,1054,Abordable,2026-03-04
2369,anthofou31,1054,Abordable,2026-03-04
2370,Pims_alorange,1054,Abordable,2026-03-04
2371,jrm_f,1054,Abordable,2026-03-04
2372,sf_izaro,1054,Abordable,2026-03-04
2373,koluyantrez,1054,Abordable,2026-03-04
2374,Driendle,1054,Abordable,2026-03-04
2375,pyrodaz,1054,Abordable,2026-03-04
2376,jubryant,1054,Abordable,2026-03-04
2377,Dodoala77,1054,Abordable,2026-03-04
2378,man0nmaoui,1054,Abordable,2026-03-04
2379,Sherlock_3571,1054,Abordable,2026-03-04
2380,maximesmrd,1054,Abordable,2026-03-04
2381,Dante3enfer,1054,Abordable,2026-03-04
2382,Rainbow_Firefly,1054,Abordable,2026-03-04
2383,Yaya_180,1053,Abordable,2026-03-04
2384,martinbiss,1053,Abordable,2026-03-04
2385,sgtnooz,1053,Abordable,2026-03-04
2386,Kiza_ru,1053,Abordable,2026-03-04
2387,dragonorix,1053,Abordable,2026-03-04
2388,celinettedu94,1053,Abordable,2026-03-04
2389,clemeclair31,1053,Abordable,2026-03-04
2390,larvecomplice,1053,Abordable,2026-03-04
2391,azog301,1053,Abordable,2026-03-04
2392,akirabane,1052,Abordable,2026-03-04
2393,darkmattdu94,1052,Abordable,2026-03-04
2394,loukuffner,1052,Abordable,2026-03-04
2395,jmpunk59,1052,Abordable,2026-03-04
2396,vanHinano,1052,Abordable,2026-03-04
2397,jch029,1052,Abordable,2026-03-04
2398,thom_frtc3,1052,Abordable,2026-03-04
2399,pixzelle,1052,Abordable,2026-03-04
2400,chibrillignac,1052,Abordable,2026-03-04
2401,matthieu_dfr,1052,Abordable,2026-03-04
2402,kc_tuturlavoiture,1052,Abordable,2026-03-04
2403,gros_nazeee,1052,Abordable,2026-03-04
2404,ethany42,1052,Abordable,2026-03-04
2405,geoffrey151203,1052,Abordable,2026-03-04
2406,TheAmazingBishop,1052,Abordable,2026-03-04
2407,Erpic,1052,Abordable,2026-03-04
2408,GenPro87,1052,Abordable,2026-03-04
2409,Evil_Lapinou,1051,Abordable,2026-03-04
2410,ohlegigi,1051,Abordable,2026-03-04
2411,fahmln,1051,Abordable,2026-03-04
2412,zodiacqwety,1051,Abordable,2026-03-04
2413,yonico23,1051,Abordable,2026-03-04
2414,toufyc,1051,Abordable,2026-03-04
2415,I0u1s,1051,Abordable,2026-03-04
2416,Dodo2308,1051,Abordable,2026-03-04
2417,amelied33,1051,Abordable,2026-03-04
2418,titinelagrande,1050,Abordable,2026-03-04
2419,Skribbled_,1050,Abordable,2026-03-04
2420,tizibob,1050,Abordable,2026-03-04
2421,tizibob,1050,Abordable,2026-03-04
2422,azr0d44,1050,Abordable,2026-03-04
2423,TeslaTing,1050,Abordable,2026-03-04
2424,lelapincarla,1050,Abordable,2026-03-04
2425,roi_sans_les_i,1050,Abordable,2026-03-04
2426,Dekkhen,1050,Abordable,2026-03-04
2427,Ikael2,1050,Abordable,2026-03-04
2428,Tranchk,1050,Abordable,2026-03-04
2429,Picow42,1050,Abordable,2026-03-04
2430,yoshil0,1049,Abordable,2026-03-04
2431,Omasashi,1049,Abordable,2026-03-04
2432,valairlines_,1049,Abordable,2026-03-04
2433,robugaming57,1048,Abordable,2026-03-04
2434,podarue,1048,Abordable,2026-03-04
2435,flow56300,1048,Abordable,2026-03-04
2436,LukaaR6S,1048,Abordable,2026-03-04
2437,lilirabe,1047,Abordable,2026-03-04
2438,raphaelle_dgy,1047,Abordable,2026-03-04
2439,berrytos,1047,Abordable,2026-03-04
2440,matsouk_,1047,Abordable,2026-03-04
2441,manonduruisseau,1047,Abordable,2026-03-04
2442,alfredlezedoumaster,1047,Abordable,2026-03-04
2443,mariedomp,1047,Abordable,2026-03-04
2444,Saru_4,1047,Abordable,2026-03-04
2445,Ombrias,1047,Abordable,2026-03-04
2446,sylker22,1046,Abordable,2026-03-04
2447,Alcha333,1046,Abordable,2026-03-04
2448,clarartichaud,1046,Abordable,2026-03-04
2449,emerancel,1046,Abordable,2026-03-04
2450,cinegamer1,1046,Abordable,2026-03-04
2451,snowkey_y,1046,Abordable,2026-03-04
2452,clementlapieuvre,1045,Abordable,2026-03-04
2453,ninja_indiscret,1045,Abordable,2026-03-04
2454,slumpator,1045,Abordable,2026-03-04
2455,louvarde,1045,Abordable,2026-03-04
2456,AntoinePenhard,1045,Abordable,2026-03-04
2457,RagnarLeBouff,1045,Abordable,2026-03-04
2458,tibere167,1045,Abordable,2026-03-04
2459,SeRongue,1044,Abordable,2026-03-04
2460,marie_rsslt9,1044,Abordable,2026-03-04
2461,Darkoookie,1044,Abordable,2026-03-04
2462,Jules_m04,1044,Abordable,2026-03-04
2463,nash_ol,1044,Abordable,2026-03-04
2464,apolate,1044,Abordable,2026-03-04
2465,tn_la_street,1044,Abordable,2026-03-04
2466,tsakatac,1044,Abordable,2026-03-04
2467,kiiara1234,1044,Abordable,2026-03-04
2468,Gousp34,1043,Abordable,2026-03-04
2469,tomduc04,1043,Abordable,2026-03-04
2470,xkayah73,1043,Abordable,2026-03-04
2471,mawoudsky,1043,Abordable,2026-03-04
2472,Gizaye,1043,Abordable,2026-03-04
2473,sam03sam03,1043,Abordable,2026-03-04
2474,lilouisx,1043,Abordable,2026-03-04
2475,Nomepac29,1043,Abordable,2026-03-04
2476,amandine_1899,1043,Abordable,2026-03-04
2477,alexflexx5,1043,Abordable,2026-03-04
2478,jeanmichelrebou,1042,Abordable,2026-03-04
2479,breizhwizard29_,1042,Abordable,2026-03-04
2480,borisbeauval,1042,Abordable,2026-03-04
2481,baptouzzz,1042,Abordable,2026-03-04
2482,sgued03,1042,Abordable,2026-03-04
2483,stephdestgenis,1042,Abordable,2026-03-04
2484,cocoboit,1042,Abordable,2026-03-04
2485,j_____213,1042,Abordable,2026-03-04
2486,gregouze62,1042,Abordable,2026-03-04
2487,marsoo80,1042,Abordable,2026-03-04
2488,pauvalpo6,1042,Abordable,2026-03-04
2489,VirtuoCyka,1042,Abordable,2026-03-04
2490,roi_des_cramptes_rj,1042,Abordable,2026-03-04
2491,flolad59,1041,Abordable,2026-03-04
2492,arntet,1041,Abordable,2026-03-04
2493,Pierma_,1041,Abordable,2026-03-04
2494,knackiy,1041,Abordable,2026-03-04
2495,pierro2992,1041,Abordable,2026-03-04
2496,Alberich85,1041,Abordable,2026-03-04
2497,FlorusHippocampe,1041,Abordable,2026-03-04
2498,flilian43260,1041,Abordable,2026-03-04
2499,Fl0bio,1041,Abordable,2026-03-04
2500,Luxian71,1041,Abordable,2026-03-04
2501,darkofu,1040,Abordable,2026-03-04
2502,Xyphior,1040,Abordable,2026-03-04
2503,MFonzatti,1040,Abordable,2026-03-04
2504,KunDX,1040,Abordable,2026-03-04
2505,firox_91,1040,Abordable,2026-03-04
2506,dhufar44,1040,Abordable,2026-03-04
2507,natemery,1040,Abordable,2026-03-04
2508,sakramtow,1039,Abordable,2026-03-04
2509,robzfr4,1039,Abordable,2026-03-04
2510,helmaguiche,1039,Abordable,2026-03-04
2511,fafoudu1,1039,Abordable,2026-03-04
2512,CharlieSans,1039,Abordable,2026-03-04
2513,cjdkxkfbvkjfkhncxnvvjnc,1039,Abordable,2026-03-04
2514,yolandaoklm,1039,Abordable,2026-03-04
2515,trunks92i,1039,Abordable,2026-03-04
2516,MoiJePerd,1039,Abordable,2026-03-04
2517,rust_cohle87,1039,Abordable,2026-03-04
2518,Quicholardon,1039,Abordable,2026-03-04
2519,davluzz,1038,Abordable,2026-03-04
2520,Space_700,1038,Abordable,2026-03-04
2521,la_souillure,1038,Abordable,2026-03-04
2522,epastrouil,1038,Abordable,2026-03-04
2523,norritt16,1038,Abordable,2026-03-04
2524,doctorkelogs,1038,Abordable,2026-03-04
2525,maxcanette,1038,Abordable,2026-03-04
2526,klaratsh,1038,Abordable,2026-03-04
2527,dafloc,1037,Abordable,2026-03-04
2528,shushu_capri,1037,Abordable,2026-03-04
2529,FrancoisBdeCharles,1037,Abordable,2026-03-04
2530,mrgnmth,1037,Abordable,2026-03-04
2531,noahmaille,1037,Abordable,2026-03-04
2532,Loukas26,1037,Abordable,2026-03-04
2533,rivkaka,1037,Abordable,2026-03-04
2534,Eni_Plaid,1037,Abordable,2026-03-04
2535,raph_casa,1037,Abordable,2026-03-04
2536,onaxium,1037,Abordable,2026-03-04
2537,aodhan_lb,1037,Abordable,2026-03-04
2538,batandleo,1037,Abordable,2026-03-04
2539,jaskier26,1037,Abordable,2026-03-04
2540,aktalordtw,1036,Abordable,2026-03-04
2541,D_Tomz,1036,Abordable,2026-03-04
2542,Pheoda,1036,Abordable,2026-03-04
2543,chloebarjojo,1036,Abordable,2026-03-04
2544,pepitto84,1036,Abordable,2026-03-04
2545,shymagres,1036,Abordable,2026-03-04
2546,Naamsss,1036,Abordable,2026-03-04
2547,pandette_shaky,1036,Abordable,2026-03-04
2548,flozz42,1036,Abordable,2026-03-04
2549,Thib_ouille,1036,Abordable,2026-03-04
2550,seboude,1036,Abordable,2026-03-04
2551,Eihas_,1035,Abordable,2026-03-04
2552,ek0hlb,1035,Abordable,2026-03-04
2553,crewana,1035,Abordable,2026-03-04
2554,vinzoudesbois,1035,Abordable,2026-03-04
2555,mllepams,1035,Abordable,2026-03-04
2556,aikkinox,1035,Abordable,2026-03-04
2557,didiermet,1035,Abordable,2026-03-04
2558,tryeh_,1035,Abordable,2026-03-04
2559,sylvulinasse,1035,Abordable,2026-03-04
2560,pepelitossss,1035,Abordable,2026-03-04
2561,skoothyx,1035,Abordable,2026-03-04
2562,themis547,1035,Abordable,2026-03-04
2563,Melodron,1034,Abordable,2026-03-04
2564,koalysandre,1034,Abordable,2026-03-04
2566,Ewylinia,1034,Abordable,2026-03-04
2567,Baba_477,1034,Abordable,2026-03-04
2568,Corb1_,1034,Abordable,2026-03-04
2569,labball,1034,Abordable,2026-03-04
2570,simeon_rlu,1034,Abordable,2026-03-04
2571,kailess_,1034,Abordable,2026-03-04
2572,nista2,1034,Abordable,2026-03-04
2573,Ruityde,1034,Abordable,2026-03-04
2574,Jakp0t_,1034,Abordable,2026-03-04
2575,gir_pir,1034,Abordable,2026-03-04
2576,paowl24,1033,Abordable,2026-03-04
2577,shivaskunky,1033,Abordable,2026-03-04
2578,Pateapizza44,1033,Abordable,2026-03-04
2579,drianis_a,1033,Abordable,2026-03-04
2580,alchemistery21,1033,Abordable,2026-03-04
2581,fuji_yeah,1033,Abordable,2026-03-04
2582,uncledrew_85,1033,Abordable,2026-03-04
2583,G2_Draco,1033,Abordable,2026-03-04
2584,ananasthassia,1033,Abordable,2026-03-04
2585,tristan_ryu,1033,Abordable,2026-03-04
2586,Alex_Plozion,1033,Abordable,2026-03-04
2587,katacrom,1032,Abordable,2026-03-04
2588,baatoou,1032,Abordable,2026-03-04
2589,mcgregg1977,1032,Abordable,2026-03-04
2590,Goshtbusters44,1032,Abordable,2026-03-04
2591,leducdannam,1032,Abordable,2026-03-04
2592,Enigma15_01,1032,Abordable,2026-03-04
2593,lemalin76,1032,Abordable,2026-03-04
2594,lilyhime_,1031,Abordable,2026-03-04
2595,Saurien69,1031,Abordable,2026-03-04
2596,escomparr,1031,Abordable,2026-03-04
2597,Dintitan_G,1031,Abordable,2026-03-04
2598,eclairmetal9201,1031,Abordable,2026-03-04
2599,traipser_,1031,Abordable,2026-03-04
2600,Buttercupsz_,1031,Abordable,2026-03-04
2601,ladeadfish,1031,Abordable,2026-03-04
2602,nico5br,1031,Abordable,2026-03-04
2603,lucasthelucky,1031,Abordable,2026-03-04
2604,BlueCham2000,1031,Abordable,2026-03-04
2605,nnoooaaaa,1030,Abordable,2026-03-04
2606,solene2662,1030,Abordable,2026-03-04
2607,baptou725,1030,Abordable,2026-03-04
2608,solenetlzt,1030,Abordable,2026-03-04
2609,laulaux_,1030,Abordable,2026-03-04
2610,zeligggg,1030,Abordable,2026-03-04
2611,jooka3,1030,Abordable,2026-03-04
2612,demonrider_155,1030,Abordable,2026-03-04
2613,heccaaiguille,1030,Abordable,2026-03-04
2614,Pascalouuu,1030,Abordable,2026-03-04
2615,Grixouu,1030,Abordable,2026-03-04
2616,sharpyl,1029,Abordable,2026-03-04
2617,elsobrdt,1029,Abordable,2026-03-04
2618,lechaceur,1029,Abordable,2026-03-04
2619,minouche7463,1029,Abordable,2026-03-04
2620,Cihrzad,1029,Abordable,2026-03-04
2621,griicha,1029,Abordable,2026-03-04
2622,dolcepatata,1029,Abordable,2026-03-04
2623,stiglitztz,1029,Abordable,2026-03-04
2624,the_trazom,1029,Abordable,2026-03-04
2625,izanaaami,1029,Abordable,2026-03-04
2626,asteryaaa,1028,Abordable,2026-03-04
2627,Fixoox,1028,Abordable,2026-03-04
2628,sys100817,1028,Abordable,2026-03-04
2629,Batulith,1028,Abordable,2026-03-04
2630,n0t_my_name,1028,Abordable,2026-03-04
2631,fortnite20092016,1028,Abordable,2026-03-04
2632,waliwalou76,1028,Abordable,2026-03-04
2633,Colas_TheSF,1028,Abordable,2026-03-04
2634,EvilNinaSoapy,1027,Abordable,2026-03-04
2635,tristouill9,1027,Abordable,2026-03-04
2636,lulu77_,1027,Abordable,2026-03-04
2637,Ascerf,1027,Abordable,2026-03-04
2638,jumars33,1027,Abordable,2026-03-04
2639,romslatempete,1027,Abordable,2026-03-04
2640,chatdego,1027,Abordable,2026-03-04
2641,stam1211,1027,Abordable,2026-03-04
2642,blackraven560276,1027,Abordable,2026-03-04
2643,conni2507,1027,Abordable,2026-03-04
2644,lefakir5,1026,Abordable,2026-03-04
2645,ralf_le_renne,1026,Abordable,2026-03-04
2646,thot_alamin,1026,Abordable,2026-03-04
2647,nausycaaaaa,1026,Abordable,2026-03-04
2648,anais391706,1026,Abordable,2026-03-04
2649,foxyy1492,1026,Abordable,2026-03-04
2650,jeremyone16,1026,Abordable,2026-03-04
2651,gogomar30,1026,Abordable,2026-03-04
2652,joeyxuyhj,1026,Abordable,2026-03-04
2653,xxcocr7rsclxx,1026,Abordable,2026-03-04
2654,doomsmld,1026,Abordable,2026-03-04
2655,MavRoche_,1025,Abordable,2026-03-04
2656,djbetrim,1025,Abordable,2026-03-04
2657,coupeknot,1025,Abordable,2026-03-04
2658,the_remus56,1025,Abordable,2026-03-04
2659,ItsS0ul,1025,Abordable,2026-03-04
2660,mat2o3,1025,Abordable,2026-03-04
2661,le_skwi,1025,Abordable,2026-03-04
2662,lordcalvinator,1024,Abordable,2026-03-04
2663,yestoren,1024,Abordable,2026-03-04
2664,alois903,1024,Abordable,2026-03-04
2665,taima34,1024,Abordable,2026-03-04
2666,therealjeanbidon,1024,Abordable,2026-03-04
2667,earendyyl,1024,Abordable,2026-03-04
2668,mouss_64,1024,Abordable,2026-03-04
2669,Dimoushh,1024,Abordable,2026-03-04
2670,NaOmy446,1024,Abordable,2026-03-04
2671,ben_poisson,1024,Abordable,2026-03-04
2672,ben_poisson,1024,Abordable,2026-03-04
2673,eliott00000000,1024,Abordable,2026-03-04
2674,clakie57,1023,Abordable,2026-03-04
2675,enair0d,1023,Abordable,2026-03-04
2676,LuuDny,1023,Abordable,2026-03-04
2677,fannyyyyyyyyyy1,1023,Abordable,2026-03-04
2678,z_sensei,1023,Abordable,2026-03-04
2679,chihiro988,1023,Abordable,2026-03-04
2680,Duagolth,1022,Abordable,2026-03-04
2681,margottt_d,1022,Abordable,2026-03-04
2682,nihilisrho,1022,Abordable,2026-03-04
2683,sebnet25,1022,Abordable,2026-03-04
2684,overfleek,1022,Abordable,2026-03-04
2685,professeurghost,1022,Abordable,2026-03-04
2686,Amethyste_tp,1022,Abordable,2026-03-04
2687,toniiio9711,1022,Abordable,2026-03-04
2688,SR__edgar,1022,Abordable,2026-03-04
2689,DoggyMD,1021,Abordable,2026-03-04
2690,fusilcorbeau32,1021,Abordable,2026-03-04
2691,hugoo_23_,1021,Abordable,2026-03-04
2692,DiableCornu,1021,Abordable,2026-03-04
2693,erg0t,1021,Abordable,2026-03-04
2694,Yohonet,1021,Abordable,2026-03-04
2695,LaGrotteAGeeks,1021,Abordable,2026-03-04
2696,jochef59,1021,Abordable,2026-03-04
2697,spdrmax,1021,Abordable,2026-03-04
2698,yroza_,1021,Abordable,2026-03-04
2699,Bad_Zulu,1021,Abordable,2026-03-04
2700,torim27,1021,Abordable,2026-03-04
2701,EmilieGU,1021,Abordable,2026-03-04
2702,liam_2307,1020,Abordable,2026-03-04
2703,Guilain_TV,1020,Abordable,2026-03-04
2704,Meepoi,1020,Abordable,2026-03-04
2705,sim1010again,1020,Abordable,2026-03-04
2706,damien_lafay,1020,Abordable,2026-03-04
2707,Nonajo29,1020,Abordable,2026-03-04
2708,Delsard,1020,Abordable,2026-03-04
2709,Alepharian,1020,Abordable,2026-03-04
2710,ore_d,1020,Abordable,2026-03-04
2711,crvsier_alex,1020,Abordable,2026-03-04
2712,ourssucrerie,1020,Abordable,2026-03-04
2713,Arnifoste,1020,Abordable,2026-03-04
2714,soulsxreaper,1020,Abordable,2026-03-04
2715,kyhosa,1020,Abordable,2026-03-04
2716,SKlearner,1020,Abordable,2026-03-04
2717,JeSuisUneChocoIatine,1020,Abordable,2026-03-04
2718,Titoouu_,1019,Abordable,2026-03-04
2719,Omega_Abyss97,1019,Abordable,2026-03-04
2720,nounours1019,1019,Abordable,2026-03-04
2721,petite_jo,1019,Abordable,2026-03-04
2722,bltbd,1019,Abordable,2026-03-04
2723,egrvs,1019,Abordable,2026-03-04
2724,Mekagae,1019,Abordable,2026-03-04
2725,wyngfire,1019,Abordable,2026-03-04
2726,paulofiac,1019,Abordable,2026-03-04
2727,el_vycram,1018,Abordable,2026-03-04
2728,nioura64,1018,Abordable,2026-03-04
2729,ridilion_13,1018,Abordable,2026-03-04
2730,lovizou,1018,Abordable,2026-03-04
2731,Truepika,1018,Abordable,2026-03-04
2732,NinjaBlanc54,1018,Abordable,2026-03-04
2733,BahlkogTV,1018,Abordable,2026-03-04
2734,dyonisos086,1018,Abordable,2026-03-04
2735,test3775,1018,Abordable,2026-03-04
2736,vapr0x,1018,Abordable,2026-03-04
2737,nataachaaa,1018,Abordable,2026-03-04
2738,returns_10000,1018,Abordable,2026-03-04
2739,alvarobonpinilla,1018,Abordable,2026-03-04
2740,r1e59,1018,Abordable,2026-03-04
2741,kyIiann_,1018,Abordable,2026-03-04
2742,zerom_13,1018,Abordable,2026-03-04
2743,DarkCharlemagne,1018,Abordable,2026-03-04
2744,louis__4,1018,Abordable,2026-03-04
2745,noman_sboy,1017,Abordable,2026-03-04
2746,baptoubapteu,1017,Abordable,2026-03-04
2747,iMafio,1017,Abordable,2026-03-04
2748,laurentdu3556,1017,Abordable,2026-03-04
2749,abricotine01,1017,Abordable,2026-03-04
2750,harry_dean_stanton,1017,Abordable,2026-03-04
2751,KuromeJ,1017,Abordable,2026-03-04
2752,Tha_inator,1017,Abordable,2026-03-04
2753,chlo__10,1017,Abordable,2026-03-04
2754,LaVraieChoucroute,1017,Abordable,2026-03-04
2755,alouckatv,1017,Abordable,2026-03-04
2756,aniuw1,1017,Abordable,2026-03-04
2757,pv1pe,1017,Abordable,2026-03-04
2758,KibaVz,1017,Abordable,2026-03-04
2759,Marrbol,1017,Abordable,2026-03-04
2760,wewen_17,1017,Abordable,2026-03-04
2761,leclocliquot,1016,Abordable,2026-03-04
2762,embrouaze,1016,Abordable,2026-03-04
2763,aAlphie,1016,Abordable,2026-03-04
2764,yayachoucroute_officiel,1016,Abordable,2026-03-04
2765,robilastup,1016,Abordable,2026-03-04
2766,vacances1717,1016,Abordable,2026-03-04
2767,Cyrianus,1016,Abordable,2026-03-04
2768,Yrtiop,1016,Abordable,2026-03-04
2769,rugbymen_2,1016,Abordable,2026-03-04
2770,Va1ou_,1016,Abordable,2026-03-04
2771,eliott_bnl,1015,Abordable,2026-03-04
2772,Titroch,1015,Abordable,2026-03-04
2773,laurapvl_,1015,Abordable,2026-03-04
2774,boudin07,1015,Abordable,2026-03-04
2775,emiliegzz,1015,Abordable,2026-03-04
2776,PequenoMPG,1015,Abordable,2026-03-04
2777,celia_007_,1015,Abordable,2026-03-04
2778,Erinn653,1015,Abordable,2026-03-04
2779,esperanzaclo,1015,Abordable,2026-03-04
2780,Boby_Boooba,1015,Abordable,2026-03-04
2781,TamagoSpace,1015,Abordable,2026-03-04
2782,idaje,1015,Abordable,2026-03-04
2783,TocheCS,1015,Abordable,2026-03-04
2784,Mirou_fr,1015,Abordable,2026-03-04
2785,Thorna_dodu,1014,Abordable,2026-03-04
2786,fum3role,1014,Abordable,2026-03-04
2787,leamorvan5,1014,Abordable,2026-03-04
2788,Cuenzo,1014,Abordable,2026-03-04
2789,BluePonk31,1014,Abordable,2026-03-04
2790,orcr1st4,1014,Abordable,2026-03-04
2791,yallah_8,1014,Abordable,2026-03-04
2792,moltocortes,1014,Abordable,2026-03-04
2793,azertyuiopsik,1014,Abordable,2026-03-04
2794,pommedeterrz,1014,Abordable,2026-03-04
2795,tristancho2,1014,Abordable,2026-03-04
2796,lynk5391,1014,Abordable,2026-03-04
2797,FirsTerZ,1014,Abordable,2026-03-04
2798,Mrtomoy,1013,Abordable,2026-03-04
2799,jejeroro_,1013,Abordable,2026-03-04
2800,A11ex,1013,Abordable,2026-03-04
2801,jeleditoujeleditpas,1013,Abordable,2026-03-04
2802,davidd2662119,1013,Abordable,2026-03-04
2803,virgilux,1013,Abordable,2026-03-04
2804,TazReload,1013,Abordable,2026-03-04
2805,lalolecoco,1013,Abordable,2026-03-04
2806,mathis0303_,1012,Abordable,2026-03-04
2807,wulllol,1012,Abordable,2026-03-04
2808,coucoucmoi007,1012,Abordable,2026-03-04
2809,maxbezlegam,1012,Abordable,2026-03-04
2810,levraimr_trognon,1012,Abordable,2026-03-04
2811,jacklemalin,1012,Abordable,2026-03-04
2812,willouleskieurfou,1012,Abordable,2026-03-04
2813,dsazathoth,1012,Abordable,2026-03-04
2814,realiion,1012,Abordable,2026-03-04
2815,LeQuills,1011,Abordable,2026-03-04
2816,voilavoilaquoi31,1011,Abordable,2026-03-04
2817,hades763,1011,Abordable,2026-03-04
2819,TintinTamarre,1011,Abordable,2026-03-04
2820,astrologia14,1011,Abordable,2026-03-04
2821,blurrynat,1011,Abordable,2026-03-04
2822,arsn44,1010,Abordable,2026-03-04
2823,pksc51,1010,Abordable,2026-03-04
2824,Lucas73540,1010,Abordable,2026-03-04
2825,JunKiyohata,1010,Abordable,2026-03-04
2826,martinfc2a15,1010,Abordable,2026-03-04
2827,LHV_Sky_DreaM_,1010,Abordable,2026-03-04
2828,maxime_chs,1010,Abordable,2026-03-04
2829,nicowthehead,1010,Abordable,2026-03-04
2830,elmalaiz,1010,Abordable,2026-03-04
2831,svenitosaurus,1010,Abordable,2026-03-04
2832,TitiSco49,1010,Abordable,2026-03-04
2833,doud1901,1009,Abordable,2026-03-04
2834,layianeirea,1009,Abordable,2026-03-04
2835,jtz93,1009,Abordable,2026-03-04
2836,Baotelo,1009,Abordable,2026-03-04
2837,legrandrolla,1009,Abordable,2026-03-04
2838,mael_brs197,1009,Abordable,2026-03-04
2839,Xblaixs,1009,Abordable,2026-03-04
2840,TOsphere,1009,Abordable,2026-03-04
2841,mooncake394,1009,Abordable,2026-03-04
2842,elisoux3,1009,Abordable,2026-03-04
2843,Fusce_,1009,Abordable,2026-03-04
2844,valou5555,1009,Abordable,2026-03-04
2845,Licinius___,1009,Abordable,2026-03-04
2846,malpz7,1008,Abordable,2026-03-04
2847,elennwe78,1008,Abordable,2026-03-04
2848,clementlaimant,1008,Abordable,2026-03-04
2849,lycroh,1008,Abordable,2026-03-04
2850,mianzib,1008,Abordable,2026-03-04
2851,ageke7,1008,Abordable,2026-03-04
2852,lajove,1008,Abordable,2026-03-04
2853,Chavo_TheSchnibble,1008,Abordable,2026-03-04
2854,Priamster,1008,Abordable,2026-03-04
2855,thor_kel,1007,Abordable,2026-03-04
2856,nekronith,1007,Abordable,2026-03-04
2857,Effeta,1007,Abordable,2026-03-04
2858,Florelsan,1007,Abordable,2026-03-04
2859,kaktuso_o,1007,Abordable,2026-03-04
2860,SpaceCamembert,1007,Abordable,2026-03-04
2861,cedced_tsubasa,1007,Abordable,2026-03-04
2862,mrgus25,1007,Abordable,2026-03-04
2863,xerank,1007,Abordable,2026-03-04
2864,EusebeLeSimple,1007,Abordable,2026-03-04
2865,nymos19,1007,Abordable,2026-03-04
2866,lucassn49,1006,Abordable,2026-03-04
2867,atsuya_nasu,1006,Abordable,2026-03-04
2868,druidebonux,1006,Abordable,2026-03-04
2869,skiteek,1006,Abordable,2026-03-04
2870,Eris_of_Chaos,1006,Abordable,2026-03-04
2871,naylie__,1006,Abordable,2026-03-04
2872,escargodelieve,1005,Abordable,2026-03-04
2873,thecrazyman594,1005,Abordable,2026-03-04
2874,starboyyprime,1005,Abordable,2026-03-04
2875,pascalbouc,1005,Abordable,2026-03-04
2876,stupidest_dane,1005,Abordable,2026-03-04
2877,sarode22_,1005,Abordable,2026-03-04
2878,Malassa5555,1005,Abordable,2026-03-04
2879,Sjetdu77,1005,Abordable,2026-03-04
2880,iron1265,1005,Abordable,2026-03-04
2881,theyannou23,1005,Abordable,2026-03-04
2882,fafar0,1005,Abordable,2026-03-04
2883,y3sss6,1005,Abordable,2026-03-04
2884,bdubus,1005,Abordable,2026-03-04
2885,ev4n2,1005,Abordable,2026-03-04
2886,paul_noch,1004,Abordable,2026-03-04
2887,Andianmaa,1004,Abordable,2026-03-04
2888,mayell,1004,Abordable,2026-03-04
2889,Zedsters,1004,Abordable,2026-03-04
2890,flobnfo,1004,Abordable,2026-03-04
2891,P0piLeGrand,1004,Abordable,2026-03-04
2892,eyklaa,1003,Abordable,2026-03-04
2893,machicouliis,1003,Abordable,2026-03-04
2894,damnit14390,1003,Abordable,2026-03-04
2895,ArdanSTV,1003,Abordable,2026-03-04
2896,sylaly,1003,Abordable,2026-03-04
2897,lilianlr10,1003,Abordable,2026-03-04
2898,ayanami236,1003,Abordable,2026-03-04
2899,MeuhsieurMeuh,1003,Abordable,2026-03-04
2900,diabolitou,1003,Abordable,2026-03-04
2901,eliot25000,1003,Abordable,2026-03-04
2902,Kezelem_TL,1003,Abordable,2026-03-04
2903,audidous,1002,Abordable,2026-03-04
2904,emma547397,1002,Abordable,2026-03-04
2905,blaisematuidigoat,1002,Abordable,2026-03-04
2906,simon762300,1002,Abordable,2026-03-04
2907,cel90600,1002,Abordable,2026-03-04
2908,migemary,1002,Abordable,2026-03-04
2909,tamsoueg,1002,Abordable,2026-03-04
2910,shinigami_132518,1002,Abordable,2026-03-04
2911,darkstar2710,1002,Abordable,2026-03-04
2912,Rabelaiz,1002,Abordable,2026-03-04
2913,tibodoh,1001,Abordable,2026-03-04
2914,twitchbolognaise,1001,Abordable,2026-03-04
2915,xjulienx02,1001,Abordable,2026-03-04
2916,abraksas95,1001,Abordable,2026-03-04
2917,Brigadoon8,1001,Abordable,2026-03-04
2918,jooseyyyy,1001,Abordable,2026-03-04
2919,JadixaTV,1001,Abordable,2026-03-04
2920,mag1278,1000,Abordable,2026-03-04
2921,palosbeats,1000,Abordable,2026-03-04
2922,callie_nt,1000,Abordable,2026-03-04
2923,tomy7698,1000,Abordable,2026-03-04
2924,maelyslb,1000,Abordable,2026-03-04
2925,maitre_oasis,1000,Abordable,2026-03-04
2926,AmateraZer,1000,Abordable,2026-03-04
2927,Athalset,1000,Abordable,2026-03-04
2928,DrRichard89,1000,Abordable,2026-03-04
2929,Maximstreme,1000,Abordable,2026-03-04
2930,highdrien34,1000,Abordable,2026-03-04
2931,rem_lv,999,Abordable,2026-03-04
2932,mlin_le_capucin,999,Abordable,2026-03-04
2933,alaric_jdr,999,Abordable,2026-03-04
2934,beeemote,999,Abordable,2026-03-04
2935,marcolino13000,999,Abordable,2026-03-04
2936,ExploToutCourt,999,Abordable,2026-03-04
2937,psycholink91,999,Abordable,2026-03-04
2938,Asardoc20,999,Abordable,2026-03-04
2939,Bombadeal,999,Abordable,2026-03-04
2940,Horrros,999,Abordable,2026-03-04
2941,mamiem37,998,Abordable,2026-03-04
2942,deltyxx_,998,Abordable,2026-03-04
2943,tax0une,998,Abordable,2026-03-04
2944,Koyannis,998,Abordable,2026-03-04
2945,marrrrrion,998,Abordable,2026-03-04
2946,sunslayer7,998,Abordable,2026-03-04
2947,Kilard,998,Abordable,2026-03-04
2948,tommy_tecim13,997,Abordable,2026-03-04
2949,zetiti270,997,Abordable,2026-03-04
2950,Tatane_tv,997,Abordable,2026-03-04
2951,MatForceur,997,Abordable,2026-03-04
2952,noellapatrick,997,Abordable,2026-03-04
2953,beubaz,997,Abordable,2026-03-04
2954,xhugor_rx,997,Abordable,2026-03-04
2955,bribri59,997,Abordable,2026-03-04
2956,cloegrmn,997,Abordable,2026-03-04
2957,Parp1g,997,Abordable,2026-03-04
2958,Akirariri,997,Abordable,2026-03-04
2959,clems696,996,Abordable,2026-03-04
2960,v2ajnbl9,996,Abordable,2026-03-04
2961,lescargotvadrouilleur,996,Abordable,2026-03-04
2962,jmdanslaplace,996,Abordable,2026-03-04
2963,Meaumaux,996,Abordable,2026-03-04
2964,LadyD4rk_,996,Abordable,2026-03-04
2965,otterice_,996,Abordable,2026-03-04
2966,cinsault88,996,Abordable,2026-03-04
2967,cloclolette,996,Abordable,2026-03-04
2968,Nexamus_,996,Abordable,2026-03-04
2969,Frizlav,996,Abordable,2026-03-04
2970,flo85280,996,Abordable,2026-03-04
2971,legorel2,996,Abordable,2026-03-04
2972,ety_lore,996,Abordable,2026-03-04
2973,bartimeus26,995,Abordable,2026-03-04
2974,eleinir91,995,Abordable,2026-03-04
2975,Boubouze25,995,Abordable,2026-03-04
2976,maxkass_13,995,Abordable,2026-03-04
2977,mickael50,995,Abordable,2026-03-04
2978,Skivik8,995,Abordable,2026-03-04
2979,freez_skiiz2,994,Abordable,2026-03-04
2980,bacteries_metalorgie,994,Abordable,2026-03-04
2981,R_oCKe_T,994,Abordable,2026-03-04
2982,gauhier4,994,Abordable,2026-03-04
2983,Lytwarmox,993,Abordable,2026-03-04
2984,wtb_Xeto,993,Abordable,2026-03-04
2985,Ar4kn3,993,Abordable,2026-03-04
2986,Leb_tm,993,Abordable,2026-03-04
2987,Tandauri,993,Abordable,2026-03-04
2988,Wacryeur,993,Abordable,2026-03-04
2989,geomax372,993,Abordable,2026-03-04
2990,clarinette___,993,Abordable,2026-03-04
2991,buggsbun2856,993,Abordable,2026-03-04
2992,miniacs,993,Abordable,2026-03-04
2993,anton1_b,993,Abordable,2026-03-04
2994,Capitaine_ixe,993,Abordable,2026-03-04
2995,marie_etsespetitstraits,993,Abordable,2026-03-04
2996,nicowdt,993,Abordable,2026-03-04
2997,moana004,992,Abordable,2026-03-04
2998,buswapiti27,992,Abordable,2026-03-04
2999,DianeHn,992,Abordable,2026-03-04
3000,nora_fitroll,992,Abordable,2026-03-04
3001,LudiVidiVici,992,Abordable,2026-03-04
3002,lex123lex23,992,Abordable,2026-03-04
3003,ben_643,992,Abordable,2026-03-04
3005,Roubaixe,992,Abordable,2026-03-04
3006,Skeneros,992,Abordable,2026-03-04
3007,TheNathy_,992,Abordable,2026-03-04
3008,phenixia_7,991,Abordable,2026-03-04
3009,julien_gsmt,991,Abordable,2026-03-04
3010,Nyarahlie,991,Abordable,2026-03-04
3011,moaaaaaaaaaaaaaaaa_______,991,Abordable,2026-03-04
3012,eyrochi,991,Abordable,2026-03-04
3013,eliox_lapox,991,Abordable,2026-03-04
3014,Selachimorpha__,991,Abordable,2026-03-04
3015,thisma78_1,991,Abordable,2026-03-04
3016,gamagims22,991,Abordable,2026-03-04
3017,massou_clt,990,Abordable,2026-03-04
3018,YannCaillou,990,Abordable,2026-03-04
3019,bertine4,990,Abordable,2026-03-04
3020,Camouloux,990,Abordable,2026-03-04
3021,messi_210,990,Abordable,2026-03-04
3022,excalibur2924,990,Abordable,2026-03-04
3023,soledad_nvr,990,Abordable,2026-03-04
3024,SXVAAJ,990,Abordable,2026-03-04
3025,FarryHimself,990,Abordable,2026-03-04
3026,marine1306,990,Abordable,2026-03-04
3027,milan_05hb,989,Abordable,2026-03-04
3028,sedarito,989,Abordable,2026-03-04
3029,boblepongeismyhero,989,Abordable,2026-03-04
3030,torcheur,989,Abordable,2026-03-04
3031,vic0_04,989,Abordable,2026-03-04
3032,guezman555,989,Abordable,2026-03-04
3033,Daf_Nez,989,Abordable,2026-03-04
3034,thelume22,989,Abordable,2026-03-04
3035,thomas_lacombe_,989,Abordable,2026-03-04
3036,KerevizEkmek,989,Abordable,2026-03-04
3037,allas08,989,Abordable,2026-03-04
3038,vassago1986,989,Abordable,2026-03-04
3039,benjammin973,989,Abordable,2026-03-04
3040,khobiche,988,Abordable,2026-03-04
3041,Onidre,988,Abordable,2026-03-04
3042,jeannettejeanne,988,Abordable,2026-03-04
3043,mariericard,988,Abordable,2026-03-04
3044,tribaaa,988,Abordable,2026-03-04
3045,Skkay,988,Abordable,2026-03-04
3046,mam2ly,988,Abordable,2026-03-04
3047,RobiNoobFR,988,Abordable,2026-03-04
3048,kylidan,988,Abordable,2026-03-04
3049,k1tk4t_08,988,Abordable,2026-03-04
3050,teammind_tealie,988,Abordable,2026-03-04
3051,rasball,988,Abordable,2026-03-04
3052,missjujuj,988,Abordable,2026-03-04
3053,effygies26,988,Abordable,2026-03-04
3054,julien_de_marseille,988,Abordable,2026-03-04
3055,Theagaphie,988,Abordable,2026-03-04
3056,Sipior4,987,Abordable,2026-03-04
3057,nemesys369,987,Abordable,2026-03-04
3058,ZeneliTV,987,Abordable,2026-03-04
3059,lefarfadet302906,987,Abordable,2026-03-04
3060,xisifg0d,987,Abordable,2026-03-04
3061,Clarches,987,Abordable,2026-03-04
3062,lo_srttt,987,Abordable,2026-03-04
3063,laulaubeauf,987,Abordable,2026-03-04
3064,Jeremfrite,986,Abordable,2026-03-04
3065,crashmirage,986,Abordable,2026-03-04
3066,IamSid3WiNdeR,986,Abordable,2026-03-04
3067,romanitou_,986,Abordable,2026-03-04
3068,reluvdk,986,Abordable,2026-03-04
3069,kunzki,986,Abordable,2026-03-04
3070,tethys_96,986,Abordable,2026-03-04
3071,Slt_,986,Abordable,2026-03-04
3072,cherub_fan,986,Abordable,2026-03-04
3073,Antifascinant,986,Abordable,2026-03-04
3074,B3NN0X,986,Abordable,2026-03-04
3075,dadap94,986,Abordable,2026-03-04
3076,xbroos23,986,Abordable,2026-03-04
3077,magimiel,986,Abordable,2026-03-04
3078,Thotolito,986,Abordable,2026-03-04
3079,Carbonito75,986,Abordable,2026-03-04
3080,adriencalvet96,986,Abordable,2026-03-04
3081,pascaline5956,985,Abordable,2026-03-04
3082,evaseline,985,Abordable,2026-03-04
3083,loum0s,985,Abordable,2026-03-04
3084,Wasabarque,985,Abordable,2026-03-04
3085,thomas12705,985,Abordable,2026-03-04
3086,TangDara,985,Abordable,2026-03-04
3087,knirff,985,Abordable,2026-03-04
3088,Hereticmonster,985,Abordable,2026-03-04
3089,maridex78,985,Abordable,2026-03-04
3090,laujaty,985,Abordable,2026-03-04
3091,Tiba_Ulte,984,Abordable,2026-03-04
3092,fran_ssbu,984,Abordable,2026-03-04
3093,pac_max,984,Abordable,2026-03-04
3094,snow__coffee,984,Abordable,2026-03-04
3095,tellure52,984,Abordable,2026-03-04
3096,jbalvin88,984,Abordable,2026-03-04
3097,anais44000,983,Abordable,2026-03-04
3098,swals__,983,Abordable,2026-03-04
3099,PEACaps,983,Abordable,2026-03-04
3100,pauline_dlvl,983,Abordable,2026-03-04
3101,Typlouf_,983,Abordable,2026-03-04
3102,meliliine,983,Abordable,2026-03-04
3103,cgantier,983,Abordable,2026-03-04
3104,Ellie_357,983,Abordable,2026-03-04
3105,thomasvbgh,983,Abordable,2026-03-04
3106,iceberg__1,983,Abordable,2026-03-04
3107,Ajax0ule,983,Abordable,2026-03-04
3108,kylian_ldy,983,Abordable,2026-03-04
3109,janneau5,982,Abordable,2026-03-04
3110,romenaizer,982,Abordable,2026-03-04
3111,Leptonyxx,982,Abordable,2026-03-04
3112,chouphelie,982,Abordable,2026-03-04
3113,yourcraft2935,982,Abordable,2026-03-04
3114,Samoussam,982,Abordable,2026-03-04
3115,celliiinee,982,Abordable,2026-03-04
3116,jeditom,982,Abordable,2026-03-04
3117,cledesol45,982,Abordable,2026-03-04
3118,Qorback,982,Abordable,2026-03-04
3119,yvnnislefaux,982,Abordable,2026-03-04
3120,Erx0n,982,Abordable,2026-03-04
3121,lucia351,982,Abordable,2026-03-04
3122,Nidelor,982,Abordable,2026-03-04
3123,QuEntiNn53,982,Abordable,2026-03-04
3124,potatorider_s,981,Abordable,2026-03-04
3125,lebanni35,981,Abordable,2026-03-04
3126,stinkysidh,981,Abordable,2026-03-04
3127,mockingjay1230,981,Abordable,2026-03-04
3128,labanane132,981,Abordable,2026-03-04
3129,Njuk,981,Abordable,2026-03-04
3130,svz_anarion,981,Abordable,2026-03-04
3131,sinjusinge,981,Abordable,2026-03-04
3132,Aldherrian,981,Abordable,2026-03-04
3133,padalux,981,Abordable,2026-03-04
3134,kalliyane,981,Abordable,2026-03-04
3135,math953900,981,Abordable,2026-03-04
3136,bobzersoy,980,Abordable,2026-03-04
3137,dest6n6,980,Abordable,2026-03-04
3138,rnobz71,980,Abordable,2026-03-04
3139,moonyjuly,980,Abordable,2026-03-04
3140,lucielebrn,980,Abordable,2026-03-04
3141,aiko34_,980,Abordable,2026-03-04
3142,albertalbe72,980,Abordable,2026-03-04
3143,axeIeax,980,Abordable,2026-03-04
3144,versun834,980,Abordable,2026-03-04
3145,AEG_Mimiyoupla,980,Abordable,2026-03-04
3146,MiisterBueno,980,Abordable,2026-03-04
3147,derpepino,979,Abordable,2026-03-04
3148,lenalbc22,979,Abordable,2026-03-04
3149,le_biblionaute,979,Abordable,2026-03-04
3150,loleli31,979,Abordable,2026-03-04
3151,Ziponey,979,Abordable,2026-03-04
3152,hey_malin,979,Abordable,2026-03-04
3153,paahchaa,979,Abordable,2026-03-04
3154,arthurhinnekens,979,Abordable,2026-03-04
3155,FriMinG,979,Abordable,2026-03-04
3156,yvel29000,979,Abordable,2026-03-04
3157,vivipouce,979,Abordable,2026-03-04
3158,Damdam13600,979,Abordable,2026-03-04
3159,Jheo7,979,Abordable,2026-03-04
3160,HerrEks,979,Abordable,2026-03-04
3161,m_a_r_i_o_n_n_e_t_t_e,978,Abordable,2026-03-04
3162,languedepoche,978,Abordable,2026-03-04
3163,RavnIV,978,Abordable,2026-03-04
3164,Soonzenough,978,Abordable,2026-03-04
3165,servietsky488,978,Abordable,2026-03-04
3166,corteip,978,Abordable,2026-03-04
3167,captaindeadpool55,978,Abordable,2026-03-04
3168,starkiIIer_,978,Abordable,2026-03-04
3169,mathewu9,978,Abordable,2026-03-04
3170,Hoz02,978,Abordable,2026-03-04
3171,zeropour100,978,Abordable,2026-03-04
3172,Koriio,978,Abordable,2026-03-04
3173,Darkkryt,978,Abordable,2026-03-04
3174,asteria3038,978,Abordable,2026-03-04
3175,lougneh,978,Abordable,2026-03-04
3176,Fefelhhhh,978,Abordable,2026-03-04
3177,annotir,978,Abordable,2026-03-04
3178,Prsova,977,Abordable,2026-03-04
3179,el_iidiablo,977,Abordable,2026-03-04
3180,edera22,977,Abordable,2026-03-04
3181,lucie_b_,977,Abordable,2026-03-04
3182,apolline_gndn,977,Abordable,2026-03-04
3183,KoalSheep,977,Abordable,2026-03-04
3184,dropuxx55,977,Abordable,2026-03-04
3185,tanguy_lpr,977,Abordable,2026-03-04
3186,eldon_94,976,Abordable,2026-03-04
3187,Mauramyr,976,Abordable,2026-03-04
3188,cecou_potterhead,976,Abordable,2026-03-04
3189,chris22480,976,Abordable,2026-03-04
3190,Ulty07,976,Abordable,2026-03-04
3191,tt68310,976,Abordable,2026-03-04
3192,Eeridann,976,Abordable,2026-03-04
3193,lekerx24,976,Abordable,2026-03-04
3194,MaNia_1021,976,Abordable,2026-03-04
3195,selena22,975,Abordable,2026-03-04
3196,Arcahel8,975,Abordable,2026-03-04
3197,sullyzok25,975,Abordable,2026-03-04
3198,melaniegrg,975,Abordable,2026-03-04
3199,pierrot261507,975,Abordable,2026-03-04
3200,smyno0,975,Abordable,2026-03-04
3201,prissunny,975,Abordable,2026-03-04
3202,t_es_hautt,975,Abordable,2026-03-04
3203,luca27inter,975,Abordable,2026-03-04
3204,Guyom_K,975,Abordable,2026-03-04
3205,sophie_lxn,975,Abordable,2026-03-04
3206,thebrume2110,975,Abordable,2026-03-04
3207,la__chips,975,Abordable,2026-03-04
3208,knoecayak,975,Abordable,2026-03-04
3209,dedechhh,974,Abordable,2026-03-04
3210,mimi_inu,974,Abordable,2026-03-04
3211,Adnets,974,Abordable,2026-03-04
3212,maquiloutre,974,Abordable,2026-03-04
3213,ael_df,974,Abordable,2026-03-04
3214,marciy19,974,Abordable,2026-03-04
3215,Mikkoku_chan,974,Abordable,2026-03-04
3216,skil0ne,974,Abordable,2026-03-04
3217,Nerwing,974,Abordable,2026-03-04
3218,alexsjbite,974,Abordable,2026-03-04
3219,franny59,974,Abordable,2026-03-04
3220,inspecteurderrik,973,Abordable,2026-03-04
3221,philippeflavigny,973,Abordable,2026-03-04
3222,eliottou,973,Abordable,2026-03-04
3223,Bulebulle,973,Abordable,2026-03-04
3224,Medocc1,973,Abordable,2026-03-04
3225,semoulez,973,Abordable,2026-03-04
3226,titi2004brgsvictor,973,Abordable,2026-03-04
3227,mathildlry,973,Abordable,2026-03-04
3228,ZackSabreTime,973,Abordable,2026-03-04
3229,piglouss,973,Abordable,2026-03-04
3230,Ted_Pauley,972,Abordable,2026-03-04
3231,clarizounette,972,Abordable,2026-03-04
3232,blueberryzzzzzzz,972,Abordable,2026-03-04
3233,shoopi745,972,Abordable,2026-03-04
3234,LauranneChavel,972,Abordable,2026-03-04
3235,Thatshyt,972,Abordable,2026-03-04
3236,VerveineV,972,Abordable,2026-03-04
3237,salsifier,972,Abordable,2026-03-04
3238,Docxyclaque,972,Abordable,2026-03-04
3239,ppdpjuju,972,Abordable,2026-03-04
3240,Mastack,972,Abordable,2026-03-04
3241,zazu2490,972,Abordable,2026-03-04
3242,JulosLL,972,Abordable,2026-03-04
3243,alexandre071106,972,Abordable,2026-03-04
3244,Ayume_Yuko,971,Abordable,2026-03-04
3245,galicatu,971,Abordable,2026-03-04
3246,sorainx,971,Abordable,2026-03-04
3247,pepitofurtif_,971,Abordable,2026-03-04
3248,andulo9150,971,Abordable,2026-03-04
3249,celin_brownie,971,Abordable,2026-03-04
3250,Thephoenix15,971,Abordable,2026-03-04
3251,tylos_zyquo,971,Abordable,2026-03-04
3252,r1lejal,970,Abordable,2026-03-04
3253,djolissu,970,Abordable,2026-03-04
3254,anuyy_,970,Abordable,2026-03-04
3255,cleophae_,970,Abordable,2026-03-04
3256,richie_partou,970,Abordable,2026-03-04
3257,air_locatt,970,Abordable,2026-03-04
3258,BlueMaxOff,970,Abordable,2026-03-04
3259,staby33,970,Abordable,2026-03-04
3260,larzizeninja,970,Abordable,2026-03-04
3261,Blazia_,970,Abordable,2026-03-04
3262,wanon8,970,Abordable,2026-03-04
3263,dr_gornum,970,Abordable,2026-03-04
3264,thefrenchhufflepuffie,970,Abordable,2026-03-04
3265,ha_bex,969,Abordable,2026-03-04
3266,banane_a_l_huile,969,Abordable,2026-03-04
3267,adrien06s,969,Abordable,2026-03-04
3268,ilokij4,969,Abordable,2026-03-04
3269,juklie_art,969,Abordable,2026-03-04
3270,gregoiresimon89,969,Abordable,2026-03-04
3271,takkii_nna,969,Abordable,2026-03-04
3272,obus325,969,Abordable,2026-03-04
3273,rev__an,969,Abordable,2026-03-04
3274,ThorgalARG,969,Abordable,2026-03-04
3275,knockcyber,968,Abordable,2026-03-04
3276,Benoist_M,968,Abordable,2026-03-04
3277,octanegirl77,968,Abordable,2026-03-04
3278,nini_2810,968,Abordable,2026-03-04
3279,clapuik,968,Abordable,2026-03-04
3280,dineben,967,Abordable,2026-03-04
3281,lacquemant_,967,Abordable,2026-03-04
3282,Lodjigg,967,Abordable,2026-03-04
3283,pneumattix,967,Abordable,2026-03-04
3284,grosclem22,967,Abordable,2026-03-04
3285,mgdelatess,967,Abordable,2026-03-04
3286,martfly26,967,Abordable,2026-03-04
3287,Defa_Taranis,966,Abordable,2026-03-04
3288,malhys_,966,Abordable,2026-03-04
3289,nyben123,966,Abordable,2026-03-04
3290,GGReusDeCouette,966,Abordable,2026-03-04
3291,joseyari7722,966,Abordable,2026-03-04
3292,rafferrreira,966,Abordable,2026-03-04
3293,evapore5,966,Abordable,2026-03-04
3294,Yshuro13,966,Abordable,2026-03-04
3295,bonabatou,965,Abordable,2026-03-04
3296,CivicDesk6754,965,Abordable,2026-03-04
3297,clem44g,965,Abordable,2026-03-04
3298,HadrienCl,965,Abordable,2026-03-04
3299,lucasinhoom,965,Abordable,2026-03-04
3300,sophiejsl,964,Abordable,2026-03-04
3301,lykos_35,964,Abordable,2026-03-04
3302,missw3010,964,Abordable,2026-03-04
3303,saggitose,964,Abordable,2026-03-04
3304,thomxs10,964,Abordable,2026-03-04
3305,melandrom,964,Abordable,2026-03-04
3306,MKZ_de_twitch,964,Abordable,2026-03-04
3307,zaizai_38,964,Abordable,2026-03-04
3308,mathiasprtr,963,Abordable,2026-03-04
3309,atomikzzfr,963,Abordable,2026-03-04
3310,AnarionBZH,963,Abordable,2026-03-04
3311,Max0ver,963,Abordable,2026-03-04
3312,BlueHando,963,Abordable,2026-03-04
3313,Cheiik_,963,Abordable,2026-03-04
3314,Freezyyyyy_,963,Abordable,2026-03-04
3315,holysleepybeany,963,Abordable,2026-03-04
3316,maxenzz,963,Abordable,2026-03-04
3317,oscarcpg13,962,Abordable,2026-03-04
3318,orionus,962,Abordable,2026-03-04
3319,sglomy,962,Abordable,2026-03-04
3320,m9a8r7,962,Abordable,2026-03-04
3321,zebullon10,962,Abordable,2026-03-04
3322,marijuainaa,962,Abordable,2026-03-04
3323,caroline_grgs,962,Abordable,2026-03-04
3324,Alexandre44321,962,Abordable,2026-03-04
3325,arp1er,962,Abordable,2026-03-04
3326,cdrcbd,962,Abordable,2026-03-04
3327,Vorax2102,962,Abordable,2026-03-04
3328,lucieebl,962,Abordable,2026-03-04
3329,karax18,961,Abordable,2026-03-04
3330,LeonCousteau,961,Abordable,2026-03-04
3331,cloclochlo_b,961,Abordable,2026-03-04
3332,johnnyjumper57,961,Abordable,2026-03-04
3333,killoxdu56,961,Abordable,2026-03-04
3334,elpiteleto,961,Abordable,2026-03-04
3335,Ju_Tess,961,Abordable,2026-03-04
3336,passerine23,961,Abordable,2026-03-04
3337,zuzubou,960,Abordable,2026-03-04
3338,KeT_Brown,960,Abordable,2026-03-04
3339,christelesilvaart,960,Abordable,2026-03-04
3340,bouuuuum06,960,Abordable,2026-03-04
3341,bobbbyz,960,Abordable,2026-03-04
3342,lucky3292,960,Abordable,2026-03-04
3343,latabledessavoirs,960,Abordable,2026-03-04
3344,llampion,960,Abordable,2026-03-04
3345,Wataroux,960,Abordable,2026-03-04
3346,matthieum121,960,Abordable,2026-03-04
3347,Nono_17000,960,Abordable,2026-03-04
3348,em_littledreamer,960,Abordable,2026-03-04
3349,Hanma_SSB,960,Abordable,2026-03-04
3350,Jee64,960,Abordable,2026-03-04
3351,lumaaa2308,960,Abordable,2026-03-04
3352,matlhhg31,960,Abordable,2026-03-04
3354,inyri,960,Abordable,2026-03-04
3355,floyd123456701,960,Abordable,2026-03-04
3356,haricot_vert_,960,Abordable,2026-03-04
3357,Marohama_,960,Abordable,2026-03-04
3358,deltimekl,960,Abordable,2026-03-04
3359,Miloumath,960,Abordable,2026-03-04
3360,Felixx__e,959,Abordable,2026-03-04
3361,crimsonrom,959,Abordable,2026-03-04
3362,lucie_lsr,959,Abordable,2026-03-04
3363,maztrak56,959,Abordable,2026-03-04
3364,LEBlnd68,959,Abordable,2026-03-04
3365,l_apprentit,959,Abordable,2026-03-04
3366,integeek,959,Abordable,2026-03-04
3367,mariionfl,959,Abordable,2026-03-04
3368,jujustine008,959,Abordable,2026-03-04
3369,netero_017,959,Abordable,2026-03-04
3370,dumadu_7,959,Abordable,2026-03-04
3371,ares_p13,959,Abordable,2026-03-04
3372,mega_game972,958,Abordable,2026-03-04
3373,Serviiiietsky,958,Abordable,2026-03-04
3374,LeXavDLF,958,Abordable,2026-03-04
3375,Zangdai,958,Abordable,2026-03-04
3376,Alima098,958,Abordable,2026-03-04
3377,ThexBloopers,958,Abordable,2026-03-04
3378,flamiingfrost,958,Abordable,2026-03-04
3379,Retsillo,958,Abordable,2026-03-04
3380,chavouille,958,Abordable,2026-03-04
3381,emrenerezh,957,Abordable,2026-03-04
3382,elgrandecoco1,957,Abordable,2026-03-04
3383,venini92,957,Abordable,2026-03-04
3384,lalalai_de,957,Abordable,2026-03-04
3385,yoyoh_,957,Abordable,2026-03-04
3386,darkboss976,957,Abordable,2026-03-04
3387,lr_smr12,957,Abordable,2026-03-04
3388,slaysard,957,Abordable,2026-03-04
3389,matdudedude,957,Abordable,2026-03-04
3390,Alexia64nb,957,Abordable,2026-03-04
3391,y0sh00,957,Abordable,2026-03-04
3392,Alistair_l,957,Abordable,2026-03-04
3393,sniperriseur,957,Abordable,2026-03-04
3394,bouyougoudou,957,Abordable,2026-03-04
3395,Bonozoo,957,Abordable,2026-03-04
3396,maidnori,956,Abordable,2026-03-04
3397,flanbyy,956,Abordable,2026-03-04
3398,cakopommes,956,Abordable,2026-03-04
3399,Hakure__,956,Abordable,2026-03-04
3400,max5960,956,Abordable,2026-03-04
3401,jo_dieuze,956,Abordable,2026-03-04
3402,smartin59,956,Abordable,2026-03-04
3403,mlle_cha,956,Abordable,2026-03-04
3404,lauried1,956,Abordable,2026-03-04
3405,Satan_FR,956,Abordable,2026-03-04
3406,xtofsim,956,Abordable,2026-03-04
3407,perry_ice,955,Abordable,2026-03-04
3408,mimines1,955,Abordable,2026-03-04
3409,fouduvillage,955,Abordable,2026-03-04
3410,lomhy,955,Abordable,2026-03-04
3411,joer7374,955,Abordable,2026-03-04
3412,aaalliiccee,955,Abordable,2026-03-04
3413,chrichri_cq,955,Abordable,2026-03-04
3414,aurrel27,955,Abordable,2026-03-04
3415,chaptainx,955,Abordable,2026-03-04
3416,ZouaV__,955,Abordable,2026-03-04
3417,simontagneeee,955,Abordable,2026-03-04
3418,clementdjir,955,Abordable,2026-03-04
3419,jujustumeuh,955,Abordable,2026-03-04
3420,cerealex_p,954,Abordable,2026-03-04
3421,mulesjarie,954,Abordable,2026-03-04
3422,DarkEagle_FPU,954,Abordable,2026-03-04
3423,Candyce,954,Abordable,2026-03-04
3424,Decaaaaaaaaaaa,954,Abordable,2026-03-04
3425,wonowono,954,Abordable,2026-03-04
3426,Xeno2797_,954,Abordable,2026-03-04
3427,eclairdelune27,954,Abordable,2026-03-04
3428,lianna_chase,954,Abordable,2026-03-04
3429,stephanieylulu,954,Abordable,2026-03-04
3430,nagann__,953,Abordable,2026-03-04
3431,Pheololz,953,Abordable,2026-03-04
3432,romanododo,953,Abordable,2026-03-04
3433,ed_fiyero,953,Abordable,2026-03-04
3434,RoyalNwKadoc,953,Abordable,2026-03-04
3435,guillaume25835,953,Abordable,2026-03-04
3436,Hiohotv,953,Abordable,2026-03-04
3437,quenssee,953,Abordable,2026-03-04
3438,marleduc,953,Abordable,2026-03-04
3439,Kenshima,953,Abordable,2026-03-04
3440,Ukiera,953,Abordable,2026-03-04
3441,wyrm_is_op_bro,953,Abordable,2026-03-04
3442,ptithibou,953,Abordable,2026-03-04
3443,vejeam,953,Abordable,2026-03-04
3444,maximeouais,953,Abordable,2026-03-04
3445,sollu2,953,Abordable,2026-03-04
3446,zettaleaf,953,Abordable,2026-03-04
3447,jchllx,952,Abordable,2026-03-04
3448,margalchakal,952,Abordable,2026-03-04
3449,petitebiche,952,Abordable,2026-03-04
3450,caamcam1,952,Abordable,2026-03-04
3451,heyn0xx,952,Abordable,2026-03-04
3452,Glornuk,952,Abordable,2026-03-04
3453,HouussLeRetour,952,Abordable,2026-03-04
3454,prosperid,952,Abordable,2026-03-04
3455,dowez,952,Abordable,2026-03-04
3456,angelique51000,952,Abordable,2026-03-04
3457,darknarf666,952,Abordable,2026-03-04
3458,SAYGUS,952,Abordable,2026-03-04
3459,BobyLudique,951,Abordable,2026-03-04
3460,juhan_est_ma_chimere,951,Abordable,2026-03-04
3461,JustAWildPotatoo,951,Abordable,2026-03-04
3462,lapoju,951,Abordable,2026-03-04
3463,Pangolinooo_,951,Abordable,2026-03-04
3464,Rozen_wynn,951,Abordable,2026-03-04
3465,crekson,951,Abordable,2026-03-04
3466,ciber_fr35,951,Abordable,2026-03-04
3467,N0maann,951,Abordable,2026-03-04
3468,passionparpaing,951,Abordable,2026-03-04
3469,benjir21,951,Abordable,2026-03-04
3470,PetiteNouill,951,Abordable,2026-03-04
3471,orsauce_,951,Abordable,2026-03-04
3472,Freezix___,951,Abordable,2026-03-04
3473,extdarc,951,Abordable,2026-03-04
3474,youngnouille,950,Abordable,2026-03-04
3475,tuturforever,950,Abordable,2026-03-04
3476,tom_gushu_lp,950,Abordable,2026-03-04
3477,Mehori,950,Abordable,2026-03-04
3478,cbonneau,950,Abordable,2026-03-04
3479,bongo_gatto,950,Abordable,2026-03-04
3480,maxou_b_85,950,Abordable,2026-03-04
3481,MTX_Magikzz,950,Abordable,2026-03-04
3482,rk11zer,950,Abordable,2026-03-04
3483,The_Storme035,950,Abordable,2026-03-04
3484,polux1316,950,Abordable,2026-03-04
3485,mariefan58,949,Abordable,2026-03-04
3486,arclaf,949,Abordable,2026-03-04
3487,TheNewChemist,949,Abordable,2026-03-04
3488,nathan_bocal,949,Abordable,2026-03-04
3489,HeaRtsen,949,Abordable,2026-03-04
3490,MehdiYopi,949,Abordable,2026-03-04
3491,cha_gbb_,949,Abordable,2026-03-04
3492,ilau30,949,Abordable,2026-03-04
3493,ls_juanito,949,Abordable,2026-03-04
3494,Erle_Davidson,949,Abordable,2026-03-04
3495,Basteop,949,Abordable,2026-03-04
3496,andynino25,949,Abordable,2026-03-04
3497,surielis,949,Abordable,2026-03-04
3498,rom1_nc,949,Abordable,2026-03-04
3499,bergos80,948,Abordable,2026-03-04
3500,Nicolarth,948,Abordable,2026-03-04
3501,Chachoudiles,948,Abordable,2026-03-04
3502,cam_b2lt16,948,Abordable,2026-03-04
3503,alexandre_1707,948,Abordable,2026-03-04
3504,mwaelle,948,Abordable,2026-03-04
3505,sulfettte,948,Abordable,2026-03-04
3506,Maximus_GDN,948,Abordable,2026-03-04
3507,Lioad,948,Abordable,2026-03-04
3508,gohu38,948,Abordable,2026-03-04
3509,frenchmithrandir,948,Abordable,2026-03-04
3510,djyoyo123,948,Abordable,2026-03-04
3511,clem_thfc,948,Abordable,2026-03-04
3512,nyx7502,947,Abordable,2026-03-04
3513,nyxaura,947,Abordable,2026-03-04
3514,muhfassa,947,Abordable,2026-03-04
3515,margaux_ltrd,947,Abordable,2026-03-04
3516,keyrran,947,Abordable,2026-03-04
3517,ez_basket,947,Abordable,2026-03-04
3518,MethEnFait,947,Abordable,2026-03-04
3519,galw1n,946,Abordable,2026-03-04
3520,salomedutrieu,946,Abordable,2026-03-04
3521,loris_hlt,946,Abordable,2026-03-04
3522,clemlo23,946,Abordable,2026-03-04
3523,guillef77,946,Abordable,2026-03-04
3524,warblaik566,946,Abordable,2026-03-04
3525,silia4,946,Abordable,2026-03-04
3526,padekdos,946,Abordable,2026-03-04
3527,felagoth,946,Abordable,2026-03-04
3528,corfeazz,945,Abordable,2026-03-04
3529,Laserbrain27,945,Abordable,2026-03-04
3530,machalade,945,Abordable,2026-03-04
3531,helenouilles_,945,Abordable,2026-03-04
3532,saaam888,945,Abordable,2026-03-04
3533,Colonel_M0utarde,945,Abordable,2026-03-04
3534,baiikoo,945,Abordable,2026-03-04
3535,ladydarkkk1,945,Abordable,2026-03-04
3536,josianmajorel,945,Abordable,2026-03-04
3537,asstorm1,945,Abordable,2026-03-04
3538,BananCeleste,945,Abordable,2026-03-04
3539,lemptegy,945,Abordable,2026-03-04
3540,Ferd0che,944,Abordable,2026-03-04
3541,tan__ki,944,Abordable,2026-03-04
3542,gone69480,944,Abordable,2026-03-04
3543,eugeniemhn,944,Abordable,2026-03-04
3544,inesr81,944,Abordable,2026-03-04
3545,viveeto,944,Abordable,2026-03-04
3546,yuumaas,944,Abordable,2026-03-04
3547,stratagos27,944,Abordable,2026-03-04
3548,tuturst,943,Abordable,2026-03-04
3549,ledentuxjr,943,Abordable,2026-03-04
3550,FaClaAn,943,Abordable,2026-03-04
3551,inuotiz18,943,Abordable,2026-03-04
3552,d4xt,943,Abordable,2026-03-04
3553,amelioooooooooo,943,Abordable,2026-03-04
3554,filia_00_,943,Abordable,2026-03-04
3555,w4ld00,943,Abordable,2026-03-04
3556,Lily_ace,943,Abordable,2026-03-04
3557,lacrimoty,943,Abordable,2026-03-04
3558,theRealKetsumei,943,Abordable,2026-03-04
3559,dhbfhdfhb,943,Abordable,2026-03-04
3560,drderrien,942,Abordable,2026-03-04
3561,Kalou_04,942,Abordable,2026-03-04
3562,blago64300,942,Abordable,2026-03-04
3563,Pottame,942,Abordable,2026-03-04
3564,x_Keilo,942,Abordable,2026-03-04
3565,samuel020633,942,Abordable,2026-03-04
3566,batlamy49,941,Abordable,2026-03-04
3567,qdurk,941,Abordable,2026-03-04
3568,faabouche,941,Abordable,2026-03-04
3569,pinkwid0w,941,Abordable,2026-03-04
3570,marge__sbr,941,Abordable,2026-03-04
3571,Traquenard,941,Abordable,2026-03-04
3572,ruminemoriarty,941,Abordable,2026-03-04
3573,LaVendeuseDeSel_,941,Abordable,2026-03-04
3574,kybss,941,Abordable,2026-03-04
3575,PMLCG_Filou,941,Abordable,2026-03-04
3576,EstebanF13_,941,Abordable,2026-03-04
3577,wshHAYKOO,941,Abordable,2026-03-04
3578,los_julianos,941,Abordable,2026-03-04
3579,Hurryuu,941,Abordable,2026-03-04
3580,wilho77,941,Abordable,2026-03-04
3581,feelairslow,940,Abordable,2026-03-04
3582,patricestm,940,Abordable,2026-03-04
3583,tthod,940,Abordable,2026-03-04
3584,jeoparadize,940,Abordable,2026-03-04
3585,roylapoutre68,940,Abordable,2026-03-04
3586,Eleven_Lo,940,Abordable,2026-03-04
3587,Janken01,940,Abordable,2026-03-04
3588,viklervi,939,Abordable,2026-03-04
3589,YT_Shirotv,939,Abordable,2026-03-04
3590,retroknight75,939,Abordable,2026-03-04
3591,eglrn,939,Abordable,2026-03-04
3592,kalistobalisto,939,Abordable,2026-03-04
3593,clarissemw,939,Abordable,2026-03-04
3594,laykuo_,939,Abordable,2026-03-04
3595,aymericdep,939,Abordable,2026-03-04
3596,Ckija,939,Abordable,2026-03-04
3597,Cocobogo32,939,Abordable,2026-03-04
3598,flomiam29,939,Abordable,2026-03-04
3599,nassbsd,939,Abordable,2026-03-04
3600,branks234,939,Abordable,2026-03-04
3601,thekan_antexis,938,Abordable,2026-03-04
3602,khoral,938,Abordable,2026-03-04
3603,valenting9378,938,Abordable,2026-03-04
3604,Attroost,938,Abordable,2026-03-04
3605,w0lf_ti9r0ux,938,Abordable,2026-03-04
3606,luxakyy,938,Abordable,2026-03-04
3607,sky_little,938,Abordable,2026-03-04
3608,tchapssss,937,Abordable,2026-03-04
3609,moonlight349,937,Abordable,2026-03-04
3610,clementlac42,937,Abordable,2026-03-04
3611,monkeyddamss,937,Abordable,2026-03-04
3612,Mororah,937,Abordable,2026-03-04
3613,Raygas,937,Abordable,2026-03-04
3614,snk_timarmay,937,Abordable,2026-03-04
3615,superlipopette_zazou,937,Abordable,2026-03-04
3616,oceaneo2005,937,Abordable,2026-03-04
3617,chiara_srn,937,Abordable,2026-03-04
3618,chloe__cinnamon,937,Abordable,2026-03-04
3619,matte0zzz,937,Abordable,2026-03-04
3620,neron_vao,937,Abordable,2026-03-04
3621,Thorgrimar,937,Abordable,2026-03-04
3622,jossuine,937,Abordable,2026-03-04
3623,Fanagetsu,937,Abordable,2026-03-04
3624,Lumberjacky_,937,Abordable,2026-03-04
3625,martin_wiz,937,Abordable,2026-03-04
3626,luzdn15,936,Abordable,2026-03-04
3627,Petouille,936,Abordable,2026-03-04
3628,strainedbutcute,936,Abordable,2026-03-04
3629,ttbox21,936,Abordable,2026-03-04
3630,Robi_Bine,936,Abordable,2026-03-04
3631,antoine_t_07,936,Abordable,2026-03-04
3632,Lea_R2899,936,Abordable,2026-03-04
3633,elisonsnous,936,Abordable,2026-03-04
3634,masterfish1004,936,Abordable,2026-03-04
3635,youssefcultg,936,Abordable,2026-03-04
3636,Cleaamazing,935,Abordable,2026-03-04
3637,kkev67,935,Abordable,2026-03-04
3638,Kwadzarimon,935,Abordable,2026-03-04
3639,Gyrestio,935,Abordable,2026-03-04
3640,ewenbb,935,Abordable,2026-03-04
3641,hasegawa_madao,935,Abordable,2026-03-04
3642,Tyney_,935,Abordable,2026-03-04
3643,clara9306,935,Abordable,2026-03-04
3644,Luavex,935,Abordable,2026-03-04
3645,k4tshumoto,934,Abordable,2026-03-04
3646,Topyx768,934,Abordable,2026-03-04
3647,python_5926,934,Abordable,2026-03-04
3648,zach_ben_fods,934,Abordable,2026-03-04
3649,chichkapon,934,Abordable,2026-03-04
3651,molabikhov,934,Abordable,2026-03-04
3652,blowie_18,934,Abordable,2026-03-04
3653,vectapaul078,934,Abordable,2026-03-04
3654,tiennou49,934,Abordable,2026-03-04
3655,claaa221104,934,Abordable,2026-03-04
3656,lukz280801,934,Abordable,2026-03-04
3657,nathbgnn,934,Abordable,2026-03-04
3658,Je_me_mouche,934,Abordable,2026-03-04
3659,lonine72,933,Abordable,2026-03-04
3660,lechevalgeek,933,Abordable,2026-03-04
3661,windu003,933,Abordable,2026-03-04
3662,lrc_samuel,933,Abordable,2026-03-04
3663,titilebest2,933,Abordable,2026-03-04
3664,cathou3101,933,Abordable,2026-03-04
3665,Tryxfr,933,Abordable,2026-03-04
3666,balthazarpicsou_,933,Abordable,2026-03-04
3667,mxth_ou,933,Abordable,2026-03-04
3668,alexl58,933,Abordable,2026-03-04
3669,Greatantoine,933,Abordable,2026-03-04
3670,agunndass,933,Abordable,2026-03-04
3671,By_Skydrum,933,Abordable,2026-03-04
3672,tinoubliable,933,Abordable,2026-03-04
3673,Doubhea,933,Abordable,2026-03-04
3674,Flodef404,932,Abordable,2026-03-04
3675,Bepo____,932,Abordable,2026-03-04
3676,LeNareux,932,Abordable,2026-03-04
3677,toine723,932,Abordable,2026-03-04
3678,Heximius,932,Abordable,2026-03-04
3679,roms0578,932,Abordable,2026-03-04
3680,la_teix,932,Abordable,2026-03-04
3681,leroisalo,931,Abordable,2026-03-04
3682,boulie12,931,Abordable,2026-03-04
3683,ambraser,931,Abordable,2026-03-04
3684,solenegp,931,Abordable,2026-03-04
3685,neynerl67,931,Abordable,2026-03-04
3686,eli_3653289,931,Abordable,2026-03-04
3687,seub_0,931,Abordable,2026-03-04
3688,yoballers,931,Abordable,2026-03-04
3689,marbsl,931,Abordable,2026-03-04
3690,Spryven_,931,Abordable,2026-03-04
3691,bubbledraagon,931,Abordable,2026-03-04
3692,de0uss,931,Abordable,2026-03-04
3693,gamzatti612,931,Abordable,2026-03-04
3694,TadaiLive,931,Abordable,2026-03-04
3695,z4ch202,930,Abordable,2026-03-04
3696,emmaa_trg,930,Abordable,2026-03-04
3697,heleneltr,930,Abordable,2026-03-04
3698,melyxis,930,Abordable,2026-03-04
3699,kayli69_8,930,Abordable,2026-03-04
3700,marakebben,930,Abordable,2026-03-04
3701,ABL3000,930,Abordable,2026-03-04
3702,clepcidre,930,Abordable,2026-03-04
3703,Sw4pyG4m3s,930,Abordable,2026-03-04
3704,maxlego08_,930,Abordable,2026-03-04
3705,nythan14,929,Abordable,2026-03-04
3706,valderane,929,Abordable,2026-03-04
3707,konoha_senpu_,929,Abordable,2026-03-04
3708,hugo_olvr,929,Abordable,2026-03-04
3709,croustibatigol,929,Abordable,2026-03-04
3710,Riri_d,929,Abordable,2026-03-04
3711,leadici,929,Abordable,2026-03-04
3712,pampoo44,929,Abordable,2026-03-04
3713,druidenaif,929,Abordable,2026-03-04
3714,Dragon2Jade,929,Abordable,2026-03-04
3715,Papitiery,929,Abordable,2026-03-04
3716,Somhokie,929,Abordable,2026-03-04
3717,CapucheGianni,928,Abordable,2026-03-04
3718,sandyspoon35,928,Abordable,2026-03-04
3719,margotgirard976,928,Abordable,2026-03-04
3720,chia_picu,928,Abordable,2026-03-04
3721,dayzarak,928,Abordable,2026-03-04
3722,carlalagg,928,Abordable,2026-03-04
3723,Kamaya4251,928,Abordable,2026-03-04
3725,ZRKNG13,928,Abordable,2026-03-04
3726,remitrinita,928,Abordable,2026-03-04
3727,jujy57,928,Abordable,2026-03-04
3728,wolfox__12,928,Abordable,2026-03-04
3729,dibz_94,928,Abordable,2026-03-04
3730,fykotid,928,Abordable,2026-03-04
3731,Foxdural,928,Abordable,2026-03-04
3732,Faudero,928,Abordable,2026-03-04
3733,melman3107,927,Abordable,2026-03-04
3734,capuchebrindille,927,Abordable,2026-03-04
3735,fantacola6,927,Abordable,2026-03-04
3736,aleos_21,927,Abordable,2026-03-04
3737,XI0D,927,Abordable,2026-03-04
3738,lana_mchd,927,Abordable,2026-03-04
3739,Guespenguel,927,Abordable,2026-03-04
3740,ThidPiloup,927,Abordable,2026-03-04
3741,rikku30420,927,Abordable,2026-03-04
3742,BetterCallSaum,927,Abordable,2026-03-04
3743,clemzettoune,927,Abordable,2026-03-04
3744,louis_d_bras,927,Abordable,2026-03-04
3745,sergio_gamos,927,Abordable,2026-03-04
3746,stervox_,927,Abordable,2026-03-04
3747,speedygonzalix,927,Abordable,2026-03-04
3748,River_BR,927,Abordable,2026-03-04
3749,grain2riiz,926,Abordable,2026-03-04
3750,gabrielmaquison,926,Abordable,2026-03-04
3751,herefor_reasons,926,Abordable,2026-03-04
3752,florelys_27,926,Abordable,2026-03-04
3753,Siromenthe,926,Abordable,2026-03-04
3754,ethanslow_,926,Abordable,2026-03-04
3755,oli_cars_lh,926,Abordable,2026-03-04
3756,Itaque,926,Abordable,2026-03-04
3757,sylvjeu31,926,Abordable,2026-03-04
3758,rajouOmega,926,Abordable,2026-03-04
3759,Maeridiann,926,Abordable,2026-03-04
3760,OverLoordss,926,Abordable,2026-03-04
3761,amdi_lry,926,Abordable,2026-03-04
3762,majoritymoon26,926,Abordable,2026-03-04
3763,SileksTV,926,Abordable,2026-03-04
3764,IceZz_94,926,Abordable,2026-03-04
3765,sallychoute,925,Abordable,2026-03-04
3766,ash___lre,925,Abordable,2026-03-04
3767,atarxes,925,Abordable,2026-03-04
3768,sagefemmerie,925,Abordable,2026-03-04
3769,maikeskifou,925,Abordable,2026-03-04
3770,shimz22,925,Abordable,2026-03-04
3771,mathieudfr13,925,Abordable,2026-03-04
3772,ana76290,925,Abordable,2026-03-04
3773,BranlixLeGaulois,925,Abordable,2026-03-04
3775,breakdown_killer3,924,Abordable,2026-03-04
3776,Vinz_Applebutt,924,Abordable,2026-03-04
3777,le_tennisman48,924,Abordable,2026-03-04
3778,emilion24,924,Abordable,2026-03-04
3779,D0ucluffy,924,Abordable,2026-03-04
3780,Crouton_Mou,924,Abordable,2026-03-04
3781,bobby42555,924,Abordable,2026-03-04
3782,kiddy87,924,Abordable,2026-03-04
3783,gignac27,924,Abordable,2026-03-04
3784,almelella,924,Abordable,2026-03-04
3785,Maghinox,924,Abordable,2026-03-04
3786,oxymetalli,924,Abordable,2026-03-04
3787,Nowe_76,924,Abordable,2026-03-04
3788,Reydark59,924,Abordable,2026-03-04
3789,romainconversin,924,Abordable,2026-03-04
3790,alex_azerty,924,Abordable,2026-03-04
3791,sbtfu_fenrir,924,Abordable,2026-03-04
3792,Olivheart,923,Abordable,2026-03-04
3793,Chlorexine,923,Abordable,2026-03-04
3794,sinjy13,923,Abordable,2026-03-04
3795,joshdup971,923,Abordable,2026-03-04
3796,teilmon,923,Abordable,2026-03-04
3797,gaetan_pav,923,Abordable,2026-03-04
3798,Hug1320,923,Abordable,2026-03-04
3799,cleowantkfc,923,Abordable,2026-03-04
3800,superpoisonaigle,923,Abordable,2026-03-04
3801,pete_herparker,923,Abordable,2026-03-04
3802,audrey1865,923,Abordable,2026-03-04
3803,enzolaplante,923,Abordable,2026-03-04
3804,yeerduaa,922,Abordable,2026-03-04
3805,pralauline,922,Abordable,2026-03-04
3806,FXzoroarc,922,Abordable,2026-03-04
3807,Mikak00,922,Abordable,2026-03-04
3808,otikiz,922,Abordable,2026-03-04
3809,adl83,922,Abordable,2026-03-04
3810,romstyle45,922,Abordable,2026-03-04
3811,gigagagagig0,922,Abordable,2026-03-04
3812,eve_bds,921,Abordable,2026-03-04
3813,Le_42e_O,921,Abordable,2026-03-04
3814,Bifsteak,921,Abordable,2026-03-04
3815,akawa_sensei,921,Abordable,2026-03-04
3816,droledejaguar,921,Abordable,2026-03-04
3817,globules_fk,921,Abordable,2026-03-04
3818,shakablumus,921,Abordable,2026-03-04
3819,neocommedansmatrix,921,Abordable,2026-03-04
3820,ls_watrix,921,Abordable,2026-03-04
3821,FLLAT_,921,Abordable,2026-03-04
3822,AmySomething,921,Abordable,2026-03-04
3823,hugo_rv_,921,Abordable,2026-03-04
3824,roro2553,921,Abordable,2026-03-04
3825,kyllian0_,921,Abordable,2026-03-04
3826,lulurpz2740,921,Abordable,2026-03-04
3827,CelestiaInStars,921,Abordable,2026-03-04
3828,maummaauu,921,Abordable,2026-03-04
3829,ChatRose49,921,Abordable,2026-03-04
3830,smylego44,920,Abordable,2026-03-04
3831,coraliej1707,920,Abordable,2026-03-04
3832,babajem,920,Abordable,2026-03-04
3833,gabseg2,920,Abordable,2026-03-04
3834,alexanepineau,920,Abordable,2026-03-04
3835,tomtouch_,920,Abordable,2026-03-04
3836,turrix_zip,920,Abordable,2026-03-04
3837,atti_la_matrice,920,Abordable,2026-03-04
3838,Valouu_LOL,920,Abordable,2026-03-04
3839,toutoune_le_m,919,Abordable,2026-03-04
3840,natdel91,919,Abordable,2026-03-04
3841,Dukkon,919,Abordable,2026-03-04
3842,angetwch,919,Abordable,2026-03-04
3843,doucirr,919,Abordable,2026-03-04
3844,ejiil2,919,Abordable,2026-03-04
3845,TheOfficialLilas,919,Abordable,2026-03-04
3846,Whytetiger,919,Abordable,2026-03-04
3847,BlackPeace,919,Abordable,2026-03-04
3848,poppypops1,919,Abordable,2026-03-04
3849,KuuZ_,919,Abordable,2026-03-04
3850,lucilecdt,919,Abordable,2026-03-04
3851,poupiwi,919,Abordable,2026-03-04
3852,vandeveldefabian,918,Abordable,2026-03-04
3853,antoine525252,918,Abordable,2026-03-04
3854,Ufeffe,918,Abordable,2026-03-04
3856,Nxlqn,918,Abordable,2026-03-04
3857,Julie__mr,918,Abordable,2026-03-04
3858,TagadaPurple,917,Abordable,2026-03-04
3859,mjlaucian,917,Abordable,2026-03-04
3861,SlyErwan,917,Abordable,2026-03-04
3862,StrangerOfChaos,917,Abordable,2026-03-04
3863,Erhebor,917,Abordable,2026-03-04
3864,thatblondfrenchguy,917,Abordable,2026-03-04
3865,mariebtrx,917,Abordable,2026-03-04
3866,jeremy594401,917,Abordable,2026-03-04
3867,elisapeug,916,Abordable,2026-03-04
3868,arlequiin21,916,Abordable,2026-03-04
3869,Portalis,916,Abordable,2026-03-04
3870,Shatrani44,916,Abordable,2026-03-04
3871,minimath13,916,Abordable,2026-03-04
3872,Valent175,916,Abordable,2026-03-04
3873,alexwatch_esport,916,Abordable,2026-03-04
3874,loggal,916,Abordable,2026-03-04
3875,roilions,916,Abordable,2026-03-04
3876,nemesis_0503,916,Abordable,2026-03-04
3877,eiden94,916,Abordable,2026-03-04
3878,oj_dag,915,Abordable,2026-03-04
3879,tchipettchoup,915,Abordable,2026-03-04
3880,Pouchka13,915,Abordable,2026-03-04
3881,Namlook007,915,Abordable,2026-03-04
3882,nich4uve,915,Abordable,2026-03-04
3883,merkure_,915,Abordable,2026-03-04
3884,lafeuille1830,915,Abordable,2026-03-04
3885,Timeuuh,915,Abordable,2026-03-04
3886,justme_0972,915,Abordable,2026-03-04
3887,axelair79,915,Abordable,2026-03-04
3888,ajk3em,915,Abordable,2026-03-04
3889,flor3nt7,914,Abordable,2026-03-04
3890,artichou3,914,Abordable,2026-03-04
3891,valisco73,914,Abordable,2026-03-04
3892,antoop1,914,Abordable,2026-03-04
3893,time_llord,914,Abordable,2026-03-04
3894,julietta_p94,914,Abordable,2026-03-04
3895,V0lteck_,914,Abordable,2026-03-04
3896,babou945,914,Abordable,2026-03-04
3897,el_manchot05,914,Abordable,2026-03-04
3898,molarno,914,Abordable,2026-03-04
3899,MCEDARVIN,914,Abordable,2026-03-04
3900,highfive340,914,Abordable,2026-03-04
3901,bi_e,914,Abordable,2026-03-04
3902,dkaizoku26,914,Abordable,2026-03-04
3903,julietteglln,913,Abordable,2026-03-04
3904,emmarnaque,913,Abordable,2026-03-04
3905,imaginejuste,913,Abordable,2026-03-04
3906,marcoflo69,913,Abordable,2026-03-04
3907,clemb2001,913,Abordable,2026-03-04
3908,Sunabozu_SK8,913,Abordable,2026-03-04
3909,frcrazypanda,913,Abordable,2026-03-04
3910,Nemotaku,913,Abordable,2026-03-04
3911,monkey_d_dana24,913,Abordable,2026-03-04
3912,DraoxTips,913,Abordable,2026-03-04
3913,melosb23,913,Abordable,2026-03-04
3914,j4rr0w,912,Abordable,2026-03-04
3915,tarayac,912,Abordable,2026-03-04
3916,idris_440,912,Abordable,2026-03-04
3917,maers91,912,Abordable,2026-03-04
3918,amethystea,912,Abordable,2026-03-04
3919,darkwar1er,912,Abordable,2026-03-04
3920,clairette2dy,912,Abordable,2026-03-04
3921,bribri286,912,Abordable,2026-03-04
3922,brask0_33,912,Abordable,2026-03-04
3923,mattmagh,912,Abordable,2026-03-04
3924,saperlipopetteeee,912,Abordable,2026-03-04
3925,Monsieur_Juj,912,Abordable,2026-03-04
3926,Narim0,912,Abordable,2026-03-04
3927,thomaslr713,912,Abordable,2026-03-04
3928,eliecreart,912,Abordable,2026-03-04
3929,anjoyl,912,Abordable,2026-03-04
3930,Tilston,912,Abordable,2026-03-04
3931,deos5,911,Abordable,2026-03-04
3932,paulperrier,911,Abordable,2026-03-04
3933,CortoLaggaff,911,Abordable,2026-03-04
3934,pitch6472,911,Abordable,2026-03-04
3935,valdav15,911,Abordable,2026-03-04
3936,annsofie1967,911,Abordable,2026-03-04
3937,sar_yer,911,Abordable,2026-03-04
3938,flova55,911,Abordable,2026-03-04
3939,manonlsx,911,Abordable,2026-03-04
3940,a_heart_voice,911,Abordable,2026-03-04
3941,mickey2302,911,Abordable,2026-03-04
3942,hearthstonecestpositif,911,Abordable,2026-03-04
3943,nounours3d,911,Abordable,2026-03-04
3944,manon_itak,911,Abordable,2026-03-04
3945,celaulaucurine,911,Abordable,2026-03-04
3946,alex73630,911,Abordable,2026-03-04
3947,Dylan__b,911,Abordable,2026-03-04
3948,AdrienElrico,911,Abordable,2026-03-04
3949,marjuxx,910,Abordable,2026-03-04
3950,mistermt10,910,Abordable,2026-03-04
3951,norolonorolo,910,Abordable,2026-03-04
3952,cantin_77,910,Abordable,2026-03-04
3953,tak_tak91,910,Abordable,2026-03-04
3954,bastiennumberfive,910,Abordable,2026-03-04
3955,Idthesheep,910,Abordable,2026-03-04
3956,LeRoms19,910,Abordable,2026-03-04
3957,Fusio200,910,Abordable,2026-03-04
3958,Hasdrul,910,Abordable,2026-03-04
3959,DVSN_KNightmare,910,Abordable,2026-03-04
3960,wolfidu,909,Abordable,2026-03-04
3961,pepitos002,909,Abordable,2026-03-04
3962,xTwenkyy,909,Abordable,2026-03-04
3963,flolepetitflocon,909,Abordable,2026-03-04
3964,clarask6,909,Abordable,2026-03-04
3965,SigmaC30,909,Abordable,2026-03-04
3966,micheldubrasil1,909,Abordable,2026-03-04
3967,nicoo2681,909,Abordable,2026-03-04
3968,rekkvinnan,909,Abordable,2026-03-04
3969,deep_hoax,908,Abordable,2026-03-04
3970,redsooh,908,Abordable,2026-03-04
3971,LoannTrop,908,Abordable,2026-03-04
3972,jmorypicture,908,Abordable,2026-03-04
3973,pourvoir61,908,Abordable,2026-03-04
3974,claquette02,908,Abordable,2026-03-04
3975,gallenssio,908,Abordable,2026-03-04
3976,fhorn23,908,Abordable,2026-03-04
3977,isa_mks,908,Abordable,2026-03-04
3978,mathis_lgdc,908,Abordable,2026-03-04
3979,dridrib,908,Abordable,2026-03-04
3980,billyboy290307,908,Abordable,2026-03-04
3981,ttontton64,908,Abordable,2026-03-04
3982,jade_100606,908,Abordable,2026-03-04
3983,dadaxx91,908,Abordable,2026-03-04
3984,TryfTryf,907,Abordable,2026-03-04
3985,Aphantasik,907,Abordable,2026-03-04
3986,ocb111,907,Abordable,2026-03-04
3987,steph_prtl,907,Abordable,2026-03-04
3988,empereurgoummeur,907,Abordable,2026-03-04
3989,tuthur72,907,Abordable,2026-03-04
3990,ritchi_verssaci,907,Abordable,2026-03-04
3991,popkornmichel,907,Abordable,2026-03-04
3992,cursed_username_,907,Abordable,2026-03-04
3993,emmabuisson222,907,Abordable,2026-03-04
3994,K13b3r,907,Abordable,2026-03-04
3995,Triskell_29,907,Abordable,2026-03-04
3996,nikojau,906,Abordable,2026-03-04
3997,valivaloucmoi,906,Abordable,2026-03-04
3998,kctets,906,Abordable,2026-03-04
3999,youzy_99,906,Abordable,2026-03-04
4000,lookn64,906,Abordable,2026-03-04
4001,pouletath,906,Abordable,2026-03-04
4002,Skouaibe,906,Abordable,2026-03-04
4003,estorel_,906,Abordable,2026-03-04
4004,paupaudefleurs,906,Abordable,2026-03-04
4005,ARTHGAM457,906,Abordable,2026-03-04
4006,lge_dorian,906,Abordable,2026-03-04
4007,Gauffragon,906,Abordable,2026-03-04
4008,njt_spart,906,Abordable,2026-03-04
4009,chromaison,905,Abordable,2026-03-04
4010,dranelyh,905,Abordable,2026-03-04
4011,Lucitare,905,Abordable,2026-03-04
4012,Bipshape,905,Abordable,2026-03-04
4013,alxorb,905,Abordable,2026-03-04
4014,yehudi60,905,Abordable,2026-03-04
4015,PxReaz,905,Abordable,2026-03-04
4016,Magicaboy1,905,Abordable,2026-03-04
4017,Schnappy__,905,Abordable,2026-03-04
4018,ctoptom,905,Abordable,2026-03-04
4019,romero7u,905,Abordable,2026-03-04
4020,guiguikebab,905,Abordable,2026-03-04
4021,kaliro_fr,905,Abordable,2026-03-04
4022,Gaga_san,905,Abordable,2026-03-04
4023,Kiddy74,905,Abordable,2026-03-04
4024,ju__p,905,Abordable,2026-03-04
4025,T0IT0INE__,905,Abordable,2026-03-04
4026,romaneaah,905,Abordable,2026-03-04
4027,nipsybs,905,Abordable,2026-03-04
4028,kuroshin33330,904,Abordable,2026-03-04
4029,boogawanga,904,Abordable,2026-03-04
4030,aline8555,904,Abordable,2026-03-04
4031,rozankya,904,Abordable,2026-03-04
4032,nathhhh04,904,Abordable,2026-03-04
4033,louproch,904,Abordable,2026-03-04
4034,jordinhodhur,904,Abordable,2026-03-04
4035,CoorbX,904,Abordable,2026-03-04
4036,tombasket4426,904,Abordable,2026-03-04
4037,mirt9000,904,Abordable,2026-03-04
4038,thelmacharlie,903,Abordable,2026-03-04
4039,asheb00,903,Abordable,2026-03-04
4040,fireblaze9298,903,Abordable,2026-03-04
4041,Dovakiwi,903,Abordable,2026-03-04
4042,Alybeez,903,Abordable,2026-03-04
4043,m0uking,903,Abordable,2026-03-04
4044,mathias_mim,903,Abordable,2026-03-04
4045,estelle_lbrd,903,Abordable,2026-03-04
4046,lisauline,903,Abordable,2026-03-04
4047,claragrbx,903,Abordable,2026-03-04
4048,Chloeefff,903,Abordable,2026-03-04
4049,dynamite_coc,903,Abordable,2026-03-04
4050,knox59125,903,Abordable,2026-03-04
4051,milord4444,903,Abordable,2026-03-04
4052,yougeu,903,Abordable,2026-03-04
4053,yannloub06,902,Abordable,2026-03-04
4054,zdtmasar,902,Abordable,2026-03-04
4055,valkertoka,902,Abordable,2026-03-04
4056,dustyne0209,901,Abordable,2026-03-04
4057,bdlzgall,901,Abordable,2026-03-04
4058,owlwest,901,Abordable,2026-03-04
4059,elizorus,901,Abordable,2026-03-04
4060,dabdabe,901,Abordable,2026-03-04
4061,OrelChien,901,Abordable,2026-03-04
4062,katelbtv,901,Abordable,2026-03-04
4063,karosong,901,Abordable,2026-03-04
4064,Astraroth16,901,Abordable,2026-03-04
4065,Myssa,901,Abordable,2026-03-04
4066,michberger69,900,Abordable,2026-03-04
4067,labubette,900,Abordable,2026-03-04
4068,banaane06,900,Abordable,2026-03-04
4069,sam61123,900,Abordable,2026-03-04
4070,batlepiratee,900,Abordable,2026-03-04
4071,Tipp_ex__,900,Abordable,2026-03-04
4072,chibredubengale_,900,Abordable,2026-03-04
4073,worldy29,900,Abordable,2026-03-04
4074,cost4r,900,Abordable,2026-03-04
4075,silver2994,900,Abordable,2026-03-04
4076,vendeecoco,900,Abordable,2026-03-04
4077,helios_ssss,900,Abordable,2026-03-04
4078,z0ryon,900,Abordable,2026-03-04
4079,lucia5_7,900,Abordable,2026-03-04
4080,IAmPanda___,900,Abordable,2026-03-04
4081,leflowww_,899,Abordable,2026-03-04
4082,belloche,899,Abordable,2026-03-04
4083,bate610,899,Abordable,2026-03-04
4084,lulu_2711,899,Abordable,2026-03-04
4085,diditrixma,899,Abordable,2026-03-04
4086,parfait_inconnu,899,Abordable,2026-03-04
4087,lepetitlouloudanslaforet,899,Abordable,2026-03-04
4088,momoscp35,899,Abordable,2026-03-04
4089,moicmoi00,899,Abordable,2026-03-04
4090,lisongdd,899,Abordable,2026-03-04
4091,ultito123,899,Abordable,2026-03-04
4092,tatiananas1,899,Abordable,2026-03-04
4093,fanywise17,899,Abordable,2026-03-04
4094,Bubble__Lisa,899,Abordable,2026-03-04
4095,clementelmagnifico,898,Abordable,2026-03-04
4096,Shaauno,898,Abordable,2026-03-04
4097,jean_marie___,898,Abordable,2026-03-04
4098,cleeeeeemb,898,Abordable,2026-03-04
4099,FrencheQuiche,898,Abordable,2026-03-04
4100,SLB_Rico,898,Abordable,2026-03-04
4101,Aniade_,898,Abordable,2026-03-04
4102,sortt2,898,Abordable,2026-03-04
4103,mangue1367,898,Abordable,2026-03-04
4104,impala1305,898,Abordable,2026-03-04
4105,fab_oo,898,Abordable,2026-03-04
4106,Kivtoon,898,Abordable,2026-03-04
4107,neibof,897,Abordable,2026-03-04
4108,mantaloutra,897,Abordable,2026-03-04
4109,embbbo,897,Abordable,2026-03-04
4110,red_spider_radiata,897,Abordable,2026-03-04
4111,asteriak3110,897,Abordable,2026-03-04
4112,deydey237,897,Abordable,2026-03-04
4113,yoyo_le_puant,897,Abordable,2026-03-04
4114,Shocked_Tmrg33,897,Abordable,2026-03-04
4115,noiram3312,897,Abordable,2026-03-04
4116,lucasdupalais,896,Abordable,2026-03-04
4117,Malouuch,896,Abordable,2026-03-04
4118,crazyjost,896,Abordable,2026-03-04
4119,reaubin5,896,Abordable,2026-03-04
4120,BadBeatTheory,896,Abordable,2026-03-04
4121,bipbipbopbop92,896,Abordable,2026-03-04
4122,Meiin__,896,Abordable,2026-03-04
4123,rv31650,896,Abordable,2026-03-04
4124,poulet_braise_bbq,896,Abordable,2026-03-04
4125,TonyDan_,896,Abordable,2026-03-04
4126,OrgeVenus,896,Abordable,2026-03-04
4127,Maxbda74,895,Abordable,2026-03-04
4128,bpoopo,895,Abordable,2026-03-04
4129,nommathis,895,Abordable,2026-03-04
4130,Brieum,895,Abordable,2026-03-04
4131,arbo7ito,895,Abordable,2026-03-04
4132,Baalker,895,Abordable,2026-03-04
4133,senseiquenechou,895,Abordable,2026-03-04
4134,lilou_fx,895,Abordable,2026-03-04
4135,Aleowyne,895,Abordable,2026-03-04
4136,viviboni,895,Abordable,2026-03-04
4137,joypolo,895,Abordable,2026-03-04
4138,kibbus,894,Abordable,2026-03-04
4139,Warni_,894,Abordable,2026-03-04
4140,kiugg_,894,Abordable,2026-03-04
4141,Chokolats,894,Abordable,2026-03-04
4142,PareyL,894,Abordable,2026-03-04
4143,ImJoe_King,894,Abordable,2026-03-04
4144,rougergt0,894,Abordable,2026-03-04
4145,Mr_Arnak,894,Abordable,2026-03-04
4146,anaiskhd,894,Abordable,2026-03-04
4147,Yotinshull,894,Abordable,2026-03-04
4148,Sinafay44,894,Abordable,2026-03-04
4149,theoo_54,894,Abordable,2026-03-04
4150,NiDehelp,894,Abordable,2026-03-04
4151,Naatch__,893,Abordable,2026-03-04
4152,DaSanta_,893,Abordable,2026-03-04
4153,bernie41000,893,Abordable,2026-03-04
4154,zetla7,893,Abordable,2026-03-04
4155,jemsta_lynn_,893,Abordable,2026-03-04
4156,yoalios,893,Abordable,2026-03-04
4157,TheoMoCapaldi,892,Abordable,2026-03-04
4158,Patakorn88,892,Abordable,2026-03-04
4159,vilef78,892,Abordable,2026-03-04
4160,metfedam,892,Abordable,2026-03-04
4161,depeiche_moie,892,Abordable,2026-03-04
4162,zayfire,892,Abordable,2026-03-04
4163,valeberge,892,Abordable,2026-03-04
4164,cscmieu,892,Abordable,2026-03-04
4165,SharuunTV,892,Abordable,2026-03-04
4166,mikawritesbooks,892,Abordable,2026-03-04
4167,didier3169,891,Abordable,2026-03-04
4168,Nwardezyr,891,Abordable,2026-03-04
4169,Mbaptiste20,891,Abordable,2026-03-04
4170,Patate_Perdue,891,Abordable,2026-03-04
4171,amkuwu_,891,Abordable,2026-03-04
4172,elou85,891,Abordable,2026-03-04
4173,Tystair,891,Abordable,2026-03-04
4174,nathan_brs57,891,Abordable,2026-03-04
4175,ebolalc,891,Abordable,2026-03-04
4176,silv20p,891,Abordable,2026-03-04
4177,leenvisible,891,Abordable,2026-03-04
4178,dindon_furieux,890,Abordable,2026-03-04
4179,Tanguer_18,890,Abordable,2026-03-04
4180,matsushi347,890,Abordable,2026-03-04
4181,vatickinq,890,Abordable,2026-03-04
4182,fellamilou,890,Abordable,2026-03-04
4183,ZazouTheBird,890,Abordable,2026-03-04
4184,Dorb44,890,Abordable,2026-03-04
4185,vf34,890,Abordable,2026-03-04
4186,bickyjeff,890,Abordable,2026-03-04
4187,lemeounien,890,Abordable,2026-03-04
4188,marine_bsqt19,890,Abordable,2026-03-04
4189,Allenavir,890,Abordable,2026-03-04
4190,maldemer_gb,889,Abordable,2026-03-04
4191,drdcclem,889,Abordable,2026-03-04
4192,Sabatou,889,Abordable,2026-03-04
4193,Z_Blaast,889,Abordable,2026-03-04
4194,claudiegmlove,889,Abordable,2026-03-04
4195,pac_val,889,Abordable,2026-03-04
4196,chashse,889,Abordable,2026-03-04
4197,mmr17_,889,Abordable,2026-03-04
4198,cendrionn,889,Abordable,2026-03-04
4199,adeleill,889,Abordable,2026-03-04
4200,azerek_,889,Abordable,2026-03-04
4201,titich49,889,Abordable,2026-03-04
4202,doyono62,888,Abordable,2026-03-04
4203,baptiste_dem,888,Abordable,2026-03-04
4204,Ocays,888,Abordable,2026-03-04
4205,dreylight,888,Abordable,2026-03-04
4206,loulehibou,888,Abordable,2026-03-04
4207,frogii_ii,888,Abordable,2026-03-04
4208,nina_adjr,888,Abordable,2026-03-04
4209,dbrain770,888,Abordable,2026-03-04
4210,Hestionero,888,Abordable,2026-03-04
4211,JeanneFakaye,888,Abordable,2026-03-04
4212,tofi38,888,Abordable,2026-03-04
4213,Grabape,888,Abordable,2026-03-04
4214,evantocarlos,888,Abordable,2026-03-04
4215,Rastosaurus,888,Abordable,2026-03-04
4216,alexd60,888,Abordable,2026-03-04
4217,biscuitsandwich06,887,Abordable,2026-03-04
4218,Zemijisu_,887,Abordable,2026-03-04
4219,Asyns,887,Abordable,2026-03-04
4220,TicTacTaw,887,Abordable,2026-03-04
4221,Niels_Elit,887,Abordable,2026-03-04
4222,drdankmensional,887,Abordable,2026-03-04
4223,lovecraft49,887,Abordable,2026-03-04
4224,Affewan,887,Abordable,2026-03-04
4225,ugo_7,887,Abordable,2026-03-04
4226,ninibouquiine,886,Abordable,2026-03-04
4227,zoebullition,886,Abordable,2026-03-04
4228,ccrom08,886,Abordable,2026-03-04
4229,XenKami_IG,886,Abordable,2026-03-04
4230,nawennebzh,886,Abordable,2026-03-04
4231,titan_4nt,886,Abordable,2026-03-04
4232,jeanvaldut,886,Abordable,2026-03-04
4233,elisssandre,886,Abordable,2026-03-04
4234,broooookkkkkk,886,Abordable,2026-03-04
4235,Vondemarie,886,Abordable,2026-03-04
4236,RasperGrimm,886,Abordable,2026-03-04
4237,cehey,886,Abordable,2026-03-04
4238,MDCe,886,Abordable,2026-03-04
4239,vorssler,886,Abordable,2026-03-04
4240,jeanlion78,886,Abordable,2026-03-04
4241,hadrien2311,885,Abordable,2026-03-04
4242,cltanais,885,Abordable,2026-03-04
4243,john_cartouche,885,Abordable,2026-03-04
4244,rollo2k17,885,Abordable,2026-03-04
4245,shagasse_africa,885,Abordable,2026-03-04
4246,jujuteux,885,Abordable,2026-03-04
4247,penroyal56,885,Abordable,2026-03-04
4248,maudidoune,885,Abordable,2026-03-04
4249,olibnr14,885,Abordable,2026-03-04
4250,Dodoziarro,885,Abordable,2026-03-04
4251,mayyy_outcast,885,Abordable,2026-03-04
4252,mimilafranss,884,Abordable,2026-03-04
4253,minidefalo,884,Abordable,2026-03-04
4254,KuriStream,884,Abordable,2026-03-04
4255,kevin1664,884,Abordable,2026-03-04
4256,Wilhelm2a,884,Abordable,2026-03-04
4257,blanxhelaunx17,884,Abordable,2026-03-04
4258,marcassim,884,Abordable,2026-03-04
4259,jb64a,884,Abordable,2026-03-04
4260,rach_ats,884,Abordable,2026-03-04
4261,P0zeYdon,884,Abordable,2026-03-04
4262,lukasdurok,884,Abordable,2026-03-04
4263,KC_Xendrem,884,Abordable,2026-03-04
4264,luckerninjacop,883,Abordable,2026-03-04
4265,Mericor,883,Abordable,2026-03-04
4266,calvassepower,883,Abordable,2026-03-04
4267,eusstass_kid10,883,Abordable,2026-03-04
4268,nino_vt_,883,Abordable,2026-03-04
4269,MonsieurJo_,883,Abordable,2026-03-04
4270,zeeroz_,883,Abordable,2026-03-04
4271,aika1912,883,Abordable,2026-03-04
4272,niffleur3,883,Abordable,2026-03-04
4273,nagalippo,882,Abordable,2026-03-04
4274,theunderdog2408,882,Abordable,2026-03-04
4275,edito28,882,Abordable,2026-03-04
4276,calas50,882,Abordable,2026-03-04
4277,lechatdusoir,882,Abordable,2026-03-04
4278,TalArtemis,882,Abordable,2026-03-04
4279,thieuuuuthieuuuu,882,Abordable,2026-03-04
4280,tigromaniaaa,882,Abordable,2026-03-04
4281,jaysjuc,882,Abordable,2026-03-04
4282,nech_,882,Abordable,2026-03-04
4283,reminyan78,882,Abordable,2026-03-04
4285,PlatSurare,881,Abordable,2026-03-04
4286,Thomasguez,881,Abordable,2026-03-04
4287,Erzonne,881,Abordable,2026-03-04
4288,tipix_9,881,Abordable,2026-03-04
4289,anelotte_,881,Abordable,2026-03-04
4290,mata1dor,881,Abordable,2026-03-04
4291,Paekaa,881,Abordable,2026-03-04
4292,YejiYujin,881,Abordable,2026-03-04
4293,yukimura921,880,Abordable,2026-03-04
4294,meglyne,880,Abordable,2026-03-04
4295,denki2906,880,Abordable,2026-03-04
4296,brouzoud,880,Abordable,2026-03-04
4297,ValouClutch,880,Abordable,2026-03-04
4298,nokrozz,880,Abordable,2026-03-04
4299,xraymnd,880,Abordable,2026-03-04
4300,Zau____,880,Abordable,2026-03-04
4301,martincantineau,880,Abordable,2026-03-04
4302,gabriel73848285748,880,Abordable,2026-03-04
4303,Light_srh,880,Abordable,2026-03-04
4304,WilfriedSaha,879,Abordable,2026-03-04
4305,prunorigolo,879,Abordable,2026-03-04
4306,keryoma,879,Abordable,2026-03-04
4307,MadeInGora,879,Abordable,2026-03-04
4308,lecop1,879,Abordable,2026-03-04
4309,cquinette,879,Abordable,2026-03-04
4310,salutbob720,879,Abordable,2026-03-04
4311,Sivund_,879,Abordable,2026-03-04
4312,Turbulete,878,Abordable,2026-03-04
4313,MINISKYFALL,878,Abordable,2026-03-04
4314,banxne87,878,Abordable,2026-03-04
4315,hug0lrv,878,Abordable,2026-03-04
4316,tiaaaphrr,878,Abordable,2026-03-04
4317,kiska_x33,878,Abordable,2026-03-04
4318,SoBgd,878,Abordable,2026-03-04
4319,KaiserJb,878,Abordable,2026-03-04
4320,zexal107,878,Abordable,2026-03-04
4321,zexal107,878,Abordable,2026-03-04
4322,jeruil_,878,Abordable,2026-03-04
4323,Baxoille,878,Abordable,2026-03-04
4324,moonivers02,878,Abordable,2026-03-04
4325,gland_alf,878,Abordable,2026-03-04
4326,horuseye74,878,Abordable,2026-03-04
4327,flomoul,878,Abordable,2026-03-04
4328,kittybzh,878,Abordable,2026-03-04
4329,firetif,878,Abordable,2026-03-04
4330,petitpotdetabasco_,878,Abordable,2026-03-04
4331,vincentluc14,878,Abordable,2026-03-04
4332,Millay,878,Abordable,2026-03-04
4334,bbinitials,877,Abordable,2026-03-04
4335,Waylannon,877,Abordable,2026-03-04
4336,Dalekan,877,Abordable,2026-03-04
4337,rylonne_,877,Abordable,2026-03-04
4338,emiyy17,877,Abordable,2026-03-04
4339,bastien_pasquier28,877,Abordable,2026-03-04
4340,Elixos911,877,Abordable,2026-03-04
4341,utoooopie,877,Abordable,2026-03-04
4342,lemonkilter,877,Abordable,2026-03-04
4343,Noseripe,877,Abordable,2026-03-04
4344,Fantomas44,876,Abordable,2026-03-04
4345,oskiki27,876,Abordable,2026-03-04
4346,Wayky,876,Abordable,2026-03-04
4347,gaaston____,876,Abordable,2026-03-04
4348,suomidamy,876,Abordable,2026-03-04
4349,Syron17,876,Abordable,2026-03-04
4350,whitefox1806,876,Abordable,2026-03-04
4351,Eindall,876,Abordable,2026-03-04
4352,riflettee,876,Abordable,2026-03-04
4353,mahed_le_chauve,875,Abordable,2026-03-04
4354,henchard31,875,Abordable,2026-03-04
4355,nussss14,875,Abordable,2026-03-04
4356,testecole45,875,Abordable,2026-03-04
4357,navyfrench,875,Abordable,2026-03-04
4358,totobonsoir48,875,Abordable,2026-03-04
4359,percheval,875,Abordable,2026-03-04
4360,spokyfury19,875,Abordable,2026-03-04
4361,aughall22,875,Abordable,2026-03-04
4362,cocom42,875,Abordable,2026-03-04
4363,malo_ok,875,Abordable,2026-03-04
4364,Veklord,874,Abordable,2026-03-04
4365,roarslan,874,Abordable,2026-03-04
4366,ananas_blue,874,Abordable,2026-03-04
4367,eldes5,874,Abordable,2026-03-04
4368,LeonDeFoudre,874,Abordable,2026-03-04
4369,vercasq,874,Abordable,2026-03-04
4370,k_leq,874,Abordable,2026-03-04
4371,heyleaudit,873,Abordable,2026-03-04
4372,sebway,873,Abordable,2026-03-04
4373,OnEnAggros_,873,Abordable,2026-03-04
4374,St0l3n,873,Abordable,2026-03-04
4375,clems574,873,Abordable,2026-03-04
4376,roidada5,873,Abordable,2026-03-04
4377,JosNeko,873,Abordable,2026-03-04
4378,mademoisellegreench,873,Abordable,2026-03-04
4379,marliline,873,Abordable,2026-03-04
4380,roa250,873,Abordable,2026-03-04
4381,catinr,872,Abordable,2026-03-04
4382,myzno42,872,Abordable,2026-03-04
4383,chaaaaaa___,872,Abordable,2026-03-04
4384,alphaliink,872,Abordable,2026-03-04
4385,nucleous_,872,Abordable,2026-03-04
4386,Asocialanonyme,872,Abordable,2026-03-04
4387,Mikeyran,872,Abordable,2026-03-04
4388,RGX_ArioX,872,Abordable,2026-03-04
4389,dervswai,872,Abordable,2026-03-04
4390,alilabase18,872,Abordable,2026-03-04
4391,triskell35,872,Abordable,2026-03-04
4392,ScarrsX,871,Abordable,2026-03-04
4393,duezeo69,871,Abordable,2026-03-04
4394,brolocli,871,Abordable,2026-03-04
4395,francoislag,871,Abordable,2026-03-04
4396,RandyComicsFR,871,Abordable,2026-03-04
4397,Lem0n_seed,871,Abordable,2026-03-04
4398,Moriani75,871,Abordable,2026-03-04
4399,florent_mvy,871,Abordable,2026-03-04
4400,maxime_dev_23,871,Abordable,2026-03-04
4401,gadji_tarp1n_edgy,871,Abordable,2026-03-04
4402,luuuciiie,871,Abordable,2026-03-04
4403,enzo_loe,870,Abordable,2026-03-04
4404,thibaultt0805,870,Abordable,2026-03-04
4405,arnaud_ft3,870,Abordable,2026-03-04
4406,Thierry358,870,Abordable,2026-03-04
4407,jeilort,870,Abordable,2026-03-04
4408,njloupnoir,870,Abordable,2026-03-04
4409,axel64200,870,Abordable,2026-03-04
4410,Enliem,870,Abordable,2026-03-04
4411,Asefy42,870,Abordable,2026-03-04
4412,panpanixix,870,Abordable,2026-03-04
4413,Desillusion0,870,Abordable,2026-03-04
4414,elnoledozo,870,Abordable,2026-03-04
4415,pierre927,870,Abordable,2026-03-04
4416,Jasper_jordan,870,Abordable,2026-03-04
4417,louis_bzl,870,Abordable,2026-03-04
4418,mayzefa,870,Abordable,2026-03-04
4419,happyti33,870,Abordable,2026-03-04
4420,coco_n9_,870,Abordable,2026-03-04
4421,beloncy,869,Abordable,2026-03-04
4422,Kraccoon,869,Abordable,2026-03-04
4423,GanggofJah,869,Abordable,2026-03-04
4424,pespoet,869,Abordable,2026-03-04
4425,adamaxledozzo,869,Abordable,2026-03-04
4426,doudfffff,869,Abordable,2026-03-04
4427,joshuadepedi,869,Abordable,2026-03-04
4428,fenixx_cr2,869,Abordable,2026-03-04
4429,LittleYugo,869,Abordable,2026-03-04
4430,logzinfinity,868,Abordable,2026-03-04
4431,giboulett,868,Abordable,2026-03-04
4432,siz_zzz,868,Abordable,2026-03-04
4433,LordMarcel69,868,Abordable,2026-03-04
4434,Arkinn2,868,Abordable,2026-03-04
4435,auca125,868,Abordable,2026-03-04
4436,Amalfir,868,Abordable,2026-03-04
4437,jv9034,868,Abordable,2026-03-04
4438,anthosdrn,867,Abordable,2026-03-04
4439,chichiou63,867,Abordable,2026-03-04
4440,sossaoul,867,Abordable,2026-03-04
4441,nolann_lm20,867,Abordable,2026-03-04
4442,marguerite225,867,Abordable,2026-03-04
4443,myss4n,867,Abordable,2026-03-04
4444,segotte70,867,Abordable,2026-03-04
4445,angeliqueluna,867,Abordable,2026-03-04
4446,pantatruelle_,867,Abordable,2026-03-04
4447,clintwestwoodtv,866,Abordable,2026-03-04
4448,fruitdusoleil,866,Abordable,2026-03-04
4449,emmagd2175,866,Abordable,2026-03-04
4450,Khloewi_,866,Abordable,2026-03-04
4451,n4ydan,866,Abordable,2026-03-04
4452,margaux30cleo,866,Abordable,2026-03-04
4453,nico14_twitch,866,Abordable,2026-03-04
4454,damienpepito,866,Abordable,2026-03-04
4455,dionysos1310,866,Abordable,2026-03-04
4456,wintallkers,865,Abordable,2026-03-04
4457,plntel,865,Abordable,2026-03-04
4458,clement_mch78,865,Abordable,2026-03-04
4459,Pititlink,865,Abordable,2026-03-04
4460,canclaux,865,Abordable,2026-03-04
4461,davynoux,865,Abordable,2026-03-04
4462,chantaldes2506,865,Abordable,2026-03-04
4463,leabzt77,865,Abordable,2026-03-04
4464,Le_Plata,865,Abordable,2026-03-04
4465,Aquamancien,865,Abordable,2026-03-04
4466,qwicko_,865,Abordable,2026-03-04
4467,slaxze2,864,Abordable,2026-03-04
4468,kent11200,864,Abordable,2026-03-04
4469,Delc0r,864,Abordable,2026-03-04
4470,Mitalias_,864,Abordable,2026-03-04
4471,wolfi140600,864,Abordable,2026-03-04
4472,bapttttttttttttt,864,Abordable,2026-03-04
4473,tiana_bhc13,864,Abordable,2026-03-04
4474,creepstone,864,Abordable,2026-03-04
4475,tgraudie83,864,Abordable,2026-03-04
4476,misteralex2112,864,Abordable,2026-03-04
4477,knight_max21,864,Abordable,2026-03-04
4478,mattgamerbg,864,Abordable,2026-03-04
4479,yodamun5,864,Abordable,2026-03-04
4480,hugh0st06,863,Abordable,2026-03-04
4481,paullmrtn,863,Abordable,2026-03-04
4482,TROP1CA_,863,Abordable,2026-03-04
4483,loulou_lezeub,863,Abordable,2026-03-04
4484,saiko_reiji,863,Abordable,2026-03-04
4485,Teelry,862,Abordable,2026-03-04
4486,allez_ol69,862,Abordable,2026-03-04
4487,eli21167,862,Abordable,2026-03-04
4488,Clem329,862,Abordable,2026-03-04
4489,Just1U,862,Abordable,2026-03-04
4490,boulkiclak,862,Abordable,2026-03-04
4491,alexevian,862,Abordable,2026-03-04
4492,akillonia,862,Abordable,2026-03-04
4493,marius_gltz,862,Abordable,2026-03-04
4494,ProvencallLeGaulois,862,Abordable,2026-03-04
4495,CptnMcBalls,861,Abordable,2026-03-04
4496,ber_bdg,861,Abordable,2026-03-04
4497,xy_astral,861,Abordable,2026-03-04
4498,emma_mrty,861,Abordable,2026-03-04
4499,starkyz_,861,Abordable,2026-03-04
4500,sogozn,861,Abordable,2026-03-04
4501,candice_29,861,Abordable,2026-03-04
4502,oremilak,861,Abordable,2026-03-04
4503,cherryflz,860,Abordable,2026-03-04
4504,damydamm,860,Abordable,2026-03-04
4505,novag3,860,Abordable,2026-03-04
4506,camillcb,860,Abordable,2026-03-04
4507,Ber_________,860,Abordable,2026-03-04
4508,henrifrommexico,860,Abordable,2026-03-04
4509,maxxxx_la_menace,860,Abordable,2026-03-04
4510,peufien,860,Abordable,2026-03-04
4511,fabloup,860,Abordable,2026-03-04
4512,gigibangbang,860,Abordable,2026-03-04
4513,minieuch3,860,Abordable,2026-03-04
4514,matbudd,860,Abordable,2026-03-04
4515,Ashroke,860,Abordable,2026-03-04
4516,neantdistorduu,859,Abordable,2026-03-04
4517,moutiklegros,859,Abordable,2026-03-04
4518,corentin_du_94,859,Abordable,2026-03-04
4519,atropine35,859,Abordable,2026-03-04
4520,ikerlabat64,859,Abordable,2026-03-04
4521,clemento__,859,Abordable,2026-03-04
4522,jojoshawa,859,Abordable,2026-03-04
4523,rafaleguepard,859,Abordable,2026-03-04
4524,SulfuryDBX,859,Abordable,2026-03-04
4525,mamaxiximememomorinrin,859,Abordable,2026-03-04
4526,charlottekdo,858,Abordable,2026-03-04
4527,veektorya2481,858,Abordable,2026-03-04
4528,Dharnek_,858,Abordable,2026-03-04
4529,blubryn,858,Abordable,2026-03-04
4530,a_t_tnt,858,Abordable,2026-03-04
4531,jaxsorano,858,Abordable,2026-03-04
4532,Helpy_,858,Abordable,2026-03-04
4533,jadouille76,858,Abordable,2026-03-04
4534,Hattir,858,Abordable,2026-03-04
4535,Waaave__,858,Abordable,2026-03-04
4536,AntoninJury,858,Abordable,2026-03-04
4537,Skytre_,858,Abordable,2026-03-04
4538,eliaator30,857,Abordable,2026-03-04
4539,true_horacio,857,Abordable,2026-03-04
4540,kodamm21,857,Abordable,2026-03-04
4541,dark_side42,857,Abordable,2026-03-04
4542,thdest,857,Abordable,2026-03-04
4543,juuuuuryy,857,Abordable,2026-03-04
4544,guix1702,857,Abordable,2026-03-04
4545,MrHeltos,857,Abordable,2026-03-04
4546,moijoras,857,Abordable,2026-03-04
4547,Granolan3,857,Abordable,2026-03-04
4548,kyinio,857,Abordable,2026-03-04
4549,corentin59292,857,Abordable,2026-03-04
4550,smilybubble,857,Abordable,2026-03-04
4551,rowix_la_baltringue,857,Abordable,2026-03-04
4552,chap3000,857,Abordable,2026-03-04
4553,l_arba,857,Abordable,2026-03-04
4554,Im_Moat,857,Abordable,2026-03-04
4555,Lusuke42,857,Abordable,2026-03-04
4556,jeromix4,856,Abordable,2026-03-04
4557,WillySChen,856,Abordable,2026-03-04
4558,jadoutraore,856,Abordable,2026-03-04
4559,shark_xpert,856,Abordable,2026-03-04
4560,AmysSmile,856,Abordable,2026-03-04
4561,alexsan66430,856,Abordable,2026-03-04
4562,Theofon_,856,Abordable,2026-03-04
4563,victorial7_,856,Abordable,2026-03-04
4564,nanor20p,856,Abordable,2026-03-04
4565,emmavossoeurs2,856,Abordable,2026-03-04
4566,JuuDuClem,856,Abordable,2026-03-04
4567,helo_pa,856,Abordable,2026-03-04
4568,moutontuf,856,Abordable,2026-03-04
4569,NerthusTheMother,856,Abordable,2026-03-04
4570,boulette0096,855,Abordable,2026-03-04
4571,c_am_ss,855,Abordable,2026-03-04
4572,samouraialex,855,Abordable,2026-03-04
4573,ritonfonfon,855,Abordable,2026-03-04
4574,Kreavy,855,Abordable,2026-03-04
4575,PlutoCho,855,Abordable,2026-03-04
4576,Haryle_,854,Abordable,2026-03-04
4577,sarahlalisse,854,Abordable,2026-03-04
4578,Dreamlander63,854,Abordable,2026-03-04
4579,marionvgv,854,Abordable,2026-03-04
4580,coluchito,854,Abordable,2026-03-04
4581,velewrl,854,Abordable,2026-03-04
4582,Lexfik,854,Abordable,2026-03-04
4583,kaffalow,854,Abordable,2026-03-04
4584,CBliz,854,Abordable,2026-03-04
4585,arkhaten_,853,Abordable,2026-03-04
4586,THC_YolkOr,853,Abordable,2026-03-04
4587,hadoudou,853,Abordable,2026-03-04
4588,baaarde,853,Abordable,2026-03-04
4589,sarahbnl1,853,Abordable,2026-03-04
4590,allanlp10,853,Abordable,2026-03-04
4591,JordanVdl,853,Abordable,2026-03-04
4592,laamarve,853,Abordable,2026-03-04
4593,SocksWithScandals,853,Abordable,2026-03-04
4594,vippara,853,Abordable,2026-03-04
4595,Ruthrise,853,Abordable,2026-03-04
4596,Lheyst,853,Abordable,2026-03-04
4597,ewan1408fvr,853,Abordable,2026-03-04
4598,OhDisToRei,853,Abordable,2026-03-04
4599,Spaaradrap,853,Abordable,2026-03-04
4600,deiv_hihi,852,Abordable,2026-03-04
4601,physiowazaby,852,Abordable,2026-03-04
4602,lhuluberluu,852,Abordable,2026-03-04
4603,loozyh,852,Abordable,2026-03-04
4604,Xaana,852,Abordable,2026-03-04
4605,damso_22,852,Abordable,2026-03-04
4606,Line_stone,852,Abordable,2026-03-04
4607,backstaaab,852,Abordable,2026-03-04
4608,simonp2869,851,Abordable,2026-03-04
4609,poneybg,851,Abordable,2026-03-04
4610,cous12,851,Abordable,2026-03-04
4611,rockfohr,851,Abordable,2026-03-04
4612,amarok_jm,851,Abordable,2026-03-04
4613,nave77,851,Abordable,2026-03-04
4614,lamalbab,851,Abordable,2026-03-04
4615,elise_05_tl,851,Abordable,2026-03-04
4616,ncoinon10,851,Abordable,2026-03-04
4617,louissap,851,Abordable,2026-03-04
4618,lodestroy,851,Abordable,2026-03-04
4619,maxencecamus,851,Abordable,2026-03-04
4620,totom2212,851,Abordable,2026-03-04
4621,kevindiesel__,851,Abordable,2026-03-04
4622,ubutterflyu,851,Abordable,2026-03-04
4623,mrmax1436,850,Abordable,2026-03-04
4624,mathildegregoire,850,Abordable,2026-03-04
4625,tgaudin13,850,Abordable,2026-03-04
4626,lucasgelll,850,Abordable,2026-03-04
4627,skyman62,850,Abordable,2026-03-04
4628,ModZoL,850,Abordable,2026-03-04
4629,kirchhoff4,850,Abordable,2026-03-04
4630,baba_au_rhum17,850,Abordable,2026-03-04
4631,stitax_,850,Abordable,2026-03-04
4632,astridgnd,850,Abordable,2026-03-04
4633,baptistepoir,850,Abordable,2026-03-04
4634,benji_lbs,849,Abordable,2026-03-04
4635,MitchBuchannon,849,Abordable,2026-03-04
4636,jeffSeven,849,Abordable,2026-03-04
4637,damneddown,849,Abordable,2026-03-04
4638,antoine_flno,849,Abordable,2026-03-04
4639,popiohh,849,Abordable,2026-03-04
4640,z44444kk,849,Abordable,2026-03-04
4641,Arnoldinhwow,849,Abordable,2026-03-04
4642,quentino5900,849,Abordable,2026-03-04
4643,reavstone19,849,Abordable,2026-03-04
4644,ezarial_,849,Abordable,2026-03-04
4645,campiignon,848,Abordable,2026-03-04
4646,nanthraj,848,Abordable,2026-03-04
4647,cbkine,848,Abordable,2026-03-04
4648,Zelphino_,848,Abordable,2026-03-04
4649,oxygenguigui,848,Abordable,2026-03-04
4650,nico_frrs,848,Abordable,2026-03-04
4651,Justdothatman,848,Abordable,2026-03-04
4652,hippo__games,848,Abordable,2026-03-04
4653,linebhg,848,Abordable,2026-03-04
4654,Ostralo,848,Abordable,2026-03-04
4655,sassalulu,848,Abordable,2026-03-04
4656,farfadetjovial,848,Abordable,2026-03-04
4657,Floco_YT,848,Abordable,2026-03-04
4658,MxDDD,848,Abordable,2026-03-04
4659,antoinemton14,847,Abordable,2026-03-04
4660,AyFeeLinG,847,Abordable,2026-03-04
4661,vtt3d,847,Abordable,2026-03-04
4662,devotchka74,847,Abordable,2026-03-04
4663,mallaury_scp,847,Abordable,2026-03-04
4664,Lde46,847,Abordable,2026-03-04
4665,Biambo6,847,Abordable,2026-03-04
4666,Lologarou,847,Abordable,2026-03-04
4667,cha_todo,847,Abordable,2026-03-04
4668,tiago97338,847,Abordable,2026-03-04
4669,soblirs971,847,Abordable,2026-03-04
4670,djinn789,847,Abordable,2026-03-04
4671,mikauland29,847,Abordable,2026-03-04
4672,Leopoulpinator,847,Abordable,2026-03-04
4673,bench_3741,846,Abordable,2026-03-04
4674,mariuslscl,846,Abordable,2026-03-04
4675,seb_bugeja,846,Abordable,2026-03-04
4676,Swepsologie,846,Abordable,2026-03-04
4677,chloe19sch,846,Abordable,2026-03-04
4678,eno_no_no,846,Abordable,2026-03-04
4679,anatole_py,846,Abordable,2026-03-04
4680,atoumai,846,Abordable,2026-03-04
4681,Altruyz21,846,Abordable,2026-03-04
4682,violaineguigue,846,Abordable,2026-03-04
4683,Maximus_HS,846,Abordable,2026-03-04
4684,KitamBBX,845,Abordable,2026-03-04
4685,timelessmacaroni,845,Abordable,2026-03-04
4686,klemomenneteau,845,Abordable,2026-03-04
4687,crazywheel64,845,Abordable,2026-03-04
4688,pi_doune,845,Abordable,2026-03-04
4689,manclay,845,Abordable,2026-03-04
4690,morganeb14,845,Abordable,2026-03-04
4691,manonch05,845,Abordable,2026-03-04
4692,Quentin_FTW,845,Abordable,2026-03-04
4693,Rorotte_,845,Abordable,2026-03-04
4694,Loucica,845,Abordable,2026-03-04
4695,SpectrimBP,844,Abordable,2026-03-04
4696,gryng74,844,Abordable,2026-03-04
4697,lilieflore,844,Abordable,2026-03-04
4698,Ellipsx,844,Abordable,2026-03-04
4699,lesavoiranimal,844,Abordable,2026-03-04
4700,JackDoe25,844,Abordable,2026-03-04
4701,VoImoG,844,Abordable,2026-03-04
4702,vale_mnsk_,844,Abordable,2026-03-04
4703,tiimottheus,844,Abordable,2026-03-04
4704,ericzimi91,844,Abordable,2026-03-04
4705,Hiindy,844,Abordable,2026-03-04
4706,daddychan__,844,Abordable,2026-03-04
4707,moilebgetpastoi,844,Abordable,2026-03-04
4708,wartrapp__,844,Abordable,2026-03-04
4709,lisa_las11,844,Abordable,2026-03-04
4710,librarian_yohann,844,Abordable,2026-03-04
4711,SpaceKrotte,844,Abordable,2026-03-04
4712,helina44,844,Abordable,2026-03-04
4713,ArTyKZz,844,Abordable,2026-03-04
4714,magictotonin,843,Abordable,2026-03-04
4715,johnpaquito,843,Abordable,2026-03-04
4716,diahblok,843,Abordable,2026-03-04
4717,totobass08600,843,Abordable,2026-03-04
4718,fmt253,843,Abordable,2026-03-04
4719,ttomy91,843,Abordable,2026-03-04
4720,zenox170,843,Abordable,2026-03-04
4721,FulgurisS,843,Abordable,2026-03-04
4722,davy_53,843,Abordable,2026-03-04
4723,Kyrns,843,Abordable,2026-03-04
4724,nhuck,843,Abordable,2026-03-04
4725,titouan_blc26,843,Abordable,2026-03-04
4726,Keraloon,843,Abordable,2026-03-04
4727,KanTinoush,842,Abordable,2026-03-04
4728,alix91105,842,Abordable,2026-03-04
4729,MisterAlex75,842,Abordable,2026-03-04
4730,Brice2Nils,842,Abordable,2026-03-04
4731,foufooteam,842,Abordable,2026-03-04
4732,f4lco_10,842,Abordable,2026-03-04
4733,Guyak,842,Abordable,2026-03-04
4734,arsabe,842,Abordable,2026-03-04
4735,lasnelus_,842,Abordable,2026-03-04
4736,nocktrus,842,Abordable,2026-03-04
4737,guizzzb,842,Abordable,2026-03-04
4738,royivi,842,Abordable,2026-03-04
4739,ttuv144,841,Abordable,2026-03-04
4740,jesuislanui,841,Abordable,2026-03-04
4741,Obaille,841,Abordable,2026-03-04
4742,laudew1971,841,Abordable,2026-03-04
4743,p3eeps,841,Abordable,2026-03-04
4744,emilie_brbt,841,Abordable,2026-03-04
4745,GL_Gabdau,841,Abordable,2026-03-04
4746,lymphocyte_b,841,Abordable,2026-03-04
4747,lucilecln,841,Abordable,2026-03-04
4748,fofie72,840,Abordable,2026-03-04
4750,SgtFaller,840,Abordable,2026-03-04
4751,zjach75,840,Abordable,2026-03-04
4752,valtpf,840,Abordable,2026-03-04
4753,AelloEinomrah,840,Abordable,2026-03-04
4754,Frexiuu,840,Abordable,2026-03-04
4755,leunachos,840,Abordable,2026-03-04
4756,pierre_lny8,840,Abordable,2026-03-04
4757,loveangelmusicbitch,840,Abordable,2026-03-04
4758,lejaajman,840,Abordable,2026-03-04
4759,audelb,840,Abordable,2026-03-04
4760,miminion,840,Abordable,2026-03-04
4761,g24ans,840,Abordable,2026-03-04
4762,jpascal591200,840,Abordable,2026-03-04
4763,Wylness,840,Abordable,2026-03-04
4764,clemger30,840,Abordable,2026-03-04
4765,orlanegym4,840,Abordable,2026-03-04
4766,wymklas,840,Abordable,2026-03-04
4767,phhierre,840,Abordable,2026-03-04
4768,Jiwalzz,840,Abordable,2026-03-04
4769,emilie_pre,840,Abordable,2026-03-04
4770,fyrageeeee,840,Abordable,2026-03-04
4771,hermes_0708,840,Abordable,2026-03-04
4772,pierrotproscuito,840,Abordable,2026-03-04
4773,Mekyo,840,Abordable,2026-03-04
4774,littledesire73,840,Abordable,2026-03-04
4775,acariens_depasse,839,Abordable,2026-03-04
4776,russell2temu,839,Abordable,2026-03-04
4777,Beyanor,839,Abordable,2026-03-04
4778,elinaaax,839,Abordable,2026-03-04
4779,lumi5717,839,Abordable,2026-03-04
4780,maedandelion,839,Abordable,2026-03-04
4781,theoLM6,839,Abordable,2026-03-04
4782,SkySpirit320,839,Abordable,2026-03-04
4783,matooooooooooo0,839,Abordable,2026-03-04
4784,bethored25,839,Abordable,2026-03-04
4785,choc0tube,839,Abordable,2026-03-04
4786,evan_jgt,839,Abordable,2026-03-04
4787,Scadeur,839,Abordable,2026-03-04
4788,michellegros,839,Abordable,2026-03-04
4789,inferno_marto,839,Abordable,2026-03-04
4790,colinecrb,838,Abordable,2026-03-04
4791,loic_scndr,838,Abordable,2026-03-04
4792,nefeit_rl,838,Abordable,2026-03-04
4793,FIowyy,838,Abordable,2026-03-04
4794,mrjors34,838,Abordable,2026-03-04
4795,tomrib_,838,Abordable,2026-03-04
4796,travaillork,837,Abordable,2026-03-04
4797,anoaeureka,837,Abordable,2026-03-04
4798,a_bernard22,837,Abordable,2026-03-04
4799,OUGOUGOUG,837,Abordable,2026-03-04
4800,cloe_dh,837,Abordable,2026-03-04
4801,iTom01,837,Abordable,2026-03-04
4802,estellane_,837,Abordable,2026-03-04
4803,suprasinvocatus,837,Abordable,2026-03-04
4804,skyiscyan91,837,Abordable,2026-03-04
4805,just1mart1,837,Abordable,2026-03-04
4806,LAMA_Hobbes,836,Abordable,2026-03-04
4807,baptchevry,836,Abordable,2026-03-04
4808,madepres1,836,Abordable,2026-03-04
4809,loisgriff18,836,Abordable,2026-03-04
4810,cathym66,836,Abordable,2026-03-04
4811,UnePtiteMarie,836,Abordable,2026-03-04
4812,amndnb,836,Abordable,2026-03-04
4813,nitram_v,836,Abordable,2026-03-04
4814,the_wave222,836,Abordable,2026-03-04
4815,jimlajungle973,836,Abordable,2026-03-04
4816,dopp0,836,Abordable,2026-03-04
4817,carladfr17,836,Abordable,2026-03-04
4818,jujusail,836,Abordable,2026-03-04
4819,raphaelll__0,836,Abordable,2026-03-04
4820,dr4kness_,836,Abordable,2026-03-04
4821,shiro3038,835,Abordable,2026-03-04
4822,totolebgdu66,835,Abordable,2026-03-04
4823,bla473,835,Abordable,2026-03-04
4824,jojo100201,835,Abordable,2026-03-04
4825,hugojoubert01,835,Abordable,2026-03-04
4826,gagelibuzz,835,Abordable,2026-03-04
4827,Neaflys,835,Abordable,2026-03-04
4828,xLe0_,835,Abordable,2026-03-04
4829,sakurashirakawa44,834,Abordable,2026-03-04
4830,jeanbradley,834,Abordable,2026-03-04
4831,oslano11,834,Abordable,2026-03-04
4832,TayKo007,834,Abordable,2026-03-04
4833,ludo594401,834,Abordable,2026-03-04
4834,lechatdelanuit,834,Abordable,2026-03-04
4835,Piorte06,834,Abordable,2026-03-04
4836,alexpain007,833,Abordable,2026-03-04
4837,francois1307,833,Abordable,2026-03-04
4838,Kaidas31,833,Abordable,2026-03-04
4839,Mystere_p,833,Abordable,2026-03-04
4840,gogo_cvt,833,Abordable,2026-03-04
4841,perimetre,833,Abordable,2026-03-04
4842,robignolll,833,Abordable,2026-03-04
4843,hattmilces,833,Abordable,2026-03-04
4844,rexthehog,832,Abordable,2026-03-04
4845,Prototype4K,832,Abordable,2026-03-04
4846,midnight_rdb,832,Abordable,2026-03-04
4847,candoudouz,832,Abordable,2026-03-04
4848,mikadow02,832,Abordable,2026-03-04
4849,gagadux,831,Abordable,2026-03-04
4850,Kuzuroshi,831,Abordable,2026-03-04
4851,marinamarinette,831,Abordable,2026-03-04
4852,ivyix,831,Abordable,2026-03-04
4853,happy_burger2,831,Abordable,2026-03-04
4854,ST_Elouek,831,Abordable,2026-03-04
4855,Tohkar,831,Abordable,2026-03-04
4856,titi__fr,831,Abordable,2026-03-04
4857,AlexandreL0L,831,Abordable,2026-03-04
4858,eliso30,831,Abordable,2026-03-04
4859,durifzer,831,Abordable,2026-03-04
4860,admylex33,831,Abordable,2026-03-04
4861,TTouille,831,Abordable,2026-03-04
4862,rems_747,830,Abordable,2026-03-04
4863,Coba6,830,Abordable,2026-03-04
4864,zaceru,830,Abordable,2026-03-04
4865,fabounettte,830,Abordable,2026-03-04
4866,dinahollz,830,Abordable,2026-03-04
4867,NASUKO9545,830,Abordable,2026-03-04
4868,alex_gb7,830,Abordable,2026-03-04
4869,celiaato,830,Abordable,2026-03-04
4870,corentinnn_,830,Abordable,2026-03-04
4871,manon_lgn_,830,Abordable,2026-03-04
4872,yaznari05,830,Abordable,2026-03-04
4873,chek56,830,Abordable,2026-03-04
4874,Soudjay,829,Abordable,2026-03-04
4875,louannchr,829,Abordable,2026-03-04
4876,Balem88,829,Abordable,2026-03-04
4877,elmiagli,829,Abordable,2026-03-04
4878,magn3tik17,829,Abordable,2026-03-04
4879,junkyduck,829,Abordable,2026-03-04
4880,quid311,829,Abordable,2026-03-04
4881,spailerr,829,Abordable,2026-03-04
4882,asile0,829,Abordable,2026-03-04
4883,GilDev,829,Abordable,2026-03-04
4884,poulparia,829,Abordable,2026-03-04
4885,hazgaiie,829,Abordable,2026-03-04
4886,bonjourpierre,829,Abordable,2026-03-04
4887,Matt_entre_parentheses,829,Abordable,2026-03-04
4888,bletzpack,829,Abordable,2026-03-04
4889,Kirakof,829,Abordable,2026-03-04
4890,gutenbergan,829,Abordable,2026-03-04
4891,Poweriser144,829,Abordable,2026-03-04
4892,lolilelalu,828,Abordable,2026-03-04
4893,pxul966,828,Abordable,2026-03-04
4894,roro130592,828,Abordable,2026-03-04
4895,caamillebrnd,828,Abordable,2026-03-04
4896,babioole,828,Abordable,2026-03-04
4897,miguespeed1,828,Abordable,2026-03-04
4898,mehdecin,828,Abordable,2026-03-04
4899,emelinedubois42,827,Abordable,2026-03-04
4900,makzime_,827,Abordable,2026-03-04
4901,matthieuadam,827,Abordable,2026-03-04
4902,francheskho,827,Abordable,2026-03-04
4903,catinpower,827,Abordable,2026-03-04
4904,M2_R6s,827,Abordable,2026-03-04
4905,AmineLDZ,827,Abordable,2026-03-04
4906,lerefugedugamer,827,Abordable,2026-03-04
4907,romensco10,827,Abordable,2026-03-04
4908,ngu9572,826,Abordable,2026-03-04
4909,fraufort,826,Abordable,2026-03-04
4910,cloucloudegirofle,826,Abordable,2026-03-04
4911,DiamondRT,826,Abordable,2026-03-04
4912,BenjiElChti,826,Abordable,2026-03-04
4913,kmv78,826,Abordable,2026-03-04
4914,Allender_,826,Abordable,2026-03-04
4915,guetguet20,826,Abordable,2026-03-04
4916,kamogami_,826,Abordable,2026-03-04
4917,Galaxy541,826,Abordable,2026-03-04
4918,CydoniaVT,825,Abordable,2026-03-04
4919,la_bigue,825,Abordable,2026-03-04
4920,tim_sab,825,Abordable,2026-03-04
4921,peppeeeerrrr,825,Abordable,2026-03-04
4922,peachy_louns,825,Abordable,2026-03-04
4923,lesptitsclous,825,Abordable,2026-03-04
4924,tshallan,825,Abordable,2026-03-04
4925,STEUSSO,825,Abordable,2026-03-04
4926,WaitF0rHit_TM,825,Abordable,2026-03-04
4927,Garizii8,825,Abordable,2026-03-04
4928,emile_rsl,825,Abordable,2026-03-04
4929,LaMangueColerique,824,Abordable,2026-03-04
4930,maxoubabinx,824,Abordable,2026-03-04
4931,hyppna,824,Abordable,2026-03-04
4932,kekeyakari7,824,Abordable,2026-03-04
4933,tiraq_,824,Abordable,2026-03-04
4934,Ploufaway,824,Abordable,2026-03-04
4935,loisinho26,824,Abordable,2026-03-04
4936,MaroixCompagnie,824,Abordable,2026-03-04
4937,noeriarame,824,Abordable,2026-03-04
4938,SiMGrX,823,Abordable,2026-03-04
4939,alexpns41,823,Abordable,2026-03-04
4940,twitch_batou,823,Abordable,2026-03-04
4941,val_7894,823,Abordable,2026-03-04
4942,matxalla,823,Abordable,2026-03-04
4943,susulakilleuse,823,Abordable,2026-03-04
4944,paul_drj_72,823,Abordable,2026-03-04
4945,GuizzHD,823,Abordable,2026-03-04
4946,cassss2002,823,Abordable,2026-03-04
4947,robipou,823,Abordable,2026-03-04
4948,horodro,822,Abordable,2026-03-04
4949,antobis98,822,Abordable,2026-03-04
4950,thedwarfmithril,822,Abordable,2026-03-04
4951,zegreatmat,822,Abordable,2026-03-04
4952,clemmrlt,822,Abordable,2026-03-04
4953,lorengamer89,822,Abordable,2026-03-04
4954,zozziotte,822,Abordable,2026-03-04
4955,bananaspif,822,Abordable,2026-03-04
4956,nicodemus32,822,Abordable,2026-03-04
4957,herrissons45,822,Abordable,2026-03-04
4958,chaflry,822,Abordable,2026-03-04
4959,ewilan60,822,Abordable,2026-03-04
4960,grincgrinc,822,Abordable,2026-03-04
4961,lynamdn,821,Abordable,2026-03-04
4962,orianeno,821,Abordable,2026-03-04
4963,anthonjut44,821,Abordable,2026-03-04
4964,clmnt_mntr,821,Abordable,2026-03-04
4965,eltiablo79,821,Abordable,2026-03-04
4966,infer_not,821,Abordable,2026-03-04
4967,eliseuuuuuh,821,Abordable,2026-03-04
4968,AmSurTwitch,821,Abordable,2026-03-04
4969,WeKantStop,821,Abordable,2026-03-04
4970,Tozkaaa_,821,Abordable,2026-03-04
4971,orange_lpb,821,Abordable,2026-03-04
4972,alibaba_24,821,Abordable,2026-03-04
4973,ehjuan1,821,Abordable,2026-03-04
4974,Holail,821,Abordable,2026-03-04
4975,remi3191,821,Abordable,2026-03-04
4976,benji1606,820,Abordable,2026-03-04
4977,leia4137,820,Abordable,2026-03-04
4978,exyyyy85,820,Abordable,2026-03-04
4979,Pitoufo,820,Abordable,2026-03-04
4980,titouunnnne,820,Abordable,2026-03-04
4981,Lucasyuyuy,820,Abordable,2026-03-04
4982,citronentn,820,Abordable,2026-03-04
4983,Harkka,819,Abordable,2026-03-04
4984,black_wh_01,819,Abordable,2026-03-04
4985,taralexandra,819,Abordable,2026-03-04
4986,the_garmer_995,819,Abordable,2026-03-04
4987,vlc57,819,Abordable,2026-03-04
4988,Izkira_M,819,Abordable,2026-03-04
4989,elicapy,819,Abordable,2026-03-04
4990,deline360,819,Abordable,2026-03-04
4991,Zakhi,819,Abordable,2026-03-04
4992,yeger___,818,Abordable,2026-03-04
4993,sandrine4435,818,Abordable,2026-03-04
4994,tittttiiiii,818,Abordable,2026-03-04
4995,jesus_irl,818,Abordable,2026-03-04
4997,peterkoston,818,Abordable,2026-03-04
4998,multicut,818,Abordable,2026-03-04
4999,CrunchEastwooD,818,Abordable,2026-03-04
5000,marc_gchd,818,Abordable,2026-03-04
5001,yann_m15,818,Abordable,2026-03-04
5002,haizaaki,818,Abordable,2026-03-04
5003,quentin_1993,818,Abordable,2026-03-04
5004,trtjuliette,817,Abordable,2026-03-04
5005,ftfade3,817,Abordable,2026-03-04
5006,nldp_,817,Abordable,2026-03-04
5007,Beerslayer06,817,Abordable,2026-03-04
5008,iovationn,817,Abordable,2026-03-04
5009,anto_8544,816,Abordable,2026-03-04
5010,salutdddh,816,Abordable,2026-03-04
5011,mathiiIde_,816,Abordable,2026-03-04
5012,stupidzigounet,816,Abordable,2026-03-04
5013,maveriq10,816,Abordable,2026-03-04
5014,vickivicko1,816,Abordable,2026-03-04
5015,J0kehhh,816,Abordable,2026-03-04
5016,clocloasse,815,Abordable,2026-03-04
5017,sefffar,815,Abordable,2026-03-04
5018,carlosmir96,815,Abordable,2026-03-04
5019,Gali_LAlligator,815,Abordable,2026-03-04
5020,cyrrey,815,Abordable,2026-03-04
5021,lecholismo_,815,Abordable,2026-03-04
5022,luckysamesam,815,Abordable,2026-03-04
5023,isaidol,815,Abordable,2026-03-04
5024,GT_Mano,815,Abordable,2026-03-04
5025,lagigacoc,814,Abordable,2026-03-04
5026,kcinna19,814,Abordable,2026-03-04
5027,golrad,814,Abordable,2026-03-04
5028,dorian_p_,814,Abordable,2026-03-04
5029,scurt51,814,Abordable,2026-03-04
5030,annhe156464,814,Abordable,2026-03-04
5031,imevolution1x,814,Abordable,2026-03-04
5032,nicoyon29,814,Abordable,2026-03-04
5033,utopie_r,814,Abordable,2026-03-04
5034,tvX3NON,814,Abordable,2026-03-04
5035,worstps5player,814,Abordable,2026-03-04
5036,kiraletp,813,Abordable,2026-03-04
5037,Amii____,813,Abordable,2026-03-04
5038,faucond0r,813,Abordable,2026-03-04
5039,fannym72,813,Abordable,2026-03-04
5040,littleeewolf,813,Abordable,2026-03-04
5041,keketor70000,813,Abordable,2026-03-04
5042,paad84,813,Abordable,2026-03-04
5043,markaragnos501,813,Abordable,2026-03-04
5044,touklakos___,813,Abordable,2026-03-04
5045,diwine26,813,Abordable,2026-03-04
5046,jadees_88,813,Abordable,2026-03-04
5047,sun713705,813,Abordable,2026-03-04
5048,Sebino,813,Abordable,2026-03-04
5049,ehmelon,813,Abordable,2026-03-04
5050,chpupi,813,Abordable,2026-03-04
5051,TwIx_PVP_,812,Abordable,2026-03-04
5052,Zilbabg,812,Abordable,2026-03-04
5053,lorilis,812,Abordable,2026-03-04
5054,j0n77,812,Abordable,2026-03-04
5055,maitre_hawk,812,Abordable,2026-03-04
5056,alafi__,812,Abordable,2026-03-04
5057,zeddou7,812,Abordable,2026-03-04
5058,niwiarz,812,Abordable,2026-03-04
5059,exploseurdanus2000,811,Abordable,2026-03-04
5060,gylgrissom,811,Abordable,2026-03-04
5061,nicopauls,811,Abordable,2026-03-04
5062,apple7954,811,Abordable,2026-03-04
5063,ujjutz,811,Abordable,2026-03-04
5064,panda_roux02,811,Abordable,2026-03-04
5065,cybernetic85,811,Abordable,2026-03-04
5066,teo_bnmr,811,Abordable,2026-03-04
5067,baglzz,811,Abordable,2026-03-04
5068,pedro6974,811,Abordable,2026-03-04
5069,avalam63,811,Abordable,2026-03-04
5070,beringeid,811,Abordable,2026-03-04
5071,Particulle,811,Abordable,2026-03-04
5072,cyrda_,810,Abordable,2026-03-04
5073,pierrbrn,810,Abordable,2026-03-04
5074,tolo76,810,Abordable,2026-03-04
5075,RobertPlatine,810,Abordable,2026-03-04
5076,adritrap,810,Abordable,2026-03-04
5077,lehiatus,810,Abordable,2026-03-04
5078,debdebmushi,810,Abordable,2026-03-04
5079,hmeu45,810,Abordable,2026-03-04
5080,grosveineux85,810,Abordable,2026-03-04
5081,lufffffyyyyy,810,Abordable,2026-03-04
5082,Chqrline,810,Abordable,2026-03-04
5083,diane_stan,810,Abordable,2026-03-04
5084,tgrey26,810,Abordable,2026-03-04
5085,zetaxc25,810,Abordable,2026-03-04
5086,camillermnd,810,Abordable,2026-03-04
5087,lea_vndr,810,Abordable,2026-03-04
5088,mat__bln,810,Abordable,2026-03-04
5089,estebanesteban98,810,Abordable,2026-03-04
5090,mathis_potager,810,Abordable,2026-03-04
5091,lalbert35,810,Abordable,2026-03-04
5092,MrCotFish,809,Abordable,2026-03-04
5093,O_Tawa,809,Abordable,2026-03-04
5094,eaterz6,809,Abordable,2026-03-04
5095,shadgard_,809,Abordable,2026-03-04
5096,delire_rousse_1312,809,Abordable,2026-03-04
5097,carlota_1321,808,Abordable,2026-03-04
5098,elPebzer,808,Abordable,2026-03-04
5099,lagon1009,808,Abordable,2026-03-04
5100,tst212,808,Abordable,2026-03-04
5101,damelelou,808,Abordable,2026-03-04
5102,enzolebogose,808,Abordable,2026-03-04
5103,titoulehibou,808,Abordable,2026-03-04
5104,alabrosse23,808,Abordable,2026-03-04
5105,marioneliden,808,Abordable,2026-03-04
5106,teooo12__,808,Abordable,2026-03-04
5107,jorie78,807,Abordable,2026-03-04
5108,nanouma34,807,Abordable,2026-03-04
5109,mikaduboutte,807,Abordable,2026-03-04
5110,myst_09_2025,807,Abordable,2026-03-04
5111,Racynnes,807,Abordable,2026-03-04
5112,philllliiiii,807,Abordable,2026-03-04
5113,pour628combien,807,Abordable,2026-03-04
5114,hysmarae,807,Abordable,2026-03-04
5115,astrophysi_cee_ene,806,Abordable,2026-03-04
5116,Z4RM,806,Abordable,2026-03-04
5117,averageyouth,806,Abordable,2026-03-04
5118,mulef78,806,Abordable,2026-03-04
5119,melanight1203,806,Abordable,2026-03-04
5120,Nixo1333,806,Abordable,2026-03-04
5121,maevaricelle,806,Abordable,2026-03-04
5122,Clempok1026_,806,Abordable,2026-03-04
5123,colinson_10,806,Abordable,2026-03-04
5124,After_Edits,805,Abordable,2026-03-04
5125,DG_Sebator11,805,Abordable,2026-03-04
5126,leo7128,805,Abordable,2026-03-04
5127,ju98_,805,Abordable,2026-03-04
5128,christoschriss,805,Abordable,2026-03-04
5129,emiplooo,805,Abordable,2026-03-04
5130,triniteomois,805,Abordable,2026-03-04
5131,rob1bouchet,805,Abordable,2026-03-04
5132,totony44830,805,Abordable,2026-03-04
5133,sebastienosaurus_recx,805,Abordable,2026-03-04
5134,Skymonn,805,Abordable,2026-03-04
5135,improsteur,804,Abordable,2026-03-04
5136,lucas_dlprt,804,Abordable,2026-03-04
5137,Tehk_Now,804,Abordable,2026-03-04
5138,lasalle1205,804,Abordable,2026-03-04
5139,theolgrs,804,Abordable,2026-03-04
5140,yugzr,804,Abordable,2026-03-04
5141,nanachii93,804,Abordable,2026-03-04
5142,heisenberg2729,804,Abordable,2026-03-04
5143,FeedLJR,804,Abordable,2026-03-04
5144,igamii_,804,Abordable,2026-03-04
5145,hiyoko_and_kitties,804,Abordable,2026-03-04
5146,aveyarkov,803,Abordable,2026-03-04
5147,M00n_Hero,803,Abordable,2026-03-04
5148,nicochrls,803,Abordable,2026-03-04
5149,maellementaire,803,Abordable,2026-03-04
5150,asaplalways,803,Abordable,2026-03-04
5151,Axlouf_,802,Abordable,2026-03-04
5152,julien923,802,Abordable,2026-03-04
5153,Shogaro,802,Abordable,2026-03-04
5154,lakhdar1607,802,Abordable,2026-03-04
5155,alanacca69001,802,Abordable,2026-03-04
5156,l1sa_f,802,Abordable,2026-03-04
5157,marion_fd,802,Abordable,2026-03-04
5158,KCNahtan,802,Abordable,2026-03-04
5159,rosdoxx,802,Abordable,2026-03-04
5160,lucylel9,802,Abordable,2026-03-04
5161,gothisak,802,Abordable,2026-03-04
5162,lucxxs78,802,Abordable,2026-03-04
5163,tutusse_01,802,Abordable,2026-03-04
5164,LeJawadien,802,Abordable,2026-03-04
5165,ju_le_100,802,Abordable,2026-03-04
5166,Vincentissime,802,Abordable,2026-03-04
5167,r0r0z3r,801,Abordable,2026-03-04
5169,theolanquetin,801,Abordable,2026-03-04
5170,Larson__9,801,Abordable,2026-03-04
5171,remip_14,801,Abordable,2026-03-04
5172,didb12,801,Abordable,2026-03-04
5173,lilas_celeste,801,Abordable,2026-03-04
5174,kmeuh,801,Abordable,2026-03-04
5175,MrYannSan,801,Abordable,2026-03-04
5176,map35a,801,Abordable,2026-03-04
5177,trottinette60,800,Abordable,2026-03-04
5178,Nepthib,800,Abordable,2026-03-04
5179,joyce8212,800,Abordable,2026-03-04
5180,tetsyomi,800,Abordable,2026-03-04
5181,svendaym,800,Abordable,2026-03-04
5183,lrouzeval,800,Abordable,2026-03-04
5184,theraven2806,800,Abordable,2026-03-04
5185,Ruyuik,800,Abordable,2026-03-04
5186,jento86,800,Abordable,2026-03-04
5187,isabelledsf,800,Abordable,2026-03-04
5188,mattmattador,800,Abordable,2026-03-04
5189,boulebizard8,799,Abordable,2026-03-04
5190,valjour,799,Abordable,2026-03-04
5191,Deklain_,799,Abordable,2026-03-04
5192,dzofie,799,Abordable,2026-03-04
5193,Youplaboum42,799,Abordable,2026-03-04
5194,nikoko,799,Abordable,2026-03-04
5195,apolline2010,799,Abordable,2026-03-04
5196,mylenemozza,799,Abordable,2026-03-04
5197,kingg_4995,799,Abordable,2026-03-04
5198,antofwar_,798,Abordable,2026-03-04
5199,juliecolier,798,Abordable,2026-03-04
5200,hvnt_r,798,Abordable,2026-03-04
5201,Spaaara_,798,Abordable,2026-03-04
5202,mlx974,798,Abordable,2026-03-04
5203,Souuulli,798,Abordable,2026-03-04
5204,jujussse,798,Abordable,2026-03-04
5205,ew0ne,798,Abordable,2026-03-04
5206,dramacoum,798,Abordable,2026-03-04
5207,Coralielwt,798,Abordable,2026-03-04
5208,jiji15250,798,Abordable,2026-03-04
5209,ohhtrennq,797,Abordable,2026-03-04
5210,aspi4777,797,Abordable,2026-03-04
5211,riquetdu37,797,Abordable,2026-03-04
5212,alex_pingg,797,Abordable,2026-03-04
5213,nobodylikeit,797,Abordable,2026-03-04
5214,annemupm,797,Abordable,2026-03-04
5215,matthisbienfait,797,Abordable,2026-03-04
5216,Tibogecko59,797,Abordable,2026-03-04
5217,PlanctonCosmique,797,Abordable,2026-03-04
5218,Vheron_,797,Abordable,2026-03-04
5219,aliaxx05,797,Abordable,2026-03-04
5220,damien3110,797,Abordable,2026-03-04
5221,Sangsue_Alitee,797,Abordable,2026-03-04
5222,mathbachelier,796,Abordable,2026-03-04
5223,tintin2oo4,796,Abordable,2026-03-04
5224,raphiky,796,Abordable,2026-03-04
5225,mgndpt,796,Abordable,2026-03-04
5226,justinettutina,796,Abordable,2026-03-04
5227,un3sly,796,Abordable,2026-03-04
5228,evabrnd,796,Abordable,2026-03-04
5229,LilithMajor,796,Abordable,2026-03-04
5230,Smaxkiller,796,Abordable,2026-03-04
5231,paulux_75,795,Abordable,2026-03-04
5232,PadaiOS,795,Abordable,2026-03-04
5233,icyfox_08,795,Abordable,2026-03-04
5234,mummypatatino,795,Abordable,2026-03-04
5235,standotcow,795,Abordable,2026-03-04
5236,kalaneombre,795,Abordable,2026-03-04
5237,oceaane_7,795,Abordable,2026-03-04
5238,GrayFooxX,795,Abordable,2026-03-04
5239,pluto_090708,795,Abordable,2026-03-04
5240,chome36,795,Abordable,2026-03-04
5241,dondiego6818_,795,Abordable,2026-03-04
5242,frnt85,795,Abordable,2026-03-04
5243,dellybellules,794,Abordable,2026-03-04
5244,maelululu,794,Abordable,2026-03-04
5245,loic_sta,794,Abordable,2026-03-04
5246,Chaoury,794,Abordable,2026-03-04
5247,bloupsi1036,794,Abordable,2026-03-04
5248,HarisTheFrenchMonster,794,Abordable,2026-03-04
5249,wiper33,794,Abordable,2026-03-04
5250,yusledragibus,794,Abordable,2026-03-04
5251,mrgxxxx,794,Abordable,2026-03-04
5252,traulle,794,Abordable,2026-03-04
5253,ZenysDrago,794,Abordable,2026-03-04
5254,laff_tssr,793,Abordable,2026-03-04
5255,Phantom_du_Live,793,Abordable,2026-03-04
5256,Gloups,793,Abordable,2026-03-04
5257,archiduc_devineta,793,Abordable,2026-03-04
5258,AlexanderAmarok,793,Abordable,2026-03-04
5259,yannick_72,793,Abordable,2026-03-04
5260,eshiloe,793,Abordable,2026-03-04
5261,matuszak5,793,Abordable,2026-03-04
5262,feizako_bs,793,Abordable,2026-03-04
5263,jeanfilmonpantalon,792,Abordable,2026-03-04
5264,enzo47l,792,Abordable,2026-03-04
5265,la_chouette07,792,Abordable,2026-03-04
5266,MrArthug,792,Abordable,2026-03-04
5267,sphinx355,792,Abordable,2026-03-04
5268,Bapt08077,792,Abordable,2026-03-04
5269,aurooooore_,791,Abordable,2026-03-04
5270,yannou73,791,Abordable,2026-03-04
5271,le_koala01,791,Abordable,2026-03-04
5272,aequiii,791,Abordable,2026-03-04
5273,nonamnitud,791,Abordable,2026-03-04
5274,cailloce,791,Abordable,2026-03-04
5275,kot_db,791,Abordable,2026-03-04
5276,shadowandhopes,791,Abordable,2026-03-04
5277,ZachLeStream,791,Abordable,2026-03-04
5278,fewart24,791,Abordable,2026-03-04
5279,babouchesakho,791,Abordable,2026-03-04
5280,Nevarem,791,Abordable,2026-03-04
5281,Taciturne4463,791,Abordable,2026-03-04
5282,Comme_une_ombre,790,Abordable,2026-03-04
5283,tristzerr,790,Abordable,2026-03-04
5284,thebunouf,790,Abordable,2026-03-04
5285,Enitnemelc,790,Abordable,2026-03-04
5286,romain_jcq,790,Abordable,2026-03-04
5287,alexlemonthe,790,Abordable,2026-03-04
5288,intersideral,790,Abordable,2026-03-04
5289,falidro,790,Abordable,2026-03-04
5290,RequiesPace,789,Abordable,2026-03-04
5291,marieth_2770,789,Abordable,2026-03-04
5292,linaabja,789,Abordable,2026-03-04
5293,hulot3012,789,Abordable,2026-03-04
5294,furose,789,Abordable,2026-03-04
5295,PetitEcureuil,789,Abordable,2026-03-04
5296,claradch27,789,Abordable,2026-03-04
5297,dubunours,789,Abordable,2026-03-04
5298,ktrlis,789,Abordable,2026-03-04
5299,willimouz,789,Abordable,2026-03-04
5300,gael_hnz,789,Abordable,2026-03-04
5301,freez_elbg,789,Abordable,2026-03-04
5302,AVistaDeNas,789,Abordable,2026-03-04
5303,pierrepier5,789,Abordable,2026-03-04
5304,tomben3345,789,Abordable,2026-03-04
5305,chewbagirl,788,Abordable,2026-03-04
5306,RiquittaSanchez,788,Abordable,2026-03-04
5307,Ahoge_master,788,Abordable,2026-03-04
5308,kikinoellie,788,Abordable,2026-03-04
5309,Don_Djanggo,788,Abordable,2026-03-04
5310,qghr_,788,Abordable,2026-03-04
5311,Supermousin,788,Abordable,2026-03-04
5312,diopt_ase,788,Abordable,2026-03-04
5313,huguesletemplier,787,Abordable,2026-03-04
5314,lingover,787,Abordable,2026-03-04
5315,WalkCrow,787,Abordable,2026-03-04
5316,mar_yen,787,Abordable,2026-03-04
5317,donyzi,787,Abordable,2026-03-04
5318,Asm0ze,786,Abordable,2026-03-04
5319,Micare22,786,Abordable,2026-03-04
5320,watson1998_,786,Abordable,2026-03-04
5321,jmichellllll,786,Abordable,2026-03-04
5322,MiniBenoit,786,Abordable,2026-03-04
5323,lolog_44,786,Abordable,2026-03-04
5324,fab_412,786,Abordable,2026-03-04
5325,comep8,786,Abordable,2026-03-04
5326,Nesayane,786,Abordable,2026-03-04
5327,VertJanus_,786,Abordable,2026-03-04
5328,Maneex__,785,Abordable,2026-03-04
5329,redstarsquirell,785,Abordable,2026-03-04
5330,trithom23,785,Abordable,2026-03-04
5331,pipit_farlcgr,785,Abordable,2026-03-04
5332,IroonWhite,785,Abordable,2026-03-04
5333,LicorneMagique77,785,Abordable,2026-03-04
5334,milobonnet,785,Abordable,2026-03-04
5335,sixbears6,785,Abordable,2026-03-04
5336,sarahthr,785,Abordable,2026-03-04
5337,fonlavesqui,785,Abordable,2026-03-04
5338,longlivestan13,784,Abordable,2026-03-04
5339,flavi1___,784,Abordable,2026-03-04
5340,clemtouille107,784,Abordable,2026-03-04
5341,n_thor,784,Abordable,2026-03-04
5342,farlgerann,784,Abordable,2026-03-04
5343,oriane2409,784,Abordable,2026-03-04
5344,afghangoat,784,Abordable,2026-03-04
5345,drbengg,784,Abordable,2026-03-04
5346,legaut18,784,Abordable,2026-03-04
5347,crobicho,784,Abordable,2026-03-04
5348,Apparence,784,Abordable,2026-03-04
5349,linhaotara,783,Abordable,2026-03-04
5350,beretlanes,783,Abordable,2026-03-04
5351,alexjoker1608,783,Abordable,2026-03-04
5352,KikejMAGGLE,783,Abordable,2026-03-04
5353,Baccirus,783,Abordable,2026-03-04
5354,tytuuuuuuu,783,Abordable,2026-03-04
5355,berteye7,783,Abordable,2026-03-04
5356,zouzettte,783,Abordable,2026-03-04
5357,shomyko,783,Abordable,2026-03-04
5358,AerGamedev,782,Abordable,2026-03-04
5359,El_Concombre,782,Abordable,2026-03-04
5360,nomimi10,782,Abordable,2026-03-04
5361,Jalaga,782,Abordable,2026-03-04
5362,caammiiii_,782,Abordable,2026-03-04
5363,its_balkab,782,Abordable,2026-03-04
5364,coco23671,782,Abordable,2026-03-04
5365,zaynwtf_,782,Abordable,2026-03-04
5366,Kannyara,782,Abordable,2026-03-04
5367,benj77680,782,Abordable,2026-03-04
5368,Healinski,782,Abordable,2026-03-04
5369,XxXTheDarkLicorne42XxX,782,Abordable,2026-03-04
5370,wilougraou,782,Abordable,2026-03-04
5371,Tuilespaprika,781,Abordable,2026-03-04
5372,emyyyyyyyyyyy5555555,781,Abordable,2026-03-04
5373,Kernatol,781,Abordable,2026-03-04
5374,eperw46,781,Abordable,2026-03-04
5375,emeuhx,781,Abordable,2026-03-04
5376,Kaizonic,781,Abordable,2026-03-04
5377,Krotaaas,781,Abordable,2026-03-04
5378,maxou111_,780,Abordable,2026-03-04
5379,Hisoris,780,Abordable,2026-03-04
5380,benkinge,780,Abordable,2026-03-04
5381,la_cocotte_de_l_espace,780,Abordable,2026-03-04
5382,mohabb38,780,Abordable,2026-03-04
5383,WayUnderground,780,Abordable,2026-03-04
5384,cacamimi77,780,Abordable,2026-03-04
5385,miette_de_patate,780,Abordable,2026-03-04
5386,vincenzo35230,780,Abordable,2026-03-04
5387,xxdiegoxx56,780,Abordable,2026-03-04
5388,supmekoala,780,Abordable,2026-03-04
5389,lolideluxe,780,Abordable,2026-03-04
5390,pps2b,780,Abordable,2026-03-04
5391,alrunicornet,780,Abordable,2026-03-04
5392,so_mrr,780,Abordable,2026-03-04
5393,mister_tjo,779,Abordable,2026-03-04
5394,BjrDorian,779,Abordable,2026-03-04
5395,HerleyPan,779,Abordable,2026-03-04
5396,eemdevil,779,Abordable,2026-03-04
5397,AEG_Benammus,779,Abordable,2026-03-04
5398,clmchrt,779,Abordable,2026-03-04
5399,fanlugia1,779,Abordable,2026-03-04
5400,alboukerke,779,Abordable,2026-03-04
5401,noxylithe,779,Abordable,2026-03-04
5402,Monsieur__K__,779,Abordable,2026-03-04
5403,AntoineXVI_,779,Abordable,2026-03-04
5404,clemrev85,779,Abordable,2026-03-04
5405,foulimage,779,Abordable,2026-03-04
5406,lil_cakke,778,Abordable,2026-03-04
5407,marine24630,778,Abordable,2026-03-04
5408,thenassi,778,Abordable,2026-03-04
5409,emmacptn_,778,Abordable,2026-03-04
5410,meteor21x,778,Abordable,2026-03-04
5411,Adar59,778,Abordable,2026-03-04
5412,AllStarZz_,778,Abordable,2026-03-04
5413,emie_qssc,778,Abordable,2026-03-04
5414,royalbrioche,778,Abordable,2026-03-04
5415,KC_Feloux,778,Abordable,2026-03-04
5416,Tarkhol,777,Abordable,2026-03-04
5417,Lycaon_tminh,777,Abordable,2026-03-04
5418,onestufflevrai,777,Abordable,2026-03-04
5419,psg750,777,Abordable,2026-03-04
5420,EmiEmo02,777,Abordable,2026-03-04
5421,toinezouz,777,Abordable,2026-03-04
5422,klara_0711,777,Abordable,2026-03-04
5423,Escobarix,776,Abordable,2026-03-04
5424,another_deidara,776,Abordable,2026-03-04
5425,digoarj,776,Abordable,2026-03-04
5426,kaboumza85,776,Abordable,2026-03-04
5427,trynoos,776,Abordable,2026-03-04
5428,Amixtub,776,Abordable,2026-03-04
5429,Maxdb90,775,Abordable,2026-03-04
5430,MagicSarma,775,Abordable,2026-03-04
5431,the_gros_rat,775,Abordable,2026-03-04
5432,capeverglas,775,Abordable,2026-03-04
5433,Midowo,775,Abordable,2026-03-04
5434,cramptex,774,Abordable,2026-03-04
5435,charmandprout,774,Abordable,2026-03-04
5436,Thenaluna,774,Abordable,2026-03-04
5437,Redjy84,774,Abordable,2026-03-04
5438,Olvibo,774,Abordable,2026-03-04
5439,pataflex31,774,Abordable,2026-03-04
5440,loulekaty,774,Abordable,2026-03-04
5441,nolwenn0301,774,Abordable,2026-03-04
5442,b0fuox,774,Abordable,2026-03-04
5443,tirciis,773,Abordable,2026-03-04
5444,sandrasospoir,773,Abordable,2026-03-04
5445,Hinochi_,773,Abordable,2026-03-04
5446,Superluigi950,773,Abordable,2026-03-04
5447,cyril8831012,773,Abordable,2026-03-04
5448,florianlzn,773,Abordable,2026-03-04
5449,ssybele,773,Abordable,2026-03-04
5450,M8_juweyz,773,Abordable,2026-03-04
5451,anto_pct,773,Abordable,2026-03-04
5452,technologie06,773,Abordable,2026-03-04
5453,heloiserdnt,773,Abordable,2026-03-04
5454,maheru_,773,Abordable,2026-03-04
5455,ne0_51,772,Abordable,2026-03-04
5456,Poppeiii,772,Abordable,2026-03-04
5457,ninamnr,772,Abordable,2026-03-04
5458,chatwist22,772,Abordable,2026-03-04
5459,igavroche,772,Abordable,2026-03-04
5460,lperr8,772,Abordable,2026-03-04
5461,charlotteg4,772,Abordable,2026-03-04
5462,nonoboul,772,Abordable,2026-03-04
5463,solli_dg,772,Abordable,2026-03-04
5464,sshade33,772,Abordable,2026-03-04
5465,petitcroissant38,771,Abordable,2026-03-04
5466,Kahaniel,771,Abordable,2026-03-04
5467,calouxwitch,771,Abordable,2026-03-04
5468,falgarr,771,Abordable,2026-03-04
5469,Nentiss_,771,Abordable,2026-03-04
5470,Leroms1,771,Abordable,2026-03-04
5471,bnk3rrr,771,Abordable,2026-03-04
5472,eduaaru,771,Abordable,2026-03-04
5473,flo_oo00,771,Abordable,2026-03-04
5474,toniooo77,770,Abordable,2026-03-04
5475,fushighuroh,770,Abordable,2026-03-04
5476,apeyx37300,770,Abordable,2026-03-04
5477,lnoah1,770,Abordable,2026-03-04
5478,ggdegolfe4,770,Abordable,2026-03-04
5479,lenagnes,770,Abordable,2026-03-04
5480,raphaeel08,770,Abordable,2026-03-04
5481,loicmpax,770,Abordable,2026-03-04
5482,TintinInvisible,770,Abordable,2026-03-04
5483,sunjuux3,770,Abordable,2026-03-04
5484,memerrex,770,Abordable,2026-03-04
5485,mx10_pclrsx,770,Abordable,2026-03-04
5486,helios2643,770,Abordable,2026-03-04
5487,Jaimyys,770,Abordable,2026-03-04
5488,louwkaas,770,Abordable,2026-03-04
5489,pierrefixe5,769,Abordable,2026-03-04
5490,nelgintam,769,Abordable,2026-03-04
5491,PercevaI_,769,Abordable,2026-03-04
5492,raphlamenace123,769,Abordable,2026-03-04
5493,clarycems23,769,Abordable,2026-03-04
5494,swogii,769,Abordable,2026-03-04
5495,rayython,769,Abordable,2026-03-04
5496,tomzer10,768,Abordable,2026-03-04
5497,badmad357,768,Abordable,2026-03-04
5498,Yoyopite,768,Abordable,2026-03-04
5499,vever2134,768,Abordable,2026-03-04
5500,tinael_dfc,768,Abordable,2026-03-04
5501,yaonxv,768,Abordable,2026-03-04
5502,bolchepitch,768,Abordable,2026-03-04
5503,phoenix125603,768,Abordable,2026-03-04
5504,violetterhr,768,Abordable,2026-03-04
5505,luusssee,768,Abordable,2026-03-04
5506,StarDreams_,768,Abordable,2026-03-04
5507,nino_jo_,768,Abordable,2026-03-04
5508,theolebgdu35,767,Abordable,2026-03-04
5509,manypiment,767,Abordable,2026-03-04
5510,xavh28,767,Abordable,2026-03-04
5511,badgones_umtiti,767,Abordable,2026-03-04
5512,meyouxx,767,Abordable,2026-03-04
5513,theovtie,767,Abordable,2026-03-04
5514,celia1408,767,Abordable,2026-03-04
5515,Mimirtylle,767,Abordable,2026-03-04
5516,furiousgaming_26,767,Abordable,2026-03-04
5517,larbex10,766,Abordable,2026-03-04
5518,bika4262d,766,Abordable,2026-03-04
5519,mogiwan,766,Abordable,2026-03-04
5520,Pixounouille,766,Abordable,2026-03-04
5521,KC_Fekirinho,766,Abordable,2026-03-04
5522,alexus_369,766,Abordable,2026-03-04
5523,tajineee_,766,Abordable,2026-03-04
5524,bloptius,766,Abordable,2026-03-04
5525,smaug_san,765,Abordable,2026-03-04
5526,Kafla__,765,Abordable,2026-03-04
5527,Luthis_IV,765,Abordable,2026-03-04
5529,legendbonobo,765,Abordable,2026-03-04
5530,Notitou,765,Abordable,2026-03-04
5531,achanvin,764,Abordable,2026-03-04
5532,Mysto_OPFR,764,Abordable,2026-03-04
5533,gbberu,764,Abordable,2026-03-04
5534,Bej3be,764,Abordable,2026-03-04
5535,ronantourlouuuupe,764,Abordable,2026-03-04
5536,lhea_b,764,Abordable,2026-03-04
5537,oumsafiya69,764,Abordable,2026-03-04
5538,leseuletuniquey,764,Abordable,2026-03-04
5539,tom_460,764,Abordable,2026-03-04
5540,abysmes,764,Abordable,2026-03-04
5541,Naathan___,764,Abordable,2026-03-04
5542,jeannedelneste,763,Abordable,2026-03-04
5543,emorej81290,763,Abordable,2026-03-04
5544,lea0199,763,Abordable,2026-03-04
5545,celinou7,763,Abordable,2026-03-04
5546,lozn27,763,Abordable,2026-03-04
5547,Killeutt,763,Abordable,2026-03-04
5549,SaugeBleu,762,Abordable,2026-03-04
5550,Clemmenntt,762,Abordable,2026-03-04
5551,asterie__,762,Abordable,2026-03-04
5552,ItebZz_,762,Abordable,2026-03-04
5553,garriesk,762,Abordable,2026-03-04
5554,lamyaya07,762,Abordable,2026-03-04
5555,RokkyPai,761,Abordable,2026-03-04
5556,cristaltym,761,Abordable,2026-03-04
5557,claraspberry,761,Abordable,2026-03-04
5558,pattenrond94,761,Abordable,2026-03-04
5559,laurinef38,761,Abordable,2026-03-04
5560,carolteagirl,761,Abordable,2026-03-04
5561,Gougou05D,761,Abordable,2026-03-04
5562,SpadoS,761,Abordable,2026-03-04
5563,dinoshan_11,761,Abordable,2026-03-04
5564,SuperCookie37,761,Abordable,2026-03-04
5565,luludnv22,761,Abordable,2026-03-04
5566,quentin141185,760,Abordable,2026-03-04
5567,plaquette2frein961,760,Abordable,2026-03-04
5568,andrea3974,760,Abordable,2026-03-04
5569,parabellumen,760,Abordable,2026-03-04
5570,Kaeleborn,760,Abordable,2026-03-04
5571,Tezahc,760,Abordable,2026-03-04
5572,poulpirex,760,Abordable,2026-03-04
5573,louuann,760,Abordable,2026-03-04
5574,Jaask__,760,Abordable,2026-03-04
5575,Kotaplasm,760,Abordable,2026-03-04
5576,manouya2,759,Abordable,2026-03-04
5577,xaelo668,759,Abordable,2026-03-04
5578,bababucks,759,Abordable,2026-03-04
5579,oumpaloumps,759,Abordable,2026-03-04
5580,xxhello03xx,759,Abordable,2026-03-04
5581,aureltom,759,Abordable,2026-03-04
5582,lilitous23,759,Abordable,2026-03-04
5583,dalaxie,759,Abordable,2026-03-04
5584,jacquzi,759,Abordable,2026-03-04
5585,CanaBeer81,758,Abordable,2026-03-04
5586,kev_482,758,Abordable,2026-03-04
5587,melina_bd,758,Abordable,2026-03-04
5588,gabribusss,758,Abordable,2026-03-04
5589,trobidon_,758,Abordable,2026-03-04
5590,laurianerbld,758,Abordable,2026-03-04
5591,matdu_51,758,Abordable,2026-03-04
5592,odessaxrx,758,Abordable,2026-03-04
5593,neptune_and_co,758,Abordable,2026-03-04
5594,loloperdro,758,Abordable,2026-03-04
5595,Kwev,758,Abordable,2026-03-04
5596,Bresko_Emc,758,Abordable,2026-03-04
5597,claire_12b,757,Abordable,2026-03-04
5598,Cailloux_q,757,Abordable,2026-03-04
5599,ge0geoo,757,Abordable,2026-03-04
5600,Silasrashnak666,757,Abordable,2026-03-04
5601,millat99,756,Abordable,2026-03-04
5602,teoulea8,756,Abordable,2026-03-04
5603,MrSkorpiox,756,Abordable,2026-03-04
5604,clementm31,756,Abordable,2026-03-04
5605,cissou3324,756,Abordable,2026-03-04
5606,amaryss_8,756,Abordable,2026-03-04
5607,alexandresazy,756,Abordable,2026-03-04
5608,gwen230,756,Abordable,2026-03-04
5609,emmacarenaaa12,756,Abordable,2026-03-04
5610,Riiths,756,Abordable,2026-03-04
5611,floryan_evlt,756,Abordable,2026-03-04
5612,maxtrizz,756,Abordable,2026-03-04
5613,Pjvlt,755,Abordable,2026-03-04
5614,riddchan,755,Abordable,2026-03-04
5615,nithen310000,755,Abordable,2026-03-04
5616,atchoum3456,755,Abordable,2026-03-04
5617,carltipout,755,Abordable,2026-03-04
5618,Taerrann,755,Abordable,2026-03-04
5619,delbosque35,755,Abordable,2026-03-04
5620,heimana02,754,Abordable,2026-03-04
5621,eva_606,754,Abordable,2026-03-04
5622,trix_g1,754,Abordable,2026-03-04
5623,topaze2008,754,Abordable,2026-03-04
5624,Benji45275,754,Abordable,2026-03-04
5625,blakmik_,754,Abordable,2026-03-04
5626,cella3e,754,Abordable,2026-03-04
5627,catiehercule,754,Abordable,2026-03-04
5628,Ratman258,754,Abordable,2026-03-04
5629,Aiyarij,754,Abordable,2026-03-04
5630,dracsou,754,Abordable,2026-03-04
5631,przpyrrhula,754,Abordable,2026-03-04
5632,dz13_,754,Abordable,2026-03-04
5633,Kamapomi,754,Abordable,2026-03-04
5634,firewhool,754,Abordable,2026-03-04
5635,lecycliste023,754,Abordable,2026-03-04
5636,geof7971,753,Abordable,2026-03-04
5637,quentinsagnespages,753,Abordable,2026-03-04
5638,levanort,753,Abordable,2026-03-04
5639,far_innn,753,Abordable,2026-03-04
5640,jokair09,753,Abordable,2026-03-04
5641,BlopBlop2012,753,Abordable,2026-03-04
5642,Organicbro666,753,Abordable,2026-03-04
5643,Guitouuu,753,Abordable,2026-03-04
5644,aureliedmt,752,Abordable,2026-03-04
5645,arthur20171066,752,Abordable,2026-03-04
5646,poison_guy_,752,Abordable,2026-03-04
5647,cassocios,752,Abordable,2026-03-04
5648,klausye,752,Abordable,2026-03-04
5649,hpo59,752,Abordable,2026-03-04
5650,ophe_j,752,Abordable,2026-03-04
5651,pierrotdellaluna56100,752,Abordable,2026-03-04
5652,M8_Cuzco,751,Abordable,2026-03-04
5653,yohantrouvin2,751,Abordable,2026-03-04
5654,musaraygne,751,Abordable,2026-03-04
5655,StarTheTop,751,Abordable,2026-03-04
5656,Gurgarath,750,Abordable,2026-03-04
5657,YufuLaPeche,750,Abordable,2026-03-04
5658,Zephis11,750,Abordable,2026-03-04
5659,jorundledechu,750,Abordable,2026-03-04
5660,LivreFrank,750,Abordable,2026-03-04
5661,sut3k1na,750,Abordable,2026-03-04
5662,depgui,750,Abordable,2026-03-04
5663,Sirlys,750,Abordable,2026-03-04
5664,melseg2010,750,Abordable,2026-03-04
5665,tibro_,750,Abordable,2026-03-04
5666,fannyfvrg,750,Abordable,2026-03-04
5667,EmkirTano,750,Abordable,2026-03-04
5668,lenarobase,750,Abordable,2026-03-04
5669,erupto_,750,Abordable,2026-03-04
5670,YounggPablo,750,Abordable,2026-03-04
5671,Pipou_47,750,Abordable,2026-03-04
5672,Araclove31,750,Abordable,2026-03-04
5673,florian_torres,750,Abordable,2026-03-04
5674,Shaaru_,750,Abordable,2026-03-04
5675,LeonRillettes,749,Abordable,2026-03-04
5676,liyu06,749,Abordable,2026-03-04
5677,cath2180,749,Abordable,2026-03-04
5678,mlg_plq,749,Abordable,2026-03-04
5679,filmo_,749,Abordable,2026-03-04
5680,jocondien56,749,Abordable,2026-03-04
5681,Lyaass_,749,Abordable,2026-03-04
5682,fanganf,749,Abordable,2026-03-04
5683,waldersaab,749,Abordable,2026-03-04
5684,azukesen,748,Abordable,2026-03-04
5685,darkmater164,748,Abordable,2026-03-04
5686,ginnosss,748,Abordable,2026-03-04
5687,cellinnem,748,Abordable,2026-03-04
5688,lucie250903,748,Abordable,2026-03-04
5689,Cokotier,748,Abordable,2026-03-04
5690,yav_jr,748,Abordable,2026-03-04
5691,Thomatoh,748,Abordable,2026-03-04
5692,arkysflexonurmom,748,Abordable,2026-03-04
5693,roolerfan,748,Abordable,2026-03-04
5694,PoLLux5,748,Abordable,2026-03-04
5695,kooy535,748,Abordable,2026-03-04
5696,Fikdaan,748,Abordable,2026-03-04
5697,Rayleix,747,Abordable,2026-03-04
5698,molucas198,747,Abordable,2026-03-04
5699,jc_2245,747,Abordable,2026-03-04
5700,LMA_Reckss,747,Abordable,2026-03-04
5701,shokow01,747,Abordable,2026-03-04
5702,bergamote2806,747,Abordable,2026-03-04
5703,miokaasan,747,Abordable,2026-03-04
5704,KC_Mathieu_,747,Abordable,2026-03-04
5705,shamallow65,746,Abordable,2026-03-04
5706,romzzin,746,Abordable,2026-03-04
5707,noah7609,746,Abordable,2026-03-04
5708,chrisconchit,746,Abordable,2026-03-04
5709,matchaflavoured8,746,Abordable,2026-03-04
5710,charloutre12,746,Abordable,2026-03-04
5711,SuperHBG,746,Abordable,2026-03-04
5712,Popeyop,746,Abordable,2026-03-04
5713,manapredoux,746,Abordable,2026-03-04
5714,maxoche,746,Abordable,2026-03-04
5715,carefreechart,746,Abordable,2026-03-04
5716,Pedrolito___,746,Abordable,2026-03-04
5717,anachocolat78,746,Abordable,2026-03-04
5718,mai56590,746,Abordable,2026-03-04
5719,superchat21,745,Abordable,2026-03-04
5720,style_fire,745,Abordable,2026-03-04
5721,nicosmilesc,745,Abordable,2026-03-04
5722,erazh_,745,Abordable,2026-03-04
5723,Revoxem1,745,Abordable,2026-03-04
5724,owen_crb,744,Abordable,2026-03-04
5725,lois_espoir_infini,744,Abordable,2026-03-04
5726,margros_777,744,Abordable,2026-03-04
5727,Thyme_lol,744,Abordable,2026-03-04
5728,blondinette85,744,Abordable,2026-03-04
5729,hut096,743,Abordable,2026-03-04
5731,cos_twitch,743,Abordable,2026-03-04
5732,Gui13700,743,Abordable,2026-03-04
5733,lauvosges,743,Abordable,2026-03-04
5734,lenroy98,743,Abordable,2026-03-04
5735,laumor21940,742,Abordable,2026-03-04
5736,minzgrun,742,Abordable,2026-03-04
5737,nonolabiscottezer,742,Abordable,2026-03-04
5738,yanisgobin21,742,Abordable,2026-03-04
5739,zzouii,742,Abordable,2026-03-04
5740,atmostudio,742,Abordable,2026-03-04
5741,deionfire35,742,Abordable,2026-03-04
5742,altnabla,742,Abordable,2026-03-04
5743,sabw68,741,Abordable,2026-03-04
5744,maotaamo,741,Abordable,2026-03-04
5745,abrrrrruti,741,Abordable,2026-03-04
5746,morgane0773,741,Abordable,2026-03-04
5747,MMat_14,741,Abordable,2026-03-04
5748,krogu_live,741,Abordable,2026-03-04
5750,welcse,740,Abordable,2026-03-04
5751,tsukisan15,740,Abordable,2026-03-04
5752,DeuxAiles,740,Abordable,2026-03-04
5753,cristale,740,Abordable,2026-03-04
5754,itsmillycts,740,Abordable,2026-03-04
5755,loveant13,740,Abordable,2026-03-04
5756,voutedidier,740,Abordable,2026-03-04
5757,pacoclicot,740,Abordable,2026-03-04
5758,kevin_0440,740,Abordable,2026-03-04
5759,giytorofdoutcluyflu,739,Abordable,2026-03-04
5760,ArnaudFox,739,Abordable,2026-03-04
5761,noahd1706,739,Abordable,2026-03-04
5762,mae97438,739,Abordable,2026-03-04
5763,HusbandoOfuscado,739,Abordable,2026-03-04
5764,blusar81,739,Abordable,2026-03-04
5765,granolan08,739,Abordable,2026-03-04
5766,spaceroax,738,Abordable,2026-03-04
5767,javierpastore2716,738,Abordable,2026-03-04
5768,mmaattd,738,Abordable,2026-03-04
5769,ozut2u,738,Abordable,2026-03-04
5770,lorenzomaman2,738,Abordable,2026-03-04
5771,inespayot,738,Abordable,2026-03-04
5772,kikito24240,738,Abordable,2026-03-04
5773,Willoooo_,738,Abordable,2026-03-04
5774,julesc84,738,Abordable,2026-03-04
5775,emma_1724,738,Abordable,2026-03-04
5776,cedricblandin,738,Abordable,2026-03-04
5778,Malchezzar2,737,Abordable,2026-03-04
5779,kiiroylw,737,Abordable,2026-03-04
5780,RyZum,737,Abordable,2026-03-04
5781,lololeparigo,737,Abordable,2026-03-04
5782,koub1009,737,Abordable,2026-03-04
5783,tatouille31830,736,Abordable,2026-03-04
5784,matz_flo,736,Abordable,2026-03-04
5785,imachinaire,736,Abordable,2026-03-04
5786,lKazz_,736,Abordable,2026-03-04
5787,ananas_0201,736,Abordable,2026-03-04
5788,xxxamelietxxx,736,Abordable,2026-03-04
5789,Julessss16,736,Abordable,2026-03-04
5790,myriam_trn,735,Abordable,2026-03-04
5791,elsa_st_mrt,735,Abordable,2026-03-04
5792,TontonBuck,735,Abordable,2026-03-04
5793,kapette,735,Abordable,2026-03-04
5794,robs__0,735,Abordable,2026-03-04
5795,T0k0yamiii,735,Abordable,2026-03-04
5796,pheger,735,Abordable,2026-03-04
5797,Hydroptic__,735,Abordable,2026-03-04
5798,grootplan,735,Abordable,2026-03-04
5799,bosbablue,735,Abordable,2026-03-04
5800,lilyymaya21,735,Abordable,2026-03-04
5801,sylgran,734,Abordable,2026-03-04
5802,Estebaninhooo,734,Abordable,2026-03-04
5803,vedelrichard,734,Abordable,2026-03-04
5804,dann_35,734,Abordable,2026-03-04
5805,kakolescargot,734,Abordable,2026-03-04
5806,lafit29,734,Abordable,2026-03-04
5807,melissa_mgr,734,Abordable,2026-03-04
5808,Machayu00,734,Abordable,2026-03-04
5809,clementrsl21,734,Abordable,2026-03-04
5810,gemelechibre,734,Abordable,2026-03-04
5811,jjules1712,734,Abordable,2026-03-04
5812,McCaow,734,Abordable,2026-03-04
5813,c4ss0u_,733,Abordable,2026-03-04
5814,bnajou,733,Abordable,2026-03-04
5815,juliethefrog16,733,Abordable,2026-03-04
5816,apoxx59300,733,Abordable,2026-03-04
5817,jgjvhnhfg_aka_venec,733,Abordable,2026-03-04
5818,Pecheur_detoiles,733,Abordable,2026-03-04
5819,Inhezia,733,Abordable,2026-03-04
5820,nathan_32200,733,Abordable,2026-03-04
5821,dana4448,732,Abordable,2026-03-04
5822,marius_rc,732,Abordable,2026-03-04
5823,imanimii,732,Abordable,2026-03-04
5824,kiedx,732,Abordable,2026-03-04
5825,thibo_32,732,Abordable,2026-03-04
5826,Nishiaru,732,Abordable,2026-03-04
5827,chloum33,732,Abordable,2026-03-04
5828,Atchimays_,731,Abordable,2026-03-04
5829,paudfleurrr,731,Abordable,2026-03-04
5830,csasniper1993,731,Abordable,2026-03-04
5831,wnhrv,731,Abordable,2026-03-04
5832,LuanGTV,731,Abordable,2026-03-04
5833,rebox_fn,731,Abordable,2026-03-04
5834,Onysuce,731,Abordable,2026-03-04
5835,Thepolo2409,731,Abordable,2026-03-04
5836,noaaaaaa65,731,Abordable,2026-03-04
5837,descolas_,731,Abordable,2026-03-04
5838,yayy40,730,Abordable,2026-03-04
5839,titoulacerise,730,Abordable,2026-03-04
5840,BillyBeardo,730,Abordable,2026-03-04
5841,baptiste255,730,Abordable,2026-03-04
5842,batou974larue,730,Abordable,2026-03-04
5843,charleliegood,730,Abordable,2026-03-04
5844,mango29pav,729,Abordable,2026-03-04
5845,Wiizmaa,729,Abordable,2026-03-04
5846,cost159,729,Abordable,2026-03-04
5847,tomuuuuus,729,Abordable,2026-03-04
5848,ionisx,729,Abordable,2026-03-04
5849,shym1ng,729,Abordable,2026-03-04
5850,piecout,729,Abordable,2026-03-04
5851,Roupuch,729,Abordable,2026-03-04
5852,red_shad0w06,729,Abordable,2026-03-04
5853,minori_wk,729,Abordable,2026-03-04
5854,jacklessur,729,Abordable,2026-03-04
5855,morg_aane,729,Abordable,2026-03-04
5856,moriartt,729,Abordable,2026-03-04
5857,zolrm,728,Abordable,2026-03-04
5858,Phantominumm,728,Abordable,2026-03-04
5859,pyrene87,728,Abordable,2026-03-04
5860,thbogl76,728,Abordable,2026-03-04
5861,TransiIvanya_,728,Abordable,2026-03-04
5862,ninchat31,728,Abordable,2026-03-04
5863,noemiekoe,728,Abordable,2026-03-04
5864,notbadassassinnn,728,Abordable,2026-03-04
5865,FTN1814,728,Abordable,2026-03-04
5866,floriangar51110,728,Abordable,2026-03-04
5867,oxy2k_,728,Abordable,2026-03-04
5868,Winnientis,728,Abordable,2026-03-04
5869,astri166,727,Abordable,2026-03-04
5870,mantequillast,727,Abordable,2026-03-04
5871,Kagzea_,727,Abordable,2026-03-04
5872,thiem69,727,Abordable,2026-03-04
5873,matchoum_5,727,Abordable,2026-03-04
5874,max4h,727,Abordable,2026-03-04
5875,karelle_p,727,Abordable,2026-03-04
5876,dulator147,727,Abordable,2026-03-04
5877,mayabeille1510,726,Abordable,2026-03-04
5878,Filou_San,726,Abordable,2026-03-04
5879,poiquo,726,Abordable,2026-03-04
5880,Sacrisanglant,726,Abordable,2026-03-04
5881,SJ_Katayo,726,Abordable,2026-03-04
5882,lucieoutrelo,726,Abordable,2026-03-04
5883,AhriRoseElmac,726,Abordable,2026-03-04
5884,valentin_versluys,725,Abordable,2026-03-04
5885,Aquarelletheunicorn,725,Abordable,2026-03-04
5886,popolp5678,725,Abordable,2026-03-04
5887,rusmais,725,Abordable,2026-03-04
5888,stazz07,725,Abordable,2026-03-04
5889,manondjool,725,Abordable,2026-03-04
5890,quentinfqu,725,Abordable,2026-03-04
5891,laslolas06,725,Abordable,2026-03-04
5892,raaa_aph,725,Abordable,2026-03-04
5893,chris_magic_,725,Abordable,2026-03-04
5894,hug_0__,725,Abordable,2026-03-04
5895,rmch,724,Abordable,2026-03-04
5896,narvalzinc,724,Abordable,2026-03-04
5897,khlaue_,724,Abordable,2026-03-04
5898,loyd_rose,724,Abordable,2026-03-04
5899,BisonTruffe,724,Abordable,2026-03-04
5900,Skipig,724,Abordable,2026-03-04
5901,BisonTruffe,724,Abordable,2026-03-04
5902,Skipig,724,Abordable,2026-03-04
5903,hendeck_2001_darkiller94,724,Abordable,2026-03-04
5904,clementfunnycool,724,Abordable,2026-03-04
5905,betabrook,723,Abordable,2026-03-04
5906,aymericpierre29,723,Abordable,2026-03-04
5907,paul05082005,723,Abordable,2026-03-04
5908,didoukill_,723,Abordable,2026-03-04
5909,Anzge,723,Abordable,2026-03-04
5910,anthoo_1705,723,Abordable,2026-03-04
5911,keauquau,723,Abordable,2026-03-04
5912,taitailo,723,Abordable,2026-03-04
5913,Simon_HB06,723,Abordable,2026-03-04
5914,asmflo64,723,Abordable,2026-03-04
5915,zotiqx,723,Abordable,2026-03-04
5916,byakuzen468,722,Abordable,2026-03-04
5917,arsirezz,722,Abordable,2026-03-04
5918,Zeides_,722,Abordable,2026-03-04
5919,selma_elq,722,Abordable,2026-03-04
5920,halco_o,722,Abordable,2026-03-04
5921,LibPA17,722,Abordable,2026-03-04
5922,galaxy101201,722,Abordable,2026-03-04
5923,tinckiiwinckii1,722,Abordable,2026-03-04
5924,bilou39iq,722,Abordable,2026-03-04
5925,helios444,722,Abordable,2026-03-04
5926,dzekonomies,722,Abordable,2026-03-04
5927,Clipex_Mp4,722,Abordable,2026-03-04
5928,levlogcultureee,721,Abordable,2026-03-04
5929,BlackDoor67118,721,Abordable,2026-03-04
5930,djidji1390,721,Abordable,2026-03-04
5931,averagequote,721,Abordable,2026-03-04
5932,bmaufrais,721,Abordable,2026-03-04
5933,theoflo9,721,Abordable,2026-03-04
5934,maggx3,721,Abordable,2026-03-04
5935,ykiyuk,721,Abordable,2026-03-04
5936,airvivi,721,Abordable,2026-03-04
5937,lolita_slv,720,Abordable,2026-03-04
5938,xel_41,720,Abordable,2026-03-04
5939,Peizan,720,Abordable,2026-03-04
5940,Fushimy_,720,Abordable,2026-03-04
5941,marindargent,720,Abordable,2026-03-04
5942,antobrnt,720,Abordable,2026-03-04
5944,mxmahe,720,Abordable,2026-03-04
5945,Mehdi_Dabu,720,Abordable,2026-03-04
5946,chloegayming,720,Abordable,2026-03-04
5947,ritanosk,720,Abordable,2026-03-04
5948,delea22,720,Abordable,2026-03-04
5949,dom_hollow_2738,720,Abordable,2026-03-04
5950,Kawafu_,720,Abordable,2026-03-04
5951,LuckyNipples,720,Abordable,2026-03-04
5952,ririjr25,720,Abordable,2026-03-04
5953,NaNoBlazeTV,720,Abordable,2026-03-04
5954,ashtray514,720,Abordable,2026-03-04
5955,manon_h_,720,Abordable,2026-03-04
5956,RizFlex,720,Abordable,2026-03-04
5957,barbe_qbs,720,Abordable,2026-03-04
5958,jejewargun,720,Abordable,2026-03-04
5959,Amaezingvoid,720,Abordable,2026-03-04
5960,c_212a,719,Abordable,2026-03-04
5961,ifsci0s,719,Abordable,2026-03-04
5962,Mouzouill,719,Abordable,2026-03-04
5963,PierreBertran,719,Abordable,2026-03-04
5964,zehncool,719,Abordable,2026-03-04
5965,juiice03,718,Abordable,2026-03-04
5966,saykio0,718,Abordable,2026-03-04
5967,burro8366,718,Abordable,2026-03-04
5968,lao_mds,718,Abordable,2026-03-04
5969,laclem_,718,Abordable,2026-03-04
5970,iaao__,717,Abordable,2026-03-04
5971,jln_zoe,717,Abordable,2026-03-04
5972,evanatillas,717,Abordable,2026-03-04
5973,saeed_303,717,Abordable,2026-03-04
5974,thom_s23,717,Abordable,2026-03-04
5975,line_ma,717,Abordable,2026-03-04
5976,KCGnabil,717,Abordable,2026-03-04
5977,gytex,717,Abordable,2026-03-04
5978,CivilViperYT,717,Abordable,2026-03-04
5979,vseh69,716,Abordable,2026-03-04
5980,vaherro,716,Abordable,2026-03-04
5981,gagzzz98,716,Abordable,2026-03-04
5982,lawracle,716,Abordable,2026-03-04
5983,eva_pwk,716,Abordable,2026-03-04
5984,Axah_,716,Abordable,2026-03-04
5985,anton_cdf,716,Abordable,2026-03-04
5986,ewa1958,716,Abordable,2026-03-04
5987,themistgeeks,716,Abordable,2026-03-04
5988,sarahglrd,716,Abordable,2026-03-04
5989,nicomygoddd,716,Abordable,2026-03-04
5990,yotsubaet_,716,Abordable,2026-03-04
5991,timeo150,716,Abordable,2026-03-04
5992,thetoniocarbo,715,Abordable,2026-03-04
5994,lunagathe18,715,Abordable,2026-03-04
5995,MattM1129,715,Abordable,2026-03-04
5996,anaelledpuy,715,Abordable,2026-03-04
5997,zooze59,715,Abordable,2026-03-04
5998,OsyRys_4,715,Abordable,2026-03-04
5999,rmnmf,715,Abordable,2026-03-04
6000,kikos____,715,Abordable,2026-03-04
6001,timothegr,715,Abordable,2026-03-04
6002,Sangonico21,715,Abordable,2026-03-04
6003,papylebrave,714,Abordable,2026-03-04
6004,savoirs2026,714,Abordable,2026-03-04
6005,melamamie,714,Abordable,2026-03-04
6006,noemiiiechess,714,Abordable,2026-03-04
6007,asrevan8,714,Abordable,2026-03-04
6008,sarahsz12,714,Abordable,2026-03-04
6009,solene_bndt,714,Abordable,2026-03-04
6010,nimzojuju84,714,Abordable,2026-03-04
6011,alshimistes,714,Abordable,2026-03-04
6012,perroquetbavard,714,Abordable,2026-03-04
6013,theodorusse85,713,Abordable,2026-03-04
6014,sandoct,713,Abordable,2026-03-04
6015,Poussinock,713,Abordable,2026-03-04
6016,S0TAR0,713,Abordable,2026-03-04
6017,dreamy_koala,713,Abordable,2026-03-04
6018,NhanVinh,713,Abordable,2026-03-04
6019,kweeewk,713,Abordable,2026-03-04
6020,sebasti0uche,713,Abordable,2026-03-04
6021,TenshiArakawa,712,Abordable,2026-03-04
6022,Alkeiios,712,Abordable,2026-03-04
6023,RenardRapide,712,Abordable,2026-03-04
6024,in_draa,712,Abordable,2026-03-04
6025,leroigogus,712,Abordable,2026-03-04
6026,nargoune,712,Abordable,2026-03-04
6027,escanors7s,712,Abordable,2026-03-04
6028,loukaysi,712,Abordable,2026-03-04
6029,diane_pntv,712,Abordable,2026-03-04
6030,lola17017,712,Abordable,2026-03-04
6031,eliasdes68,712,Abordable,2026-03-04
6032,Mymie1987,711,Abordable,2026-03-04
6033,difiit,711,Abordable,2026-03-04
6034,zazette40,711,Abordable,2026-03-04
6035,tristan69p,711,Abordable,2026-03-04
6036,boune_6,711,Abordable,2026-03-04
6037,oshuhhh,711,Abordable,2026-03-04
6038,maeli_gnd,711,Abordable,2026-03-04
6039,clemantiine_,711,Abordable,2026-03-04
6040,Deltary_,711,Abordable,2026-03-04
6041,firebozo,711,Abordable,2026-03-04
6042,celest1802,710,Abordable,2026-03-04
6043,fanniliphant,710,Abordable,2026-03-04
6044,elisa6796,710,Abordable,2026-03-04
6045,pilloweli,710,Abordable,2026-03-04
6046,darkthibz,710,Abordable,2026-03-04
6047,lord_vampiron,710,Abordable,2026-03-04
6048,luceeloy23,709,Abordable,2026-03-04
6049,tobby44,709,Abordable,2026-03-04
6050,lyrdis,709,Abordable,2026-03-04
6051,YodaSparrow,709,Abordable,2026-03-04
6052,Heughmage,709,Abordable,2026-03-04
6053,noa021005,709,Abordable,2026-03-04
6054,lelivrequiecrit,709,Abordable,2026-03-04
6055,sherpearce,709,Abordable,2026-03-04
6056,clmtgueg,709,Abordable,2026-03-04
6058,theobvrd,708,Abordable,2026-03-04
6059,witchylilyotaku,708,Abordable,2026-03-04
6060,Lilymage,708,Abordable,2026-03-04
6061,v55173w,707,Abordable,2026-03-04
6062,lyess57,707,Abordable,2026-03-04
6063,Zaroxy0,707,Abordable,2026-03-04
6064,larrytrooper,707,Abordable,2026-03-04
6065,ghalimoums,707,Abordable,2026-03-04
6066,florimondctgx,707,Abordable,2026-03-04
6067,marsovar1,707,Abordable,2026-03-04
6068,fripon51,707,Abordable,2026-03-04
6070,stormaxx2005,707,Abordable,2026-03-04
6071,rustyju2,707,Abordable,2026-03-04
6072,rustyju2,707,Abordable,2026-03-04
6073,Drupthy,706,Abordable,2026-03-04
6074,jutobi86,706,Abordable,2026-03-04
6075,kraxthar,706,Abordable,2026-03-04
6076,l1louuu,706,Abordable,2026-03-04
6077,Seffrig,706,Abordable,2026-03-04
6078,hugom64,706,Abordable,2026-03-04
6079,lerazey,706,Abordable,2026-03-04
6080,deerator,706,Abordable,2026-03-04
6081,Dollec,706,Abordable,2026-03-04
6082,supertimcraft,706,Abordable,2026-03-04
6083,Percevelo,705,Abordable,2026-03-04
6084,SquidAura,705,Abordable,2026-03-04
6085,bobylete,705,Abordable,2026-03-04
6086,jade_sicsic,705,Abordable,2026-03-04
6087,stephbern_,705,Abordable,2026-03-04
6088,looyze03,705,Abordable,2026-03-04
6089,jaynaloxi,705,Abordable,2026-03-04
6090,clarinettepouette2,705,Abordable,2026-03-04
6091,kiruhat_,705,Abordable,2026-03-04
6092,Rabenas,705,Abordable,2026-03-04
6093,lukastud07,705,Abordable,2026-03-04
6094,Kalfl0,705,Abordable,2026-03-04
6095,slicer_29,704,Abordable,2026-03-04
6096,noblearome,704,Abordable,2026-03-04
6097,nolan__011,704,Abordable,2026-03-04
6098,fufut,704,Abordable,2026-03-04
6099,em_y_,704,Abordable,2026-03-04
6100,mynooos,704,Abordable,2026-03-04
6101,alex__xx33,704,Abordable,2026-03-04
6102,Mizanizy,703,Abordable,2026-03-04
6103,goubzerr,703,Abordable,2026-03-04
6104,marguerite_29,703,Abordable,2026-03-04
6105,PingFloyder,703,Abordable,2026-03-04
6106,multicolorous,703,Abordable,2026-03-04
6107,Mystik_24,703,Abordable,2026-03-04
6108,Foot_Cent_Biere,703,Abordable,2026-03-04
6109,frisk_59100,703,Abordable,2026-03-04
6110,kuroyamy,703,Abordable,2026-03-04
6111,rvllm,702,Abordable,2026-03-04
6112,ereysie,702,Abordable,2026-03-04
6113,Tem_Dreemurr,702,Abordable,2026-03-04
6114,clem_entine,702,Abordable,2026-03-04
6115,alexmuse93,702,Abordable,2026-03-04
6116,NicoNey,702,Abordable,2026-03-04
6117,Alynous,702,Abordable,2026-03-04
6118,camillezn0706,702,Abordable,2026-03-04
6119,saiane610,702,Abordable,2026-03-04
6120,alilebaba,702,Abordable,2026-03-04
6121,na_thalie_lie,702,Abordable,2026-03-04
6122,jul_fls,702,Abordable,2026-03-04
6123,lea__gclvs,702,Abordable,2026-03-04
6124,Benenuts23,701,Abordable,2026-03-04
6125,nounoute25,701,Abordable,2026-03-04
6126,lihou83,701,Abordable,2026-03-04
6127,Heligo,701,Abordable,2026-03-04
6128,justine_2956,701,Abordable,2026-03-04
6129,Camille_Roby,701,Abordable,2026-03-04
6130,b0ub0uu_,701,Abordable,2026-03-04
6131,lei955,701,Abordable,2026-03-04
6132,kunfandi,701,Abordable,2026-03-04
6133,dragulios,701,Abordable,2026-03-04
6134,elsa_s23,700,Abordable,2026-03-04
6135,senjogami,700,Abordable,2026-03-04
6136,air_ane,700,Abordable,2026-03-04
6137,kermitcowboy_,700,Abordable,2026-03-04
6138,joraane,700,Abordable,2026-03-04
6139,hannibaldaquin,700,Abordable,2026-03-04
6140,zsx_apash,700,Abordable,2026-03-04
6141,jaderld,700,Abordable,2026-03-04
6142,Duckkaebi,699,Abordable,2026-03-04
6143,siphride,699,Abordable,2026-03-04
6144,levavelo,699,Abordable,2026-03-04
6145,lauralegrandd,699,Abordable,2026-03-04
6146,mathildee09,699,Abordable,2026-03-04
6147,Befstream,699,Abordable,2026-03-04
6148,Crikxi,699,Abordable,2026-03-04
6149,Baoboutre,699,Abordable,2026-03-04
6150,ysartist,699,Abordable,2026-03-04
6151,SomehowElyse,698,Abordable,2026-03-04
6152,liaaasbl,698,Abordable,2026-03-04
6153,leratonlaveurbg,698,Abordable,2026-03-04
6154,ant0neblt,697,Abordable,2026-03-04
6155,duup___,697,Abordable,2026-03-04
6156,lolaxtis,697,Abordable,2026-03-04
6157,glebouch,697,Abordable,2026-03-04
6158,FlavienSR,697,Abordable,2026-03-04
6159,salome_cvr,697,Abordable,2026-03-04
6160,stargate1907,697,Abordable,2026-03-04
6161,minipain_,696,Abordable,2026-03-04
6162,liloupons26,696,Abordable,2026-03-04
6163,Kuasa,696,Abordable,2026-03-04
6164,rudlu_,696,Abordable,2026-03-04
6165,lhommealeatoire,696,Abordable,2026-03-04
6166,alizeemonti,696,Abordable,2026-03-04
6167,ShowtimeXIII,696,Abordable,2026-03-04
6168,seeliyaah,696,Abordable,2026-03-04
6169,Nitreb2,696,Abordable,2026-03-04
6170,Daurihan,696,Abordable,2026-03-04
6171,chicodelamuerte,696,Abordable,2026-03-04
6172,furuta_mv,695,Abordable,2026-03-04
6173,Swazik_81,695,Abordable,2026-03-04
6174,aymerichou666,695,Abordable,2026-03-04
6175,mathou_brb,695,Abordable,2026-03-04
6176,feuszefeus,695,Abordable,2026-03-04
6177,foxyy_foxy,695,Abordable,2026-03-04
6178,brn_karine05,695,Abordable,2026-03-04
6179,CentNon_,695,Abordable,2026-03-04
6180,racontsavix,695,Abordable,2026-03-04
6181,ludivine_59400,695,Abordable,2026-03-04
6182,Kiryuu_Chan,695,Abordable,2026-03-04
6183,juliette_dsrt,695,Abordable,2026-03-04
6184,othello37,695,Abordable,2026-03-04
6185,mamarioni,694,Abordable,2026-03-04
6186,bylacass,694,Abordable,2026-03-04
6187,lebrynz,694,Abordable,2026-03-04
6188,mxrinek,694,Abordable,2026-03-04
6189,kagaux20,694,Abordable,2026-03-04
6190,yannisznt,694,Abordable,2026-03-04
6191,soendu93,694,Abordable,2026-03-04
6192,sniif_,694,Abordable,2026-03-04
6193,Piehil,693,Abordable,2026-03-04
6194,jul_le_rs,693,Abordable,2026-03-04
6195,Mondielle,693,Abordable,2026-03-04
6196,OlySheep,693,Abordable,2026-03-04
6197,fostinesar,693,Abordable,2026-03-04
6198,liuiseee,693,Abordable,2026-03-04
6199,saratatouille1977,693,Abordable,2026-03-04
6200,ju1ien5,693,Abordable,2026-03-04
6201,team_expezia,693,Abordable,2026-03-04
6202,ang9lee,693,Abordable,2026-03-04
6203,paulo64b,693,Abordable,2026-03-04
6204,blackraven_abyss,693,Abordable,2026-03-04
6205,Syphirrr,693,Abordable,2026-03-04
6206,bengreg2311,692,Abordable,2026-03-04
6207,lucast29380,692,Abordable,2026-03-04
6208,Kiraelx,692,Abordable,2026-03-04
6209,thysmax__,692,Abordable,2026-03-04
6210,froza_panda,692,Abordable,2026-03-04
6211,seln1ad,692,Abordable,2026-03-04
6212,Laoo12,691,Abordable,2026-03-04
6213,SLG299,691,Abordable,2026-03-04
6214,lorrie49,691,Abordable,2026-03-04
6215,imreadytobergo,691,Abordable,2026-03-04
6216,fanterence,691,Abordable,2026-03-04
6217,agaz_ytb,691,Abordable,2026-03-04
6218,kadjoraxontwitch,691,Abordable,2026-03-04
6219,romandebreizh,691,Abordable,2026-03-04
6220,Callie450,691,Abordable,2026-03-04
6221,LeandroZut,691,Abordable,2026-03-04
6222,lucano_09,691,Abordable,2026-03-04
6223,Latlas_mg,691,Abordable,2026-03-04
6224,IAmRigel,691,Abordable,2026-03-04
6225,bouzk69,690,Abordable,2026-03-04
6226,Dodudax,690,Abordable,2026-03-04
6227,axel_perr,690,Abordable,2026-03-04
6228,rapacedore,690,Abordable,2026-03-04
6229,amiralebjorn,690,Abordable,2026-03-04
6230,xtheodore18,690,Abordable,2026-03-04
6231,dodo_rf77,690,Abordable,2026-03-04
6232,cybawrg,690,Abordable,2026-03-04
6234,zuckiny,690,Abordable,2026-03-04
6235,a_ndjel_a,690,Abordable,2026-03-04
6236,oleronsan,690,Abordable,2026-03-04
6237,WillouDelWillou,690,Abordable,2026-03-04
6238,Pataruu,690,Abordable,2026-03-04
6239,Romiche_SGN,690,Abordable,2026-03-04
6240,Bix0u,690,Abordable,2026-03-04
6241,vanougonza,690,Abordable,2026-03-04
6242,Boatisator,690,Abordable,2026-03-04
6243,maelll__,690,Abordable,2026-03-04
6244,rrraphaelo,690,Abordable,2026-03-04
6245,lealechatlol,690,Abordable,2026-03-04
6246,mawion_,690,Abordable,2026-03-04
6247,jaycalva,690,Abordable,2026-03-04
6248,linkaz0,690,Abordable,2026-03-04
6249,Tayzeck,690,Abordable,2026-03-04
6250,hugocarotte,689,Abordable,2026-03-04
6251,andrea_vrf,689,Abordable,2026-03-04
6252,flyminia,689,Abordable,2026-03-04
6253,doriangvrt,689,Abordable,2026-03-04
6254,coline_pn,689,Abordable,2026-03-04
6255,tutur_ftn,689,Abordable,2026-03-04
6256,tiikaylie,689,Abordable,2026-03-04
6257,jagadamba,689,Abordable,2026-03-04
6258,e5mm4,688,Abordable,2026-03-04
6259,lecrvyuo,688,Abordable,2026-03-04
6260,azden_,688,Abordable,2026-03-04
6261,mathilde_ja,688,Abordable,2026-03-04
6262,morganou98,688,Abordable,2026-03-04
6263,vacoly,688,Abordable,2026-03-04
6264,Naktyl,688,Abordable,2026-03-04
6265,jezabel_05,688,Abordable,2026-03-04
6266,Bretagnee,688,Abordable,2026-03-04
6267,hugoooo__,687,Abordable,2026-03-04
6268,baptard_,687,Abordable,2026-03-04
6269,nrobbiano,687,Abordable,2026-03-04
6270,quentin_i,687,Abordable,2026-03-04
6271,titouzeubi,687,Abordable,2026-03-04
6272,titouzeubi,687,Abordable,2026-03-04
6273,ptitevir,687,Abordable,2026-03-04
6274,jana0934,687,Abordable,2026-03-04
6275,hippopow,687,Abordable,2026-03-04
6276,ludorinosama,687,Abordable,2026-03-04
6277,istiis,687,Abordable,2026-03-04
6278,vivekjosef,687,Abordable,2026-03-04
6279,Flo_28_gdn,686,Abordable,2026-03-04
6280,Moronbest,686,Abordable,2026-03-04
6281,chloe_lbx,686,Abordable,2026-03-04
6282,Oshiina_,686,Abordable,2026-03-04
6283,kc_zarixsa,686,Abordable,2026-03-04
6284,eddybluefingz,686,Abordable,2026-03-04
6285,saumon_fretillant,686,Abordable,2026-03-04
6286,devilaure,686,Abordable,2026-03-04
6287,Tchiktchikk,686,Abordable,2026-03-04
6288,n0l4n18,685,Abordable,2026-03-04
6289,Escarryna,685,Abordable,2026-03-04
6290,wenwen31,685,Abordable,2026-03-04
6291,not4kids_,685,Abordable,2026-03-04
6292,Nitrox3248,685,Abordable,2026-03-04
6294,rollmops54,685,Abordable,2026-03-04
6295,asxha_,685,Abordable,2026-03-04
6296,donfrigober,685,Abordable,2026-03-04
6297,AShiito_,685,Abordable,2026-03-04
6298,YunaBurton,684,Abordable,2026-03-04
6299,Kamertur,684,Abordable,2026-03-04
6300,crranthony,684,Abordable,2026-03-04
6301,LequipageDuSoleil,684,Abordable,2026-03-04
6302,jlmfj,684,Abordable,2026-03-04
6303,emmtyo,684,Abordable,2026-03-04
6304,carine3337,684,Abordable,2026-03-04
6305,mzwzz,684,Abordable,2026-03-04
6306,Ramei_Taphore,684,Abordable,2026-03-04
6307,Nad174,684,Abordable,2026-03-04
6308,Plo44,684,Abordable,2026-03-04
6309,lucasuall,683,Abordable,2026-03-04
6310,Fruytix,683,Abordable,2026-03-04
6311,dypsiiiiie,683,Abordable,2026-03-04
6312,Ironfirst_ow,683,Abordable,2026-03-04
6313,celia_vnd,683,Abordable,2026-03-04
6314,leptit_sudist,683,Abordable,2026-03-04
6315,blyziit,683,Abordable,2026-03-04
6316,lenaikare63,683,Abordable,2026-03-04
6317,defal__,683,Abordable,2026-03-04
6318,ji_yuna,682,Abordable,2026-03-04
6319,calipsodelulu,682,Abordable,2026-03-04
6320,moumous88lesvosges,682,Abordable,2026-03-04
6321,EsteMoon,682,Abordable,2026-03-04
6322,raphoupedr,682,Abordable,2026-03-04
6323,Yanis_khff,682,Abordable,2026-03-04
6324,nikodindon,682,Abordable,2026-03-04
6325,Synchr0nes,682,Abordable,2026-03-04
6326,estherrrr,681,Abordable,2026-03-04
6327,caroleh28,681,Abordable,2026-03-04
6328,elsa_nae,681,Abordable,2026-03-04
6329,petitcactus_,681,Abordable,2026-03-04
6330,val_x,681,Abordable,2026-03-04
6331,tiflux29,681,Abordable,2026-03-04
6332,baptlantar,681,Abordable,2026-03-04
6333,parti_chercher_du_pain,681,Abordable,2026-03-04
6334,Alec_kln,681,Abordable,2026-03-04
6335,asmmonster,680,Abordable,2026-03-04
6336,louis_lsg,680,Abordable,2026-03-04
6337,merouane_sb,680,Abordable,2026-03-04
6338,jack_whilster,680,Abordable,2026-03-04
6339,playerbox13,680,Abordable,2026-03-04
6340,cricri20b,680,Abordable,2026-03-04
6341,cocovid92,680,Abordable,2026-03-04
6342,angeliiine_,680,Abordable,2026-03-04
6344,libongo8,680,Abordable,2026-03-04
6345,Ouaf_blanc,680,Abordable,2026-03-04
6346,vickes6731,679,Abordable,2026-03-04
6347,snetremo,679,Abordable,2026-03-04
6348,spannkywolf,679,Abordable,2026-03-04
6349,proxima10000,679,Abordable,2026-03-04
6350,tturpin56,679,Abordable,2026-03-04
6351,theodebx,679,Abordable,2026-03-04
6352,ApollodorosMystikos,678,Abordable,2026-03-04
6353,blade1751,678,Abordable,2026-03-04
6354,dedeljoucan,678,Abordable,2026-03-04
6355,Steak2dinde,678,Abordable,2026-03-04
6356,Azouuuuu,678,Abordable,2026-03-04
6357,shooteerr85,678,Abordable,2026-03-04
6358,fflloflo,677,Abordable,2026-03-04
6359,optimax_prime,677,Abordable,2026-03-04
6360,Krbon_L3GEND,677,Abordable,2026-03-04
6361,Soliass,677,Abordable,2026-03-04
6362,melanie_jlr,677,Abordable,2026-03-04
6363,Starcower,677,Abordable,2026-03-04
6364,cleaurst6,677,Abordable,2026-03-04
6365,cha_pristi,677,Abordable,2026-03-04
6366,pookies_,677,Abordable,2026-03-04
6367,Raph_704,677,Abordable,2026-03-04
6368,Snoopydop,677,Abordable,2026-03-04
6369,cluxui,676,Abordable,2026-03-04
6370,CaptainGolems,676,Abordable,2026-03-04
6371,cl_luna,676,Abordable,2026-03-04
6372,mamandomy66,676,Abordable,2026-03-04
6373,alix_van,676,Abordable,2026-03-04
6374,agnesf83,676,Abordable,2026-03-04
6375,spayzzz92,676,Abordable,2026-03-04
6376,jonycantos,676,Abordable,2026-03-04
6377,BXLZ00,676,Abordable,2026-03-04
6378,Neivenz,676,Abordable,2026-03-04
6379,pasfandeoliviergiroud,676,Abordable,2026-03-04
6380,theooef,675,Abordable,2026-03-04
6381,laurabouhh,675,Abordable,2026-03-04
6382,lipulo,675,Abordable,2026-03-04
6383,lascar_34,675,Abordable,2026-03-04
6384,Mespha,675,Abordable,2026-03-04
6385,hiynerte,675,Abordable,2026-03-04
6386,MaThel__,675,Abordable,2026-03-04
6387,guiguicraft62,675,Abordable,2026-03-04
6388,ylanlb_,675,Abordable,2026-03-04
6389,rayanujan,675,Abordable,2026-03-04
6390,t0m_velard,674,Abordable,2026-03-04
6391,nanitsu_stream,674,Abordable,2026-03-04
6392,gurvan___,674,Abordable,2026-03-04
6393,oleanna_sa,674,Abordable,2026-03-04
6394,Kayneth_dev,674,Abordable,2026-03-04
6395,skIyde,674,Abordable,2026-03-04
6396,Darkmatt1708,674,Abordable,2026-03-04
6397,leRandom___,674,Abordable,2026-03-04
6398,geffg69,673,Abordable,2026-03-04
6399,sachaaaaaaaa8,673,Abordable,2026-03-04
6400,nanaapowah,673,Abordable,2026-03-04
6401,nicoegd,673,Abordable,2026-03-04
6402,emmalerx,673,Abordable,2026-03-04
6403,emmaaa_bsn,673,Abordable,2026-03-04
6404,cocopipelette,673,Abordable,2026-03-04
6405,kayo38294,673,Abordable,2026-03-04
6406,mmsth227valley,672,Abordable,2026-03-04
6407,vanali2506,672,Abordable,2026-03-04
6408,enirual0404,672,Abordable,2026-03-04
6409,roykow,672,Abordable,2026-03-04
6410,leonyrvl,672,Abordable,2026-03-04
6411,tim_tim27,672,Abordable,2026-03-04
6412,poule655,672,Abordable,2026-03-04
6413,hansftn,672,Abordable,2026-03-04
6414,locabuzell,672,Abordable,2026-03-04
6415,antozedou,672,Abordable,2026-03-04
6416,balocroute,671,Abordable,2026-03-04
6417,tatiogan,671,Abordable,2026-03-04
6418,VALMYT,671,Abordable,2026-03-04
6419,freya_seidr4,671,Abordable,2026-03-04
6420,ShiNiGaMii30,671,Abordable,2026-03-04
6421,clemm_4,671,Abordable,2026-03-04
6422,un_piti_bonhomme,671,Abordable,2026-03-04
6423,noa08020,671,Abordable,2026-03-04
6424,lilllice,671,Abordable,2026-03-04
6425,Jl_maxou,671,Abordable,2026-03-04
6426,lyrtimev2,671,Abordable,2026-03-04
6427,tedlarochelle,671,Abordable,2026-03-04
6428,ririlaqueendecemonde,670,Abordable,2026-03-04
6429,leo_roche_,670,Abordable,2026-03-04
6430,cdrix93,670,Abordable,2026-03-04
6431,zezereea,670,Abordable,2026-03-04
6432,petitmat17,670,Abordable,2026-03-04
6433,nilsweed,670,Abordable,2026-03-04
6434,hugomota07,670,Abordable,2026-03-04
6435,kmikz91,670,Abordable,2026-03-04
6436,paigee14,670,Abordable,2026-03-04
6437,samus0607,670,Abordable,2026-03-04
6438,JPemlabier,670,Abordable,2026-03-04
6439,lapetitelouise1,669,Abordable,2026-03-04
6440,aurorectl1,669,Abordable,2026-03-04
6441,yilongmaa128,669,Abordable,2026-03-04
6442,dragonkouki,669,Abordable,2026-03-04
6443,liagar,669,Abordable,2026-03-04
6444,petiteperrruche,669,Abordable,2026-03-04
6445,hornetlafrappejesus,669,Abordable,2026-03-04
6446,cowlehre,669,Abordable,2026-03-04
6447,sebth29,669,Abordable,2026-03-04
6448,Venatys,669,Abordable,2026-03-04
6449,magnoe9,669,Abordable,2026-03-04
6450,guide_sentier,669,Abordable,2026-03-04
6451,qualouche24,668,Abordable,2026-03-04
6452,melinochee,668,Abordable,2026-03-04
6453,adelie_236,668,Abordable,2026-03-04
6454,Namexss,668,Abordable,2026-03-04
6455,hugsz_,668,Abordable,2026-03-04
6456,heysuruu,668,Abordable,2026-03-04
6457,Swingrummi,668,Abordable,2026-03-04
6458,anna_dchs,668,Abordable,2026-03-04
6459,arthur7330,668,Abordable,2026-03-04
6460,tim_blz,668,Abordable,2026-03-04
6461,Lord_Rank,667,Abordable,2026-03-04
6462,asp_00,667,Abordable,2026-03-04
6463,jocelyne1953,667,Abordable,2026-03-04
6464,manoloyolo13,667,Abordable,2026-03-04
6465,psychokwak42,667,Abordable,2026-03-04
6466,macjanitch,667,Abordable,2026-03-04
6467,cleliebeum,667,Abordable,2026-03-04
6468,jackie7759,667,Abordable,2026-03-04
6469,Kileahynn,666,Abordable,2026-03-04
6470,zoho_lv,666,Abordable,2026-03-04
6471,YorinBis,666,Abordable,2026-03-04
6472,Destructor642,666,Abordable,2026-03-04
6473,valoune74,666,Abordable,2026-03-04
6474,Damles,666,Abordable,2026-03-04
6475,shinji_59,666,Abordable,2026-03-04
6476,cubman_tato,665,Abordable,2026-03-04
6477,st2eve_,665,Abordable,2026-03-04
6478,yoshii__16,665,Abordable,2026-03-04
6479,Operacomix,665,Abordable,2026-03-04
6480,hugzo25,665,Abordable,2026-03-04
6481,Nieernen,665,Abordable,2026-03-04
6482,gripsou75,665,Abordable,2026-03-04
6483,tomtom_w,665,Abordable,2026-03-04
6484,didimost,665,Abordable,2026-03-04
6485,radine3,665,Abordable,2026-03-04
6486,champyjk,665,Abordable,2026-03-04
6487,TenebroA,665,Abordable,2026-03-04
6488,lolazipper,664,Abordable,2026-03-04
6489,petitbol_,664,Abordable,2026-03-04
6490,Jojobtz,664,Abordable,2026-03-04
6491,LHV_doudou,664,Abordable,2026-03-04
6492,freeze__mael,664,Abordable,2026-03-04
6493,poliloutre,664,Abordable,2026-03-04
6494,candice_238,664,Abordable,2026-03-04
6495,fraiseM,664,Abordable,2026-03-04
6496,Scalion17,664,Abordable,2026-03-04
6497,general_vador,664,Abordable,2026-03-04
6498,celia6471,663,Abordable,2026-03-04
6499,nellbaiolet,663,Abordable,2026-03-04
6500,Padou64,663,Abordable,2026-03-04
6501,Noctolis,663,Abordable,2026-03-04
6502,AkihyoGame,663,Abordable,2026-03-04
6503,leo_dt3,663,Abordable,2026-03-04
6504,Skyz23,663,Abordable,2026-03-04
6505,manjetesmorts,663,Abordable,2026-03-04
6506,pepouze__,663,Abordable,2026-03-04
6507,Paulsan_,663,Abordable,2026-03-04
6508,rontidju,663,Abordable,2026-03-04
6509,OhannaSky,662,Abordable,2026-03-04
6510,Missgrigri,662,Abordable,2026-03-04
6511,reflyy,662,Abordable,2026-03-04
6512,reflyy,662,Abordable,2026-03-04
6513,ClaadG,662,Abordable,2026-03-04
6514,adroseee,662,Abordable,2026-03-04
6515,vailocs,662,Abordable,2026-03-04
6516,Satsuki_Hyphen,661,Abordable,2026-03-04
6517,ouibonjourallo,661,Abordable,2026-03-04
6518,deudeuneuneu,661,Abordable,2026-03-04
6519,petochedu52,661,Abordable,2026-03-04
6520,emtvn,661,Abordable,2026-03-04
6521,thecosmicgoat_nya,660,Abordable,2026-03-04
6522,mi_lia,660,Abordable,2026-03-04
6523,justanicepisces,660,Abordable,2026-03-04
6524,Frisouilles,660,Abordable,2026-03-04
6525,Lorsde,660,Abordable,2026-03-04
6526,rebec_cruche,660,Abordable,2026-03-04
6527,ryussslevrai,660,Abordable,2026-03-04
6528,aleksymcrn,660,Abordable,2026-03-04
6529,Zipacnaa,660,Abordable,2026-03-04
6530,un_truc_improbable,660,Abordable,2026-03-04
6531,boris3363,660,Abordable,2026-03-04
6532,Legaudas,660,Abordable,2026-03-04
6533,ppelafonissi,660,Abordable,2026-03-04
6534,Dauflo999,660,Abordable,2026-03-04
6535,earsthern,660,Abordable,2026-03-04
6536,la_louve86,660,Abordable,2026-03-04
6537,colineluffy,660,Abordable,2026-03-04
6538,Icebolts,660,Abordable,2026-03-04
6539,Lunomed1,660,Abordable,2026-03-04
6540,amel1901,660,Abordable,2026-03-04
6541,Soisang,660,Abordable,2026-03-04
6542,jeremystranger,660,Abordable,2026-03-04
6543,juliiiiiiiiiiie,660,Abordable,2026-03-04
6544,Ccdragonice,660,Abordable,2026-03-04
6545,didine81312,659,Abordable,2026-03-04
6546,dragondejadegaming,659,Abordable,2026-03-04
6547,hypergraphe,659,Abordable,2026-03-04
6548,skydred2424,659,Abordable,2026-03-04
6549,duduninitotor,659,Abordable,2026-03-04
6550,remi1408,659,Abordable,2026-03-04
6551,flocantin95,659,Abordable,2026-03-04
6552,Tangstene,659,Abordable,2026-03-04
6553,fritecheddar,659,Abordable,2026-03-04
6554,babarne_,659,Abordable,2026-03-04
6555,hanako200707,658,Abordable,2026-03-04
6556,charlottepst,658,Abordable,2026-03-04
6557,lea386,658,Abordable,2026-03-04
6558,yannchodecuba,658,Abordable,2026-03-04
6559,TournamentTokens,658,Abordable,2026-03-04
6560,ninjanoir_7,658,Abordable,2026-03-04
6561,poul3tt3_,658,Abordable,2026-03-04
6562,alfonsov2,658,Abordable,2026-03-04
6563,thomsko_77,658,Abordable,2026-03-04
6564,nother14,658,Abordable,2026-03-04
6565,pierroux0508,657,Abordable,2026-03-04
6566,julioooooooooos,657,Abordable,2026-03-04
6567,zazazaokok,657,Abordable,2026-03-04
6568,reeey__,657,Abordable,2026-03-04
6569,totosch987,657,Abordable,2026-03-04
6570,cali200508,657,Abordable,2026-03-04
6571,mendelematt,657,Abordable,2026-03-04
6572,binksgigi,657,Abordable,2026-03-04
6573,ElGogol_,656,Abordable,2026-03-04
6574,drapsag971,656,Abordable,2026-03-04
6575,cosmicdindon,656,Abordable,2026-03-04
6576,alexxmecc,656,Abordable,2026-03-04
6577,Slowardz_,656,Abordable,2026-03-04
6578,audreybsq,656,Abordable,2026-03-04
6579,KenLaFraise,656,Abordable,2026-03-04
6580,regenbogen483,656,Abordable,2026-03-04
6581,j3ann0t,655,Abordable,2026-03-04
6582,shir0_5102,655,Abordable,2026-03-04
6583,Pagui,655,Abordable,2026-03-04
6584,EtchiP,655,Abordable,2026-03-04
6585,AlricOnasrite,655,Abordable,2026-03-04
6586,lad51,655,Abordable,2026-03-04
6587,artemis2702,655,Abordable,2026-03-04
6588,ana_phore,655,Abordable,2026-03-04
6589,almizzz64,654,Abordable,2026-03-04
6590,FR_Jess,654,Abordable,2026-03-04
6591,L0upin0uuu,654,Abordable,2026-03-04
6592,cassou182,654,Abordable,2026-03-04
6593,praemia,654,Abordable,2026-03-04
6594,manonuseroff,654,Abordable,2026-03-04
6595,tewiiy,653,Abordable,2026-03-04
6596,arboretsens,653,Abordable,2026-03-04
6597,Rodsyyy,653,Abordable,2026-03-04
6598,karducu,653,Abordable,2026-03-04
6599,icebibird,653,Abordable,2026-03-04
6600,oxy_yxo,653,Abordable,2026-03-04
6601,rousselix_,653,Abordable,2026-03-04
6602,mate0_oooo,652,Abordable,2026-03-04
6603,verotang,652,Abordable,2026-03-04
6604,etducoup,652,Abordable,2026-03-04
6605,manonchbrt,652,Abordable,2026-03-04
6606,blastdrogon,652,Abordable,2026-03-04
6607,favien_g53,652,Abordable,2026-03-04
6608,jipizor,652,Abordable,2026-03-04
6609,patapoufi1,652,Abordable,2026-03-04
6610,REsdeh,652,Abordable,2026-03-04
6611,BoingTV,652,Abordable,2026-03-04
6612,dagbzz,652,Abordable,2026-03-04
6613,tiny_slippers,652,Abordable,2026-03-04
6614,Baptist3364,652,Abordable,2026-03-04
6615,aki_dvn,651,Abordable,2026-03-04
6616,bobbybambou24,651,Abordable,2026-03-04
6617,Aza_elm,651,Abordable,2026-03-04
6618,Caelly_,651,Abordable,2026-03-04
6619,jase89,650,Abordable,2026-03-04
6620,julian12122005,650,Abordable,2026-03-04
6621,Theplopplop,650,Abordable,2026-03-04
6622,drimix,650,Abordable,2026-03-04
6623,ouilson,650,Abordable,2026-03-04
6624,shazamatotor,650,Abordable,2026-03-04
6625,ruxap0,650,Abordable,2026-03-04
6626,ellocolucas_,650,Abordable,2026-03-04
6627,gabriel_fsne,650,Abordable,2026-03-04
6628,PalaisBourbon,650,Abordable,2026-03-04
6629,neitsabinhos,650,Abordable,2026-03-04
6630,fb_julien,649,Abordable,2026-03-04
6631,F3AVibration,649,Abordable,2026-03-04
6632,neilson_2,649,Abordable,2026-03-04
6633,henricroixrond,649,Abordable,2026-03-04
6634,JungAria,649,Abordable,2026-03-04
6635,cocolavetm8,649,Abordable,2026-03-04
6636,hananais,648,Abordable,2026-03-04
6637,jey_tiego,648,Abordable,2026-03-04
6638,bonchourboi,648,Abordable,2026-03-04
6639,pandore2488,648,Abordable,2026-03-04
6640,erwaninho___,648,Abordable,2026-03-04
6641,elvipic,648,Abordable,2026-03-04
6642,RampiProd,648,Abordable,2026-03-04
6643,tigreguerrier,648,Abordable,2026-03-04
6644,deathtroyer77,648,Abordable,2026-03-04
6645,Dodolechat,648,Abordable,2026-03-04
6646,xenfo33,648,Abordable,2026-03-04
6647,jimmyglinne,647,Abordable,2026-03-04
6648,Kriptoneo,647,Abordable,2026-03-04
6649,NicolaW51,647,Abordable,2026-03-04
6650,bordelescieux,647,Abordable,2026-03-04
6651,DirectorCulte,647,Abordable,2026-03-04
6652,what_the_feuj,647,Abordable,2026-03-04
6653,Skyline_is_Blue,647,Abordable,2026-03-04
6654,juju40,647,Abordable,2026-03-04
6655,mariemariemarie19,647,Abordable,2026-03-04
6656,flammenquiche,647,Abordable,2026-03-04
6657,clemdefreu,647,Abordable,2026-03-04
6658,sergent_garcia_,647,Abordable,2026-03-04
6659,skidax,647,Abordable,2026-03-04
6660,ixeros_,647,Abordable,2026-03-04
6661,vaas_1998,647,Abordable,2026-03-04
6662,marinesodu22,647,Abordable,2026-03-04
6663,PatoPesteau,646,Abordable,2026-03-04
6664,darshen2,646,Abordable,2026-03-04
6665,kant1lr,645,Abordable,2026-03-04
6666,a0dine,645,Abordable,2026-03-04
6667,marlondujj,645,Abordable,2026-03-04
6668,sill_valt,645,Abordable,2026-03-04
6669,Ryma03,645,Abordable,2026-03-04
6670,graphik_dob,645,Abordable,2026-03-04
6671,aixinchun,645,Abordable,2026-03-04
6672,zehobbit67,645,Abordable,2026-03-04
6673,atchoup57,644,Abordable,2026-03-04
6674,vavounee,644,Abordable,2026-03-04
6675,lelia_charp,644,Abordable,2026-03-04
6676,malexia111,644,Abordable,2026-03-04
6677,KreissEgis,644,Abordable,2026-03-04
6678,lily_dnl,644,Abordable,2026-03-04
6679,matsau16,644,Abordable,2026-03-04
6680,Stolgatt,644,Abordable,2026-03-04
6681,lezherospoint,643,Abordable,2026-03-04
6682,arnange,643,Abordable,2026-03-04
6683,ilrux,643,Abordable,2026-03-04
6684,lise3434,643,Abordable,2026-03-04
6685,sacha_jhd,643,Abordable,2026-03-04
6686,montidj86,643,Abordable,2026-03-04
6687,snownzen_,643,Abordable,2026-03-04
6688,Shyyx44,643,Abordable,2026-03-04
6689,cecileplh,643,Abordable,2026-03-04
6690,TomFouk,643,Abordable,2026-03-04
6691,anotix__,643,Abordable,2026-03-04
6692,Hikitikat,643,Abordable,2026-03-04
6693,leo2900,642,Abordable,2026-03-04
6694,constant__,642,Abordable,2026-03-04
6695,Ezeax,642,Abordable,2026-03-04
6696,yontoshi,642,Abordable,2026-03-04
6697,pamplemoui,642,Abordable,2026-03-04
6698,MissMerrily,642,Abordable,2026-03-04
6699,Nashors_tooth,642,Abordable,2026-03-04
6700,neymarine,642,Abordable,2026-03-04
6701,holok_tv,642,Abordable,2026-03-04
6702,Fass2Pet,642,Abordable,2026-03-04
6703,aartix_00,642,Abordable,2026-03-04
6704,leleludique,642,Abordable,2026-03-04
6705,cancan850,642,Abordable,2026-03-04
6706,ridzuWZK,642,Abordable,2026-03-04
6707,marleyy59,642,Abordable,2026-03-04
6708,maellette2,641,Abordable,2026-03-04
6709,eagledu57,641,Abordable,2026-03-04
6710,jujucoscu,641,Abordable,2026-03-04
6711,baptiste6959,641,Abordable,2026-03-04
6712,RuxMy,641,Abordable,2026-03-04
6713,OziGamer59,641,Abordable,2026-03-04
6714,maloche_,641,Abordable,2026-03-04
6715,baptdll,641,Abordable,2026-03-04
6716,regaabi,641,Abordable,2026-03-04
6717,nbaguette,640,Abordable,2026-03-04
6718,okasa_vr,640,Abordable,2026-03-04
6719,Tyohke,640,Abordable,2026-03-04
6720,f10id,640,Abordable,2026-03-04
6721,SfGanl,640,Abordable,2026-03-04
6722,syra63,640,Abordable,2026-03-04
6723,Draks05,640,Abordable,2026-03-04
6724,ines_602,640,Abordable,2026-03-04
6725,v_mnx,640,Abordable,2026-03-04
6726,mmr_studio,640,Abordable,2026-03-04
6727,loulou7949,640,Abordable,2026-03-04
6728,ryceme,640,Abordable,2026-03-04
6729,GodyOwl,639,Abordable,2026-03-04
6730,kentix_63,639,Abordable,2026-03-04
6731,jindhotwheels,639,Abordable,2026-03-04
6732,sterenn___,639,Abordable,2026-03-04
6733,moutig29200,639,Abordable,2026-03-04
6734,KobraaDZN,639,Abordable,2026-03-04
6735,jeanfecule,639,Abordable,2026-03-04
6736,tetarte55,639,Abordable,2026-03-04
6737,auror_e,639,Abordable,2026-03-04
6738,lespremiers,639,Abordable,2026-03-04
6739,Disox1,639,Abordable,2026-03-04
6740,thxmate_xvi,638,Abordable,2026-03-04
6741,lamere68,638,Abordable,2026-03-04
6742,nijucamp4,638,Abordable,2026-03-04
6743,Palleas,638,Abordable,2026-03-04
6744,Sachad_,638,Abordable,2026-03-04
6745,Kratryos,638,Abordable,2026-03-04
6746,Akudara,638,Abordable,2026-03-04
6747,Hapraprar,638,Abordable,2026-03-04
6748,babzos,638,Abordable,2026-03-04
6749,euscarla,638,Abordable,2026-03-04
6750,kelgbr,638,Abordable,2026-03-04
6751,flbflbflb,638,Abordable,2026-03-04
6752,Netherenfroc_,638,Abordable,2026-03-04
6753,albanne,638,Abordable,2026-03-04
6754,allseeingskel,637,Abordable,2026-03-04
6755,CA_Riusma,637,Abordable,2026-03-04
6756,Fl0WerW0rks,637,Abordable,2026-03-04
6757,raphlanimateurdu52,637,Abordable,2026-03-04
6758,Mamouthest,637,Abordable,2026-03-04
6759,c0t0nn,637,Abordable,2026-03-04
6760,SamSuphy,637,Abordable,2026-03-04
6761,tartartnoe,637,Abordable,2026-03-04
6762,FolEnto,637,Abordable,2026-03-04
6764,Rakart0,636,Abordable,2026-03-04
6765,loooulouuuuuuuuuuuuu,636,Abordable,2026-03-04
6766,PandaBaaka,636,Abordable,2026-03-04
6767,sunzylo,636,Abordable,2026-03-04
6768,viiltra,636,Abordable,2026-03-04
6769,ebrbt,636,Abordable,2026-03-04
6770,steffyyy_,636,Abordable,2026-03-04
6771,hablazo,636,Abordable,2026-03-04
6772,el_jaguar8,636,Abordable,2026-03-04
6773,krohoho69,636,Abordable,2026-03-04
6774,br0uti,635,Abordable,2026-03-04
6775,manuuftn,635,Abordable,2026-03-04
6776,DJK_F,635,Abordable,2026-03-04
6777,T_Omalley,635,Abordable,2026-03-04
6778,exogar_18,635,Abordable,2026-03-04
6779,antoin53,635,Abordable,2026-03-04
6780,atomestar,635,Abordable,2026-03-04
6781,CyberSatellite,635,Abordable,2026-03-04
6782,anakayui,635,Abordable,2026-03-04
6783,lnbrz,635,Abordable,2026-03-04
6784,alison_vrignaud,635,Abordable,2026-03-04
6785,AlexWax1,634,Abordable,2026-03-04
6786,vivi7613,634,Abordable,2026-03-04
6787,ChanceCour1r,634,Abordable,2026-03-04
6788,lun_amille02,634,Abordable,2026-03-04
6790,petit_teo,634,Abordable,2026-03-04
6791,Stadi971,634,Abordable,2026-03-04
6792,Kingsoloman78,634,Abordable,2026-03-04
6793,Hyygow,633,Abordable,2026-03-04
6794,jsplusmonidentifiantetmdp,633,Abordable,2026-03-04
6795,jefaispeuralafoule,633,Abordable,2026-03-04
6796,zonzonn8,633,Abordable,2026-03-04
6797,blobygameur,633,Abordable,2026-03-04
6798,VonGregy,633,Abordable,2026-03-04
6799,yoktoo,633,Abordable,2026-03-04
6800,Misiwix21,633,Abordable,2026-03-04
6801,n4tsum3__,633,Abordable,2026-03-04
6802,SolEau_,633,Abordable,2026-03-04
6803,Elfceys,633,Abordable,2026-03-04
6804,Kiiddlan,633,Abordable,2026-03-04
6805,noxaled,633,Abordable,2026-03-04
6806,Asteadus,633,Abordable,2026-03-04
6807,raph685342,633,Abordable,2026-03-04
6808,aiichi_,633,Abordable,2026-03-04
6809,Helotiede,633,Abordable,2026-03-04
6810,gaazwaal,632,Abordable,2026-03-04
6811,captainzoz12,632,Abordable,2026-03-04
6812,lindsay0023,632,Abordable,2026-03-04
6813,tanguyenne,631,Abordable,2026-03-04
6814,vesp_thynisol,631,Abordable,2026-03-04
6815,shaliyana15212,631,Abordable,2026-03-04
6816,josh76260,631,Abordable,2026-03-04
6817,aurele53,631,Abordable,2026-03-04
6818,hypoallergenique__,631,Abordable,2026-03-04
6819,Manon__08,631,Abordable,2026-03-04
6820,Kaede01_,631,Abordable,2026-03-04
6821,AlxBes1,631,Abordable,2026-03-04
6822,micropo1,631,Abordable,2026-03-04
6823,armaofchaos,631,Abordable,2026-03-04
6824,jus_lits,630,Abordable,2026-03-04
6825,ewa0511,630,Abordable,2026-03-04
6826,mangoose17,630,Abordable,2026-03-04
6827,grxydxy,630,Abordable,2026-03-04
6828,PX_ByoZoe,630,Abordable,2026-03-04
6829,laeyvaten,630,Abordable,2026-03-04
6830,noa31411,630,Abordable,2026-03-04
6831,Qoreau,630,Abordable,2026-03-04
6832,KidzyQH,630,Abordable,2026-03-04
6833,cece_g_m,630,Abordable,2026-03-04
6834,azrin,630,Abordable,2026-03-04
6835,gblinuff,630,Abordable,2026-03-04
6836,brindilleuh,630,Abordable,2026-03-04
6837,AndoSL,630,Abordable,2026-03-04
6838,dezed_94,630,Abordable,2026-03-04
6839,nolwennhkn,630,Abordable,2026-03-04
6840,Alex282cronos,630,Abordable,2026-03-04
6841,tintin490,630,Abordable,2026-03-04
6842,tesschan1,630,Abordable,2026-03-04
6843,araahan,630,Abordable,2026-03-04
6844,Btt_Trmne,630,Abordable,2026-03-04
6845,papiillon_,630,Abordable,2026-03-04
6846,pretrescientologue,630,Abordable,2026-03-04
6847,freipapagei,630,Abordable,2026-03-04
6848,clea160803,630,Abordable,2026-03-04
6849,ilarnek01,630,Abordable,2026-03-04
6850,jeckl__,629,Abordable,2026-03-04
6851,antar_s,629,Abordable,2026-03-04
6852,m4rgauuxx,629,Abordable,2026-03-04
6853,istose12,629,Abordable,2026-03-04
6854,cr4zym4p,629,Abordable,2026-03-04
6855,hugo_prs73,629,Abordable,2026-03-04
6856,upsylycus,629,Abordable,2026-03-04
6857,Sunnnyy_,629,Abordable,2026-03-04
6858,vieux_fourneaux,629,Abordable,2026-03-04
6859,EME339,629,Abordable,2026-03-04
6860,dorian_p22,629,Abordable,2026-03-04
6861,royu_01,629,Abordable,2026-03-04
6862,ytr3w,628,Abordable,2026-03-04
6863,poupsip,628,Abordable,2026-03-04
6864,walterretwal,628,Abordable,2026-03-04
6865,liliancmb,628,Abordable,2026-03-04
6866,dante42600,628,Abordable,2026-03-04
6867,quentinhgg27,628,Abordable,2026-03-04
6868,chicohd1745,628,Abordable,2026-03-04
6869,pilzik,628,Abordable,2026-03-04
6870,ProStats,628,Abordable,2026-03-04
6871,dirouuu,628,Abordable,2026-03-04
6872,selmasada,627,Abordable,2026-03-04
6873,tatol92,627,Abordable,2026-03-04
6874,eliemeunier,627,Abordable,2026-03-04
6875,itsumimariooooo,627,Abordable,2026-03-04
6876,bobbynou59250,627,Abordable,2026-03-04
6877,Almo_le_trublion,627,Abordable,2026-03-04
6878,zozo43_,627,Abordable,2026-03-04
6879,tonci6,627,Abordable,2026-03-04
6880,lebro64,627,Abordable,2026-03-04
6881,z_0ee_l,627,Abordable,2026-03-04
6882,turkishgraphik,626,Abordable,2026-03-04
6883,okayuu_,626,Abordable,2026-03-04
6884,greyscox,626,Abordable,2026-03-04
6885,clemglld,626,Abordable,2026-03-04
6886,lwisson,626,Abordable,2026-03-04
6887,guillaume841,626,Abordable,2026-03-04
6888,florenbleu,626,Abordable,2026-03-04
6889,batlbrt,626,Abordable,2026-03-04
6890,waaawaaaawaaa,626,Abordable,2026-03-04
6891,Nairod7200,626,Abordable,2026-03-04
6892,lolipop98765432,626,Abordable,2026-03-04
6893,ArKanGe35,626,Abordable,2026-03-04
6894,Enorme_Daube,625,Abordable,2026-03-04
6895,garancechst,625,Abordable,2026-03-04
6896,oliel64,625,Abordable,2026-03-04
6897,laburnss,625,Abordable,2026-03-04
6898,naekoh_,625,Abordable,2026-03-04
6899,lea_vdl14,625,Abordable,2026-03-04
6900,eternity3328,625,Abordable,2026-03-04
6901,ourem,625,Abordable,2026-03-04
6902,athenaprovence,625,Abordable,2026-03-04
6903,manonska,625,Abordable,2026-03-04
6904,hugo140604,625,Abordable,2026-03-04
6905,BlastZog,625,Abordable,2026-03-04
6906,YungHooligan06,625,Abordable,2026-03-04
6907,ayoo231211,624,Abordable,2026-03-04
6908,nicopipo_,624,Abordable,2026-03-04
6909,peridotdotdotdot,624,Abordable,2026-03-04
6910,sansylasquelette,624,Abordable,2026-03-04
6911,spacerocket___,624,Abordable,2026-03-04
6912,maximek29,624,Abordable,2026-03-04
6913,cmilloch,624,Abordable,2026-03-04
6914,jaden37_,624,Abordable,2026-03-04
6915,papasmurf2407,624,Abordable,2026-03-04
6916,ppimbeche,624,Abordable,2026-03-04
6917,Youfzer,624,Abordable,2026-03-04
6918,juanpedrau,624,Abordable,2026-03-04
6919,noVinnieshere,624,Abordable,2026-03-04
6920,tonylolipop,624,Abordable,2026-03-04
6921,Sieo,624,Abordable,2026-03-04
6922,marinou32,623,Abordable,2026-03-04
6923,raptorfou16,623,Abordable,2026-03-04
6924,poulecobaye,623,Abordable,2026-03-04
6925,LesHemorroidesDeTom,623,Abordable,2026-03-04
6926,tomfcgb,623,Abordable,2026-03-04
6927,lynn_22_,623,Abordable,2026-03-04
6928,huduzz,623,Abordable,2026-03-04
6929,tudal,623,Abordable,2026-03-04
6930,ghargo92,623,Abordable,2026-03-04
6931,EmudDemasic,622,Abordable,2026-03-04
6932,I_LIKE_LEBLANC,622,Abordable,2026-03-04
6933,menios16,622,Abordable,2026-03-04
6934,louuis2,622,Abordable,2026-03-04
6935,clem_pdf,622,Abordable,2026-03-04
6936,Mobitus,622,Abordable,2026-03-04
6937,lo_la0503,621,Abordable,2026-03-04
6938,Darkswaglpb,621,Abordable,2026-03-04
6939,zornyr,621,Abordable,2026-03-04
6940,pingouin_sourd,621,Abordable,2026-03-04
6941,la__cacahuete_,621,Abordable,2026-03-04
6942,Poulaiso,621,Abordable,2026-03-04
6943,xaynes,621,Abordable,2026-03-04
6944,lauriemti,621,Abordable,2026-03-04
6945,maey11,621,Abordable,2026-03-04
6946,Nyki40,620,Abordable,2026-03-04
6947,jonsalah11,620,Abordable,2026-03-04
6948,theo_latr,620,Abordable,2026-03-04
6949,kaoutarneo,620,Abordable,2026-03-04
6950,og_shuk,620,Abordable,2026-03-04
6951,Aquiltys,620,Abordable,2026-03-04
6952,jujusuede,620,Abordable,2026-03-04
6953,tanguy1993,620,Abordable,2026-03-04
6954,vins0806,620,Abordable,2026-03-04
6955,SanLime,620,Abordable,2026-03-04
6956,M4sh19,620,Abordable,2026-03-04
6957,alose2701,620,Abordable,2026-03-04
6958,sanaga682,620,Abordable,2026-03-04
6959,luiop34,619,Abordable,2026-03-04
6960,clo_fantino,619,Abordable,2026-03-04
6961,YogiKasai,619,Abordable,2026-03-04
6962,lucile0712,619,Abordable,2026-03-04
6963,lalegende36,619,Abordable,2026-03-04
6964,justinelng,619,Abordable,2026-03-04
6965,kiyuq666,619,Abordable,2026-03-04
6966,nosro,619,Abordable,2026-03-04
6967,flexyyzzz,619,Abordable,2026-03-04
6968,elivic12,619,Abordable,2026-03-04
6969,Rebo65,619,Abordable,2026-03-04
6970,Appolloll_,618,Abordable,2026-03-04
6971,nanej07,618,Abordable,2026-03-04
6972,awilda_coatl,618,Abordable,2026-03-04
6973,leg4b_,618,Abordable,2026-03-04
6974,TeXxirozZ,618,Abordable,2026-03-04
6975,BARZE02,617,Abordable,2026-03-04
6976,madgerthaa,617,Abordable,2026-03-04
6977,Metallicanard,617,Abordable,2026-03-04
6978,VicTor_350,617,Abordable,2026-03-04
6979,Carteron,617,Abordable,2026-03-04
6980,Oshalz,617,Abordable,2026-03-04
6981,Kamaruuu_,617,Abordable,2026-03-04
6982,Maxiiminus,617,Abordable,2026-03-04
6983,Tooms17,616,Abordable,2026-03-04
6984,murddy_r6,616,Abordable,2026-03-04
6985,leligmanitou,616,Abordable,2026-03-04
6986,dididou,616,Abordable,2026-03-04
6987,marin_g56,616,Abordable,2026-03-04
6988,cactuspomme,616,Abordable,2026-03-04
6989,baldacuze_nemo,616,Abordable,2026-03-04
6990,magicarpegoo,616,Abordable,2026-03-04
6991,maximedrz21,616,Abordable,2026-03-04
6992,ShinzoV2,616,Abordable,2026-03-04
6993,FyZowTV,616,Abordable,2026-03-04
6994,maxalvs,616,Abordable,2026-03-04
6995,FloreilleKayou,615,Abordable,2026-03-04
6996,Laeynna,615,Abordable,2026-03-04
6997,franfoua,615,Abordable,2026-03-04
6998,bachhapp,615,Abordable,2026-03-04
6999,ArKeiZ_,615,Abordable,2026-03-04
7000,ancelin2402,615,Abordable,2026-03-04
7001,suplitox,615,Abordable,2026-03-04
7002,Linokox,615,Abordable,2026-03-04
7003,Felicia_Chan,614,Abordable,2026-03-04
7004,adem_c17,614,Abordable,2026-03-04
7005,perceva,614,Abordable,2026-03-04
7006,amayellemarie,614,Abordable,2026-03-04
7007,lnvd3,614,Abordable,2026-03-04
7008,sweetteaaddict39,614,Abordable,2026-03-04
7009,dinosouye,614,Abordable,2026-03-04
7010,Nathh_1410,614,Abordable,2026-03-04
7011,FoalEU,614,Abordable,2026-03-04
7012,elodiethbt,613,Abordable,2026-03-04
7013,svojka,613,Abordable,2026-03-04
7014,lucas3164972,613,Abordable,2026-03-04
7015,jose_bovee,613,Abordable,2026-03-04
7016,achartbenmor,613,Abordable,2026-03-04
7017,purplitodelfuego,613,Abordable,2026-03-04
7018,magnifisi0s,613,Abordable,2026-03-04
7019,ccclaurie,613,Abordable,2026-03-04
7020,Suwan31,612,Abordable,2026-03-04
7021,lenygmatic,612,Abordable,2026-03-04
7022,julius_gal,612,Abordable,2026-03-04
7023,SkizoQuiche,612,Abordable,2026-03-04
7024,loetpastaga,612,Abordable,2026-03-04
7025,Onorya,612,Abordable,2026-03-04
7026,Gloubi69,612,Abordable,2026-03-04
7027,valentinechnl1234,612,Abordable,2026-03-04
7028,Zarwantis,612,Abordable,2026-03-04
7029,hellboy24,611,Abordable,2026-03-04
7030,guiyomm,611,Abordable,2026-03-04
7031,tboutv,611,Abordable,2026-03-04
7032,eldod_5986,611,Abordable,2026-03-04
7033,Anataa_,611,Abordable,2026-03-04
7034,clarapnsn,611,Abordable,2026-03-04
7035,FrostVibes,611,Abordable,2026-03-04
7036,Chanyoooo,611,Abordable,2026-03-04
7037,mariiion1,611,Abordable,2026-03-04
7038,Kip3tchis,610,Abordable,2026-03-04
7039,nicooo441_,610,Abordable,2026-03-04
7040,caillou326,610,Abordable,2026-03-04
7041,lea_ricomagique,610,Abordable,2026-03-04
7042,maelyss1110,610,Abordable,2026-03-04
7043,cookietheboss123,610,Abordable,2026-03-04
7044,tsuchikage01,610,Abordable,2026-03-04
7045,kacarry100,609,Abordable,2026-03-04
7046,delcortes555,609,Abordable,2026-03-04
7047,mag85600,609,Abordable,2026-03-04
7048,bidilah,609,Abordable,2026-03-04
7049,nessakl19,609,Abordable,2026-03-04
7050,nywre,609,Abordable,2026-03-04
7051,marie_amrt,609,Abordable,2026-03-04
7052,Aetheciane,609,Abordable,2026-03-04
7053,annefrance75,609,Abordable,2026-03-04
7054,thomler89,609,Abordable,2026-03-04
7055,AlexVI88,609,Abordable,2026-03-04
7056,toxxinswitch,609,Abordable,2026-03-04
7057,gautiesarah,609,Abordable,2026-03-04
7058,kvns62,608,Abordable,2026-03-04
7059,philthom38,608,Abordable,2026-03-04
7060,arthurld14,608,Abordable,2026-03-04
7061,petit_tiplouf,608,Abordable,2026-03-04
7063,mc0632,608,Abordable,2026-03-04
7064,Pepiinard,608,Abordable,2026-03-04
7065,carson_14_,608,Abordable,2026-03-04
7066,Shiirosune,608,Abordable,2026-03-04
7067,phil_elie_,608,Abordable,2026-03-04
7068,sanctuc0,608,Abordable,2026-03-04
7069,rocchimo_,608,Abordable,2026-03-04
7070,tisthali,607,Abordable,2026-03-04
7071,lilou_mp4,607,Abordable,2026-03-04
7072,herhou18,607,Abordable,2026-03-04
7073,xanakka,607,Abordable,2026-03-04
7074,barthunne,607,Abordable,2026-03-04
7075,Goldeenchicken,607,Abordable,2026-03-04
7076,Kentamgl,607,Abordable,2026-03-04
7077,copaingeorge,607,Abordable,2026-03-04
7078,Datsuux,607,Abordable,2026-03-04
7079,o_maufr,607,Abordable,2026-03-04
7080,lexa_gr11,607,Abordable,2026-03-04
7081,Rica60,607,Abordable,2026-03-04
7082,galimeo24,607,Abordable,2026-03-04
7083,rocks_fgc,607,Abordable,2026-03-04
7084,BenAir2d2,607,Abordable,2026-03-04
7085,Halenzo,606,Abordable,2026-03-04
7086,pour_la_magie,606,Abordable,2026-03-04
7087,mamamimamou,606,Abordable,2026-03-04
7088,alyssac06,606,Abordable,2026-03-04
7089,thomascir97,606,Abordable,2026-03-04
7090,Haty_drawing,606,Abordable,2026-03-04
7091,cephi,606,Abordable,2026-03-04
7092,cephi,606,Abordable,2026-03-04
7093,meennttooss,605,Abordable,2026-03-04
7094,judr5,605,Abordable,2026-03-04
7095,benjjharmont,605,Abordable,2026-03-04
7096,guurboay,605,Abordable,2026-03-04
7097,theosmgg,605,Abordable,2026-03-04
7098,Perrinegn,605,Abordable,2026-03-04
7099,geo2max_,605,Abordable,2026-03-04
7100,elisim,605,Abordable,2026-03-04
7101,lana_mra,605,Abordable,2026-03-04
7102,zoeadaa,605,Abordable,2026-03-04
7103,Swathoney,605,Abordable,2026-03-04
7104,xNumerobis,604,Abordable,2026-03-04
7105,elidor_dragonneau,604,Abordable,2026-03-04
7106,Cedricdaswort,604,Abordable,2026-03-04
7107,kassandra1108,604,Abordable,2026-03-04
7108,nonoop29,604,Abordable,2026-03-04
7109,WoXayZ,604,Abordable,2026-03-04
7110,Reliop_sc2,603,Abordable,2026-03-04
7111,ivnoo31,603,Abordable,2026-03-04
7112,yayawaa,603,Abordable,2026-03-04
7113,ficello28,603,Abordable,2026-03-04
7114,cu_png,603,Abordable,2026-03-04
7115,riwaa_,603,Abordable,2026-03-04
7116,lomanakd,603,Abordable,2026-03-04
7117,Lesathus,603,Abordable,2026-03-04
7118,Ben_P_1,603,Abordable,2026-03-04
7119,v2rlz,602,Abordable,2026-03-04
7120,yazrod21,602,Abordable,2026-03-04
7121,malorie1023,602,Abordable,2026-03-04
7122,BlaBlaw_,602,Abordable,2026-03-04
7123,ToniitruantT,602,Abordable,2026-03-04
7124,Gritam,602,Abordable,2026-03-04
7125,Vapo_____,602,Abordable,2026-03-04
7126,kalild83,601,Abordable,2026-03-04
7127,Thibs_7,601,Abordable,2026-03-04
7128,olivresck,601,Abordable,2026-03-04
7129,pierrotgo,601,Abordable,2026-03-04
7130,timojs63,601,Abordable,2026-03-04
7131,OuistiStitch,601,Abordable,2026-03-04
7132,margote04,601,Abordable,2026-03-04
7133,mammy_buisson,601,Abordable,2026-03-04
7134,Trynzix,601,Abordable,2026-03-04
7135,Miffor26,600,Abordable,2026-03-04
7136,Holt78,600,Abordable,2026-03-04
7137,mick15118,600,Abordable,2026-03-04
7138,eresunmelon,600,Abordable,2026-03-04
7139,ameliechiapp,600,Abordable,2026-03-04
7140,tetedoeufdepoule,600,Abordable,2026-03-04
7141,julaie77,600,Abordable,2026-03-04
7142,tapix13006,600,Abordable,2026-03-04
7143,IIRob1,600,Abordable,2026-03-04
7144,axis_smn,600,Abordable,2026-03-04
7145,agatheyouuh,600,Abordable,2026-03-04
7146,Thorneir_,600,Abordable,2026-03-04
7147,loviannah,600,Abordable,2026-03-04
7148,inquii,600,Abordable,2026-03-04
7149,rydheidkdjd,600,Abordable,2026-03-04
7150,jeeeun63,600,Abordable,2026-03-04
7151,pizza_parti,600,Abordable,2026-03-04
7152,biwan93_,600,Abordable,2026-03-04
7153,florawhite99,600,Abordable,2026-03-04
7154,Sinaynomis,600,Abordable,2026-03-04
7155,alexe_gblng,600,Abordable,2026-03-04
7156,ambre7822,600,Abordable,2026-03-04
7157,aikachi7,600,Abordable,2026-03-04
7158,alphax91,600,Abordable,2026-03-04
7159,taorutadjo,600,Abordable,2026-03-04
7160,rox_pas_rouky,600,Abordable,2026-03-04
7161,gigi5357,600,Abordable,2026-03-04
7162,skjernsommerfeld,600,Abordable,2026-03-04
7163,augustinlevrai,600,Abordable,2026-03-04
7164,alex_lefeu,599,Abordable,2026-03-04
7165,Serdaveg,599,Abordable,2026-03-04
7166,mattttteo116,599,Abordable,2026-03-04
7167,The_Doctor_Brown,599,Abordable,2026-03-04
7168,Ikiinowax,599,Abordable,2026-03-04
7169,Slayrig,599,Abordable,2026-03-04
7170,MrCruzer,599,Abordable,2026-03-04
7171,Ardaraps,598,Abordable,2026-03-04
7172,Le_Curry_,598,Abordable,2026-03-04
7173,am_nefariouz,598,Abordable,2026-03-04
7174,ximenia47,598,Abordable,2026-03-04
7175,ammzzyym,598,Abordable,2026-03-04
7176,leoluffyfannnn,598,Abordable,2026-03-04
7177,palmit0s_,598,Abordable,2026-03-04
7178,Soeole3,597,Abordable,2026-03-04
7179,t_o_t_o_04,597,Abordable,2026-03-04
7180,gui12ma,597,Abordable,2026-03-04
7181,aurelienator,597,Abordable,2026-03-04
7182,cl_chevalier,597,Abordable,2026-03-04
7183,naaaaaass,597,Abordable,2026-03-04
7184,thefrenchcanadian1,597,Abordable,2026-03-04
7185,ja2dr,596,Abordable,2026-03-04
7186,Heelaw,596,Abordable,2026-03-04
7187,jijii236,596,Abordable,2026-03-04
7188,ura_loulou,596,Abordable,2026-03-04
7189,mathieu_brst,596,Abordable,2026-03-04
7190,Shavox27,596,Abordable,2026-03-04
7191,anakinskywalkeras,595,Abordable,2026-03-04
7192,djeynialo,595,Abordable,2026-03-04
7193,LyyyNeeeee,595,Abordable,2026-03-04
7194,LoucasLuke,595,Abordable,2026-03-04
7195,azmog159_,595,Abordable,2026-03-04
7196,doctorgorille,595,Abordable,2026-03-04
7197,deluxios2,595,Abordable,2026-03-04
7198,Pifoute,595,Abordable,2026-03-04
7199,Doway,595,Abordable,2026-03-04
7200,SpillerBJ,594,Abordable,2026-03-04
7201,lorickgng,594,Abordable,2026-03-04
7202,zelie_l,594,Abordable,2026-03-04
7203,Tanuki_Bouilloire,594,Abordable,2026-03-04
7204,aliamelo,594,Abordable,2026-03-04
7205,gullyiy,594,Abordable,2026-03-04
7206,nicovega76,594,Abordable,2026-03-04
7207,rosie_pinkie,594,Abordable,2026-03-04
7208,jspjesuisarthur,594,Abordable,2026-03-04
7209,karimlevoleur93,594,Abordable,2026-03-04
7210,edouard_g,593,Abordable,2026-03-04
7211,eleonoreech,593,Abordable,2026-03-04
7212,Maksou,593,Abordable,2026-03-04
7213,Minoreex,593,Abordable,2026-03-04
7214,picolette33,593,Abordable,2026-03-04
7215,anto_bill929483,593,Abordable,2026-03-04
7216,robieeng,593,Abordable,2026-03-04
7217,lzouc,593,Abordable,2026-03-04
7218,Nitrozalex_,593,Abordable,2026-03-04
7219,tatianabibiche,593,Abordable,2026-03-04
7220,LuniqueGamus,593,Abordable,2026-03-04
7221,clem_br_,593,Abordable,2026-03-04
7222,nopain_no_gain,593,Abordable,2026-03-04
7223,ellaassp,593,Abordable,2026-03-04
7224,eloisevct,593,Abordable,2026-03-04
7225,s_sparrow10,593,Abordable,2026-03-04
7226,cora_leen,593,Abordable,2026-03-04
7227,clem345,592,Abordable,2026-03-04
7228,Elstir__,592,Abordable,2026-03-04
7229,balboachess,592,Abordable,2026-03-04
7230,syni_x_,592,Abordable,2026-03-04
7231,yagarasa,592,Abordable,2026-03-04
7232,hugnark,592,Abordable,2026-03-04
7233,max3nc3_71,592,Abordable,2026-03-04
7234,niniounette49,592,Abordable,2026-03-04
7235,bladx91,592,Abordable,2026-03-04
7236,baowben,592,Abordable,2026-03-04
7237,Robert_Lafondue_,592,Abordable,2026-03-04
7238,TomAxia,591,Abordable,2026-03-04
7239,evil__royal,591,Abordable,2026-03-04
7240,sauce_kikkoman,591,Abordable,2026-03-04
7241,pacifikcortex,591,Abordable,2026-03-04
7242,maevabohers,591,Abordable,2026-03-04
7243,ringo_65,591,Abordable,2026-03-04
7244,agnessette,591,Abordable,2026-03-04
7245,emilamical,591,Abordable,2026-03-04
7246,nolannc455,590,Abordable,2026-03-04
7247,creamkittyfr,590,Abordable,2026-03-04
7248,aganana4,590,Abordable,2026-03-04
7249,Lastot,590,Abordable,2026-03-04
7250,mercrellica_8,590,Abordable,2026-03-04
7251,OkamiMorgan,590,Abordable,2026-03-04
7252,maylisbnnrd,590,Abordable,2026-03-04
7254,robin59399,589,Abordable,2026-03-04
7255,tibotibotibo2,589,Abordable,2026-03-04
7256,Azuuko,589,Abordable,2026-03-04
7257,NeoXHyriz,589,Abordable,2026-03-04
7258,Hellnettles,589,Abordable,2026-03-04
7259,leeana_hi,589,Abordable,2026-03-04
7260,quelk1_,589,Abordable,2026-03-04
7261,Yuukirz_mk,589,Abordable,2026-03-04
7262,cuissedetortue,589,Abordable,2026-03-04
7263,Atrex04,588,Abordable,2026-03-04
7264,ccandylene,588,Abordable,2026-03-04
7265,bastgamin,588,Abordable,2026-03-04
7266,will72240,588,Abordable,2026-03-04
7267,lazlo_strange_,588,Abordable,2026-03-04
7268,ElfeTheKing,588,Abordable,2026-03-04
7269,Atoqua,587,Abordable,2026-03-04
7270,yoshi_2007,587,Abordable,2026-03-04
7271,skypos_,587,Abordable,2026-03-04
7272,antomario10,587,Abordable,2026-03-04
7273,Wilkouse,587,Abordable,2026-03-04
7274,cinephileerrant,587,Abordable,2026-03-04
7275,ripch88,587,Abordable,2026-03-04
7276,plaf0nd_,587,Abordable,2026-03-04
7277,lalyy__7,587,Abordable,2026-03-04
7278,rdmiin,587,Abordable,2026-03-04
7279,bubulacastagne,586,Abordable,2026-03-04
7280,mattaieauu,586,Abordable,2026-03-04
7281,pierrepaulejaques,586,Abordable,2026-03-04
7282,Liphis,586,Abordable,2026-03-04
7283,Krakitoo,586,Abordable,2026-03-04
7284,ZebreNoirTV,586,Abordable,2026-03-04
7285,perenini,585,Abordable,2026-03-04
7286,dbu67,585,Abordable,2026-03-04
7287,cabinx5,585,Abordable,2026-03-04
7288,SolyGhosts,585,Abordable,2026-03-04
7289,achonx51,585,Abordable,2026-03-04
7290,ivan1992fev,585,Abordable,2026-03-04
7291,marayaa,585,Abordable,2026-03-04
7292,Valk1205,584,Abordable,2026-03-04
7293,LOxy_phone,584,Abordable,2026-03-04
7294,chriquette,584,Abordable,2026-03-04
7295,Zokhross,584,Abordable,2026-03-04
7296,bylicaro,584,Abordable,2026-03-04
7297,crapialess,584,Abordable,2026-03-04
7298,alisonfrs,583,Abordable,2026-03-04
7299,resau33,583,Abordable,2026-03-04
7300,K4zuM4t,583,Abordable,2026-03-04
7301,Ozeeeko,583,Abordable,2026-03-04
7302,EloLightyear7,583,Abordable,2026-03-04
7303,Lojaan_tv,583,Abordable,2026-03-04
7304,AlDLan08,583,Abordable,2026-03-04
7305,Grumpy_TwitchTv,583,Abordable,2026-03-04
7306,solenepnd,582,Abordable,2026-03-04
7307,KZN_______,582,Abordable,2026-03-04
7308,gogetamzaa,582,Abordable,2026-03-04
7309,nellio10,582,Abordable,2026-03-04
7310,lazzzdg,582,Abordable,2026-03-04
7311,justincg27,582,Abordable,2026-03-04
7312,najayaaa,582,Abordable,2026-03-04
7313,Antho_Clacos,582,Abordable,2026-03-04
7314,kaymoze,582,Abordable,2026-03-04
7315,Pierokarei,582,Abordable,2026-03-04
7316,zilouloux123,581,Abordable,2026-03-04
7317,lecureuilbleu,581,Abordable,2026-03-04
7318,Orybles,581,Abordable,2026-03-04
7319,sacha_k____,581,Abordable,2026-03-04
7320,jerezzinho,581,Abordable,2026-03-04
7321,xeraatys,581,Abordable,2026-03-04
7322,justswim79,581,Abordable,2026-03-04
7323,ourson1609,581,Abordable,2026-03-04
7324,ririlecon2,581,Abordable,2026-03-04
7325,aaaabcd1,581,Abordable,2026-03-04
7326,guillaume44000,581,Abordable,2026-03-04
7327,sarah_tess_twitch,580,Abordable,2026-03-04
7328,gwendo_la_gwendo,580,Abordable,2026-03-04
7329,the_miror2,580,Abordable,2026-03-04
7330,micronazal,580,Abordable,2026-03-04
7331,albertmonsieur,580,Abordable,2026-03-04
7332,chloednt,580,Abordable,2026-03-04
7333,adrilexlesolex,580,Abordable,2026-03-04
7334,chaseur2_0,580,Abordable,2026-03-04
7335,oarthur25,580,Abordable,2026-03-04
7336,nicolapi08,580,Abordable,2026-03-04
7337,antoinerugby1502,580,Abordable,2026-03-04
7338,wiikiix,579,Abordable,2026-03-04
7339,clemidoudou,579,Abordable,2026-03-04
7340,unbiseptium_127,579,Abordable,2026-03-04
7341,shiizuk0_,579,Abordable,2026-03-04
7342,alban3544,579,Abordable,2026-03-04
7343,zebastopol8,579,Abordable,2026-03-04
7344,cmoiemo,579,Abordable,2026-03-04
7345,Jayminy,579,Abordable,2026-03-04
7346,vero_guibert17,578,Abordable,2026-03-04
7347,phiphi100854,578,Abordable,2026-03-04
7348,xig57,578,Abordable,2026-03-04
7349,ElKoudou,578,Abordable,2026-03-04
7350,Peohina,578,Abordable,2026-03-04
7351,hortensedel,578,Abordable,2026-03-04
7352,colombef,578,Abordable,2026-03-04
7353,Alexdr_sle,578,Abordable,2026-03-04
7354,banana2522,578,Abordable,2026-03-04
7355,matepala12,578,Abordable,2026-03-04
7356,zziace,577,Abordable,2026-03-04
7357,labrugeee,577,Abordable,2026-03-04
7358,enzog3113,577,Abordable,2026-03-04
7359,Wartux_,577,Abordable,2026-03-04
7360,acjoka97,576,Abordable,2026-03-04
7361,ElKraks_,576,Abordable,2026-03-04
7362,Chentvin,576,Abordable,2026-03-04
7363,d0ud0u1806,576,Abordable,2026-03-04
7364,marcobyr,576,Abordable,2026-03-04
7365,auxonne21,576,Abordable,2026-03-04
7366,accarios,576,Abordable,2026-03-04
7367,jcf1973,576,Abordable,2026-03-04
7368,maxmur,576,Abordable,2026-03-04
7369,mathis__ppn,576,Abordable,2026-03-04
7370,devreix,576,Abordable,2026-03-04
7371,jainaleg,576,Abordable,2026-03-04
7372,cyraryca,575,Abordable,2026-03-04
7373,Elmire_,575,Abordable,2026-03-04
7374,estarossaaa18,575,Abordable,2026-03-04
7375,shelbyye,575,Abordable,2026-03-04
7376,s4ch4n15,575,Abordable,2026-03-04
7377,Melicerte,575,Abordable,2026-03-04
7378,siana23092000,575,Abordable,2026-03-04
7379,ratchetrobs29,575,Abordable,2026-03-04
7380,elodiel8,575,Abordable,2026-03-04
7381,piga023,575,Abordable,2026-03-04
7382,timbutkuf,575,Abordable,2026-03-04
7383,Nab_Babo,574,Abordable,2026-03-04
7384,Hugohash,574,Abordable,2026-03-04
7385,dembelinhoo7,574,Abordable,2026-03-04
7386,docsimones,574,Abordable,2026-03-04
7387,Crawdge,574,Abordable,2026-03-04
7388,zeqgterg,574,Abordable,2026-03-04
7389,martineau72200,574,Abordable,2026-03-04
7390,Leenoo__,574,Abordable,2026-03-04
7391,lyricarus,574,Abordable,2026-03-04
7392,MegaiSaa,573,Abordable,2026-03-04
7393,cricri6464,573,Abordable,2026-03-04
7394,maaaxouu,573,Abordable,2026-03-04
7395,ZorillawBKZ,573,Abordable,2026-03-04
7396,ev4nesc3nce_,573,Abordable,2026-03-04
7397,mathildev95,573,Abordable,2026-03-04
7398,lorisbjn10,573,Abordable,2026-03-04
7399,mirio_34,572,Abordable,2026-03-04
7400,annick33440,572,Abordable,2026-03-04
7401,mrlg1204,572,Abordable,2026-03-04
7402,julio2881,572,Abordable,2026-03-04
7403,jeannelalouve,572,Abordable,2026-03-04
7404,blackwolf6930,571,Abordable,2026-03-04
7405,chlorophylle1_2_3_4_12,571,Abordable,2026-03-04
7406,sadhill31,571,Abordable,2026-03-04
7407,avdstry,571,Abordable,2026-03-04
7408,PapaOursFR,571,Abordable,2026-03-04
7409,leastanoff,571,Abordable,2026-03-04
7411,bmthebuldozer,570,Abordable,2026-03-04
7412,captaineFlem,570,Abordable,2026-03-04
7413,dagmartrv,570,Abordable,2026-03-04
7414,laetichxtte,570,Abordable,2026-03-04
7415,lilith_wyatt,570,Abordable,2026-03-04
7416,BlueSaphirria,570,Abordable,2026-03-04
7417,eyvos,570,Abordable,2026-03-04
7418,kikman2323,570,Abordable,2026-03-04
7419,ElPavoDeLaBroma,570,Abordable,2026-03-04
7420,queenlanou12,570,Abordable,2026-03-04
7421,din0_24,570,Abordable,2026-03-04
7422,Coqenstock26,570,Abordable,2026-03-04
7423,simix_off0,570,Abordable,2026-03-04
7424,antou_2305,570,Abordable,2026-03-04
7425,soniabhj,570,Abordable,2026-03-04
7426,remychp69,570,Abordable,2026-03-04
7427,amelie_0123456789,570,Abordable,2026-03-04
7428,Feanoldor,570,Abordable,2026-03-04
7429,flutterzance,570,Abordable,2026-03-04
7430,chocacao25,570,Abordable,2026-03-04
7431,Lopiktec,570,Abordable,2026-03-04
7432,acess_nagumo,570,Abordable,2026-03-04
7433,patatasbravasoff,570,Abordable,2026-03-04
7434,antone_vg,570,Abordable,2026-03-04
7435,HarryBeau28,570,Abordable,2026-03-04
7436,louann_grs,569,Abordable,2026-03-04
7437,kaev880,569,Abordable,2026-03-04
7438,fabien_essoone,569,Abordable,2026-03-04
7440,blueskill107,569,Abordable,2026-03-04
7441,piketaxx,569,Abordable,2026-03-04
7442,lu6_zt,569,Abordable,2026-03-04
7443,Noveily_,569,Abordable,2026-03-04
7444,broutteherbe,569,Abordable,2026-03-04
7445,coraliearg,569,Abordable,2026-03-04
7446,bluebat59,569,Abordable,2026-03-04
7447,torf0rt,569,Abordable,2026-03-04
7448,dryamate,569,Abordable,2026-03-04
7449,yangambiwa24,568,Abordable,2026-03-04
7450,prof_zarb,568,Abordable,2026-03-04
7451,Xynie31,568,Abordable,2026-03-04
7452,kendril261,568,Abordable,2026-03-04
7453,bachoule27,568,Abordable,2026-03-04
7454,Baguette_roze,568,Abordable,2026-03-04
7455,Spayerboy,568,Abordable,2026-03-04
7456,Briising,568,Abordable,2026-03-04
7457,Ivarna,567,Abordable,2026-03-04
7458,actario_,567,Abordable,2026-03-04
7459,rodeo2a,567,Abordable,2026-03-04
7460,nazdrovjebr,567,Abordable,2026-03-04
7461,n0rtus17,567,Abordable,2026-03-04
7462,hermiluna_223,567,Abordable,2026-03-04
7463,tasliim,566,Abordable,2026-03-04
7464,Wowtwinka,566,Abordable,2026-03-04
7465,lilou_9522,566,Abordable,2026-03-04
7466,hypnoz_101,566,Abordable,2026-03-04
7467,EmN1ght,566,Abordable,2026-03-04
7468,alexis_h273,566,Abordable,2026-03-04
7469,Beuzmoker,566,Abordable,2026-03-04
7470,PtiPot2Moutarde,566,Abordable,2026-03-04
7471,Bigrouille,566,Abordable,2026-03-04
7472,Sixsko,565,Abordable,2026-03-04
7473,emmachacha,565,Abordable,2026-03-04
7474,alexcecchinato,565,Abordable,2026-03-04
7475,lilu256,565,Abordable,2026-03-04
7476,mlle_rose_elnath,565,Abordable,2026-03-04
7477,gab_0235,565,Abordable,2026-03-04
7478,Antonn_live,565,Abordable,2026-03-04
7479,Atagarz,565,Abordable,2026-03-04
7480,Atoms974,564,Abordable,2026-03-04
7481,darti032,564,Abordable,2026-03-04
7482,pierro07,564,Abordable,2026-03-04
7483,citronnade321,563,Abordable,2026-03-04
7484,Fiiirra,563,Abordable,2026-03-04
7485,maiamgrt,562,Abordable,2026-03-04
7486,julo_thewelsh,562,Abordable,2026-03-04
7487,antoine42,562,Abordable,2026-03-04
7488,pac2310,562,Abordable,2026-03-04
7489,oli21099,562,Abordable,2026-03-04
7490,itsineshihi,562,Abordable,2026-03-04
7491,mariiiiionn,562,Abordable,2026-03-04
7492,leofandechat,562,Abordable,2026-03-04
7493,KaCiao14,562,Abordable,2026-03-04
7494,no_lan_deng,562,Abordable,2026-03-04
7495,amandedu59141,562,Abordable,2026-03-04
7496,EnokQLF,562,Abordable,2026-03-04
7497,feldrea,561,Abordable,2026-03-04
7498,naoko333,561,Abordable,2026-03-04
7499,Khebes,561,Abordable,2026-03-04
7500,moks_14,561,Abordable,2026-03-04
7501,abelb8,561,Abordable,2026-03-04
7502,noe_n,561,Abordable,2026-03-04
7503,lele070801,561,Abordable,2026-03-04
7504,dustizo,561,Abordable,2026-03-04
7505,olkaaz,560,Abordable,2026-03-04
7506,saamoht,560,Abordable,2026-03-04
7507,WillyBoy__17,560,Abordable,2026-03-04
7508,finekryptos,560,Abordable,2026-03-04
7509,miemdax,559,Abordable,2026-03-04
7510,core_rlld,559,Abordable,2026-03-04
7511,GodZilox,559,Abordable,2026-03-04
7512,yorickk_,559,Abordable,2026-03-04
7513,Lyriia_,559,Abordable,2026-03-04
7514,mx2gunrs,559,Abordable,2026-03-04
7515,mi_fa_,559,Abordable,2026-03-04
7516,pipvvv,558,Abordable,2026-03-04
7517,Aroqoo,558,Abordable,2026-03-04
7518,clemfiTV,558,Abordable,2026-03-04
7519,aklimp,558,Abordable,2026-03-04
7520,babazou31,558,Abordable,2026-03-04
7521,QbHugo,558,Abordable,2026-03-04
7522,celiooo03,558,Abordable,2026-03-04
7523,Evandar_XD,558,Abordable,2026-03-04
7524,lau4406,557,Abordable,2026-03-04
7525,robinaleny,557,Abordable,2026-03-04
7526,carabas36,557,Abordable,2026-03-04
7527,peperonipizzz,557,Abordable,2026-03-04
7528,Axelinho1402,557,Abordable,2026-03-04
7529,sebleronflex,557,Abordable,2026-03-04
7530,toxadaz,557,Abordable,2026-03-04
7531,pikapikatrash,557,Abordable,2026-03-04
7532,liamverjam,557,Abordable,2026-03-04
7533,Axl_Crepes,557,Abordable,2026-03-04
7534,speeedy_studios,557,Abordable,2026-03-04
7535,Jeanfile82,556,Abordable,2026-03-04
7536,Novardens,556,Abordable,2026-03-04
7537,hasfodel,556,Abordable,2026-03-04
7538,boudoubou,556,Abordable,2026-03-04
7539,NemLouche,556,Abordable,2026-03-04
7540,supermeme03,556,Abordable,2026-03-04
7541,apipouu,556,Abordable,2026-03-04
7542,PapyPomme,556,Abordable,2026-03-04
7543,mayosotis,556,Abordable,2026-03-04
7544,Yokai67twitch,556,Abordable,2026-03-04
7545,Galilee__,555,Abordable,2026-03-04
7546,idrreal,555,Abordable,2026-03-04
7547,gml_20,555,Abordable,2026-03-04
7548,loulou1418,555,Abordable,2026-03-04
7549,PetiteNyuti,555,Abordable,2026-03-04
7550,nemie06,555,Abordable,2026-03-04
7551,risedphenix,555,Abordable,2026-03-04
7552,Chackeyyy,555,Abordable,2026-03-04
7553,AntoiNoCry,555,Abordable,2026-03-04
7554,Spaywo,555,Abordable,2026-03-04
7555,lenouveauzidane,555,Abordable,2026-03-04
7556,valentinelcn,555,Abordable,2026-03-04
7557,camillesln,554,Abordable,2026-03-04
7558,brobricoleur24,554,Abordable,2026-03-04
7559,minechirute,554,Abordable,2026-03-04
7560,flooorian,554,Abordable,2026-03-04
7561,r052525252,554,Abordable,2026-03-04
7562,tutitub,554,Abordable,2026-03-04
7563,mamablr07,554,Abordable,2026-03-04
7564,tonymontaratata,554,Abordable,2026-03-04
7565,camb85,554,Abordable,2026-03-04
7566,gobair,554,Abordable,2026-03-04
7567,surimi18,554,Abordable,2026-03-04
7568,enabla12,553,Abordable,2026-03-04
7569,sheikahtf,553,Abordable,2026-03-04
7570,Jiogo18,553,Abordable,2026-03-04
7571,smirmork,553,Abordable,2026-03-04
7572,blandineb2,553,Abordable,2026-03-04
7573,ellasticgurl,553,Abordable,2026-03-04
7574,pat0941,553,Abordable,2026-03-04
7575,emturtle_,553,Abordable,2026-03-04
7576,zoemonon,553,Abordable,2026-03-04
7577,ThorPenn,553,Abordable,2026-03-04
7578,kyyz444,553,Abordable,2026-03-04
7579,tuyau99,552,Abordable,2026-03-04
7580,ju_dvx,552,Abordable,2026-03-04
7581,je_suis_une_etoile,552,Abordable,2026-03-04
7582,le_bazz,552,Abordable,2026-03-04
7583,lilie_ginko,552,Abordable,2026-03-04
7584,pourfontripe,551,Abordable,2026-03-04
7585,odrania15,551,Abordable,2026-03-04
7586,waldh4ri,551,Abordable,2026-03-04
7587,FrancisAnkou,551,Abordable,2026-03-04
7588,mlou13,551,Abordable,2026-03-04
7589,dodo_simplement,551,Abordable,2026-03-04
7590,eva__0325,551,Abordable,2026-03-04
7591,Arzigman,551,Abordable,2026-03-04
7592,celine30360,550,Abordable,2026-03-04
7593,ultrahortensia,550,Abordable,2026-03-04
7594,alpha_8585,550,Abordable,2026-03-04
7595,jonasclln,550,Abordable,2026-03-04
7596,sarage_w,550,Abordable,2026-03-04
7597,mo0dje,550,Abordable,2026-03-04
7598,cabzfr,550,Abordable,2026-03-04
7599,antoinepouvreau,550,Abordable,2026-03-04
7600,shau1s_,550,Abordable,2026-03-04
7601,sunnin_,550,Abordable,2026-03-04
7602,lorena_frl,550,Abordable,2026-03-04
7603,poyo_vibes,550,Abordable,2026-03-04
7604,Hypernaturol,549,Abordable,2026-03-04
7605,maxlmbrt,549,Abordable,2026-03-04
7606,bouriquette22,549,Abordable,2026-03-04
7607,jaykkokuro,549,Abordable,2026-03-04
7608,gaz8888,549,Abordable,2026-03-04
7609,JusteCruse,549,Abordable,2026-03-04
7610,admida2013,549,Abordable,2026-03-04
7611,teoh59,549,Abordable,2026-03-04
7612,candaices,549,Abordable,2026-03-04
7613,chrisjou95,549,Abordable,2026-03-04
7614,crovore,549,Abordable,2026-03-04
7615,dasschico,549,Abordable,2026-03-04
7616,MelcoreHat,549,Abordable,2026-03-04
7617,ltndan57,548,Abordable,2026-03-04
7618,mojitodejante65,548,Abordable,2026-03-04
7619,phoenixia129,548,Abordable,2026-03-04
7620,laulauide,548,Abordable,2026-03-04
7621,fluxxyew_,548,Abordable,2026-03-04
7622,noel_noel__,548,Abordable,2026-03-04
7623,tonixbzh,548,Abordable,2026-03-04
7624,mestiridido,548,Abordable,2026-03-04
7625,Akyrraa,548,Abordable,2026-03-04
7626,fl0flo,548,Abordable,2026-03-04
7627,ant0xique,548,Abordable,2026-03-04
7628,mrgeeknoobly,547,Abordable,2026-03-04
7629,Pragoserda,547,Abordable,2026-03-04
7630,Winfare,547,Abordable,2026-03-04
7631,cleorttd,547,Abordable,2026-03-04
7632,LePoissonThibautt,547,Abordable,2026-03-04
7633,nithusan_,547,Abordable,2026-03-04
7634,lion5624,546,Abordable,2026-03-04
7635,Jayro_mds,546,Abordable,2026-03-04
7636,juliebdgt,546,Abordable,2026-03-04
7637,gnoochi973,546,Abordable,2026-03-04
7638,gl_aledrim,546,Abordable,2026-03-04
7639,Electusf,546,Abordable,2026-03-04
7640,assel_dm,546,Abordable,2026-03-04
7641,noxy1111,546,Abordable,2026-03-04
7642,roxannegs,545,Abordable,2026-03-04
7643,paulmilad_lz,545,Abordable,2026-03-04
7644,lhv_rose,545,Abordable,2026-03-04
7645,aluco_88,545,Abordable,2026-03-04
7646,cromax_fr,545,Abordable,2026-03-04
7647,swagfira,545,Abordable,2026-03-04
7648,thisma70,544,Abordable,2026-03-04
7649,anaisdeb13,544,Abordable,2026-03-04
7650,davinhyo_8,544,Abordable,2026-03-04
7651,Skelerex,544,Abordable,2026-03-04
7652,Tuuttuurr,544,Abordable,2026-03-04
7653,Tymoche,544,Abordable,2026-03-04
7654,Antoniny03,544,Abordable,2026-03-04
7655,feucrame,544,Abordable,2026-03-04
7656,arzomi_,544,Abordable,2026-03-04
7657,guilrickur,544,Abordable,2026-03-04
7658,martysw,544,Abordable,2026-03-04
7659,YuriiVGR,544,Abordable,2026-03-04
7660,henryestbg,543,Abordable,2026-03-04
7661,mariewstr,543,Abordable,2026-03-04
7662,julios4,543,Abordable,2026-03-04
7663,biottop,543,Abordable,2026-03-04
7664,ValereDeLaPlaneteTerre,543,Abordable,2026-03-04
7665,PunchyStream,543,Abordable,2026-03-04
7666,paulhumain,543,Abordable,2026-03-04
7667,arthur_dmcd,543,Abordable,2026-03-04
7668,leogenas69,543,Abordable,2026-03-04
7669,marlasc69,543,Abordable,2026-03-04
7670,PeroStriker,543,Abordable,2026-03-04
7671,PeroStriker,543,Abordable,2026-03-04
7672,laapetitechloe,543,Abordable,2026-03-04
7673,osarya,542,Abordable,2026-03-04
7674,rick__,542,Abordable,2026-03-04
7675,melbahyouki,542,Abordable,2026-03-04
7676,perejosephine,542,Abordable,2026-03-04
7677,issana3,542,Abordable,2026-03-04
7678,musorgue,542,Abordable,2026-03-04
7679,wronsky2694,542,Abordable,2026-03-04
7680,Ch0k4pikk,542,Abordable,2026-03-04
7681,mrthiol,542,Abordable,2026-03-04
7682,Kalepom,542,Abordable,2026-03-04
7683,lemou,542,Abordable,2026-03-04
7684,darkrizen_2,541,Abordable,2026-03-04
7685,xxantonoirxx,541,Abordable,2026-03-04
7686,titouan_p18,541,Abordable,2026-03-04
7687,azertm2,541,Abordable,2026-03-04
7688,pomyq,541,Abordable,2026-03-04
7689,salut_c_est_m,541,Abordable,2026-03-04
7690,BUT2TREZEGUET,541,Abordable,2026-03-04
7691,echtecly,541,Abordable,2026-03-04
7692,tobiatus_,541,Abordable,2026-03-04
7693,linkseff,541,Abordable,2026-03-04
7694,Floninha10,541,Abordable,2026-03-04
7695,lebarbatuan,540,Abordable,2026-03-04
7696,n3dry_75,540,Abordable,2026-03-04
7697,led0ct,540,Abordable,2026-03-04
7698,Bloodhawk_Z,540,Abordable,2026-03-04
7699,ultimeatom,540,Abordable,2026-03-04
7700,zoeblld,540,Abordable,2026-03-04
7701,kikohalemon,540,Abordable,2026-03-04
7702,XCSamsy,540,Abordable,2026-03-04
7703,loevaplr,540,Abordable,2026-03-04
7704,Ayrooox_,540,Abordable,2026-03-04
7705,UnMecRandom23,540,Abordable,2026-03-04
7706,Atlas5921,540,Abordable,2026-03-04
7707,nrousselotb,540,Abordable,2026-03-04
7708,sosslpb,540,Abordable,2026-03-04
7709,dempsoo,540,Abordable,2026-03-04
7710,Chipsal,540,Abordable,2026-03-04
7711,Vlaixo,540,Abordable,2026-03-04
7712,owellesjp,540,Abordable,2026-03-04
7713,still_mbc,540,Abordable,2026-03-04
7714,tabascobrand,540,Abordable,2026-03-04
7715,Arkanssielle,540,Abordable,2026-03-04
7716,vic2312,540,Abordable,2026-03-04
7717,PoncePPP,540,Abordable,2026-03-04
7718,loupmny,540,Abordable,2026-03-04
7719,pepmilano,540,Abordable,2026-03-04
7720,didier_des_dididas,540,Abordable,2026-03-04
7721,TimmyHS,540,Abordable,2026-03-04
7722,r4pharmacie,540,Abordable,2026-03-04
7723,cg353,539,Abordable,2026-03-04
7724,ele3233,539,Abordable,2026-03-04
7725,HoppyyX,539,Abordable,2026-03-04
7726,hugzakow,539,Abordable,2026-03-04
7727,hinnae14,539,Abordable,2026-03-04
7728,Clement21456,539,Abordable,2026-03-04
7729,Lukaslerat,539,Abordable,2026-03-04
7730,cerise_arg,539,Abordable,2026-03-04
7731,luc24170,539,Abordable,2026-03-04
7732,pssylux,539,Abordable,2026-03-04
7733,Fumeste,539,Abordable,2026-03-04
7734,galigalawe,539,Abordable,2026-03-04
7735,Rinkeap,539,Abordable,2026-03-04
7736,loucaz_rbx,539,Abordable,2026-03-04
7739,milo24,538,Abordable,2026-03-04
7740,oinari__,538,Abordable,2026-03-04
7741,baptjack7,538,Abordable,2026-03-04
7742,mc6flag77,538,Abordable,2026-03-04
7743,xAshikata,538,Abordable,2026-03-04
7744,elynary,538,Abordable,2026-03-04
7745,mahtis_blv,538,Abordable,2026-03-04
7746,purpleeeeee_,537,Abordable,2026-03-04
7747,boz0bec,537,Abordable,2026-03-04
7748,captain_rom__,537,Abordable,2026-03-04
7749,lunatik_444,537,Abordable,2026-03-04
7750,yyyayoor,537,Abordable,2026-03-04
7751,friomfriom,537,Abordable,2026-03-04
7752,Remiwyng,537,Abordable,2026-03-04
7753,louisbchet,536,Abordable,2026-03-04
7754,notPr0xy,536,Abordable,2026-03-04
7755,therat72,536,Abordable,2026-03-04
7756,tonton_tom88,536,Abordable,2026-03-04
7757,Delta_TLM,536,Abordable,2026-03-04
7758,lixtya,536,Abordable,2026-03-04
7759,kaloooooooooooooooo,536,Abordable,2026-03-04
7760,bicloo44_,536,Abordable,2026-03-04
7761,bdvare57,536,Abordable,2026-03-04
7762,Cerb3res,536,Abordable,2026-03-04
7763,ddtournesol,535,Abordable,2026-03-04
7764,asphahyre_,535,Abordable,2026-03-04
7765,loulou080677,535,Abordable,2026-03-04
7766,mimounoux,535,Abordable,2026-03-04
7767,lachipolata69,535,Abordable,2026-03-04
7768,Alttamos,535,Abordable,2026-03-04
7769,henrilgt22,535,Abordable,2026-03-04
7770,charlet_ctr,535,Abordable,2026-03-04
7771,ben_dard,535,Abordable,2026-03-04
7772,bimbeles,534,Abordable,2026-03-04
7773,Henri_dmr_,534,Abordable,2026-03-04
7774,laserbird92,534,Abordable,2026-03-04
7775,mr_shampoing,534,Abordable,2026-03-04
7776,amaufanaccount,534,Abordable,2026-03-04
7777,lynxpegase13784,534,Abordable,2026-03-04
7778,YohAmida,534,Abordable,2026-03-04
7779,miamulus,534,Abordable,2026-03-04
7780,inter_ph,533,Abordable,2026-03-04
7781,tiphaine0404,533,Abordable,2026-03-04
7782,paume84,533,Abordable,2026-03-04
7783,roadukk,533,Abordable,2026-03-04
7784,Antoonitoo,533,Abordable,2026-03-04
7785,Brokeny_,533,Abordable,2026-03-04
7786,ST_Lakhtose,533,Abordable,2026-03-04
7787,kelleurestil,533,Abordable,2026-03-04
7788,tanguy_a,532,Abordable,2026-03-04
7789,skygames07,532,Abordable,2026-03-04
7790,rinekka,532,Abordable,2026-03-04
7791,pauul_mp4,532,Abordable,2026-03-04
7792,Etlara15,532,Abordable,2026-03-04
7793,maheleha,532,Abordable,2026-03-04
7794,blackjenjak,532,Abordable,2026-03-04
7795,monkeysthar,532,Abordable,2026-03-04
7796,max_lechelle,532,Abordable,2026-03-04
7797,Ayos351,531,Abordable,2026-03-04
7798,laurie_mrm,531,Abordable,2026-03-04
7799,anaislallouette,531,Abordable,2026-03-04
7801,oh_une_marmotte,531,Abordable,2026-03-04
7802,tuco630,531,Abordable,2026-03-04
7803,tanguyhrvx,531,Abordable,2026-03-04
7804,theophilefaye,531,Abordable,2026-03-04
7805,rv_du_07,531,Abordable,2026-03-04
7806,Bacuzi_,530,Abordable,2026-03-04
7807,vavacolcol,530,Abordable,2026-03-04
7808,alllerrrrlaaaaaaa,530,Abordable,2026-03-04
7809,petitfl,530,Abordable,2026-03-04
7810,UnAngeLibre,530,Abordable,2026-03-04
7811,amirablh,530,Abordable,2026-03-04
7812,Dodoace,530,Abordable,2026-03-04
7813,Elouan_Clash,530,Abordable,2026-03-04
7814,nath84000,530,Abordable,2026-03-04
7815,morenewar,530,Abordable,2026-03-04
7816,prof_scarecrow,530,Abordable,2026-03-04
7817,perona2001,529,Abordable,2026-03-04
7818,zornip_,529,Abordable,2026-03-04
7819,sillybeat,529,Abordable,2026-03-04
7820,Cudiinho,529,Abordable,2026-03-04
7821,bigfoot_gaming54,529,Abordable,2026-03-04
7822,g4b_ep2009,529,Abordable,2026-03-04
7823,lil_ale_the_og,529,Abordable,2026-03-04
7824,shlager,529,Abordable,2026-03-04
7825,belioz_,529,Abordable,2026-03-04
7826,AMP_Tanzo,528,Abordable,2026-03-04
7827,alicee57,528,Abordable,2026-03-04
7828,blackdodue,528,Abordable,2026-03-04
7829,Vivien_67,528,Abordable,2026-03-04
7830,julio_114,528,Abordable,2026-03-04
7831,Zayokai,528,Abordable,2026-03-04
7832,ce_ryd,528,Abordable,2026-03-04
7833,dowiil,528,Abordable,2026-03-04
7834,sopale13,528,Abordable,2026-03-04
7835,gabriiielgndt,528,Abordable,2026-03-04
7836,FauconQuiVole,527,Abordable,2026-03-04
7837,shiwaki7,527,Abordable,2026-03-04
7838,calibandalsal,527,Abordable,2026-03-04
7839,mg_camsang62,527,Abordable,2026-03-04
7840,elo29450,527,Abordable,2026-03-04
7841,Supermarteau15,527,Abordable,2026-03-04
7842,Arken4ton,527,Abordable,2026-03-04
7843,NepsAria,527,Abordable,2026-03-04
7844,mxtthew_01,526,Abordable,2026-03-04
7845,emma_educspe,526,Abordable,2026-03-04
7846,xiogo6,526,Abordable,2026-03-04
7847,titie78,526,Abordable,2026-03-04
7848,Velkhanaaa,526,Abordable,2026-03-04
7849,oscboud,526,Abordable,2026-03-04
7850,Cassielle,526,Abordable,2026-03-04
7851,kbens69,525,Abordable,2026-03-04
7852,LaSot6,525,Abordable,2026-03-04
7853,yannetchloe,525,Abordable,2026-03-04
7854,Thakeax,525,Abordable,2026-03-04
7855,acasbrest,525,Abordable,2026-03-04
7856,padskywy,525,Abordable,2026-03-04
7857,Oyashirox,525,Abordable,2026-03-04
7858,ophradinn,524,Abordable,2026-03-04
7859,nait0__,524,Abordable,2026-03-04
7860,El_Joffrito,524,Abordable,2026-03-04
7861,globitortue,524,Abordable,2026-03-04
7862,Liaxou,524,Abordable,2026-03-04
7863,audreey_93,524,Abordable,2026-03-04
7864,bruneljm,523,Abordable,2026-03-04
7865,Dan_Kurozumi,523,Abordable,2026-03-04
7866,Zorum21,523,Abordable,2026-03-04
7867,ob9376,523,Abordable,2026-03-04
7868,raphi_12800,523,Abordable,2026-03-04
7869,gR3ylord,523,Abordable,2026-03-04
7870,debeyyy,523,Abordable,2026-03-04
7871,HBRG_LoupXray,523,Abordable,2026-03-04
7872,apagnan27s,523,Abordable,2026-03-04
7873,redakai08095,523,Abordable,2026-03-04
7874,lorenm9,523,Abordable,2026-03-04
7875,ori_us,523,Abordable,2026-03-04
7876,arianeblack,523,Abordable,2026-03-04
7877,arkhana34,523,Abordable,2026-03-04
7878,bl0opbl0op,523,Abordable,2026-03-04
7879,caeliaa,522,Abordable,2026-03-04
7880,theorigine94,522,Abordable,2026-03-04
7881,unaddictgamer,522,Abordable,2026-03-04
7882,Badeo_,522,Abordable,2026-03-04
7883,sunnn_4,522,Abordable,2026-03-04
7884,ElFringoo,522,Abordable,2026-03-04
7885,el0an3,522,Abordable,2026-03-04
7886,louis_pht,522,Abordable,2026-03-04
7887,walkaaar,522,Abordable,2026-03-04
7888,alana_zbl,522,Abordable,2026-03-04
7889,Pandawann01,522,Abordable,2026-03-04
7890,Cyrian012,521,Abordable,2026-03-04
7891,at_m0s,521,Abordable,2026-03-04
7892,pepitaxi,521,Abordable,2026-03-04
7893,clemflyingman,521,Abordable,2026-03-04
7894,antoinejotaro,521,Abordable,2026-03-04
7895,didine_sama_,521,Abordable,2026-03-04
7896,jademrqt,521,Abordable,2026-03-04
7897,sariphe,521,Abordable,2026-03-04
7898,zextroz_,520,Abordable,2026-03-04
7899,dadathesnail,520,Abordable,2026-03-04
7900,Sloty_56,520,Abordable,2026-03-04
7901,fire_shot49,520,Abordable,2026-03-04
7902,Dams1412,520,Abordable,2026-03-04
7903,therabbitsgod,520,Abordable,2026-03-04
7904,lololeti22,520,Abordable,2026-03-04
7905,Dweezilpowa,520,Abordable,2026-03-04
7906,naruraruran,520,Abordable,2026-03-04
7907,reysmeliodas,520,Abordable,2026-03-04
7908,xoller78,519,Abordable,2026-03-04
7909,ryztourne,519,Abordable,2026-03-04
7910,lilydear4,519,Abordable,2026-03-04
7911,h0stilz,519,Abordable,2026-03-04
7912,utopia987,519,Abordable,2026-03-04
7913,valoumm10,519,Abordable,2026-03-04
7914,leloliecrn,519,Abordable,2026-03-04
7915,emyc1703,518,Abordable,2026-03-04
7916,saucebbq5,518,Abordable,2026-03-04
7917,robinoob,518,Abordable,2026-03-04
7918,lacoullet,518,Abordable,2026-03-04
7919,lunivers_de_pan,518,Abordable,2026-03-04
7920,liakarat,518,Abordable,2026-03-04
7921,Silvers__Rayleigh,517,Abordable,2026-03-04
7922,Numeitha,517,Abordable,2026-03-04
7924,franckylesang,516,Abordable,2026-03-04
7925,manolamrno,516,Abordable,2026-03-04
7926,kkeeborn,515,Abordable,2026-03-04
7927,sabenou,515,Abordable,2026-03-04
7928,lemeuble_sexy,515,Abordable,2026-03-04
7929,jujulncl,515,Abordable,2026-03-04
7930,Clayptocat,515,Abordable,2026-03-04
7931,GuiggzTV,515,Abordable,2026-03-04
7932,DESERTSTREAMS,515,Abordable,2026-03-04
7933,Porosamax,515,Abordable,2026-03-04
7934,buuche__,515,Abordable,2026-03-04
7935,wiiwiisan,514,Abordable,2026-03-04
7936,gipsy_istarille,514,Abordable,2026-03-04
7937,quentitinus,514,Abordable,2026-03-04
7938,Z4RT0CK,514,Abordable,2026-03-04
7939,KheosFR,514,Abordable,2026-03-04
7940,zinzid,514,Abordable,2026-03-04
7941,rachidou79,514,Abordable,2026-03-04
7942,Walnem,514,Abordable,2026-03-04
7943,YukariYuii,514,Abordable,2026-03-04
7944,Etropixx,514,Abordable,2026-03-04
7945,obispienne76,513,Abordable,2026-03-04
7946,letank_fm,513,Abordable,2026-03-04
7947,lenatoxx,513,Abordable,2026-03-04
7948,Ylodrath,513,Abordable,2026-03-04
7949,LiLFredi,513,Abordable,2026-03-04
7950,Neihms,513,Abordable,2026-03-04
7951,aliiiice018374829,513,Abordable,2026-03-04
7952,ClemsKko,513,Abordable,2026-03-04
7953,lakiias,513,Abordable,2026-03-04
7954,chachcal,513,Abordable,2026-03-04
7955,mandrino18,513,Abordable,2026-03-04
7956,cl_emen1,513,Abordable,2026-03-04
7957,bunnyto_off,512,Abordable,2026-03-04
7958,flechebrisee26,512,Abordable,2026-03-04
7959,pezzoco,512,Abordable,2026-03-04
7961,arnaud2204,512,Abordable,2026-03-04
7962,miss_click_here,512,Abordable,2026-03-04
7963,omniscy,512,Abordable,2026-03-04
7964,kaholom,512,Abordable,2026-03-04
7965,nessim26,512,Abordable,2026-03-04
7966,baptiste_gl,512,Abordable,2026-03-04
7967,ewan_231,512,Abordable,2026-03-04
7968,Cuissot,511,Abordable,2026-03-04
7969,arnauld256,511,Abordable,2026-03-04
7970,pier076,511,Abordable,2026-03-04
7971,Iragnum,511,Abordable,2026-03-04
7972,galetjade,511,Abordable,2026-03-04
7973,leywan_,511,Abordable,2026-03-04
7974,pautcho_,511,Abordable,2026-03-04
7975,KoalaaLaLaLaLa,511,Abordable,2026-03-04
7976,clara_jcmt,511,Abordable,2026-03-04
7977,papidry,511,Abordable,2026-03-04
7978,Tyxor18,510,Abordable,2026-03-04
7979,nownoa,510,Abordable,2026-03-04
7980,aleeekxx,510,Abordable,2026-03-04
7981,mmezelda,510,Abordable,2026-03-04
7982,ceedgers,510,Abordable,2026-03-04
7983,mamiehouda,510,Abordable,2026-03-04
7984,alx_alm,510,Abordable,2026-03-04
7985,bokut0o_,510,Abordable,2026-03-04
7986,marionlagoatt,510,Abordable,2026-03-04
7987,mattroxx_,510,Abordable,2026-03-04
7988,cymet06,510,Abordable,2026-03-04
7989,AnselmeO4,510,Abordable,2026-03-04
7990,Isillios,510,Abordable,2026-03-04
7991,robzdu44,510,Abordable,2026-03-04
7992,amphibolus18,510,Abordable,2026-03-04
7993,fanfanny76,510,Abordable,2026-03-04
7994,red_pxi,510,Abordable,2026-03-04
7995,Wenndalive,510,Abordable,2026-03-04
7996,Leuck_,510,Abordable,2026-03-04
7997,mkemiiiii,510,Abordable,2026-03-04
7998,Le_Deus_Ex_Machina,510,Abordable,2026-03-04
7999,mralexouille,509,Abordable,2026-03-04
8000,tchangyi,509,Abordable,2026-03-04
8001,ymazu,509,Abordable,2026-03-04
8002,Kahlazar_hs,509,Abordable,2026-03-04
8003,louisemrhl,508,Abordable,2026-03-04
8004,l3od3biloss,508,Abordable,2026-03-04
8005,louloute34590,508,Abordable,2026-03-04
8006,nyappz,508,Abordable,2026-03-04
8007,apocalypse039,508,Abordable,2026-03-04
8008,kimou__,507,Abordable,2026-03-04
8009,m8_kovo,507,Abordable,2026-03-04
8010,lisaaa_leba31,507,Abordable,2026-03-04
8011,greenouilles,507,Abordable,2026-03-04
8012,nightblood_28,507,Abordable,2026-03-04
8013,mimilasouriswsh,507,Abordable,2026-03-04
8014,Jelezia,507,Abordable,2026-03-04
8015,julesville57,506,Abordable,2026-03-04
8016,PifouM,506,Abordable,2026-03-04
8017,spiky_pollen,506,Abordable,2026-03-04
8018,playmaaaaaaanWz,506,Abordable,2026-03-04
8019,executeurlama_321,506,Abordable,2026-03-04
8020,belligoaal,506,Abordable,2026-03-04
8021,elo_ccb,506,Abordable,2026-03-04
8022,akpoivre_,506,Abordable,2026-03-04
8023,via56,506,Abordable,2026-03-04
8024,Mouchex2Luxe,506,Abordable,2026-03-04
8025,ibramih,505,Abordable,2026-03-04
8026,SoFoCle,505,Abordable,2026-03-04
8027,Jux__x,505,Abordable,2026-03-04
8028,ugo_32,505,Abordable,2026-03-04
8029,neptun_is,505,Abordable,2026-03-04
8030,lilou_zou,504,Abordable,2026-03-04
8031,ror0du13,504,Abordable,2026-03-04
8032,neslhock,504,Abordable,2026-03-04
8033,th_e000,504,Abordable,2026-03-04
8034,daskoy35,504,Abordable,2026-03-04
8035,pample___,504,Abordable,2026-03-04
8036,matouleloup59,504,Abordable,2026-03-04
8037,bigfleaut,504,Abordable,2026-03-04
8038,nyx_29000,503,Abordable,2026-03-04
8039,razspender_off,503,Abordable,2026-03-04
8040,martindupe,503,Abordable,2026-03-04
8041,matelllllll,503,Abordable,2026-03-04
8042,laineme69,503,Abordable,2026-03-04
8043,ydrasil_,502,Abordable,2026-03-04
8044,TheSmallPreview,502,Abordable,2026-03-04
8045,mesmichel,502,Abordable,2026-03-04
8046,leilamaf,502,Abordable,2026-03-04
8047,avmp_voltar,502,Abordable,2026-03-04
8048,lullha,502,Abordable,2026-03-04
8049,aertaxx,501,Abordable,2026-03-04
8050,helolooooooo,501,Abordable,2026-03-04
8051,germanmen77,501,Abordable,2026-03-04
8052,m4bad21,501,Abordable,2026-03-04
8053,nook_lebelarnaqueur,501,Abordable,2026-03-04
8054,Ansuz_Studio,501,Abordable,2026-03-04
8055,agon_cc,501,Abordable,2026-03-04
8056,slalom08,501,Abordable,2026-03-04
8057,mixlou_,501,Abordable,2026-03-04
8058,guliverse,501,Abordable,2026-03-04
8059,Yralluma,501,Abordable,2026-03-04
8060,LudovicHend,501,Abordable,2026-03-04
8061,mamounette2802,500,Abordable,2026-03-04
8062,portos_06,500,Abordable,2026-03-04
8063,KC_Thi,500,Abordable,2026-03-04
8064,MisterCyril,500,Abordable,2026-03-04
8065,val_bsst,500,Abordable,2026-03-04
8066,zarenty,499,Abordable,2026-03-04
8067,peace92111,499,Abordable,2026-03-04
8068,verypowerfulpanda,499,Abordable,2026-03-04
8069,Ansatole,499,Abordable,2026-03-04
8070,wind57050,499,Abordable,2026-03-04
8071,baalk,499,Abordable,2026-03-04
8072,tess_dsrmx,499,Abordable,2026-03-04
8073,tornard,498,Abordable,2026-03-04
8074,carvalv,498,Abordable,2026-03-04
8075,naylil8,498,Abordable,2026-03-04
8076,cpatrier,498,Abordable,2026-03-04
8077,m_spector,498,Abordable,2026-03-04
8078,fourchette_44,498,Abordable,2026-03-04
8079,cosyseeker,498,Abordable,2026-03-04
8080,megouzetastu,498,Abordable,2026-03-04
8081,mister_tortue_,497,Abordable,2026-03-04
8082,graindeplutonium,497,Abordable,2026-03-04
8083,AquaphobicOtter,497,Abordable,2026-03-04
8084,Lipzon,497,Abordable,2026-03-04
8085,lipkk17,497,Abordable,2026-03-04
8086,PogthTabas,497,Abordable,2026-03-04
8087,aaattthh,497,Abordable,2026-03-04
8088,lavrairaclettee,497,Abordable,2026-03-04
8089,La_Tat_,497,Abordable,2026-03-04
8090,ejlaemaes,497,Abordable,2026-03-04
8091,loukasss,497,Abordable,2026-03-04
8092,miyakulii,497,Abordable,2026-03-04
8093,bazeo,496,Abordable,2026-03-04
8094,sulynhoooo,496,Abordable,2026-03-04
8095,Nitel06,496,Abordable,2026-03-04
8096,Ananassassin,496,Abordable,2026-03-04
8097,maylisked,496,Abordable,2026-03-04
8098,cartouchaud,496,Abordable,2026-03-04
8099,florhy,496,Abordable,2026-03-04
8100,zozorc,496,Abordable,2026-03-04
8101,haltemanga,496,Abordable,2026-03-04
8102,leroye5,496,Abordable,2026-03-04
8103,Insupie,496,Abordable,2026-03-04
8104,elvin__19,496,Abordable,2026-03-04
8105,nane73,496,Abordable,2026-03-04
8106,emixam0193,495,Abordable,2026-03-04
8107,chloe30b,495,Abordable,2026-03-04
8108,pierre_rvlt,495,Abordable,2026-03-04
8109,KeuponDestroy,495,Abordable,2026-03-04
8110,dralex854,495,Abordable,2026-03-04
8111,aaxelosc,495,Abordable,2026-03-04
8112,oikawadinho,495,Abordable,2026-03-04
8113,g1ns3i,494,Abordable,2026-03-04
8114,snake20_10,494,Abordable,2026-03-04
8115,mama_rjo,494,Abordable,2026-03-04
8116,manon_didou,494,Abordable,2026-03-04
8117,slass_o,494,Abordable,2026-03-04
8118,chaiyu_kurusu,494,Abordable,2026-03-04
8119,Athoms31,494,Abordable,2026-03-04
8120,Mister_linkYT,494,Abordable,2026-03-04
8121,carojanet2011,494,Abordable,2026-03-04
8123,moussardk,494,Abordable,2026-03-04
8124,notaaa_,493,Abordable,2026-03-04
8125,goldentarine,493,Abordable,2026-03-04
8126,SLYDZZ_,493,Abordable,2026-03-04
8127,arlettazzz,493,Abordable,2026-03-04
8128,learbln,493,Abordable,2026-03-04
8129,crims0n_emperor,493,Abordable,2026-03-04
8130,romanus_drp,493,Abordable,2026-03-04
8131,antilopium29,493,Abordable,2026-03-04
8132,WildExos54,492,Abordable,2026-03-04
8133,lalisa815,492,Abordable,2026-03-04
8134,flowars_,492,Abordable,2026-03-04
8135,andras_sova,492,Abordable,2026-03-04
8136,idaray,492,Abordable,2026-03-04
8137,skansle,492,Abordable,2026-03-04
8138,Aidid17,492,Abordable,2026-03-04
8139,ddojima,492,Abordable,2026-03-04
8140,ramreb,491,Abordable,2026-03-04
8141,LaBenzance,491,Abordable,2026-03-04
8142,piratedu52,491,Abordable,2026-03-04
8143,gilles_bourque,491,Abordable,2026-03-04
8144,Vervantes,491,Abordable,2026-03-04
8145,Masanutchi,491,Abordable,2026-03-04
8146,nolan_le_chenapan,491,Abordable,2026-03-04
8147,rayandedtz,491,Abordable,2026-03-04
8148,sebixinhow,491,Abordable,2026-03-04
8149,salomefimbel,491,Abordable,2026-03-04
8150,el0uuu,491,Abordable,2026-03-04
8151,lausoe,491,Abordable,2026-03-04
8152,Paawl,491,Abordable,2026-03-04
8153,marion_chnsvng,491,Abordable,2026-03-04
8154,fl00da,491,Abordable,2026-03-04
8155,Etoiles,491,Abordable,2026-03-04
8156,annathedrink,490,Abordable,2026-03-04
8157,valoulalala,490,Abordable,2026-03-04
8158,YLoon_,490,Abordable,2026-03-04
8159,divinogene,490,Abordable,2026-03-04
8160,clementguise,490,Abordable,2026-03-04
8161,angurionau,490,Abordable,2026-03-04
8162,ayayaya_5,490,Abordable,2026-03-04
8163,marine_bdv,489,Abordable,2026-03-04
8164,eqilibr,489,Abordable,2026-03-04
8165,Aykonnito,489,Abordable,2026-03-04
8166,Barlox90,489,Abordable,2026-03-04
8167,juicyman6,489,Abordable,2026-03-04
8168,emmaaldr20,489,Abordable,2026-03-04
8169,madou624,489,Abordable,2026-03-04
8170,Shamix_4,489,Abordable,2026-03-04
8171,flavgarel,489,Abordable,2026-03-04
8172,sim_mg,489,Abordable,2026-03-04
8173,mathieu_mr0,489,Abordable,2026-03-04
8174,Boruug,488,Abordable,2026-03-04
8175,aureliervlnbook,488,Abordable,2026-03-04
8176,cowboydu75,488,Abordable,2026-03-04
8177,millady54,488,Abordable,2026-03-04
8178,Fmax768,488,Abordable,2026-03-04
8179,rohan_51l,488,Abordable,2026-03-04
8180,n_7_95,488,Abordable,2026-03-04
8181,hugoglxblt,488,Abordable,2026-03-04
8182,Noddinoir,488,Abordable,2026-03-04
8183,calypso101112,488,Abordable,2026-03-04
8184,TomannLeSandwich,488,Abordable,2026-03-04
8185,Galumerk,487,Abordable,2026-03-04
8186,smith_et_wess0n,487,Abordable,2026-03-04
8187,fabthehedgehog,487,Abordable,2026-03-04
8188,HiImMigi,486,Abordable,2026-03-04
8189,matheww824,486,Abordable,2026-03-04
8190,nialas1971,486,Abordable,2026-03-04
8191,fuzozoraire,486,Abordable,2026-03-04
8192,zorro_ao,486,Abordable,2026-03-04
8193,lisabou85,486,Abordable,2026-03-04
8194,olympia_thor,486,Abordable,2026-03-04
8195,JoseArribas,486,Abordable,2026-03-04
8196,maya_twix10,486,Abordable,2026-03-04
8197,nopen94,486,Abordable,2026-03-04
8198,nini_760,486,Abordable,2026-03-04
8199,king_sek0,486,Abordable,2026-03-04
8200,jose_asmodee,485,Abordable,2026-03-04
8201,telcube01,485,Abordable,2026-03-04
8202,Iwilli26,485,Abordable,2026-03-04
8203,crex31,485,Abordable,2026-03-04
8204,SadakoKimimura,485,Abordable,2026-03-04
8205,fujative,485,Abordable,2026-03-04
8206,clallaa,485,Abordable,2026-03-04
8207,ni2207,485,Abordable,2026-03-04
8208,Pierre_Desproges,485,Abordable,2026-03-04
8209,Acadix_,484,Abordable,2026-03-04
8210,marionousbb,484,Abordable,2026-03-04
8211,chamsousaba,484,Abordable,2026-03-04
8212,malinouu,484,Abordable,2026-03-04
8213,sam2raph_52,484,Abordable,2026-03-04
8214,uhaina_,484,Abordable,2026-03-04
8215,margauxo123,484,Abordable,2026-03-04
8216,ZoplayFS,484,Abordable,2026-03-04
8217,imantome,484,Abordable,2026-03-04
8218,mathieusolano,484,Abordable,2026-03-04
8219,thibthibhs,484,Abordable,2026-03-04
8220,thim4z,484,Abordable,2026-03-04
8221,mayavincenz,483,Abordable,2026-03-04
8222,maccasss2,483,Abordable,2026-03-04
8223,rofosefe,483,Abordable,2026-03-04
8224,wonwart,483,Abordable,2026-03-04
8225,MargeKaffee,483,Abordable,2026-03-04
8226,aewnoowo,483,Abordable,2026-03-04
8227,luluvelo83,483,Abordable,2026-03-04
8228,simon___adebisi,483,Abordable,2026-03-04
8229,lelud,482,Abordable,2026-03-04
8230,carocado23,482,Abordable,2026-03-04
8231,ANiceAtomicZuno,482,Abordable,2026-03-04
8232,deuzic,482,Abordable,2026-03-04
8233,Allan4A,482,Abordable,2026-03-04
8234,chanhyoo,481,Abordable,2026-03-04
8235,lolilolgrr,481,Abordable,2026-03-04
8236,ShiroHQ_,481,Abordable,2026-03-04
8237,Ethysio2,480,Abordable,2026-03-04
8238,ST_kimiskii,480,Abordable,2026-03-04
8239,aaxellee,480,Abordable,2026-03-04
8240,the0neand0nl1,480,Abordable,2026-03-04
8241,Aelyaa,480,Abordable,2026-03-04
8242,Mlle_Halisson,480,Abordable,2026-03-04
8243,levoyageurinconnue,480,Abordable,2026-03-04
8244,shifu_mastaz,480,Abordable,2026-03-04
8245,FloWteurs,480,Abordable,2026-03-04
8246,LeAlveris,480,Abordable,2026-03-04
8247,lecafe9,480,Abordable,2026-03-04
8248,didine7921,480,Abordable,2026-03-04
8249,Mephistorok,480,Abordable,2026-03-04
8250,mipomme,480,Abordable,2026-03-04
8251,red__40,480,Abordable,2026-03-04
8252,CoNuage9,480,Abordable,2026-03-04
8253,AElysio,480,Abordable,2026-03-04
8254,mover6,480,Abordable,2026-03-04
8255,MadSooz,480,Abordable,2026-03-04
8256,matis_imb,480,Abordable,2026-03-04
8257,adi_judrock,480,Abordable,2026-03-04
8258,arnaudd51,480,Abordable,2026-03-04
8259,mbrd01,480,Abordable,2026-03-04
8260,pkmkeke1,480,Abordable,2026-03-04
8261,foriche,480,Abordable,2026-03-04
8262,sheepmxn,480,Abordable,2026-03-04
8263,lisa__lrv,480,Abordable,2026-03-04
8264,bastbou,480,Abordable,2026-03-04
8265,cindyctrmj,479,Abordable,2026-03-04
8266,popo9703,479,Abordable,2026-03-04
8267,Juze_0,479,Abordable,2026-03-04
8268,Oskou,479,Abordable,2026-03-04
8269,Shiro_rds,478,Abordable,2026-03-04
8270,Silvers0ray,478,Abordable,2026-03-04
8271,mrhibouuu,478,Abordable,2026-03-04
8272,urofwu,478,Abordable,2026-03-04
8273,l_rssll_trrs,478,Abordable,2026-03-04
8274,Eyrthren,478,Abordable,2026-03-04
8275,aeeeeel,478,Abordable,2026-03-04
8276,Elraizher85,478,Abordable,2026-03-04
8277,escargotsaubeurrepersille,477,Abordable,2026-03-04
8278,azeliixx,477,Abordable,2026-03-04
8279,clement_tmsr,477,Abordable,2026-03-04
8280,MacximuZ,477,Abordable,2026-03-04
8281,keoroy,477,Abordable,2026-03-04
8282,Estrellaa27,477,Abordable,2026-03-04
8283,seravan08,476,Abordable,2026-03-04
8284,Selloitah,476,Abordable,2026-03-04
8285,zoe_gregoire,476,Abordable,2026-03-04
8286,chicaruda1977,476,Abordable,2026-03-04
8287,d0m_1n0,476,Abordable,2026-03-04
8288,patamax27,476,Abordable,2026-03-04
8289,Just_Qasss,476,Abordable,2026-03-04
8290,zolicas_dimensions,476,Abordable,2026-03-04
8291,Waffis_,476,Abordable,2026-03-04
8292,littlebigrom,476,Abordable,2026-03-04
8293,TheoGachet,476,Abordable,2026-03-04
8294,tol35_lvsq,476,Abordable,2026-03-04
8295,CClaudeFrollo,476,Abordable,2026-03-04
8296,lili418,475,Abordable,2026-03-04
8297,anitadulegue,475,Abordable,2026-03-04
8298,m1mouna,475,Abordable,2026-03-04
8299,Leo_dmo,475,Abordable,2026-03-04
8300,amelielesurimi,474,Abordable,2026-03-04
8301,La_Kess,474,Abordable,2026-03-04
8302,SamuelTitor,474,Abordable,2026-03-04
8303,perrfre,474,Abordable,2026-03-04
8304,toniosphere,474,Abordable,2026-03-04
8305,amandine_pdhm,474,Abordable,2026-03-04
8306,Anerress,474,Abordable,2026-03-04
8307,AdilGPM,474,Abordable,2026-03-04
8308,sylliouche,474,Abordable,2026-03-04
8309,darkswery,474,Abordable,2026-03-04
8310,le_l0102,473,Abordable,2026-03-04
8311,makzineuh,473,Abordable,2026-03-04
8312,Tremolow,473,Abordable,2026-03-04
8313,Ylliahc,473,Abordable,2026-03-04
8314,grimaikin22,473,Abordable,2026-03-04
8315,chloehtnt,473,Abordable,2026-03-04
8316,nova_x_freez,473,Abordable,2026-03-04
8317,benouchk,473,Abordable,2026-03-04
8318,NeyLshi,473,Abordable,2026-03-04
8319,Foujine,473,Abordable,2026-03-04
8320,ciramor77,473,Abordable,2026-03-04
8321,louisorhonbs,473,Abordable,2026-03-04
8322,hypefu_,472,Abordable,2026-03-04
8323,turbo_lolo,472,Abordable,2026-03-04
8324,broccolimi,472,Abordable,2026-03-04
8325,Syndrox31,472,Abordable,2026-03-04
8326,Thebigshow36,472,Abordable,2026-03-04
8327,lamuertedelpoulpo,472,Abordable,2026-03-04
8328,titi_bourrigault,472,Abordable,2026-03-04
8329,jajalasquale,472,Abordable,2026-03-04
8330,mb02510,472,Abordable,2026-03-04
8331,ingnatius63,472,Abordable,2026-03-04
8332,Emilienjc,472,Abordable,2026-03-04
8333,myamotter,471,Abordable,2026-03-04
8334,lou_stack,471,Abordable,2026-03-04
8335,Kursset,471,Abordable,2026-03-04
8336,antoch31140,471,Abordable,2026-03-04
8337,TheMudkip84,471,Abordable,2026-03-04
8338,samtordjman,471,Abordable,2026-03-04
8339,redwallader,471,Abordable,2026-03-04
8340,snitox122,471,Abordable,2026-03-04
8341,lorentin_hs,471,Abordable,2026-03-04
8342,akashi_ak,471,Abordable,2026-03-04
8343,raziator15,470,Abordable,2026-03-04
8344,spicygracee001,470,Abordable,2026-03-04
8345,julofouchke,470,Abordable,2026-03-04
8346,Swaizer_,470,Abordable,2026-03-04
8347,lolotropforte,470,Abordable,2026-03-04
8348,kl_apollon,470,Abordable,2026-03-04
8349,ArKadeAxe,470,Abordable,2026-03-04
8350,Blobloob,469,Abordable,2026-03-04
8351,kirikoucr1,469,Abordable,2026-03-04
8352,gerstert,469,Abordable,2026-03-04
8353,luffus_tv,469,Abordable,2026-03-04
8354,tibo_prx,469,Abordable,2026-03-04
8355,em3222,469,Abordable,2026-03-04
8356,eb010294,469,Abordable,2026-03-04
8357,axid23,468,Abordable,2026-03-04
8358,lalatea0202,468,Abordable,2026-03-04
8359,clemtix59,468,Abordable,2026-03-04
8360,AFK_Florian,468,Abordable,2026-03-04
8361,megapegasus15,468,Abordable,2026-03-04
8362,xRoublard,468,Abordable,2026-03-04
8363,quentiniug,468,Abordable,2026-03-04
8364,Iauum,468,Abordable,2026-03-04
8365,chribzl,468,Abordable,2026-03-04
8366,missmarvelwho,468,Abordable,2026-03-04
8367,flashbackshadow,468,Abordable,2026-03-04
8368,maxjacq03,467,Abordable,2026-03-04
8369,skyfull09,467,Abordable,2026-03-04
8370,laetis08,467,Abordable,2026-03-04
8371,loris2707,467,Abordable,2026-03-04
8372,Annnae,467,Abordable,2026-03-04
8373,Walugs_,467,Abordable,2026-03-04
8374,jojooborne,467,Abordable,2026-03-04
8375,HBKRKO619,467,Abordable,2026-03-04
8376,quentin_de_troie,467,Abordable,2026-03-04
8377,Towar6,467,Abordable,2026-03-04
8378,Kifou9,467,Abordable,2026-03-04
8379,lauriannesc,467,Abordable,2026-03-04
8380,jules_rufenacht,466,Abordable,2026-03-04
8381,meerenfungi,466,Abordable,2026-03-04
8382,UnUtilisateurTwitch,466,Abordable,2026-03-04
8383,ycou,466,Abordable,2026-03-04
8384,BenjiCiter,466,Abordable,2026-03-04
8385,clelyasmr,466,Abordable,2026-03-04
8386,mem_line,466,Abordable,2026-03-04
8387,synix_0019,466,Abordable,2026-03-04
8388,AnthoSid,466,Abordable,2026-03-04
8389,Tismeth,466,Abordable,2026-03-04
8390,Chtreman,466,Abordable,2026-03-04
8391,charasse91,466,Abordable,2026-03-04
8392,matkwa10,466,Abordable,2026-03-04
8393,mogooow,465,Abordable,2026-03-04
8394,jfkidkdb,465,Abordable,2026-03-04
8395,vdecleire,465,Abordable,2026-03-04
8396,sosomgt,465,Abordable,2026-03-04
8397,hakkuuu,464,Abordable,2026-03-04
8398,samfrancv2,464,Abordable,2026-03-04
8399,abe_stitch,464,Abordable,2026-03-04
8400,L0L4ZZZ,464,Abordable,2026-03-04
8401,elisaaarsenic,464,Abordable,2026-03-04
8402,el_picoooo,464,Abordable,2026-03-04
8403,rrrrrrrrrrobin,464,Abordable,2026-03-04
8404,Vincea04,464,Abordable,2026-03-04
8405,Loogy_cr,464,Abordable,2026-03-04
8406,L_Fake,464,Abordable,2026-03-04
8407,margot442,464,Abordable,2026-03-04
8408,arkod6,464,Abordable,2026-03-04
8409,mael_72130,464,Abordable,2026-03-04
8410,chaachouu07,463,Abordable,2026-03-04
8411,oriane_morel,463,Abordable,2026-03-04
8412,marina_lps,463,Abordable,2026-03-04
8413,big_h04,463,Abordable,2026-03-04
8414,Namjiji,463,Abordable,2026-03-04
8415,thomahawk39,463,Abordable,2026-03-04
8416,emimi09,463,Abordable,2026-03-04
8417,laulah_,462,Abordable,2026-03-04
8418,cendrillon12,462,Abordable,2026-03-04
8419,EkiHolic_,462,Abordable,2026-03-04
8420,Swwitcher,462,Abordable,2026-03-04
8421,Jessouiiille,462,Abordable,2026-03-04
8422,mariec_r,462,Abordable,2026-03-04
8423,BugLess,462,Abordable,2026-03-04
8424,ThatPlas,462,Abordable,2026-03-04
8425,emma_pec3,462,Abordable,2026-03-04
8426,babiche65,462,Abordable,2026-03-04
8427,surdidii,462,Abordable,2026-03-04
8428,Skalopri,461,Abordable,2026-03-04
8429,tonylmn,461,Abordable,2026-03-04
8430,jorclaz,461,Abordable,2026-03-04
8431,OTPTRUNDLEV5,461,Abordable,2026-03-04
8432,kharjouli,461,Abordable,2026-03-04
8433,kindermaxi07,461,Abordable,2026-03-04
8434,lagaub1,461,Abordable,2026-03-04
8435,bttwist,461,Abordable,2026-03-04
8436,hippolyteuro,461,Abordable,2026-03-04
8437,Barjhork,461,Abordable,2026-03-04
8438,settbronzette_,460,Abordable,2026-03-04
8439,splintercup1,460,Abordable,2026-03-04
8440,YTB_Spyro,460,Abordable,2026-03-04
8441,whiteeagle2707,460,Abordable,2026-03-04
8442,kls2907,460,Abordable,2026-03-04
8443,fatethecraquito,459,Abordable,2026-03-04
8444,stkenlive,459,Abordable,2026-03-04
8445,made_0f_love,459,Abordable,2026-03-04
8446,saskwatch360,459,Abordable,2026-03-04
8447,aventurier7904,459,Abordable,2026-03-04
8448,NyghtX_Tout_Court,459,Abordable,2026-03-04
8449,Waxiwe_,459,Abordable,2026-03-04
8450,leonie_dct,459,Abordable,2026-03-04
8451,feydhakin,458,Abordable,2026-03-04
8452,kobe25j,458,Abordable,2026-03-04
8453,elleshin3,457,Abordable,2026-03-04
8454,Raptorrr59,457,Abordable,2026-03-04
8455,joyeuxwendy,457,Abordable,2026-03-04
8456,softpeanut,457,Abordable,2026-03-04
8457,heliotropej,457,Abordable,2026-03-04
8458,Nishinosukee,457,Abordable,2026-03-04
8459,Neurocto,456,Abordable,2026-03-04
8460,croutine29,456,Abordable,2026-03-04
8461,Morfi357,456,Abordable,2026-03-04
8462,momolepoulpe,456,Abordable,2026-03-04
8463,zerka926,456,Abordable,2026-03-04
8464,nejee5,456,Abordable,2026-03-04
8465,ameme213,456,Abordable,2026-03-04
8466,cleeem17,456,Abordable,2026-03-04
8467,leop64,456,Abordable,2026-03-04
8468,meelouw_,456,Abordable,2026-03-04
8469,zel_daa,456,Abordable,2026-03-04
8470,wechinois,456,Abordable,2026-03-04
8471,Sir_Godot,455,Abordable,2026-03-04
8472,Anahita63,455,Abordable,2026-03-04
8473,XarkosSan,455,Abordable,2026-03-04
8474,cestmoy,455,Abordable,2026-03-04
8475,Captenoo,455,Abordable,2026-03-04
8476,Tomyzo,455,Abordable,2026-03-04
8477,lea_knp,455,Abordable,2026-03-04
8478,yuvjh123,455,Abordable,2026-03-04
8479,florian_pierrel,455,Abordable,2026-03-04
8480,ortzuu,455,Abordable,2026-03-04
8481,df_bribri786,454,Abordable,2026-03-04
8482,edvardlecanard,454,Abordable,2026-03-04
8483,julie_ponpon,454,Abordable,2026-03-04
8484,lychaaar,454,Abordable,2026-03-04
8485,oyo014,454,Abordable,2026-03-04
8486,ophelie_145,454,Abordable,2026-03-04
8487,bliboup,454,Abordable,2026-03-04
8488,trussi__,454,Abordable,2026-03-04
8489,goldenblack49450,453,Abordable,2026-03-04
8490,sedet33,453,Abordable,2026-03-04
8491,Fatah_Morgannah,453,Abordable,2026-03-04
8492,kctalhy,453,Abordable,2026-03-04
8493,Dravil7,453,Abordable,2026-03-04
8494,cocolinro,453,Abordable,2026-03-04
8495,emtio0408_,453,Abordable,2026-03-04
8496,sm0nkey_,452,Abordable,2026-03-04
8497,Lemmos__,452,Abordable,2026-03-04
8498,sylviajos123,452,Abordable,2026-03-04
8499,cleopat62,452,Abordable,2026-03-04
8500,okami_dreamin,452,Abordable,2026-03-04
8501,olympefr2026,452,Abordable,2026-03-04
8502,canyb4z,452,Abordable,2026-03-04
8503,mabelfromthefall,452,Abordable,2026-03-04
8504,messagesquisse,452,Abordable,2026-03-04
8505,estelle1457,451,Abordable,2026-03-04
8506,LC_laura_,451,Abordable,2026-03-04
8507,Agapanthe_,451,Abordable,2026-03-04
8508,brugaxxx,451,Abordable,2026-03-04
8509,Thorstein1989,451,Abordable,2026-03-04
8510,mathitsu9,450,Abordable,2026-03-04
8511,emmaarbo,450,Abordable,2026-03-04
8512,myriamkboff,450,Abordable,2026-03-04
8513,pixcrash1,450,Abordable,2026-03-04
8514,clxpvt1,450,Abordable,2026-03-04
8515,cycy_crevette,450,Abordable,2026-03-04
8516,FrostisAdvance,450,Abordable,2026-03-04
8517,Sekhmetazoa,450,Abordable,2026-03-04
8518,keres__d,450,Abordable,2026-03-04
8519,dodowytb,450,Abordable,2026-03-04
8520,christophedino,450,Abordable,2026-03-04
8521,lebigkap,450,Abordable,2026-03-04
8522,Bananebl,450,Abordable,2026-03-04
8523,PolaarM,450,Abordable,2026-03-04
8524,briochausore,450,Abordable,2026-03-04
8525,adadu26,450,Abordable,2026-03-04
8526,celia_221,450,Abordable,2026-03-04
8527,baptisaxo15,450,Abordable,2026-03-04
8528,emillegoat2008,450,Abordable,2026-03-04
8529,nolwenn_mrt,450,Abordable,2026-03-04
8530,onijjam,450,Abordable,2026-03-04
8531,migraine_passagere,450,Abordable,2026-03-04
8532,kamlngvn,450,Abordable,2026-03-04
8533,Dr__Kuma,450,Abordable,2026-03-04
8534,fifou_34,450,Abordable,2026-03-04
8535,LaitEauThe,450,Abordable,2026-03-04
8536,arta_nis22,450,Abordable,2026-03-04
8537,isayas___,450,Abordable,2026-03-04
8538,Chouquette6,450,Abordable,2026-03-04
8539,louise3482,450,Abordable,2026-03-04
8540,LIMODEN,450,Abordable,2026-03-04
8541,joelemoutonbreizh,450,Abordable,2026-03-04
8542,louustick,450,Abordable,2026-03-04
8543,lepetitfreredehippo,450,Abordable,2026-03-04
8544,nicopradi5,450,Abordable,2026-03-04
8545,zaaap26,450,Abordable,2026-03-04
8546,t6yll,449,Abordable,2026-03-04
8547,gla10m,449,Abordable,2026-03-04
8548,scratchy68000,449,Abordable,2026-03-04
8549,adrideuuxx,449,Abordable,2026-03-04
8550,GaszokS,449,Abordable,2026-03-04
8551,nenioli170,449,Abordable,2026-03-04
8552,Sinraae,449,Abordable,2026-03-04
8553,yonilagoul,449,Abordable,2026-03-04
8554,neluune,448,Abordable,2026-03-04
8555,bhamanan,448,Abordable,2026-03-04
8556,Mosy_,448,Abordable,2026-03-04
8557,Stellaire_,448,Abordable,2026-03-04
8558,Norsk_TiTi,448,Abordable,2026-03-04
8559,PSQHE,448,Abordable,2026-03-04
8560,S_m_i_l_i_n_g_,448,Abordable,2026-03-04
8561,taolescitesdor,448,Abordable,2026-03-04
8562,Sky_uu,448,Abordable,2026-03-04
8563,clembegz,447,Abordable,2026-03-04
8564,simon_vk,447,Abordable,2026-03-04
8565,salutcestromi,447,Abordable,2026-03-04
8566,jagasaki6,447,Abordable,2026-03-04
8567,cracotte318,447,Abordable,2026-03-04
8568,mamy2026,447,Abordable,2026-03-04
8569,Grasuo,447,Abordable,2026-03-04
8570,daughness,447,Abordable,2026-03-04
8571,oneida_5,447,Abordable,2026-03-04
8572,c_moi_guigz,447,Abordable,2026-03-04
8573,lucaaaaas31,446,Abordable,2026-03-04
8574,comtessetataire,446,Abordable,2026-03-04
8575,PaPriKaWorld,446,Abordable,2026-03-04
8576,GreenSnakeN,446,Abordable,2026-03-04
8577,maxime508,446,Abordable,2026-03-04
8578,paulbab133,446,Abordable,2026-03-04
8579,branlix2o00,446,Abordable,2026-03-04
8580,just_laow,446,Abordable,2026-03-04
8581,clement_d98,446,Abordable,2026-03-04
8582,difer_chminio,446,Abordable,2026-03-04
8583,kcmaxime,445,Abordable,2026-03-04
8584,bibino37,445,Abordable,2026-03-04
8585,ruzzy53,445,Abordable,2026-03-04
8586,obb1,445,Abordable,2026-03-04
8587,alix_rcl,445,Abordable,2026-03-04
8589,julie_to,445,Abordable,2026-03-04
8590,murielfr54,445,Abordable,2026-03-04
8591,mymiaouss,445,Abordable,2026-03-04
8592,celine_fve,445,Abordable,2026-03-04
8593,gladstonelight,444,Abordable,2026-03-04
8594,meli_melouuuu,444,Abordable,2026-03-04
8595,fraag3rs,444,Abordable,2026-03-04
8596,cherrily18,444,Abordable,2026-03-04
8597,sabovvi,444,Abordable,2026-03-04
8598,alex6344,444,Abordable,2026-03-04
8599,Noftark,443,Abordable,2026-03-04
8600,colinealm,443,Abordable,2026-03-04
8601,nonodu13124,443,Abordable,2026-03-04
8602,bastoslegoat2006,443,Abordable,2026-03-04
8603,zelda4508_,442,Abordable,2026-03-04
8604,endlessdrip,442,Abordable,2026-03-04
8605,bobodabelo,442,Abordable,2026-03-04
8606,docjacqueline,442,Abordable,2026-03-04
8607,e_Technik,442,Abordable,2026-03-04
8608,Dawbloft,442,Abordable,2026-03-04
8609,hisaro7,442,Abordable,2026-03-04
8610,camarade_007,441,Abordable,2026-03-04
8611,apocalypsor,441,Abordable,2026-03-04
8612,lmsweetdreams,441,Abordable,2026-03-04
8613,apolline_crn,441,Abordable,2026-03-04
8614,iquo78,441,Abordable,2026-03-04
8615,corineflavigny,441,Abordable,2026-03-04
8616,Spasm_M,441,Abordable,2026-03-04
8617,ThomLaStar,441,Abordable,2026-03-04
8618,champoly,441,Abordable,2026-03-04
8619,kevincommentetonmatch,441,Abordable,2026-03-04
8620,CreaSept,441,Abordable,2026-03-04
8621,wwaaspp,441,Abordable,2026-03-04
8622,HERMES139,440,Abordable,2026-03-04
8623,clemvuillot,440,Abordable,2026-03-04
8624,Allobe,440,Abordable,2026-03-04
8625,perrinee39,440,Abordable,2026-03-04
8626,louisecaillaud,439,Abordable,2026-03-04
8627,torfe70000,439,Abordable,2026-03-04
8628,mapate89,439,Abordable,2026-03-04
8629,LeMaraicher_,439,Abordable,2026-03-04
8630,tyoshisaur26,439,Abordable,2026-03-04
8631,carloussh,439,Abordable,2026-03-04
8632,AutrucheSupreme,439,Abordable,2026-03-04
8633,wyndraxx_,439,Abordable,2026-03-04
8634,raniaxkrl785,439,Abordable,2026-03-04
8635,laura_ngl,439,Abordable,2026-03-04
8636,vincelan4,439,Abordable,2026-03-04
8637,lilly040904,439,Abordable,2026-03-04
8638,Skywar67,439,Abordable,2026-03-04
8639,al_gameur,439,Abordable,2026-03-04
8640,perry0403,439,Abordable,2026-03-04
8641,arsenal_49160,439,Abordable,2026-03-04
8642,cyprienbss,439,Abordable,2026-03-04
8643,romi_roms_,439,Abordable,2026-03-04
8644,gildabass,438,Abordable,2026-03-04
8645,margooot_3,438,Abordable,2026-03-04
8646,helioslucky,438,Abordable,2026-03-04
8647,Hairah,438,Abordable,2026-03-04
8648,quentin4592,438,Abordable,2026-03-04
8649,c3line_c,438,Abordable,2026-03-04
8650,DelDor,438,Abordable,2026-03-04
8651,Zed__d,438,Abordable,2026-03-04
8652,Alaskacht,437,Abordable,2026-03-04
8653,black_origami,437,Abordable,2026-03-04
8654,lechachachat,437,Abordable,2026-03-04
8655,thepassionet,437,Abordable,2026-03-04
8656,MargauuxAC,437,Abordable,2026-03-04
8657,gabycha75,437,Abordable,2026-03-04
8658,acapulcoo_,437,Abordable,2026-03-04
8659,poloniumm3,437,Abordable,2026-03-04
8660,pamart72,436,Abordable,2026-03-04
8661,chacalboy07,436,Abordable,2026-03-04
8662,Squallary,436,Abordable,2026-03-04
8663,rs_elise,436,Abordable,2026-03-04
8664,annebrg1,436,Abordable,2026-03-04
8665,sarahggre,436,Abordable,2026-03-04
8666,Sinoda9145,436,Abordable,2026-03-04
8667,amaumau3176,436,Abordable,2026-03-04
8668,caffeinated_silas,435,Abordable,2026-03-04
8669,sunty_fps,435,Abordable,2026-03-04
8670,Sh0kyo,435,Abordable,2026-03-04
8671,garance_10__,435,Abordable,2026-03-04
8672,Marshmallooo_,435,Abordable,2026-03-04
8673,Lorencha0905,435,Abordable,2026-03-04
8674,MiguelSurTwitch,435,Abordable,2026-03-04
8675,nonameorelse,434,Abordable,2026-03-04
8676,Shiimekii,434,Abordable,2026-03-04
8678,nekobenjo,434,Abordable,2026-03-04
8679,nastro_HvkB2S,434,Abordable,2026-03-04
8680,bglstory,434,Abordable,2026-03-04
8681,mel_chfs,434,Abordable,2026-03-04
8682,JellalFRT,434,Abordable,2026-03-04
8683,Hawzaz,434,Abordable,2026-03-04
8684,LarthaxTV,434,Abordable,2026-03-04
8685,tiatia18,433,Abordable,2026-03-04
8686,bavasose05,433,Abordable,2026-03-04
8687,fubular,433,Abordable,2026-03-04
8688,Yaaassine_z,433,Abordable,2026-03-04
8689,elilazetank,433,Abordable,2026-03-04
8690,LikeADemonicMind,433,Abordable,2026-03-04
8691,azerdu_,432,Abordable,2026-03-04
8692,darcko915,432,Abordable,2026-03-04
8693,Marsbal,432,Abordable,2026-03-04
8694,noarode,432,Abordable,2026-03-04
8695,tf78_,432,Abordable,2026-03-04
8696,eva_luluation,432,Abordable,2026-03-04
8697,shadowkoon,432,Abordable,2026-03-04
8698,Whatafairfoot,431,Abordable,2026-03-04
8699,voltini411,431,Abordable,2026-03-04
8700,amelie_ricordel,431,Abordable,2026-03-04
8701,milou1811,431,Abordable,2026-03-04
8702,sunnymewy,431,Abordable,2026-03-04
8703,Lyca_,431,Abordable,2026-03-04
8704,itouchnittas,431,Abordable,2026-03-04
8705,iamjeremyloth,431,Abordable,2026-03-04
8706,winston1959,431,Abordable,2026-03-04
8707,mgxmnrd,431,Abordable,2026-03-04
8708,Aurum_68,430,Abordable,2026-03-04
8709,romainp22,430,Abordable,2026-03-04
8710,LidenbrockDeRiv,430,Abordable,2026-03-04
8711,steve_dn,430,Abordable,2026-03-04
8712,bayadrien,430,Abordable,2026-03-04
8715,antlers21,429,Abordable,2026-03-04
8716,Da_HuntR,428,Abordable,2026-03-04
8717,laurageuse26,428,Abordable,2026-03-04
8718,vicomte,428,Abordable,2026-03-04
8719,lilkiju,428,Abordable,2026-03-04
8720,gabin547,428,Abordable,2026-03-04
8721,nate59160,428,Abordable,2026-03-04
8722,alan31109831,428,Abordable,2026-03-04
8723,lucien67,428,Abordable,2026-03-04
8724,adrimlvlle,428,Abordable,2026-03-04
8725,MisterJiji,428,Abordable,2026-03-04
8726,bokun08,428,Abordable,2026-03-04
8727,Lucynfra,427,Abordable,2026-03-04
8728,eclairecir,427,Abordable,2026-03-04
8729,timo2gab2,427,Abordable,2026-03-04
8730,D0B0VAN,426,Abordable,2026-03-04
8731,edairforce23,426,Abordable,2026-03-04
8732,cl3mouchee,426,Abordable,2026-03-04
8733,flo62280,426,Abordable,2026-03-04
8734,aurelthe17th,426,Abordable,2026-03-04
8735,simondsy5,426,Abordable,2026-03-04
8736,mumisabelle,426,Abordable,2026-03-04
8737,xzazouu,426,Abordable,2026-03-04
8738,wormet31,426,Abordable,2026-03-04
8739,Cat_Arse_6,426,Abordable,2026-03-04
8740,Masteque,425,Abordable,2026-03-04
8741,zenolekiwi,425,Abordable,2026-03-04
8742,BruNiaks,425,Abordable,2026-03-04
8743,ZozoMaaster,425,Abordable,2026-03-04
8744,Pancy_Gum,425,Abordable,2026-03-04
8745,toncle_,425,Abordable,2026-03-04
8746,wyillow,425,Abordable,2026-03-04
8747,BeBeerMaster,425,Abordable,2026-03-04
8748,SoluiTV,425,Abordable,2026-03-04
8749,pezl03,424,Abordable,2026-03-04
8750,zo_darco,424,Abordable,2026-03-04
8751,Knarff_,424,Abordable,2026-03-04
8752,mav0006,424,Abordable,2026-03-04
8753,tomdhul,423,Abordable,2026-03-04
8754,nomadelo,423,Abordable,2026-03-04
8755,crira_,423,Abordable,2026-03-04
8756,xeliott_,423,Abordable,2026-03-04
8757,jeannette123456789,423,Abordable,2026-03-04
8758,HeliosDesChamps,423,Abordable,2026-03-04
8759,athenatrn,423,Abordable,2026-03-04
8760,DieuJaunee,423,Abordable,2026-03-04
8761,eloravms,422,Abordable,2026-03-04
8762,saavora,422,Abordable,2026-03-04
8763,Trymal_,422,Abordable,2026-03-04
8764,pignata29,422,Abordable,2026-03-04
8765,bechamelch,422,Abordable,2026-03-04
8766,Darkusios,422,Abordable,2026-03-04
8767,laurenslvl,422,Abordable,2026-03-04
8768,Nelymane,422,Abordable,2026-03-04
8769,Colossinge_Pop,421,Abordable,2026-03-04
8770,pedrothedon420,421,Abordable,2026-03-04
8771,nolwennfr,421,Abordable,2026-03-04
8772,pedrodlcrt,421,Abordable,2026-03-04
8773,noemie_crumble,421,Abordable,2026-03-04
8774,regala34,421,Abordable,2026-03-04
8775,ars6588,421,Abordable,2026-03-04
8776,ldutry,421,Abordable,2026-03-04
8777,lulumatteo,420,Abordable,2026-03-04
8778,clemdaug28,420,Abordable,2026-03-04
8779,elisa261,420,Abordable,2026-03-04
8780,mldypry,420,Abordable,2026-03-04
8781,synam,420,Abordable,2026-03-04
8782,osolero,420,Abordable,2026-03-04
8783,louise_250,420,Abordable,2026-03-04
8784,aizome___,420,Abordable,2026-03-04
8785,refty72,420,Abordable,2026-03-04
8786,bena34,420,Abordable,2026-03-04
8787,Marrf_tv,420,Abordable,2026-03-04
8788,RicT0n,420,Abordable,2026-03-04
8789,mannyolia,420,Abordable,2026-03-04
8790,anothadams,420,Abordable,2026-03-04
8791,QUlllCHE,420,Abordable,2026-03-04
8792,IC_Zugurator,420,Abordable,2026-03-04
8793,molden2et2,420,Abordable,2026-03-04
8794,rose_pels,420,Abordable,2026-03-04
8795,robinnnnnnnn54,420,Abordable,2026-03-04
8796,stmicro24,420,Abordable,2026-03-04
8797,serdaiglon,420,Abordable,2026-03-04
8798,mcperrier,420,Abordable,2026-03-04
8799,lobytch,420,Abordable,2026-03-04
8800,yugnat70,420,Abordable,2026-03-04
8801,Griszette,420,Abordable,2026-03-04
8802,TynkerssS,420,Abordable,2026-03-04
8803,Keniche_la_Peniche,420,Abordable,2026-03-04
8804,teganaz,420,Abordable,2026-03-04
8805,bog_thoumss,420,Abordable,2026-03-04
8806,vlatipapajevoilaje,420,Abordable,2026-03-04
8807,mllexma,420,Abordable,2026-03-04
8808,elenitaaa009,420,Abordable,2026-03-04
8809,babarugby3515,420,Abordable,2026-03-04
8810,anatole008,420,Abordable,2026-03-04
8811,ptf_robin,420,Abordable,2026-03-04
8812,MaximilienOlanchipu,420,Abordable,2026-03-04
8813,narism1,420,Abordable,2026-03-04
8814,AirainnOsu,420,Abordable,2026-03-04
8815,valou_gdd,420,Abordable,2026-03-04
8816,ro_choust,420,Abordable,2026-03-04
8817,et71b,420,Abordable,2026-03-04
8818,enz022543,420,Abordable,2026-03-04
8819,fablanta2016,420,Abordable,2026-03-04
8820,tchoupilasauc,420,Abordable,2026-03-04
8821,Monsieur_Norb,420,Abordable,2026-03-04
8822,ambreblc12,420,Abordable,2026-03-04
8823,Nymphea_f,419,Abordable,2026-03-04
8824,romjos,419,Abordable,2026-03-04
8825,eduinjed,419,Abordable,2026-03-04
8826,rphlm,418,Abordable,2026-03-04
8827,octopus5926,418,Abordable,2026-03-04
8828,valmax94,418,Abordable,2026-03-04
8829,godcrz7,418,Abordable,2026-03-04
8830,anshaaa,418,Abordable,2026-03-04
8831,yanmboni,418,Abordable,2026-03-04
8832,BadGones,418,Abordable,2026-03-04
8833,astro_pass,418,Abordable,2026-03-04
8834,Pantoofles,418,Abordable,2026-03-04
8835,byplop,418,Abordable,2026-03-04
8836,Sweeter00,418,Abordable,2026-03-04
8837,Knailyy,418,Abordable,2026-03-04
8838,Itirpel,418,Abordable,2026-03-04
8839,lub54,417,Abordable,2026-03-04
8840,dangremm,417,Abordable,2026-03-04
8841,lepdgdesolary,417,Abordable,2026-03-04
8842,roms584,417,Abordable,2026-03-04
8843,LaSousse40,417,Abordable,2026-03-04
8844,br77100,417,Abordable,2026-03-04
8845,naima_j0,417,Abordable,2026-03-04
8846,niwunikonu,417,Abordable,2026-03-04
8847,aceline19,416,Abordable,2026-03-04
8848,Raphouwww,416,Abordable,2026-03-04
8849,baldrstud,416,Abordable,2026-03-04
8850,bepau,416,Abordable,2026-03-04
8851,sasa_1003,416,Abordable,2026-03-04
8852,akira0n0,416,Abordable,2026-03-04
8853,loicknng,416,Abordable,2026-03-04
8854,Mps_NYRAX,416,Abordable,2026-03-04
8855,ksalyx,416,Abordable,2026-03-04
8856,skreiz17,415,Abordable,2026-03-04
8857,lazystrata,415,Abordable,2026-03-04
8858,Sarkhye,415,Abordable,2026-03-04
8859,aaanzar,415,Abordable,2026-03-04
8860,Kovaxounet,414,Abordable,2026-03-04
8861,tominou68,414,Abordable,2026-03-04
8862,donix__17,414,Abordable,2026-03-04
8863,Eilandis,414,Abordable,2026-03-04
8864,celiophan,414,Abordable,2026-03-04
8865,TheShoukapik,414,Abordable,2026-03-04
8866,Koooope,414,Abordable,2026-03-04
8867,MKTheo,414,Abordable,2026-03-04
8868,solution83,413,Abordable,2026-03-04
8869,Grandasse,413,Abordable,2026-03-04
8870,solaris33,413,Abordable,2026-03-04
8871,antonio_de_la_noche,413,Abordable,2026-03-04
8872,brendaxxx05,413,Abordable,2026-03-04
8873,Chreeet,413,Abordable,2026-03-04
8874,PaulXXVII,413,Abordable,2026-03-04
8875,okipiike,413,Abordable,2026-03-04
8876,deplus52,413,Abordable,2026-03-04
8877,mkmelodic,412,Abordable,2026-03-04
8878,laulau17p,412,Abordable,2026-03-04
8879,lelie__,412,Abordable,2026-03-04
8880,ophel61,412,Abordable,2026-03-04
8881,alecoubs1,412,Abordable,2026-03-04
8882,titeize01,412,Abordable,2026-03-04
8883,laparoule2606,411,Abordable,2026-03-04
8884,LocSher,411,Abordable,2026-03-04
8885,sicardus07,411,Abordable,2026-03-04
8886,flooo_0555,411,Abordable,2026-03-04
8887,el_pinsaro,411,Abordable,2026-03-04
8888,raptorzz18,411,Abordable,2026-03-04
8889,juldelahess,410,Abordable,2026-03-04
8890,noersl,410,Abordable,2026-03-04
8891,kholeraa,410,Abordable,2026-03-04
8892,samyto__,410,Abordable,2026-03-04
8893,lenaingr,410,Abordable,2026-03-04
8894,thibautls,410,Abordable,2026-03-04
8895,maronnat,410,Abordable,2026-03-04
8896,en8te,410,Abordable,2026-03-04
8897,WakzLoL,409,Abordable,2026-03-04
8898,Babouchee__,409,Abordable,2026-03-04
8899,blablalban,409,Abordable,2026-03-04
8900,zizany24,409,Abordable,2026-03-04
8901,Betterbepurple,409,Abordable,2026-03-04
8902,himemira,409,Abordable,2026-03-04
8903,hayday2307,408,Abordable,2026-03-04
8904,poupoune311,408,Abordable,2026-03-04
8905,caroj_42,408,Abordable,2026-03-04
8906,ohla2000,408,Abordable,2026-03-04
8907,milon_noe,408,Abordable,2026-03-04
8908,Plinepo,407,Abordable,2026-03-04
8909,katarinavonb,407,Abordable,2026-03-04
8910,nkun07,407,Abordable,2026-03-04
8911,ersix_std,407,Abordable,2026-03-04
8912,starkaryhac,407,Abordable,2026-03-04
8913,ticoeur_974,407,Abordable,2026-03-04
8914,mezzolebeauf,407,Abordable,2026-03-04
8915,echecetmat4,406,Abordable,2026-03-04
8916,jr5_lebest,406,Abordable,2026-03-04
8917,cleodip,406,Abordable,2026-03-04
8918,jo2ly,406,Abordable,2026-03-04
8919,nilod__,406,Abordable,2026-03-04
8920,miniwellan,406,Abordable,2026-03-04
8921,Lukexys,406,Abordable,2026-03-04
8922,graigosssss,405,Abordable,2026-03-04
8923,Twyste_,405,Abordable,2026-03-04
8924,melvilfg,405,Abordable,2026-03-04
8925,lalovve,405,Abordable,2026-03-04
8926,HotSillyPepper,405,Abordable,2026-03-04
8927,elioloulou333,405,Abordable,2026-03-04
8928,leroienpersonne,404,Abordable,2026-03-04
8929,calypso_0000,404,Abordable,2026-03-04
8930,bechnantes,404,Abordable,2026-03-04
8931,Midona_S,404,Abordable,2026-03-04
8932,lcn_63,404,Abordable,2026-03-04
8933,cessya_,404,Abordable,2026-03-04
8934,katiaboop15,403,Abordable,2026-03-04
8935,KamakrazeeWarboy,403,Abordable,2026-03-04
8936,pilotork,403,Abordable,2026-03-04
8937,Yuta_033,403,Abordable,2026-03-04
8938,albator2310,402,Abordable,2026-03-04
8939,tirlititii,402,Abordable,2026-03-04
8940,mega4l,402,Abordable,2026-03-04
8941,kingburger14,402,Abordable,2026-03-04
8942,odebou80,402,Abordable,2026-03-04
8943,valoche1709,402,Abordable,2026-03-04
8944,mlopsk0,402,Abordable,2026-03-04
8945,tthomees,402,Abordable,2026-03-04
8946,lemonsocks_25,402,Abordable,2026-03-04
8947,Speedself,402,Abordable,2026-03-04
8948,profit_lactique,402,Abordable,2026-03-04
8949,Ruka_Bartender,401,Abordable,2026-03-04
8950,dream1ng_7,401,Abordable,2026-03-04
8951,supervideolive83,401,Abordable,2026-03-04
8952,Haggeden,401,Abordable,2026-03-04
8953,JohnSweetTv,401,Abordable,2026-03-04
8954,nompolig,401,Abordable,2026-03-04
8955,tigrou_prt,400,Abordable,2026-03-04
8956,Messochou,400,Abordable,2026-03-04
8957,jamywest22,400,Abordable,2026-03-04
8958,tixadorremi34,400,Abordable,2026-03-04
8959,tygno__,400,Abordable,2026-03-04
8960,itzcoatl128,400,Abordable,2026-03-04
8961,DarkJambonator,400,Abordable,2026-03-04
8962,El_Ery,400,Abordable,2026-03-04
8963,elsadebile,399,Abordable,2026-03-04
8964,doobi_5,399,Abordable,2026-03-04
8965,KaReal4990,399,Abordable,2026-03-04
8966,bronvol,399,Abordable,2026-03-04
8967,ugogas,399,Abordable,2026-03-04
8968,can_nette90,399,Abordable,2026-03-04
8969,lajcrayola2026,399,Abordable,2026-03-04
8970,lepirdetous,399,Abordable,2026-03-04
8971,seith667,398,Abordable,2026-03-04
8972,Doryvo,398,Abordable,2026-03-04
8973,williaaaamm,398,Abordable,2026-03-04
8974,Starcrate90,398,Abordable,2026-03-04
8975,hujagono,398,Abordable,2026-03-04
8976,tanguy_11_yt,398,Abordable,2026-03-04
8977,Shiasse76,398,Abordable,2026-03-04
8978,am0_____,397,Abordable,2026-03-04
8979,Litex986,397,Abordable,2026-03-04
8980,underkowe,397,Abordable,2026-03-04
8981,audreybzlr,397,Abordable,2026-03-04
8982,no1ime91,397,Abordable,2026-03-04
8983,strawcypress,397,Abordable,2026-03-04
8984,tiffanimagique,397,Abordable,2026-03-04
8985,timjj53,397,Abordable,2026-03-04
8986,LineCo,396,Abordable,2026-03-04
8987,etijesus,396,Abordable,2026-03-04
8988,ats_bgchacal,396,Abordable,2026-03-04
8989,llauragq,396,Abordable,2026-03-04
8990,Daagda_,396,Abordable,2026-03-04
8991,sensei_i_,396,Abordable,2026-03-04
8992,l0377,395,Abordable,2026-03-04
8993,crevette245,395,Abordable,2026-03-04
8994,popotas_muertos,395,Abordable,2026-03-04
8995,Brook1l,395,Abordable,2026-03-04
8996,tintinsdf,395,Abordable,2026-03-04
8997,dreamiin911,395,Abordable,2026-03-04
8998,maelle_mb,395,Abordable,2026-03-04
8999,JUBATO,395,Abordable,2026-03-04
9000,chomeur43,394,Abordable,2026-03-04
9001,claraswi,394,Abordable,2026-03-04
9002,guiggz_93,394,Abordable,2026-03-04
9003,lucifer180820,394,Abordable,2026-03-04
9004,clemcloum89,394,Abordable,2026-03-04
9005,jcbnn1509,394,Abordable,2026-03-04
9006,heptamorph,394,Abordable,2026-03-04
9007,samson_aa,394,Abordable,2026-03-04
9008,tartopum95,393,Abordable,2026-03-04
9009,AlphaBr4vo85,393,Abordable,2026-03-04
9010,gekai_,393,Abordable,2026-03-04
9011,enroweb,392,Abordable,2026-03-04
9012,Kak0,392,Abordable,2026-03-04
9013,theosiv5199,392,Abordable,2026-03-04
9014,lindsay50_,392,Abordable,2026-03-04
9015,thuyvivalentine,392,Abordable,2026-03-04
9016,felix_ftn,392,Abordable,2026-03-04
9017,matize,392,Abordable,2026-03-04
9018,mozaaax,392,Abordable,2026-03-04
9019,themiis,392,Abordable,2026-03-04
9020,Charmillya,392,Abordable,2026-03-04
9021,triglaf,391,Abordable,2026-03-04
9022,pioupiooudu31,391,Abordable,2026-03-04
9023,bidabooo,391,Abordable,2026-03-04
9024,yume_84,391,Abordable,2026-03-04
9025,olbemie,391,Abordable,2026-03-04
9026,gou2702,391,Abordable,2026-03-04
9027,norakasaplar,391,Abordable,2026-03-04
9028,ymamaku,391,Abordable,2026-03-04
9029,captaingreenie,390,Abordable,2026-03-04
9030,virtuoz541,390,Abordable,2026-03-04
9031,sidoniiiee,390,Abordable,2026-03-04
9032,yazoo__0,390,Abordable,2026-03-04
9033,aizeoutch,390,Abordable,2026-03-04
9034,tourdeliro1,390,Abordable,2026-03-04
9035,xmascookies2,390,Abordable,2026-03-04
9036,the_answer__,390,Abordable,2026-03-04
9037,dahu1305,390,Abordable,2026-03-04
9038,maztvv,390,Abordable,2026-03-04
9039,letoinou77,390,Abordable,2026-03-04
9040,m_ercur_y,390,Abordable,2026-03-04
9041,smala46,390,Abordable,2026-03-04
9042,Houivs,390,Abordable,2026-03-04
9043,raph_2828,390,Abordable,2026-03-04
9044,flipippe,390,Abordable,2026-03-04
9045,xaklan,390,Abordable,2026-03-04
9046,mistermat00,390,Abordable,2026-03-04
9047,alexsee99,390,Abordable,2026-03-04
9048,Haxana,390,Abordable,2026-03-04
9049,antonbtt,390,Abordable,2026-03-04
9050,odeee31,390,Abordable,2026-03-04
9051,kami_ami_ha,390,Abordable,2026-03-04
9052,Skorsi_,390,Abordable,2026-03-04
9053,furious_tnt,390,Abordable,2026-03-04
9054,Kaalamare,390,Abordable,2026-03-04
9055,aminesox,390,Abordable,2026-03-04
9056,pauline_barre,390,Abordable,2026-03-04
9057,lexane_21,390,Abordable,2026-03-04
9058,louisc0w,390,Abordable,2026-03-04
9059,lucas9741409,390,Abordable,2026-03-04
9060,manon_ha6,390,Abordable,2026-03-04
9061,Gibbonaz,390,Abordable,2026-03-04
9062,blizzard_blanc,390,Abordable,2026-03-04
9063,DoogyDingo_,390,Abordable,2026-03-04
9064,ninon_lfbv,390,Abordable,2026-03-04
9065,raniloj,390,Abordable,2026-03-04
9066,semmaboglarka,390,Abordable,2026-03-04
9067,sli0rotom,390,Abordable,2026-03-04
9068,alicely,390,Abordable,2026-03-04
9069,Ellicrum,390,Abordable,2026-03-04
9070,psycrom_,390,Abordable,2026-03-04
9071,nalorico,390,Abordable,2026-03-04
9072,yassaarr,390,Abordable,2026-03-04
9073,tritrimob,390,Abordable,2026-03-04
9074,prioxys_,390,Abordable,2026-03-04
9075,zed2504,389,Abordable,2026-03-04
9076,apocaelips,389,Abordable,2026-03-04
9077,Oxzio_,389,Abordable,2026-03-04
9078,sessunet,389,Abordable,2026-03-04
9079,matttiasp55,388,Abordable,2026-03-04
9080,Tirpse,388,Abordable,2026-03-04
9081,drqueenw,388,Abordable,2026-03-04
9082,monpote__,388,Abordable,2026-03-04
9083,margot59123,388,Abordable,2026-03-04
9084,lapinchatmoineau,387,Abordable,2026-03-04
9085,zlatom0802,387,Abordable,2026-03-04
9086,Jossepa_campos,387,Abordable,2026-03-04
9087,anWeP,387,Abordable,2026-03-04
9088,lolahstn,387,Abordable,2026-03-04
9089,djeaja,387,Abordable,2026-03-04
9090,jblepage,387,Abordable,2026-03-04
9091,bworkyyy,387,Abordable,2026-03-04
9092,Djastiin,387,Abordable,2026-03-04
9093,xsonnyyy,387,Abordable,2026-03-04
9095,benito___o,386,Abordable,2026-03-04
9096,Sigmus,386,Abordable,2026-03-04
9097,mooxile_18,386,Abordable,2026-03-04
9098,flofleur2,386,Abordable,2026-03-04
9099,dindana,386,Abordable,2026-03-04
9100,otabiel,386,Abordable,2026-03-04
9101,j0han76_,386,Abordable,2026-03-04
9102,Noctiis___,386,Abordable,2026-03-04
9103,Zepsilo,386,Abordable,2026-03-04
9104,johan_peyr,386,Abordable,2026-03-04
9105,apachegx,385,Abordable,2026-03-04
9106,DIO_1926,385,Abordable,2026-03-04
9107,marishk4,385,Abordable,2026-03-04
9108,mel0u,385,Abordable,2026-03-04
9109,Klikx677,385,Abordable,2026-03-04
9110,HerissonSuperbe,384,Abordable,2026-03-04
9111,jeanne2809,384,Abordable,2026-03-04
9112,archa0ss,384,Abordable,2026-03-04
9113,stylyrus_,384,Abordable,2026-03-04
9114,FitzStatic,384,Abordable,2026-03-04
9115,rayhko8,384,Abordable,2026-03-04
9116,dave59300,384,Abordable,2026-03-04
9117,costa19000,383,Abordable,2026-03-04
9118,alixbchlr,383,Abordable,2026-03-04
9119,AoLMatthieu,383,Abordable,2026-03-04
9120,bn2408,383,Abordable,2026-03-04
9121,keaurant1,383,Abordable,2026-03-04
9122,ameliiie07,383,Abordable,2026-03-04
9123,dzz_07,383,Abordable,2026-03-04
9124,ghassenbed,382,Abordable,2026-03-04
9126,startplatinum,382,Abordable,2026-03-04
9127,mardinio7,382,Abordable,2026-03-04
9128,kc_nosa,382,Abordable,2026-03-04
9129,Rirtem,382,Abordable,2026-03-04
9130,camilooo34,382,Abordable,2026-03-04
9131,vita_mayer,382,Abordable,2026-03-04
9132,grafew7,382,Abordable,2026-03-04
9133,Laariann,381,Abordable,2026-03-04
9134,mariejsst,381,Abordable,2026-03-04
9135,persefall,381,Abordable,2026-03-04
9136,pollukse,381,Abordable,2026-03-04
9137,sushi302,381,Abordable,2026-03-04
9138,Yzi___,381,Abordable,2026-03-04
9139,RAAGllShOuMe,380,Abordable,2026-03-04
9140,nicolassankoran,380,Abordable,2026-03-04
9141,emmaf68,380,Abordable,2026-03-04
9142,sarahbrgmm,380,Abordable,2026-03-04
9143,dfred94,380,Abordable,2026-03-04
9144,Overzimbabwe,380,Abordable,2026-03-04
9145,l8ul8u00,380,Abordable,2026-03-04
9146,aurafarmer6767_,380,Abordable,2026-03-04
9147,caro_line2758,379,Abordable,2026-03-04
9148,papazouglu500,379,Abordable,2026-03-04
9149,tom78170,379,Abordable,2026-03-04
9150,pierre_l_,379,Abordable,2026-03-04
9151,lisa_vrn,379,Abordable,2026-03-04
9152,coptereeli,379,Abordable,2026-03-04
9154,rhum85,379,Abordable,2026-03-04
9155,ronflex,379,Abordable,2026-03-04
9156,MorganeDonkeyGurl,379,Abordable,2026-03-04
9157,iswaiz17,378,Abordable,2026-03-04
9158,El_Camel,378,Abordable,2026-03-04
9159,elpiib,378,Abordable,2026-03-04
9160,manudum,378,Abordable,2026-03-04
9161,lisavssr,378,Abordable,2026-03-04
9162,Grobidous,377,Abordable,2026-03-04
9163,as2_pique,377,Abordable,2026-03-04
9164,jupucine,377,Abordable,2026-03-04
9165,QuizyAntho,377,Abordable,2026-03-04
9166,Sirlaruss,377,Abordable,2026-03-04
9167,Tasmo002,377,Abordable,2026-03-04
9168,arfesezfarsi,377,Abordable,2026-03-04
9169,pas_le_frais,376,Abordable,2026-03-04
9170,white_eagles,376,Abordable,2026-03-04
9171,le_looping,376,Abordable,2026-03-04
9172,fluf_fly,376,Abordable,2026-03-04
9173,Manon_BS,376,Abordable,2026-03-04
9174,Nathhelix123,376,Abordable,2026-03-04
9175,nofanime,376,Abordable,2026-03-04
9176,elinagndr,376,Abordable,2026-03-04
9177,Thyru_,376,Abordable,2026-03-04
9178,PULSAR_c,376,Abordable,2026-03-04
9179,mael2669,376,Abordable,2026-03-04
9180,albane_a,376,Abordable,2026-03-04
9181,whitejackz,376,Abordable,2026-03-04
9182,justiine_msl,375,Abordable,2026-03-04
9183,rapidostrich527,375,Abordable,2026-03-04
9184,anaismokrani,375,Abordable,2026-03-04
9185,elilizabeth46,375,Abordable,2026-03-04
9186,PapyTorchman_,375,Abordable,2026-03-04
9187,ludolilijolie,375,Abordable,2026-03-04
9188,No_aaron,375,Abordable,2026-03-04
9189,Nebuloz_,375,Abordable,2026-03-04
9190,chlobrgs,374,Abordable,2026-03-04
9191,EnaxorgolD,374,Abordable,2026-03-04
9192,fandealonso9,374,Abordable,2026-03-04
9193,archangel_nubosi,374,Abordable,2026-03-04
9194,OmegaTeddyBear,374,Abordable,2026-03-04
9195,brune_lze,374,Abordable,2026-03-04
9196,effraie57,374,Abordable,2026-03-04
9197,Venergyt,374,Abordable,2026-03-04
9198,Papy_Georges,374,Abordable,2026-03-04
9199,Astaterasu,373,Abordable,2026-03-04
9200,thematbot,373,Abordable,2026-03-04
9201,leojof,373,Abordable,2026-03-04
9202,papito20416,373,Abordable,2026-03-04
9203,lauritalaborrachita,373,Abordable,2026-03-04
9204,balmizzet,373,Abordable,2026-03-04
9205,rcoabi,373,Abordable,2026-03-04
9206,btwix38,373,Abordable,2026-03-04
9207,odd_tether,372,Abordable,2026-03-04
9208,narekso,372,Abordable,2026-03-04
9209,suziiiiii9,372,Abordable,2026-03-04
9210,lithme_,372,Abordable,2026-03-04
9211,misterfreeze218,372,Abordable,2026-03-04
9212,forzapowa,372,Abordable,2026-03-04
9213,raggdoil,371,Abordable,2026-03-04
9214,poligfaye,371,Abordable,2026-03-04
9215,pop200806,371,Abordable,2026-03-04
9216,zeykuu_,371,Abordable,2026-03-04
9217,Maax27,371,Abordable,2026-03-04
9218,h3bisan,371,Abordable,2026-03-04
9219,zazagn77,370,Abordable,2026-03-04
9220,ze_real_gigi_flamingo,370,Abordable,2026-03-04
9221,justiine224,370,Abordable,2026-03-04
9222,mariiie68000,370,Abordable,2026-03-04
9223,zywa_19,370,Abordable,2026-03-04
9224,byronne070806,370,Abordable,2026-03-04
9225,ericetco,370,Abordable,2026-03-04
9226,annie_editions,370,Abordable,2026-03-04
9227,laloutre,369,Abordable,2026-03-04
9228,camille_scr,369,Abordable,2026-03-04
9229,piquredu60,369,Abordable,2026-03-04
9230,loiserct,369,Abordable,2026-03-04
9231,mokalyia,368,Abordable,2026-03-04
9232,kerrev29,368,Abordable,2026-03-04
9233,Luckylucaslal,368,Abordable,2026-03-04
9234,martinpeteul,368,Abordable,2026-03-04
9235,JeanMaLeMarrant,367,Abordable,2026-03-04
9236,jadelerouxx,367,Abordable,2026-03-04
9237,marchayek09,367,Abordable,2026-03-04
9238,deraken02,367,Abordable,2026-03-04
9239,marionrimbaud,367,Abordable,2026-03-04
9240,Titoubreizhh,367,Abordable,2026-03-04
9241,ly141963,367,Abordable,2026-03-04
9242,gigic___,367,Abordable,2026-03-04
9243,infinity17138,367,Abordable,2026-03-04
9244,Marceau62,367,Abordable,2026-03-04
9245,GCRenan,367,Abordable,2026-03-04
9246,vixitrr,366,Abordable,2026-03-04
9247,luciel0811,366,Abordable,2026-03-04
9248,amelieraza,366,Abordable,2026-03-04
9249,tibobobo_,366,Abordable,2026-03-04
9250,Kisholegum,366,Abordable,2026-03-04
9251,wal_t1ne,366,Abordable,2026-03-04
9252,ol_emilien_04,366,Abordable,2026-03-04
9253,elaura_magnaldi,366,Abordable,2026-03-04
9254,sharseilk,365,Abordable,2026-03-04
9255,jm_s2,365,Abordable,2026-03-04
9256,dachillinghost,365,Abordable,2026-03-04
9257,C_LE_YAN,365,Abordable,2026-03-04
9258,Malikussworld,365,Abordable,2026-03-04
9259,bloodychristmaas,365,Abordable,2026-03-04
9260,Kaikkennn,365,Abordable,2026-03-04
9261,LAdri78,365,Abordable,2026-03-04
9262,Sheryyl,365,Abordable,2026-03-04
9263,nifle__,365,Abordable,2026-03-04
9264,Guep,365,Abordable,2026-03-04
9265,renard_polaire,364,Abordable,2026-03-04
9266,jujupro,364,Abordable,2026-03-04
9267,Valtiram,364,Abordable,2026-03-04
9269,ezrapace,364,Abordable,2026-03-04
9270,elraldor,364,Abordable,2026-03-04
9271,supersaronche,364,Abordable,2026-03-04
9272,ly_lchnn22,364,Abordable,2026-03-04
9273,julietteschw,364,Abordable,2026-03-04
9274,benitokobi,364,Abordable,2026-03-04
9275,shaarghot_,364,Abordable,2026-03-04
9276,zfuvzyfsv,364,Abordable,2026-03-04
9277,ARCASTlive,364,Abordable,2026-03-04
9278,shuusui67_,364,Abordable,2026-03-04
9279,alexandre_pjd,363,Abordable,2026-03-04
9280,dat_spaxxx,363,Abordable,2026-03-04
9281,serinyti,363,Abordable,2026-03-04
9282,amomamoma,363,Abordable,2026-03-04
9283,oceane_gna,363,Abordable,2026-03-04
9284,Laure_a,362,Abordable,2026-03-04
9285,harvid__,362,Abordable,2026-03-04
9286,Coorwinn,362,Abordable,2026-03-04
9287,mnu138,362,Abordable,2026-03-04
9288,mayogorg,362,Abordable,2026-03-04
9289,indoleon,362,Abordable,2026-03-04
9290,cabpedd,362,Abordable,2026-03-04
9291,shkoooby,362,Abordable,2026-03-04
9292,ellymak,362,Abordable,2026-03-04
9293,locobaboso,362,Abordable,2026-03-04
9294,Zymar_Anthony,362,Abordable,2026-03-04
9295,Jipoule,362,Abordable,2026-03-04
9296,vinceloo,362,Abordable,2026-03-04
9297,oui_oui_carabistouille,362,Abordable,2026-03-04
9298,celinegg,362,Abordable,2026-03-04
9299,flavian_73,361,Abordable,2026-03-04
9300,olidemms4,361,Abordable,2026-03-04
9301,MarwenP,361,Abordable,2026-03-04
9302,VI_underscore,361,Abordable,2026-03-04
9303,BsamohT_228,360,Abordable,2026-03-04
9304,ilgrele34,360,Abordable,2026-03-04
9305,robine_r,360,Abordable,2026-03-04
9306,horous_012,360,Abordable,2026-03-04
9307,Arhievilo,360,Abordable,2026-03-04
9308,melinadlp,360,Abordable,2026-03-04
9309,machiavel9,360,Abordable,2026-03-04
9310,pijothepijako,360,Abordable,2026-03-04
9311,cyriellepnt,360,Abordable,2026-03-04
9312,fayango2,360,Abordable,2026-03-04
9313,claramnr__,360,Abordable,2026-03-04
9314,ax_jbn,360,Abordable,2026-03-04
9315,tahaxchlxe,360,Abordable,2026-03-04
9316,chawwmanyback,360,Abordable,2026-03-04
9317,mathbartes2,360,Abordable,2026-03-04
9318,kuma_live,360,Abordable,2026-03-04
9319,linec1990,360,Abordable,2026-03-04
9320,damienbbo,360,Abordable,2026-03-04
9321,fox_start,360,Abordable,2026-03-04
9322,sunny44__,360,Abordable,2026-03-04
9323,antoine_pwr,360,Abordable,2026-03-04
9324,ltreizem,360,Abordable,2026-03-04
9325,meily_ryz,360,Abordable,2026-03-04
9326,Khonnly,360,Abordable,2026-03-04
9327,anaelle_turc,360,Abordable,2026-03-04
9328,cass2114,360,Abordable,2026-03-04
9329,Roz_thm,360,Abordable,2026-03-04
9330,svevaxxxxx,359,Abordable,2026-03-04
9331,titime635,359,Abordable,2026-03-04
9332,bredekam,359,Abordable,2026-03-04
9333,Martin_dans_la_lune,359,Abordable,2026-03-04
9334,nakholz,359,Abordable,2026-03-04
9335,jotosama,359,Abordable,2026-03-04
9336,Lekultura,359,Abordable,2026-03-04
9337,lusquah,359,Abordable,2026-03-04
9338,MrSixelas,359,Abordable,2026-03-04
9339,chnops_,359,Abordable,2026-03-04
9340,Maxban__,359,Abordable,2026-03-04
9341,LePanier_,358,Abordable,2026-03-04
9342,matteoviret,358,Abordable,2026-03-04
9343,Niirto,358,Abordable,2026-03-04
9344,Loann05,358,Abordable,2026-03-04
9345,Steefler35,358,Abordable,2026-03-04
9346,Hugo2378,358,Abordable,2026-03-04
9347,nystha,357,Abordable,2026-03-04
9348,paulrnd9,357,Abordable,2026-03-04
9349,moulingue,357,Abordable,2026-03-04
9350,saddjax,357,Abordable,2026-03-04
9351,bliketa,357,Abordable,2026-03-04
9352,Aiguerem,357,Abordable,2026-03-04
9353,pulsarino4,357,Abordable,2026-03-04
9354,Mariousse12,357,Abordable,2026-03-04
9355,laet__38,357,Abordable,2026-03-04
9356,te_kus,357,Abordable,2026-03-04
9357,physkoteaser1,357,Abordable,2026-03-04
9358,PoussiereBowisse,356,Abordable,2026-03-04
9359,xaloux_76,356,Abordable,2026-03-04
9360,leaaa_vck,356,Abordable,2026-03-04
9361,nicolo06100,356,Abordable,2026-03-04
9362,valmine07,356,Abordable,2026-03-04
9363,remmmsir,356,Abordable,2026-03-04
9364,fr_raptowr,356,Abordable,2026-03-04
9365,antho_2397,355,Abordable,2026-03-04
9366,clo_dtrmp,354,Abordable,2026-03-04
9367,elsalf,354,Abordable,2026-03-04
9368,mhaax_,354,Abordable,2026-03-04
9369,alpacyo,354,Abordable,2026-03-04
9370,Zigolul,354,Abordable,2026-03-04
9371,Biditchoun,354,Abordable,2026-03-04
9372,salomesauz,354,Abordable,2026-03-04
9373,gdmtm,354,Abordable,2026-03-04
9374,maxwellime,354,Abordable,2026-03-04
9375,matthysmng,354,Abordable,2026-03-04
9376,rycil,354,Abordable,2026-03-04
9377,guiiiks,353,Abordable,2026-03-04
9378,Aperiix_,353,Abordable,2026-03-04
9379,lilysead,353,Abordable,2026-03-04
9380,BR__GOAT,353,Abordable,2026-03-04
9381,furydrack,353,Abordable,2026-03-04
9382,chatmalauu,353,Abordable,2026-03-04
9383,sachymi,353,Abordable,2026-03-04
9384,gobouxx,353,Abordable,2026-03-04
9385,sayanarbre,353,Abordable,2026-03-04
9386,inesgold3,352,Abordable,2026-03-04
9387,squibidisquidgame,352,Abordable,2026-03-04
9388,sosoleil2,352,Abordable,2026-03-04
9389,MasseWindow,352,Abordable,2026-03-04
9390,myriamissimee,352,Abordable,2026-03-04
9391,Bapptistee,352,Abordable,2026-03-04
9392,basemon2000,352,Abordable,2026-03-04
9393,Allineaa,352,Abordable,2026-03-04
9394,Im_Veads,352,Abordable,2026-03-04
9395,MrJoy27,352,Abordable,2026-03-04
9396,Yurinomai,351,Abordable,2026-03-04
9397,Baxray_,351,Abordable,2026-03-04
9398,marg_h24,351,Abordable,2026-03-04
9399,Rodemic,351,Abordable,2026-03-04
9400,clementboute,351,Abordable,2026-03-04
9401,pat_tak,350,Abordable,2026-03-04
9402,fixtib,350,Abordable,2026-03-04
9403,taguka19,350,Abordable,2026-03-04
9404,gus0310,350,Abordable,2026-03-04
9405,elisajsm,350,Abordable,2026-03-04
9406,z4ne_whs,350,Abordable,2026-03-04
9407,Ziell_0,350,Abordable,2026-03-04
9408,sylvina35,350,Abordable,2026-03-04
9409,brugnonfalacieux,349,Abordable,2026-03-04
9410,eveutdespates,349,Abordable,2026-03-04
9411,eveutdespates,349,Abordable,2026-03-04
9412,Lyloutre61,349,Abordable,2026-03-04
9413,emma_cdj,349,Abordable,2026-03-04
9414,ravs75,349,Abordable,2026-03-04
9415,Silvarro_lou,349,Abordable,2026-03-04
9416,mr_jules_s,349,Abordable,2026-03-04
9417,leonore3364,348,Abordable,2026-03-04
9418,quelleambiance,348,Abordable,2026-03-04
9419,lepepit0,348,Abordable,2026-03-04
9420,thezoone111,348,Abordable,2026-03-04
9421,Mel0do,348,Abordable,2026-03-04
9422,ChoucrouteAuSel,348,Abordable,2026-03-04
9423,olivierchamboule,348,Abordable,2026-03-04
9424,blandinedg,348,Abordable,2026-03-04
9425,Ikascouille,348,Abordable,2026-03-04
9426,benit00,347,Abordable,2026-03-04
9427,hvkfireghost1110,347,Abordable,2026-03-04
9428,nanobops,347,Abordable,2026-03-04
9429,Simonstrueu,347,Abordable,2026-03-04
9430,LamiralBastos,347,Abordable,2026-03-04
9431,anaellelabossss,346,Abordable,2026-03-04
9432,waazor,346,Abordable,2026-03-04
9433,wislay_,346,Abordable,2026-03-04
9434,nayce7,346,Abordable,2026-03-04
9435,Nywayz,345,Abordable,2026-03-04
9436,Capten06,345,Abordable,2026-03-04
9437,salexi0,345,Abordable,2026-03-04
9438,neitsabes_4,345,Abordable,2026-03-04
9439,Pearlbirds,344,Abordable,2026-03-04
9440,julianedrdn,344,Abordable,2026-03-04
9441,marielou_trh,344,Abordable,2026-03-04
9442,oreillette3000,344,Abordable,2026-03-04
9443,KaleVadore,344,Abordable,2026-03-04
9444,CFC_Glycerol,344,Abordable,2026-03-04
9445,foxy2305,344,Abordable,2026-03-04
9446,srahmnn,343,Abordable,2026-03-04
9447,moumen_i,343,Abordable,2026-03-04
9448,cha_choco,343,Abordable,2026-03-04
9449,thhd13,343,Abordable,2026-03-04
9450,vashkirry,343,Abordable,2026-03-04
9451,bambineauu,343,Abordable,2026-03-04
9452,Zinniaa_,343,Abordable,2026-03-04
9453,Vavi10,343,Abordable,2026-03-04
9454,thomaste75,343,Abordable,2026-03-04
9455,monid_tw,343,Abordable,2026-03-04
9456,OuafOrange,343,Abordable,2026-03-04
9457,milouboy,343,Abordable,2026-03-04
9458,wsissi,343,Abordable,2026-03-04
9459,bananozaure,343,Abordable,2026-03-04
9460,Binbaski,343,Abordable,2026-03-04
9461,skanpyy,343,Abordable,2026-03-04
9462,pisen7,342,Abordable,2026-03-04
9463,TheMagYaaR,342,Abordable,2026-03-04
9464,dracis_,342,Abordable,2026-03-04
9465,cocob2881,342,Abordable,2026-03-04
9466,gallosvr,342,Abordable,2026-03-04
9467,sidoow,342,Abordable,2026-03-04
9468,MathMuk,342,Abordable,2026-03-04
9469,gregl3001,342,Abordable,2026-03-04
9470,volzork,342,Abordable,2026-03-04
9471,Jobeceal,342,Abordable,2026-03-04
9472,cloclooo40,342,Abordable,2026-03-04
9473,Wazehh,342,Abordable,2026-03-04
9474,mathieumdt,342,Abordable,2026-03-04
9475,lucasdu_81,342,Abordable,2026-03-04
9476,Alseyth,342,Abordable,2026-03-04
9477,tim89756,342,Abordable,2026-03-04
9478,fronmd,342,Abordable,2026-03-04
9479,hekiro64,342,Abordable,2026-03-04
9480,MontiMotion,342,Abordable,2026-03-04
9481,discoshinynuts,341,Abordable,2026-03-04
9482,NinjaCrazyDragon,341,Abordable,2026-03-04
9483,chenilleboy,341,Abordable,2026-03-04
9484,camlibero,341,Abordable,2026-03-04
9485,aaronhal74,341,Abordable,2026-03-04
9486,lilian_hrv33,341,Abordable,2026-03-04
9487,nini27013,341,Abordable,2026-03-04
9488,asmaroah,341,Abordable,2026-03-04
9489,mathu2211,341,Abordable,2026-03-04
9490,BladenDX,341,Abordable,2026-03-04
9491,manonnikoumouk,340,Abordable,2026-03-04
9492,el_nono_1,340,Abordable,2026-03-04
9493,sw4gfx,340,Abordable,2026-03-04
9494,D_d_K,340,Abordable,2026-03-04
9495,Ankrre,340,Abordable,2026-03-04
9496,MadixLeo,340,Abordable,2026-03-04
9497,Astoria6006,340,Abordable,2026-03-04
9498,Hvgzz,340,Abordable,2026-03-04
9499,alphonse_danlta,340,Abordable,2026-03-04
9500,ciboo31,340,Abordable,2026-03-04
9501,fofomaster,339,Abordable,2026-03-04
9502,silv3r_ruto,339,Abordable,2026-03-04
9503,bouribou,339,Abordable,2026-03-04
9504,s3msam,339,Abordable,2026-03-04
9505,baptistedeme21,339,Abordable,2026-03-04
9506,lolaljel,338,Abordable,2026-03-04
9507,srixon22,338,Abordable,2026-03-04
9508,EkstozetLoukas,338,Abordable,2026-03-04
9509,SamLogan01,338,Abordable,2026-03-04
9510,uLeana4,338,Abordable,2026-03-04
9511,lowyiiie,338,Abordable,2026-03-04
9512,jeannegdd,338,Abordable,2026-03-04
9513,LECARRELAGEDUMARRIAGE,338,Abordable,2026-03-04
9514,BrazKill,338,Abordable,2026-03-04
9515,Hydnorio,337,Abordable,2026-03-04
9516,RobinniRob,337,Abordable,2026-03-04
9517,tetsuukie,337,Abordable,2026-03-04
9518,clem_commentary,337,Abordable,2026-03-04
9519,gapitou337,337,Abordable,2026-03-04
9520,timo663,337,Abordable,2026-03-04
9521,Treggar_,337,Abordable,2026-03-04
9522,laetikiki98,337,Abordable,2026-03-04
9523,RamyeonMeori,337,Abordable,2026-03-04
9524,ZoZoZo51,337,Abordable,2026-03-04
9525,erlost347,337,Abordable,2026-03-04
9526,charles_glm,337,Abordable,2026-03-04
9527,quentin1467,337,Abordable,2026-03-04
9528,cl3mantino,336,Abordable,2026-03-04
9529,dArgencourt,336,Abordable,2026-03-04
9530,wazkiz,336,Abordable,2026-03-04
9531,yette5,336,Abordable,2026-03-04
9532,moeyer,336,Abordable,2026-03-04
9533,ersqu1,336,Abordable,2026-03-04
9534,errel77,336,Abordable,2026-03-04
9535,kelyurushka,336,Abordable,2026-03-04
9536,Wizard7x9,336,Abordable,2026-03-04
9537,ruben_mgls,336,Abordable,2026-03-04
9538,jujudpommm,336,Abordable,2026-03-04
9539,alexbid2109,335,Abordable,2026-03-04
9540,Lycla_,335,Abordable,2026-03-04
9541,grizzure,335,Abordable,2026-03-04
9542,BeamySheep,335,Abordable,2026-03-04
9544,krapouchi,335,Abordable,2026-03-04
9545,L_unique_Moustique,335,Abordable,2026-03-04
9546,coco_894,335,Abordable,2026-03-04
9547,AlfiShelby,335,Abordable,2026-03-04
9548,l1n4321,335,Abordable,2026-03-04
9549,portesfaciles,335,Abordable,2026-03-04
9550,lance_flammes,335,Abordable,2026-03-04
9551,jophne,335,Abordable,2026-03-04
9552,bober__77,335,Abordable,2026-03-04
9553,soroniii,335,Abordable,2026-03-04
9554,safoog_,334,Abordable,2026-03-04
9555,theomortuus,334,Abordable,2026-03-04
9556,domoli37,334,Abordable,2026-03-04
9557,barbor21,334,Abordable,2026-03-04
9558,unsaltyyy,334,Abordable,2026-03-04
9559,altaiir2,334,Abordable,2026-03-04
9560,LgNasty_,334,Abordable,2026-03-04
9561,ELKAAA____,334,Abordable,2026-03-04
9562,jakolol,334,Abordable,2026-03-04
9563,FrozenDark31410,334,Abordable,2026-03-04
9564,melvinduivon,334,Abordable,2026-03-04
9565,Yoake05,333,Abordable,2026-03-04
9566,Yoeek,333,Abordable,2026-03-04
9567,haddocktrllx,333,Abordable,2026-03-04
9568,Snowayway,333,Abordable,2026-03-04
9569,lucaselafuentee,333,Abordable,2026-03-04
9570,davidpaps59510,332,Abordable,2026-03-04
9571,melydya,332,Abordable,2026-03-04
9572,Ptyo_,332,Abordable,2026-03-04
9573,Papatapouf,332,Abordable,2026-03-04
9574,Aka4517,332,Abordable,2026-03-04
9575,Tellableeh,332,Abordable,2026-03-04
9576,lowann,332,Abordable,2026-03-04
9577,Fraine_,331,Abordable,2026-03-04
9578,leolatwitcheuse,331,Abordable,2026-03-04
9579,francky_lje,331,Abordable,2026-03-04
9580,eledeux,331,Abordable,2026-03-04
9581,amelie1289,331,Abordable,2026-03-04
9582,ryan59279,331,Abordable,2026-03-04
9583,kw_enzo26,331,Abordable,2026-03-04
9584,MORLETTE,331,Abordable,2026-03-04
9585,gigigilou,330,Abordable,2026-03-04
9586,sllink57,330,Abordable,2026-03-04
9587,raphael_p1,330,Abordable,2026-03-04
9588,Bakyste,330,Abordable,2026-03-04
9589,opaslinho,330,Abordable,2026-03-04
9590,angoel34,330,Abordable,2026-03-04
9591,TheXfra,330,Abordable,2026-03-04
9592,TheXfra,330,Abordable,2026-03-04
9593,typhtoch,330,Abordable,2026-03-04
9594,xavduru,330,Abordable,2026-03-04
9595,morganead77,330,Abordable,2026-03-04
9596,aylin_rodrigues,330,Abordable,2026-03-04
9597,calypso91070,330,Abordable,2026-03-04
9598,Shuiin,330,Abordable,2026-03-04
9599,Girameoo,330,Abordable,2026-03-04
9600,ElevenTheo,330,Abordable,2026-03-04
9601,laurinooou,330,Abordable,2026-03-04
9602,momoon_le_chat,330,Abordable,2026-03-04
9603,pimanau,330,Abordable,2026-03-04
9604,douhablee,330,Abordable,2026-03-04
9606,GuntarJr,330,Abordable,2026-03-04
9607,fujitora39,330,Abordable,2026-03-04
9608,Podv_46,330,Abordable,2026-03-04
9610,Jeidotoko,330,Abordable,2026-03-04
9611,leodu95,330,Abordable,2026-03-04
9612,croustybapt44,330,Abordable,2026-03-04
9613,Agatio_GS,330,Abordable,2026-03-04
9614,debiboop7891,330,Abordable,2026-03-04
9615,Ferendall,330,Abordable,2026-03-04
9616,Wartran,329,Abordable,2026-03-04
9617,cvigneaux,329,Abordable,2026-03-04
9618,Fengeld,329,Abordable,2026-03-04
9619,luss_ttv,329,Abordable,2026-03-04
9620,str4lande,328,Abordable,2026-03-04
9621,vovox23,328,Abordable,2026-03-04
9622,fullmetalbaguett,328,Abordable,2026-03-04
9623,victor_mantilla,328,Abordable,2026-03-04
9624,toniofrrx,328,Abordable,2026-03-04
9625,gunmar06,328,Abordable,2026-03-04
9626,mayeutt_,328,Abordable,2026-03-04
9627,mygale,327,Abordable,2026-03-04
9628,epsylon_m_a_,327,Abordable,2026-03-04
9629,zazawa23072024,327,Abordable,2026-03-04
9630,gaspprogamming,327,Abordable,2026-03-04
9631,lorena_lgsaaa,327,Abordable,2026-03-04
9632,Francois_BCN,327,Abordable,2026-03-04
9633,TKDkraft,326,Abordable,2026-03-04
9634,Nexozz___,326,Abordable,2026-03-04
9635,scaramioche,326,Abordable,2026-03-04
9636,roronoa_127,326,Abordable,2026-03-04
9637,nezukokomii,326,Abordable,2026-03-04
9638,TomySensei_,326,Abordable,2026-03-04
9640,M3erkat,326,Abordable,2026-03-04
9641,danlac5,325,Abordable,2026-03-04
9642,itoli2,325,Abordable,2026-03-04
9643,gablevoyou,325,Abordable,2026-03-04
9644,ThreeDuck,325,Abordable,2026-03-04
9645,Tyflio,325,Abordable,2026-03-04
9646,kahiruka92,325,Abordable,2026-03-04
9647,emmaagnr,325,Abordable,2026-03-04
9648,reouven13,325,Abordable,2026-03-04
9649,larcher114,325,Abordable,2026-03-04
9650,malagagxs,324,Abordable,2026-03-04
9651,Lame_Adam,324,Abordable,2026-03-04
9652,BouK_,324,Abordable,2026-03-04
9653,GhiraHerr,324,Abordable,2026-03-04
9654,venditttt,324,Abordable,2026-03-04
9655,claiirou,324,Abordable,2026-03-04
9656,sp33dyyyy_,324,Abordable,2026-03-04
9657,leopiher,324,Abordable,2026-03-04
9658,COXY4U,324,Abordable,2026-03-04
9659,arkhang,324,Abordable,2026-03-04
9660,tdg_drizzy,324,Abordable,2026-03-04
9661,margaux_mnfcn,324,Abordable,2026-03-04
9662,shaodey,324,Abordable,2026-03-04
9663,tag__ada,323,Abordable,2026-03-04
9664,YooKl,323,Abordable,2026-03-04
9665,melo_tonie,323,Abordable,2026-03-04
9666,Aderati,323,Abordable,2026-03-04
9667,nouvelleabeille,323,Abordable,2026-03-04
9668,whistle865,322,Abordable,2026-03-04
9669,Hib3rU,322,Abordable,2026-03-04
9670,Impooo,322,Abordable,2026-03-04
9671,Trobyss,322,Abordable,2026-03-04
9672,heptarone,322,Abordable,2026-03-04
9673,krem_brule3110,322,Abordable,2026-03-04
9674,Reezsea8,322,Abordable,2026-03-04
9675,RORONOA80000,322,Abordable,2026-03-04
9676,Hyunan,322,Abordable,2026-03-04
9677,ylanntrublet,322,Abordable,2026-03-04
9678,Amyante,322,Abordable,2026-03-04
9679,cleme64,322,Abordable,2026-03-04
9680,baptou_sensei,322,Abordable,2026-03-04
9681,lau_drmnt,321,Abordable,2026-03-04
9682,simonasc1,321,Abordable,2026-03-04
9683,lxlxndrxpixel,321,Abordable,2026-03-04
9684,cassandreeee7,321,Abordable,2026-03-04
9685,alainpellus,321,Abordable,2026-03-04
9686,michuhappy,321,Abordable,2026-03-04
9687,nightyolo11,321,Abordable,2026-03-04
9688,dayzstorm63,321,Abordable,2026-03-04
9689,purplewordle,321,Abordable,2026-03-04
9690,amaury_thblt,321,Abordable,2026-03-04
9691,francium18,321,Abordable,2026-03-04
9692,maumal013,321,Abordable,2026-03-04
9693,sunny_mel_,321,Abordable,2026-03-04
9694,hhjgxfrgggcxdd,321,Abordable,2026-03-04
9695,leadudu123,320,Abordable,2026-03-04
9696,Negarose,320,Abordable,2026-03-04
9697,bibouchkka,320,Abordable,2026-03-04
9698,Aurelfc,320,Abordable,2026-03-04
9699,Remsll,320,Abordable,2026-03-04
9700,romanedbs66,319,Abordable,2026-03-04
9701,liso3006,319,Abordable,2026-03-04
9702,KC_hanji,319,Abordable,2026-03-04
9703,L4iiY_,319,Abordable,2026-03-04
9704,homard54,319,Abordable,2026-03-04
9705,echoox_1,319,Abordable,2026-03-04
9706,z_soodz_a,319,Abordable,2026-03-04
9707,GoldMP4,319,Abordable,2026-03-04
9708,skun_0,318,Abordable,2026-03-04
9709,catseyes24,318,Abordable,2026-03-04
9710,Theo_Riginal_,318,Abordable,2026-03-04
9711,Grey_Tv__,318,Abordable,2026-03-04
9712,henoon_jr,318,Abordable,2026-03-04
9713,Suffuu,318,Abordable,2026-03-04
9714,pastradan,318,Abordable,2026-03-04
9715,Losa49,318,Abordable,2026-03-04
9716,toadsuper,318,Abordable,2026-03-04
9717,dydy97d,318,Abordable,2026-03-04
9718,Hermetre_159,318,Abordable,2026-03-04
9719,ml_allumette,318,Abordable,2026-03-04
9720,inesssrb,318,Abordable,2026-03-04
9721,icreyma,318,Abordable,2026-03-04
9722,breauzil,318,Abordable,2026-03-04
9723,relqx_,318,Abordable,2026-03-04
9724,opheeliaa13,318,Abordable,2026-03-04
9725,SkillsMTG,317,Abordable,2026-03-04
9726,Cedstorm,317,Abordable,2026-03-04
9727,UiCMoii,317,Abordable,2026-03-04
9729,Kujosaki,317,Abordable,2026-03-04
9730,pitouspoon,317,Abordable,2026-03-04
9731,lah4ch,317,Abordable,2026-03-04
9732,SAN3I,317,Abordable,2026-03-04
9733,bougzy1,317,Abordable,2026-03-04
9734,KroMiniX_,317,Abordable,2026-03-04
9735,AlphaH3lo,317,Abordable,2026-03-04
9736,armelbaucis,317,Abordable,2026-03-04
9737,la_romb,317,Abordable,2026-03-04
9738,bandhoegle,317,Abordable,2026-03-04
9739,moi_pl,317,Abordable,2026-03-04
9740,Mikilra,317,Abordable,2026-03-04
9741,monkeydjude_,316,Abordable,2026-03-04
9742,waldree,316,Abordable,2026-03-04
9743,laura92160,316,Abordable,2026-03-04
9744,nopdn,316,Abordable,2026-03-04
9745,fclmm28,316,Abordable,2026-03-04
9747,sabri_asb,315,Abordable,2026-03-04
9748,maryjane_222,315,Abordable,2026-03-04
9750,lecanarlaque,315,Abordable,2026-03-04
9751,lil_mouk,314,Abordable,2026-03-04
9752,lenouille_la_fripouille,314,Abordable,2026-03-04
9753,antoine_qgn,314,Abordable,2026-03-04
9754,ImKumaZ_,314,Abordable,2026-03-04
9755,tidwhitesnake,314,Abordable,2026-03-04
9756,valy_grg,314,Abordable,2026-03-04
9757,cagnoise,314,Abordable,2026-03-04
9758,Nassim_Azzi,314,Abordable,2026-03-04
9759,Clemands,314,Abordable,2026-03-04
9760,AEG_taborl1n,314,Abordable,2026-03-04
9761,jordan_z7,314,Abordable,2026-03-04
9762,NacaratTV,313,Abordable,2026-03-04
9763,KhushasMusic,313,Abordable,2026-03-04
9764,Garyd0_,313,Abordable,2026-03-04
9765,lc2682,313,Abordable,2026-03-04
9766,ledbyg1st,313,Abordable,2026-03-04
9767,Saumix,313,Abordable,2026-03-04
9768,Ironha_,313,Abordable,2026-03-04
9769,aurelienBZH,313,Abordable,2026-03-04
9770,NitRobZ,313,Abordable,2026-03-04
9771,aymicou,313,Abordable,2026-03-04
9772,merlinpgn,313,Abordable,2026-03-04
9773,vr0umvr0um,313,Abordable,2026-03-04
9774,tennagoni,313,Abordable,2026-03-04
9775,chiaracamus,313,Abordable,2026-03-04
9776,Xixibo01,313,Abordable,2026-03-04
9777,yasmine_bkzz,313,Abordable,2026-03-04
9778,breaks2p,313,Abordable,2026-03-04
9779,Artadin,313,Abordable,2026-03-04
9780,m4th240,313,Abordable,2026-03-04
9781,zektam,313,Abordable,2026-03-04
9782,jeremmmmm_sw,313,Abordable,2026-03-04
9783,hugame33,313,Abordable,2026-03-04
9784,Kelkinbaicil,313,Abordable,2026-03-04
9785,caral__,313,Abordable,2026-03-04
9786,SiliaValentine,313,Abordable,2026-03-04
9787,souillon1,313,Abordable,2026-03-04
9788,ehv4n,313,Abordable,2026-03-04
9789,benjamin_mzrd,313,Abordable,2026-03-04
9790,Aza_Naru,313,Abordable,2026-03-04
9791,BLaK_dAmn,312,Abordable,2026-03-04
9792,Pierroc76,312,Abordable,2026-03-04
9793,MsWallace24,312,Abordable,2026-03-04
9794,m8_titialix,312,Abordable,2026-03-04
9795,gwennaellef,312,Abordable,2026-03-04
9796,quentinbeau,312,Abordable,2026-03-04
9797,Fl0rekk,312,Abordable,2026-03-04
9798,Alvaluz,312,Abordable,2026-03-04
9799,ettagere,312,Abordable,2026-03-04
9800,dieggdiegg,312,Abordable,2026-03-04
9801,Stormpoolette,312,Abordable,2026-03-04
9802,mysticonic_,312,Abordable,2026-03-04
9803,nomdezeus_,312,Abordable,2026-03-04
9804,sayan17274,312,Abordable,2026-03-04
9805,wolff_amadeus,312,Abordable,2026-03-04
9806,andrealekapla,312,Abordable,2026-03-04
9807,mumuOL1,312,Abordable,2026-03-04
9809,materza,312,Abordable,2026-03-04
9810,Fuzatii,312,Abordable,2026-03-04
9811,Bonnebanane,312,Abordable,2026-03-04
9812,Seederant,311,Abordable,2026-03-04
9813,nahil3321,311,Abordable,2026-03-04
9814,pybaudot44,311,Abordable,2026-03-04
9815,musbros4,311,Abordable,2026-03-04
9816,guizmdr,311,Abordable,2026-03-04
9817,Frostituay,311,Abordable,2026-03-04
9818,zigotoooo,311,Abordable,2026-03-04
9819,faabinoux,311,Abordable,2026-03-04
9820,ethankok,311,Abordable,2026-03-04
9821,nonomimininou,310,Abordable,2026-03-04
9822,Sephtenen,310,Abordable,2026-03-04
9823,yonita128,310,Abordable,2026-03-04
9824,lilyzfr,310,Abordable,2026-03-04
9825,DocValknut,310,Abordable,2026-03-04
9826,Samuelbella,310,Abordable,2026-03-04
9827,mako_twitch_,310,Abordable,2026-03-04
9828,Aylbe,310,Abordable,2026-03-04
9829,lukartiste,309,Abordable,2026-03-04
9830,Josc1587,309,Abordable,2026-03-04
9831,itzvaike,309,Abordable,2026-03-04
9832,Eladon__,309,Abordable,2026-03-04
9833,blizzard_thestoat,309,Abordable,2026-03-04
9834,insomniac_phil,309,Abordable,2026-03-04
9835,victoria_260,309,Abordable,2026-03-04
9836,milkaam,309,Abordable,2026-03-04
9837,ingenuity91,308,Abordable,2026-03-04
9838,cousin_skeeeter,308,Abordable,2026-03-04
9839,bk499_,308,Abordable,2026-03-04
9840,morganezimm,308,Abordable,2026-03-04
9841,loulou5900000,308,Abordable,2026-03-04
9842,le__gamerfou,308,Abordable,2026-03-04
9843,KingInTheLadder,308,Abordable,2026-03-04
9844,banban008,308,Abordable,2026-03-04
9845,kowzak,308,Abordable,2026-03-04
9846,louisohh,308,Abordable,2026-03-04
9847,Trayton_Jr,307,Abordable,2026-03-04
9848,Muscaaa_,307,Abordable,2026-03-04
9849,yu22k,307,Abordable,2026-03-04
9850,Jbblebb,307,Abordable,2026-03-04
9851,axelle266,307,Abordable,2026-03-04
9852,math_816,307,Abordable,2026-03-04
9853,waelette_,306,Abordable,2026-03-04
9854,Maksou_cs,306,Abordable,2026-03-04
9855,dsysama,306,Abordable,2026-03-04
9856,olivierr67,306,Abordable,2026-03-04
9857,Themrzz,306,Abordable,2026-03-04
9858,baptisteleplusfort,306,Abordable,2026-03-04
9859,oranette,306,Abordable,2026-03-04
9860,floraa_7_6,306,Abordable,2026-03-04
9861,mh193,306,Abordable,2026-03-04
9862,MiMiZouM,306,Abordable,2026-03-04
9863,LiFO_One,306,Abordable,2026-03-04
9864,Etaxoile,305,Abordable,2026-03-04
9865,carton_mk,305,Abordable,2026-03-04
9866,edouarlasalope,305,Abordable,2026-03-04
9867,brownieananas,305,Abordable,2026-03-04
9868,nulthen,305,Abordable,2026-03-04
9869,kaiihuaii,305,Abordable,2026-03-04
9870,Montois97,305,Abordable,2026-03-04
9871,emeline1936,305,Abordable,2026-03-04
9872,Packkkco,305,Abordable,2026-03-04
9873,wamplei0,305,Abordable,2026-03-04
9874,math0ra,305,Abordable,2026-03-04
9875,ooceane26,305,Abordable,2026-03-04
9876,montdordu13,305,Abordable,2026-03-04
9877,Nauth3r_nioMe,305,Abordable,2026-03-04
9878,h_bogart25,305,Abordable,2026-03-04
9879,Lupytup_,305,Abordable,2026-03-04
9880,Bravael_,305,Abordable,2026-03-04
9881,crisvonhannover,304,Abordable,2026-03-04
9882,Julibambam,304,Abordable,2026-03-04
9883,sthibault06,304,Abordable,2026-03-04
9884,ToToV,304,Abordable,2026-03-04
9885,lou_cndt,304,Abordable,2026-03-04
9886,rachond74,304,Abordable,2026-03-04
9887,thomate1406,304,Abordable,2026-03-04
9888,Gregofrigo,304,Abordable,2026-03-04
9889,m4l07ru,303,Abordable,2026-03-04
9890,CocoWave,303,Abordable,2026-03-04
9891,spinzz,303,Abordable,2026-03-04
9892,charlinefritsch,303,Abordable,2026-03-04
9893,twister58so,303,Abordable,2026-03-04
9894,voluna_,303,Abordable,2026-03-04
9895,mathvall,303,Abordable,2026-03-04
9896,raph7,303,Abordable,2026-03-04
9897,gdelataillade,303,Abordable,2026-03-04
9898,druimzeus,303,Abordable,2026-03-04
9899,LyneSG,303,Abordable,2026-03-04
9900,patpatgui,303,Abordable,2026-03-04
9901,leblizzard6,303,Abordable,2026-03-04
9902,Ugueaux,302,Abordable,2026-03-04
9903,jiverre77_93,302,Abordable,2026-03-04
9904,n0ny_legoat,302,Abordable,2026-03-04
9905,ablouxx,302,Abordable,2026-03-04
9906,WitherFlower42,302,Abordable,2026-03-04
9907,mguinard,302,Abordable,2026-03-04
9908,the_amazingflow,302,Abordable,2026-03-04
9909,ch4dny,302,Abordable,2026-03-04
9910,tcreveche,302,Abordable,2026-03-04
9911,hannahzis,302,Abordable,2026-03-04
9912,babaskt26,302,Abordable,2026-03-04
9913,gasp71,301,Abordable,2026-03-04
9914,martruffe,301,Abordable,2026-03-04
9915,alpha_matou,301,Abordable,2026-03-04
9916,hugobg40,301,Abordable,2026-03-04
9917,logancidre34,301,Abordable,2026-03-04
9918,edubourg53,301,Abordable,2026-03-04
9919,Genoso,301,Abordable,2026-03-04
9920,krix_art,300,Abordable,2026-03-04
9921,guntay_,300,Abordable,2026-03-04
9922,setawk67,300,Abordable,2026-03-04
9923,vivi_bev,300,Abordable,2026-03-04
9924,d5r5,300,Abordable,2026-03-04
9925,onirique__,300,Abordable,2026-03-04
9926,xCuttyFLAM,300,Abordable,2026-03-04
9927,Adhok,300,Abordable,2026-03-04
9928,Lekarnah,300,Abordable,2026-03-04
9929,Choca_pique,300,Abordable,2026-03-04
9930,Heavxen,300,Abordable,2026-03-04
9931,NapoleonicBoy,300,Abordable,2026-03-04
9932,ahyzza,300,Abordable,2026-03-04
9933,bazukette,300,Abordable,2026-03-04
9934,juliettecrb,300,Abordable,2026-03-04
9935,monstermunch018,300,Abordable,2026-03-04
9936,hellomoicnana,300,Abordable,2026-03-04
9937,theoprov,300,Abordable,2026-03-04
9938,emile85200,300,Abordable,2026-03-04
9939,Kyra_Shi,300,Abordable,2026-03-04
9940,petit_pinson,300,Abordable,2026-03-04
9941,do_theo,300,Abordable,2026-03-04
9942,dadjujtm,300,Abordable,2026-03-04
9943,isabellemorcillo31150,300,Abordable,2026-03-04
9944,apodeus33,300,Abordable,2026-03-04
9945,oszlau,300,Abordable,2026-03-04
9946,ezoara,300,Abordable,2026-03-04
9947,zigomar135,300,Abordable,2026-03-04
9948,daniel_daniel12000,300,Abordable,2026-03-04
9949,marylou2030,300,Abordable,2026-03-04
9950,totocostooo,300,Abordable,2026-03-04
9951,ouichette,300,Abordable,2026-03-04
9952,louisonlastreet,300,Abordable,2026-03-04
9953,bzhkyan,300,Abordable,2026-03-04
9954,merda_galaxy,300,Abordable,2026-03-04
9955,LouisonBzz,300,Abordable,2026-03-04
9956,canto0777,300,Abordable,2026-03-04
9957,martincolasroy,300,Abordable,2026-03-04
9958,Nicolass57,300,Abordable,2026-03-04
9959,flox_jr,300,Abordable,2026-03-04
9960,axelmrc,300,Abordable,2026-03-04
9961,charlottinne,300,Abordable,2026-03-04
9962,jeanne_lavender,300,Abordable,2026-03-04
9963,procopops,300,Abordable,2026-03-04
9964,Dariustensile,300,Abordable,2026-03-04
9965,ecliiipseee04,300,Abordable,2026-03-04
9966,makusuwu,300,Abordable,2026-03-04
9967,celyabm,300,Abordable,2026-03-04
9968,cofloflo,300,Abordable,2026-03-04
9969,Kusuto_,300,Abordable,2026-03-04
9970,homme_rit,300,Abordable,2026-03-04
9971,skynath29,300,Abordable,2026-03-04
9972,jeanne_29s,300,Abordable,2026-03-04
9973,M8_Fox,300,Abordable,2026-03-04
9974,Ribsouu,300,Abordable,2026-03-04
9975,mflunot,299,Abordable,2026-03-04
9976,Navire__,299,Abordable,2026-03-04
9977,Fredbox6,299,Abordable,2026-03-04
9978,sofiane413,299,Abordable,2026-03-04
9979,Kiksoo_,299,Abordable,2026-03-04
9980,pnk_matthieu,299,Abordable,2026-03-04
9981,Galetek_,298,Abordable,2026-03-04
9982,Mechabot_,298,Abordable,2026-03-04
9983,anna_hisse,298,Abordable,2026-03-04
9984,jurriko,298,Abordable,2026-03-04
9985,Titachie,298,Abordable,2026-03-04
9986,kcarty_cheau,298,Abordable,2026-03-04
9987,etnix__,298,Abordable,2026-03-04
9988,mcaroni42,298,Abordable,2026-03-04
9989,leytchies_,298,Abordable,2026-03-04
9990,octaaaaaave,298,Abordable,2026-03-04
9991,Hamehtiste,298,Abordable,2026-03-04
9992,Shiniyomi,298,Abordable,2026-03-04
9993,uluberlu_,298,Abordable,2026-03-04
9994,pelotte2lenne,298,Abordable,2026-03-04
9995,TwiceOW_,297,Abordable,2026-03-04
9996,Jikachu_,297,Abordable,2026-03-04
9997,lov_vbwd7,297,Abordable,2026-03-04
9998,alainbossons,297,Abordable,2026-03-04
9999,metalkiller0,297,Abordable,2026-03-04
10000,Red_nGK,297,Abordable,2026-03-04
10001,icefrost88,297,Abordable,2026-03-04
10002,solinosaurus,297,Abordable,2026-03-04
10003,trillerstairr,297,Abordable,2026-03-04
10004,leagressive,297,Abordable,2026-03-04
10005,aleclave66,297,Abordable,2026-03-04
10006,vincz_gazol,297,Abordable,2026-03-04
10007,JuCepTion,297,Abordable,2026-03-04
10008,Zlu_glu,297,Abordable,2026-03-04
10009,lululaprincess,296,Abordable,2026-03-04
10010,rattogs,296,Abordable,2026-03-04
10011,Bebecq_57,296,Abordable,2026-03-04
10012,martin_lach,296,Abordable,2026-03-04
10013,Hyve_the_otter,296,Abordable,2026-03-04
10014,jojo82,295,Abordable,2026-03-04
10015,remenbertboy,295,Abordable,2026-03-04
10016,thib_jcqt,295,Abordable,2026-03-04
10017,xplosif27,294,Abordable,2026-03-04
10018,enora_vernerie,294,Abordable,2026-03-04
10019,chazen13,294,Abordable,2026-03-04
10020,ed_dpz_,294,Abordable,2026-03-04
10021,mystical_sunshine,294,Abordable,2026-03-04
10022,lenofa98,294,Abordable,2026-03-04
10023,tsianfai,294,Abordable,2026-03-04
10024,chcpn,294,Abordable,2026-03-04
10025,xifar08,294,Abordable,2026-03-04
10026,arouxxxx,294,Abordable,2026-03-04
10027,upsima,294,Abordable,2026-03-04
10028,m8kodios,294,Abordable,2026-03-04
10029,theomrdr,294,Abordable,2026-03-04
10030,Satronblblbl,294,Abordable,2026-03-04
10031,ateeyaba,293,Abordable,2026-03-04
10032,kllixto,293,Abordable,2026-03-04
10033,gaetansimon880001,293,Abordable,2026-03-04
10034,sky420000,293,Abordable,2026-03-04
10035,Xoojd,293,Abordable,2026-03-04
10036,herox83500,293,Abordable,2026-03-04
10037,Poockine,293,Abordable,2026-03-04
10038,Loakiine,293,Abordable,2026-03-04
10039,lolocheeee,292,Abordable,2026-03-04
10040,marlie76,292,Abordable,2026-03-04
10041,Philleb444,292,Abordable,2026-03-04
10042,AtlantisTerror,292,Abordable,2026-03-04
10043,mula_luma,292,Abordable,2026-03-04
10044,lollow16,292,Abordable,2026-03-04
10045,hibe1,292,Abordable,2026-03-04
10046,Cyrock1,292,Abordable,2026-03-04
10047,natoclaquo,292,Abordable,2026-03-04
10048,zathur,292,Abordable,2026-03-04
10049,oksane,292,Abordable,2026-03-04
10050,Dyorusse,292,Abordable,2026-03-04
10051,mathiasjam,292,Abordable,2026-03-04
10052,couilensky,292,Abordable,2026-03-04
10053,mp_1302,292,Abordable,2026-03-04
10054,nnaloj67,292,Abordable,2026-03-04
10055,Aizher,292,Abordable,2026-03-04
10056,flamme88rouge,292,Abordable,2026-03-04
10057,Eldrokos,292,Abordable,2026-03-04
10058,friki_christo,291,Abordable,2026-03-04
10059,chocolatinoow,291,Abordable,2026-03-04
10060,grandverredeyop,291,Abordable,2026-03-04
10061,Cypou_,290,Abordable,2026-03-04
10062,shalleux,289,Abordable,2026-03-04
10063,maylily2208,289,Abordable,2026-03-04
10064,eelyaadrw,289,Abordable,2026-03-04
10065,amongthenodes,289,Abordable,2026-03-04
10066,valrdn,289,Abordable,2026-03-04
10067,labruti_saoul,289,Abordable,2026-03-04
10068,nicoleb134,289,Abordable,2026-03-04
10069,crostif,289,Abordable,2026-03-04
10070,dollarfreakbih,289,Abordable,2026-03-04
10071,el_pulpo_roberto,289,Abordable,2026-03-04
10072,MisterGimmickFR,289,Abordable,2026-03-04
10073,minibras42,289,Abordable,2026-03-04
10074,MKXeltra,289,Abordable,2026-03-04
10075,cg_maelluss,289,Abordable,2026-03-04
10076,mariebrtln,289,Abordable,2026-03-04
10077,abdaraztheking,289,Abordable,2026-03-04
10078,NeoZ_iAaa,289,Abordable,2026-03-04
10079,lenacupan,289,Abordable,2026-03-04
10080,softwave__,289,Abordable,2026-03-04
10081,gromssss27,289,Abordable,2026-03-04
10082,geo570,289,Abordable,2026-03-04
10083,UnDR_Mordred,289,Abordable,2026-03-04
10084,arguillen_flc,288,Abordable,2026-03-04
10085,Cdr_Gree,288,Abordable,2026-03-04
10086,Aelkan_,288,Abordable,2026-03-04
10087,Seasis,288,Abordable,2026-03-04
10088,idada_pi,288,Abordable,2026-03-04
10089,Alphonzo__,288,Abordable,2026-03-04
10090,LavandiereDeNoz,288,Abordable,2026-03-04
10091,antore2,288,Abordable,2026-03-04
10092,lepierrotdu67_,288,Abordable,2026-03-04
10093,magdala_29,288,Abordable,2026-03-04
10094,obigruber,288,Abordable,2026-03-04
10095,spectror2,288,Abordable,2026-03-04
10096,hyrox777,288,Abordable,2026-03-04
10097,luc4rth,288,Abordable,2026-03-04
10098,St0rmy_Sama,287,Abordable,2026-03-04
10099,irisrainbows,287,Abordable,2026-03-04
10100,arthur_dbn,287,Abordable,2026-03-04
10101,mossieur_Chips,287,Abordable,2026-03-04
10102,manonvll,287,Abordable,2026-03-04
10103,cross2win,287,Abordable,2026-03-04
10104,amaram_,287,Abordable,2026-03-04
10105,shirinyoku,287,Abordable,2026-03-04
10106,Silesque,287,Abordable,2026-03-04
10107,MalouReyy,287,Abordable,2026-03-04
10108,inzemy,287,Abordable,2026-03-04
10109,sarah15902,287,Abordable,2026-03-04
10110,cookeder,287,Abordable,2026-03-04
10111,barwan06,287,Abordable,2026-03-04
10112,okuo05,287,Abordable,2026-03-04
10113,Aurebleyde,287,Abordable,2026-03-04
10114,Torice165,287,Abordable,2026-03-04
10115,noe33lrch,287,Abordable,2026-03-04
10116,gaonypaloha,287,Abordable,2026-03-04
10117,matteosmalin,287,Abordable,2026-03-04
10118,sarahtech02,286,Abordable,2026-03-04
10119,dorian080606,286,Abordable,2026-03-04
10120,Morholt_TTR,286,Abordable,2026-03-04
10121,d0mart,286,Abordable,2026-03-04
10122,mlm974,286,Abordable,2026-03-04
10123,zeldagathe_the_sayan,285,Abordable,2026-03-04
10124,eeeeemmmaaaaaaaa,285,Abordable,2026-03-04
10125,Nimoow,285,Abordable,2026-03-04
10126,Urbannnnnnnnnnnnn,285,Abordable,2026-03-04
10127,lpcbabe,285,Abordable,2026-03-04
10128,bagoo22,285,Abordable,2026-03-04
10129,Xh4lis,285,Abordable,2026-03-04
10130,blacksheepdsgn,284,Abordable,2026-03-04
10131,elisabco04,284,Abordable,2026-03-04
10132,cavigordios,284,Abordable,2026-03-04
10133,mama19122005,284,Abordable,2026-03-04
10134,denis1351,284,Abordable,2026-03-04
10135,lepresquerou,284,Abordable,2026-03-04
10136,Samyveltal,284,Abordable,2026-03-04
10137,aubryac,284,Abordable,2026-03-04
10138,lleanee__,284,Abordable,2026-03-04
10139,faltekdonab,284,Abordable,2026-03-04
10140,ShunaaRK,284,Abordable,2026-03-04
10141,renzo_0919,283,Abordable,2026-03-04
10142,ilianoss31,283,Abordable,2026-03-04
10143,cher_ami_3,283,Abordable,2026-03-04
10144,GregJordan,283,Abordable,2026-03-04
10145,zirconium_06,283,Abordable,2026-03-04
10146,elgadina,283,Abordable,2026-03-04
10147,Artivimens,283,Abordable,2026-03-04
10148,lyf13_,283,Abordable,2026-03-04
10149,thibardb,283,Abordable,2026-03-04
10150,ByCyborg,283,Abordable,2026-03-04
10151,gossip_boy7000,283,Abordable,2026-03-04
10152,tamsfg,283,Abordable,2026-03-04
10153,Havyio,283,Abordable,2026-03-04
10154,gogolgu,283,Abordable,2026-03-04
10155,niakka,283,Abordable,2026-03-04
10156,Silent_Co,283,Abordable,2026-03-04
10157,zCantus,283,Abordable,2026-03-04
10158,mister_banjos,283,Abordable,2026-03-04
10159,meisinga21,283,Abordable,2026-03-04
10160,inesbnc,283,Abordable,2026-03-04
10161,momoth0,283,Abordable,2026-03-04
10162,bilquissab,282,Abordable,2026-03-04
10164,matteco71,282,Abordable,2026-03-04
10165,louloucstl,282,Abordable,2026-03-04
10166,Gecxio,282,Abordable,2026-03-04
10167,lorehntl,282,Abordable,2026-03-04
10168,smeugue,282,Abordable,2026-03-04
10169,TapAs_bs,282,Abordable,2026-03-04
10170,grelesquash9,282,Abordable,2026-03-04
10171,Freezewarzer,282,Abordable,2026-03-04
10172,ArcEnda,282,Abordable,2026-03-04
10173,leau_des_pate,282,Abordable,2026-03-04
10174,timux99,282,Abordable,2026-03-04
10175,lukelapin,282,Abordable,2026-03-04
10176,luludigne,282,Abordable,2026-03-04
10177,nonooooo08,282,Abordable,2026-03-04
10178,nougatkenan,281,Abordable,2026-03-04
10179,MoiCestSamm,281,Abordable,2026-03-04
10180,alalalaa555,281,Abordable,2026-03-04
10181,pogamiamiam,281,Abordable,2026-03-04
10182,AEG_DDB,281,Abordable,2026-03-04
10183,val_arme114,281,Abordable,2026-03-04
10184,Texxem_,281,Abordable,2026-03-04
10185,lucielacerise,281,Abordable,2026-03-04
10186,Rukeyz_,281,Abordable,2026-03-04
10187,joshsbara9,281,Abordable,2026-03-04
10188,boggiventus,281,Abordable,2026-03-04
10189,sam_lebrize,281,Abordable,2026-03-04
10190,arbre_a_cames,281,Abordable,2026-03-04
10191,cbcvz,281,Abordable,2026-03-04
10192,Atom4x,281,Abordable,2026-03-04
10193,la_moustache_de_torlk,280,Abordable,2026-03-04
10194,sajalann_ow,280,Abordable,2026-03-04
10195,henjoyz,280,Abordable,2026-03-04
10196,emmanuel0501,280,Abordable,2026-03-04
10197,fransma2,280,Abordable,2026-03-04
10198,girafejoyeuse,280,Abordable,2026-03-04
10199,francastor56,280,Abordable,2026-03-04
10200,agreabourg,280,Abordable,2026-03-04
10201,Lasuite98,279,Abordable,2026-03-04
10202,margtl21,279,Abordable,2026-03-04
10203,ssaccha,279,Abordable,2026-03-04
10204,Astryphe,279,Abordable,2026-03-04
10205,addyyy83,279,Abordable,2026-03-04
10206,math_dsc,279,Abordable,2026-03-04
10207,flipp_tv,279,Abordable,2026-03-04
10208,nanoprice,278,Abordable,2026-03-04
10209,edouar_kit,278,Abordable,2026-03-04
10210,sonerazzuro,278,Abordable,2026-03-04
10211,busmer7820,278,Abordable,2026-03-04
10212,vianpina,278,Abordable,2026-03-04
10213,serenadlvt,278,Abordable,2026-03-04
10214,isoque_,278,Abordable,2026-03-04
10215,alinebc18,278,Abordable,2026-03-04
10216,miakhalifoutr,278,Abordable,2026-03-04
10217,m8_darkhac_,278,Abordable,2026-03-04
10218,manonaub123,278,Abordable,2026-03-04
10219,lacroche85,277,Abordable,2026-03-04
10220,etimm_,277,Abordable,2026-03-04
10221,LeNemP5,277,Abordable,2026-03-04
10222,scllt7,277,Abordable,2026-03-04
10223,Alkashiiii,277,Abordable,2026-03-04
10224,Great_Akagi,276,Abordable,2026-03-04
10225,FA1dN,276,Abordable,2026-03-04
10226,tolhairance,276,Abordable,2026-03-04
10227,antoine22f,276,Abordable,2026-03-04
10228,matteo_0708,276,Abordable,2026-03-04
10229,MelvinCzK,276,Abordable,2026-03-04
10230,LucaTeph,276,Abordable,2026-03-04
10231,Minichewby,276,Abordable,2026-03-04
10232,bigoat_,276,Abordable,2026-03-04
10233,alpharia_18,276,Abordable,2026-03-04
10234,marguerite5020,276,Abordable,2026-03-04
10235,Llewilles,275,Abordable,2026-03-04
10236,pus_harpags,275,Abordable,2026-03-04
10237,zep27270,275,Abordable,2026-03-04
10238,gabinks28,275,Abordable,2026-03-04
10239,tyrna_nog,275,Abordable,2026-03-04
10240,hecatelalune,275,Abordable,2026-03-04
10241,Soka__Twitch,275,Abordable,2026-03-04
10242,lecl74,275,Abordable,2026-03-04
10243,Hachujeo,275,Abordable,2026-03-04
10244,ohsheine,275,Abordable,2026-03-04
10245,gabi295677,275,Abordable,2026-03-04
10246,Monchisan34,275,Abordable,2026-03-04
10247,my_a_uwu,275,Abordable,2026-03-04
10248,margotili,275,Abordable,2026-03-04
10249,Xenoz68,275,Abordable,2026-03-04
10250,misterpew,275,Abordable,2026-03-04
10251,Eterale1,275,Abordable,2026-03-04
10252,justSkyRod,275,Abordable,2026-03-04
10253,entrecotesauceaupoivre,274,Abordable,2026-03-04
10254,comep_,274,Abordable,2026-03-04
10255,gauthh__,274,Abordable,2026-03-04
10256,chloelamalice,274,Abordable,2026-03-04
10257,Merkinby,274,Abordable,2026-03-04
10258,louisev7,274,Abordable,2026-03-04
10259,VS_Lazuli,274,Abordable,2026-03-04
10260,myoso_otis,274,Abordable,2026-03-04
10261,pinky_starlette2,274,Abordable,2026-03-04
10262,mathysito40,274,Abordable,2026-03-04
10263,noriginalitea,274,Abordable,2026-03-04
10264,baika636,274,Abordable,2026-03-04
10265,frantzy92i,274,Abordable,2026-03-04
10266,raphaelegros,274,Abordable,2026-03-04
10267,geantpersil,274,Abordable,2026-03-04
10268,flowiine,274,Abordable,2026-03-04
10269,heliumsolide,274,Abordable,2026-03-04
10270,evan_dl,274,Abordable,2026-03-04
10271,JayFTBX,274,Abordable,2026-03-04
10272,ratatouilletoutsec,273,Abordable,2026-03-04
10273,jeanbonnnnnnnnn,273,Abordable,2026-03-04
10274,camrk,273,Abordable,2026-03-04
10275,ala_089,273,Abordable,2026-03-04
10276,princesseunicorn,273,Abordable,2026-03-04
10277,nunuche1106,273,Abordable,2026-03-04
10278,Thilmea,273,Abordable,2026-03-04
10279,gooxx_,273,Abordable,2026-03-04
10280,inatteignable_,273,Abordable,2026-03-04
10281,SpeedHeure,273,Abordable,2026-03-04
10282,forsakenhg,273,Abordable,2026-03-04
10283,Yodathor,273,Abordable,2026-03-04
10284,mechcar,272,Abordable,2026-03-04
10285,alastralyra,272,Abordable,2026-03-04
10286,aslooow,272,Abordable,2026-03-04
10287,diorekt,272,Abordable,2026-03-04
10288,artthor,272,Abordable,2026-03-04
10289,lena0708c,272,Abordable,2026-03-04
10290,ivanana76,272,Abordable,2026-03-04
10291,manutou,272,Abordable,2026-03-04
10292,ratusdetwitch,272,Abordable,2026-03-04
10293,Vilain_Kleenex,271,Abordable,2026-03-04
10294,takashimickey,271,Abordable,2026-03-04
10295,joanne_2106,271,Abordable,2026-03-04
10296,vaerel,271,Abordable,2026-03-04
10297,meteore056,271,Abordable,2026-03-04
10298,madeleinemsr,270,Abordable,2026-03-04
10299,pouydee,270,Abordable,2026-03-04
10300,svmi99,270,Abordable,2026-03-04
10301,Ledeo_Aboule,270,Abordable,2026-03-04
10302,sosolartichaut,270,Abordable,2026-03-04
10303,fr4nkandste1n,270,Abordable,2026-03-04
10304,Zeddalu_,270,Abordable,2026-03-04
10305,hpMarin_,270,Abordable,2026-03-04
10306,acte3pod,270,Abordable,2026-03-04
10307,fncnnns,270,Abordable,2026-03-04
10308,zazouiIIe,270,Abordable,2026-03-04
10309,blondelos,270,Abordable,2026-03-04
10310,nfoedora,270,Abordable,2026-03-04
10311,ALeBanc_,270,Abordable,2026-03-04
10312,PaulAnploa,270,Abordable,2026-03-04
10313,antho_1105,270,Abordable,2026-03-04
10314,alprazonn,270,Abordable,2026-03-04
10316,eagles_00,270,Abordable,2026-03-04
10317,faryatw,270,Abordable,2026-03-04
10318,oxtran8,270,Abordable,2026-03-04
10319,gunfreek2,270,Abordable,2026-03-04
10320,tsyloo,270,Abordable,2026-03-04
10321,SaraMaths,270,Abordable,2026-03-04
10322,SoPurple1,270,Abordable,2026-03-04
10323,roberto_dubinks,270,Abordable,2026-03-04
10324,Caramelow__,270,Abordable,2026-03-04
10325,Pyprin1,270,Abordable,2026-03-04
10326,ominotem,270,Abordable,2026-03-04
10327,floangais,270,Abordable,2026-03-04
10328,Bidoman24,270,Abordable,2026-03-04
10329,elr3o,270,Abordable,2026-03-04
10330,Frasierjones,270,Abordable,2026-03-04
10331,mailys_dag,270,Abordable,2026-03-04
10332,pliver_,270,Abordable,2026-03-04
10333,nexL043,270,Abordable,2026-03-04
10334,khaynes__,270,Abordable,2026-03-04
10335,Astrodiesel,270,Abordable,2026-03-04
10337,luucas_stn,270,Abordable,2026-03-04
10338,moiintello,270,Abordable,2026-03-04
10339,flooww_tm,270,Abordable,2026-03-04
10340,Mel_aniM,270,Abordable,2026-03-04
10341,Shelldone_,270,Abordable,2026-03-04
10343,megazur_,270,Abordable,2026-03-04
10344,sim1749,270,Abordable,2026-03-04
10345,QuIrUR,270,Abordable,2026-03-04
10346,Sinoxia_,270,Abordable,2026-03-04
10347,lynxspy971,270,Abordable,2026-03-04
10348,maattyets10,270,Abordable,2026-03-04
10349,coordooba,270,Abordable,2026-03-04
10350,tit_lo,270,Abordable,2026-03-04
10351,rhubilax07,270,Abordable,2026-03-04
10352,staneeeeee,270,Abordable,2026-03-04
10353,hekariel,270,Abordable,2026-03-04
10354,magikarp_sama,270,Abordable,2026-03-04
10355,sunmoon10,270,Abordable,2026-03-04
10356,morgane_dln,270,Abordable,2026-03-04
10357,kiricrew_,270,Abordable,2026-03-04
10358,zepartiiw,270,Abordable,2026-03-04
10359,LuckyLucian0_,270,Abordable,2026-03-04
10360,patou1733,270,Abordable,2026-03-04
10361,wo0lien,269,Abordable,2026-03-04
10362,Shakemate,269,Abordable,2026-03-04
10363,twitchyeo23,269,Abordable,2026-03-04
10364,Bouhbubs,269,Abordable,2026-03-04
10365,Pignouffffff,269,Abordable,2026-03-04
10366,FireHearth,269,Abordable,2026-03-04
10367,FeelOSofi,269,Abordable,2026-03-04
10368,mahaux12ii89,269,Abordable,2026-03-04
10369,Ptital,269,Abordable,2026-03-04
10370,bibish93,269,Abordable,2026-03-04
10371,ProsperPoullet,269,Abordable,2026-03-04
10372,pititpousset,269,Abordable,2026-03-04
10373,irinadelatour,268,Abordable,2026-03-04
10374,Hesianor,268,Abordable,2026-03-04
10375,breizhcraft_,268,Abordable,2026-03-04
10376,ariesnomu64000,268,Abordable,2026-03-04
10377,yayaLG,268,Abordable,2026-03-04
10378,riseflag,268,Abordable,2026-03-04
10380,simba39h,268,Abordable,2026-03-04
10381,LittleMajesty,268,Abordable,2026-03-04
10382,terrylechat,268,Abordable,2026-03-04
10383,Raphton___,267,Abordable,2026-03-04
10384,benodigos,267,Abordable,2026-03-04
10385,ben35133,267,Abordable,2026-03-04
10386,saumonbl1,267,Abordable,2026-03-04
10387,jbjb10,267,Abordable,2026-03-04
10388,na_matmut,267,Abordable,2026-03-04
10389,ozno28,266,Abordable,2026-03-04
10390,Tosteur,266,Abordable,2026-03-04
10391,Artiisiandre,266,Abordable,2026-03-04
10392,Crackose,266,Abordable,2026-03-04
10393,decka03,266,Abordable,2026-03-04
10394,cherrysouptv,266,Abordable,2026-03-04
10395,aurelie2106,266,Abordable,2026-03-04
10396,zerogeek400,266,Abordable,2026-03-04
10397,youness140100,266,Abordable,2026-03-04
10398,lionnrv,266,Abordable,2026-03-04
10399,LaWill_O,265,Abordable,2026-03-04
10400,wazer_x,265,Abordable,2026-03-04
10401,juliecsd1359,265,Abordable,2026-03-04
10402,gwendal95610,265,Abordable,2026-03-04
10403,annapaanda,265,Abordable,2026-03-04
10404,juju0832,265,Abordable,2026-03-04
10405,parzouile,265,Abordable,2026-03-04
10406,LordSandvich,265,Abordable,2026-03-04
10407,Nhewt,264,Abordable,2026-03-04
10408,Kourva4,264,Abordable,2026-03-04
10409,andrea__f,264,Abordable,2026-03-04
10410,Caporal_Dream,264,Abordable,2026-03-04
10411,salomecriv1,264,Abordable,2026-03-04
10412,Leuvei,264,Abordable,2026-03-04
10413,Pheli_N,263,Abordable,2026-03-04
10414,msovb,263,Abordable,2026-03-04
10415,rcz_pew,263,Abordable,2026-03-04
10416,iliana78000,263,Abordable,2026-03-04
10417,zozoppr,263,Abordable,2026-03-04
10418,chrispitwitch,263,Abordable,2026-03-04
10419,bx024,263,Abordable,2026-03-04
10420,blackguard362,263,Abordable,2026-03-04
10421,syssarh7,263,Abordable,2026-03-04
10422,itsyuga,262,Abordable,2026-03-04
10423,RyuShow,262,Abordable,2026-03-04
10424,Roidesplatanes,262,Abordable,2026-03-04
10425,trafalgar_d_anto,262,Abordable,2026-03-04
10426,rosette06,262,Abordable,2026-03-04
10427,racouuuuun,262,Abordable,2026-03-04
10428,Keajox,262,Abordable,2026-03-04
10429,come_nook,262,Abordable,2026-03-04
10430,lillarion,262,Abordable,2026-03-04
10431,Kikas_02,262,Abordable,2026-03-04
10432,baabouche_,262,Abordable,2026-03-04
10433,alelohm,262,Abordable,2026-03-04
10434,FireStormLive,262,Abordable,2026-03-04
10435,racconwithrizz,262,Abordable,2026-03-04
10436,grantoine12,262,Abordable,2026-03-04
10437,Gi0rnno,262,Abordable,2026-03-04
10438,Vigamo,262,Abordable,2026-03-04
10439,gretanderson,262,Abordable,2026-03-04
10440,franmerguez,262,Abordable,2026-03-04
10441,Le_NOLAN,262,Abordable,2026-03-04
10442,maximepari,261,Abordable,2026-03-04
10443,armelp93,261,Abordable,2026-03-04
10444,Kara04__,261,Abordable,2026-03-04
10445,mounyane,261,Abordable,2026-03-04
10446,diabolitoyanito,260,Abordable,2026-03-04
10447,paulineb_15,260,Abordable,2026-03-04
10448,annerbr,259,Abordable,2026-03-04
10449,alexlecongo,259,Abordable,2026-03-04
10450,homardrouges,259,Abordable,2026-03-04
10451,noemiie_18,259,Abordable,2026-03-04
10452,kylikar,259,Abordable,2026-03-04
10453,fabthekingg,259,Abordable,2026-03-04
10455,Xel62,259,Abordable,2026-03-04
10456,Floki_Attano,259,Abordable,2026-03-04
10457,candy_crv,259,Abordable,2026-03-04
10458,ayoo2312,259,Abordable,2026-03-04
10459,PawMyaa,259,Abordable,2026-03-04
10460,DawSoa,258,Abordable,2026-03-04
10461,im_baptman,258,Abordable,2026-03-04
10462,auxoxe_,258,Abordable,2026-03-04
10463,ItsMeJumb,258,Abordable,2026-03-04
10464,sharky_r,258,Abordable,2026-03-04
10465,jeanmicheltryhard2000,258,Abordable,2026-03-04
10466,newooo_8960,258,Abordable,2026-03-04
10467,MakiMikeTyson,258,Abordable,2026-03-04
10468,BlessedSleepSeeker,258,Abordable,2026-03-04
10469,Milli3_02,258,Abordable,2026-03-04
10470,Le_Flegmatic,258,Abordable,2026-03-04
10471,flogogo1,258,Abordable,2026-03-04
10472,faseur,258,Abordable,2026-03-04
10473,reganwolf02,258,Abordable,2026-03-04
10474,ChewiiiTV,257,Abordable,2026-03-04
10475,TileManager,257,Abordable,2026-03-04
10476,Syrawin,257,Abordable,2026-03-04
10477,Arca13,257,Abordable,2026-03-04
10478,LeSingeSalai,257,Abordable,2026-03-04
10479,Bhesj,257,Abordable,2026-03-04
10480,teooooo78,257,Abordable,2026-03-04
10481,soldat_rp11,257,Abordable,2026-03-04
10482,nicolart_,257,Abordable,2026-03-04
10483,theshortkid6,257,Abordable,2026-03-04
10485,clemcloouu,257,Abordable,2026-03-04
10486,frixios_,257,Abordable,2026-03-04
10487,hibo0o_,257,Abordable,2026-03-04
10488,garistag,257,Abordable,2026-03-04
10489,velopaillette,257,Abordable,2026-03-04
10490,theosaur3,257,Abordable,2026-03-04
10491,byligutzz,257,Abordable,2026-03-04
10492,gabin206,257,Abordable,2026-03-04
10493,Craysor1,257,Abordable,2026-03-04
10494,benduss_,257,Abordable,2026-03-04
10495,Thor_Oden,256,Abordable,2026-03-04
10496,ninavvn,256,Abordable,2026-03-04
10497,velvet_kind,256,Abordable,2026-03-04
10498,neofario,256,Abordable,2026-03-04
10500,tom_pix3l,256,Abordable,2026-03-04
10501,cricri7240,256,Abordable,2026-03-04
10502,zaregedish,256,Abordable,2026-03-04
10503,depp57,256,Abordable,2026-03-04
10504,Chatore_LCN,256,Abordable,2026-03-04
10505,SCTom10,255,Abordable,2026-03-04
10506,gabatilani_lupus_nubilus,255,Abordable,2026-03-04
10507,zainaldiinn,255,Abordable,2026-03-04
10508,lindar_,255,Abordable,2026-03-04
10509,santylor,254,Abordable,2026-03-04
10510,Limb3cile,254,Abordable,2026-03-04
10511,Darkkiler44,254,Abordable,2026-03-04
10512,laloupe64,254,Abordable,2026-03-04
10513,bioniixx,254,Abordable,2026-03-04
10514,mh_ockey,254,Abordable,2026-03-04
10515,nimya,254,Abordable,2026-03-04
10516,Red4nter,254,Abordable,2026-03-04
10517,mamss59,254,Abordable,2026-03-04
10518,clara0798,254,Abordable,2026-03-04
10519,rachel_psv,254,Abordable,2026-03-04
10520,matmatha,254,Abordable,2026-03-04
10521,phymea,253,Abordable,2026-03-04
10522,viserion_77,253,Abordable,2026-03-04
10523,Yutal,253,Abordable,2026-03-04
10524,xynoseni,253,Abordable,2026-03-04
10525,vorien13,253,Abordable,2026-03-04
10526,thorfnn,253,Abordable,2026-03-04
10527,koeda_45,253,Abordable,2026-03-04
10528,freezy_noob,253,Abordable,2026-03-04
10529,galeckid,253,Abordable,2026-03-04
10530,yongicobay,253,Abordable,2026-03-04
10531,immoise_,253,Abordable,2026-03-04
10532,danette738,253,Abordable,2026-03-04
10533,mekekdi,253,Abordable,2026-03-04
10534,ludo1328,253,Abordable,2026-03-04
10535,brouette_divine,252,Abordable,2026-03-04
10536,lucaizoku,252,Abordable,2026-03-04
10537,perlette_24,252,Abordable,2026-03-04
10538,Furaka_,252,Abordable,2026-03-04
10539,lokylock16,252,Abordable,2026-03-04
10540,enymel26,252,Abordable,2026-03-04
10541,lajuuj,252,Abordable,2026-03-04
10542,Vatigoat,252,Abordable,2026-03-04
10543,Ramms_,252,Abordable,2026-03-04
10544,DBF_alexhuit,252,Abordable,2026-03-04
10545,meclent9,252,Abordable,2026-03-04
10546,SainteZoey,252,Abordable,2026-03-04
10547,Sousou36,252,Abordable,2026-03-04
10548,Kureoru,252,Abordable,2026-03-04
10549,napozz_,252,Abordable,2026-03-04
10550,desnosds,251,Abordable,2026-03-04
10551,mar__gauxe,251,Abordable,2026-03-04
10552,elsaaa33,251,Abordable,2026-03-04
10553,Leoleop08,251,Abordable,2026-03-04
10554,alizeecamille,251,Abordable,2026-03-04
10555,GTS_SOLDIER,251,Abordable,2026-03-04
10556,ouistitouan_,251,Abordable,2026-03-04
10557,EliotyLive,251,Abordable,2026-03-04
10558,jecpacekejefoula,251,Abordable,2026-03-04
10559,moviesinparis,251,Abordable,2026-03-04
10560,anemonemite,251,Abordable,2026-03-04
10561,Diamondzozo,251,Abordable,2026-03-04
10562,tictaczn_,251,Abordable,2026-03-04
10563,CanarLaquais,251,Abordable,2026-03-04
10564,biscott2316,251,Abordable,2026-03-04
10565,cocopops85290,251,Abordable,2026-03-04
10566,paic,251,Abordable,2026-03-04
10567,youpi05,251,Abordable,2026-03-04
10568,maxmd59,251,Abordable,2026-03-04
10569,el_seaweed,251,Abordable,2026-03-04
10570,b3njjji,251,Abordable,2026-03-04
10571,waybeeyb,251,Abordable,2026-03-04
10572,EuforiaStream,250,Abordable,2026-03-04
10573,louis_caniez,250,Abordable,2026-03-04
10574,exystio,250,Abordable,2026-03-04
10575,perkele4242,250,Abordable,2026-03-04
10576,chloerbcn72,250,Abordable,2026-03-04
10577,speedybota,250,Abordable,2026-03-04
10578,kylian_suwy,250,Abordable,2026-03-04
10579,puceau_et_cocu,250,Abordable,2026-03-04
10580,yunyx_6,250,Abordable,2026-03-04
10581,kc_myriel,249,Abordable,2026-03-04
10582,svrt7,249,Abordable,2026-03-04
10583,esgeu,249,Abordable,2026-03-04
10584,melassiedtoi,249,Abordable,2026-03-04
10585,levraileonyx,249,Abordable,2026-03-04
10586,lejduzio,249,Abordable,2026-03-04
10587,mangosteenfr,249,Abordable,2026-03-04
10588,capsulette,249,Abordable,2026-03-04
10589,clemmmssss23,249,Abordable,2026-03-04
10590,cloclo_channel34,249,Abordable,2026-03-04
10591,ludoduroulo,248,Abordable,2026-03-04
10592,jeromegzk,248,Abordable,2026-03-04
10593,Hug0led0z0,248,Abordable,2026-03-04
10594,melssa2000,248,Abordable,2026-03-04
10595,bitume_92,248,Abordable,2026-03-04
10597,orlanestwt,247,Abordable,2026-03-04
10598,chiwu7,247,Abordable,2026-03-04
10599,lolavalidaa,247,Abordable,2026-03-04
10600,camelins,247,Abordable,2026-03-04
10601,redpearl05,247,Abordable,2026-03-04
10603,minis70,246,Abordable,2026-03-04
10604,red10100,246,Abordable,2026-03-04
10605,ammoumaaaa,246,Abordable,2026-03-04
10606,t0mmy_38,246,Abordable,2026-03-04
10608,avitus1111,246,Abordable,2026-03-04
10609,paudfleur,246,Abordable,2026-03-04
10610,yapasdenompotable,246,Abordable,2026-03-04
10611,Pecha_926,246,Abordable,2026-03-04
10612,Kill_Green,246,Abordable,2026-03-04
10613,Robicheee,246,Abordable,2026-03-04
10614,laaarsa07,246,Abordable,2026-03-04
10615,FeuTigres,246,Abordable,2026-03-04
10616,bougli91,245,Abordable,2026-03-04
10617,Now_AAA,245,Abordable,2026-03-04
10618,maxchabsss,245,Abordable,2026-03-04
10619,Neldof,245,Abordable,2026-03-04
10620,nady_gil,245,Abordable,2026-03-04
10621,Nekoda,245,Abordable,2026-03-04
10622,anna_lyz_,245,Abordable,2026-03-04
10623,mapwan,245,Abordable,2026-03-04
10624,komagicien,245,Abordable,2026-03-04
10625,tafaanari,245,Abordable,2026-03-04
10626,Tigroulife,245,Abordable,2026-03-04
10627,lucieroussel27,245,Abordable,2026-03-04
10628,yhekkyyoo,245,Abordable,2026-03-04
10629,BauBauBiNKS,245,Abordable,2026-03-04
10630,matuch3t,245,Abordable,2026-03-04
10631,maxime072476,245,Abordable,2026-03-04
10632,McRub_,245,Abordable,2026-03-04
10633,shinartheroes,245,Abordable,2026-03-04
10634,docmedoc,245,Abordable,2026-03-04
10635,lea_th_,245,Abordable,2026-03-04
10636,kelsier_cm,245,Abordable,2026-03-04
10637,nvth17,244,Abordable,2026-03-04
10638,N7TMSM,244,Abordable,2026-03-04
10639,Juanitiex,244,Abordable,2026-03-04
10640,jockeytos,244,Abordable,2026-03-04
10641,Oniiryo,244,Abordable,2026-03-04
10642,callunaria,244,Abordable,2026-03-04
10643,lpeyotll,244,Abordable,2026-03-04
10644,eaglesky78,244,Abordable,2026-03-04
10645,taka_norii,244,Abordable,2026-03-04
10646,alexisflo1,244,Abordable,2026-03-04
10647,testaccount90921,244,Abordable,2026-03-04
10648,Giigite,244,Abordable,2026-03-04
10649,gerer_mi,244,Abordable,2026-03-04
10650,Rykkaaa,244,Abordable,2026-03-04
10651,mrpriape,244,Abordable,2026-03-04
10652,flavince,244,Abordable,2026-03-04
10653,combamaury,244,Abordable,2026-03-04
10654,stucki92,244,Abordable,2026-03-04
10655,vitaluryknacki,244,Abordable,2026-03-04
10656,tictruc,244,Abordable,2026-03-04
10657,tom_acrylo,244,Abordable,2026-03-04
10658,Avodin,244,Abordable,2026-03-04
10659,zeuwo,244,Abordable,2026-03-04
10660,Pryan_,244,Abordable,2026-03-04
10661,melk59230,243,Abordable,2026-03-04
10663,Craftien_land,243,Abordable,2026-03-04
10664,Cqlii,243,Abordable,2026-03-04
10665,robcoro,243,Abordable,2026-03-04
10666,zillaauwuu,243,Abordable,2026-03-04
10667,jnngrn,243,Abordable,2026-03-04
10668,BatoShy,243,Abordable,2026-03-04
10669,Maestrozap,243,Abordable,2026-03-04
10670,gabarbare,243,Abordable,2026-03-04
10671,wonderbdn,242,Abordable,2026-03-04
10672,swax48,242,Abordable,2026-03-04
10673,Furiious689,242,Abordable,2026-03-04
10674,aureeellllllll,242,Abordable,2026-03-04
10675,laghoss,242,Abordable,2026-03-04
10676,patoutaf,242,Abordable,2026-03-04
10677,ludorit0,242,Abordable,2026-03-04
10678,Noeloisel,242,Abordable,2026-03-04
10679,Maniateck,242,Abordable,2026-03-04
10680,ameliashepherd7,242,Abordable,2026-03-04
10681,XamelnaX,242,Abordable,2026-03-04
10682,Babapouleup,242,Abordable,2026-03-04
10683,cavendiiish_,241,Abordable,2026-03-04
10684,kanshasuru,241,Abordable,2026-03-04
10685,Nar_d0,241,Abordable,2026-03-04
10686,pau4l3,241,Abordable,2026-03-04
10687,pepeech,241,Abordable,2026-03-04
10688,king_rulian,241,Abordable,2026-03-04
10689,go_gouine_or_go_home,240,Abordable,2026-03-04
10690,dinono___,240,Abordable,2026-03-04
10691,jpte1,240,Abordable,2026-03-04
10692,PixellwarriorTV,240,Abordable,2026-03-04
10693,elisehvrd27,240,Abordable,2026-03-04
10694,g0bol,240,Abordable,2026-03-04
10695,kcultureqween,240,Abordable,2026-03-04
10696,nexo_oslo,240,Abordable,2026-03-04
10697,lagazelledujoe,240,Abordable,2026-03-04
10698,bereacteur,240,Abordable,2026-03-04
10699,skullj56_,240,Abordable,2026-03-04
10700,Vulpes050,240,Abordable,2026-03-04
10701,mimanouma,240,Abordable,2026-03-04
10702,chlorys17,240,Abordable,2026-03-04
10703,mistergekko,240,Abordable,2026-03-04
10704,laura6248,240,Abordable,2026-03-04
10705,rindou2703,240,Abordable,2026-03-04
10706,Lexio0o,240,Abordable,2026-03-04
10707,Chromatiks,240,Abordable,2026-03-04
10708,Air1__,240,Abordable,2026-03-04
10709,bayane_b01,240,Abordable,2026-03-04
10710,somemilkandwater,240,Abordable,2026-03-04
10711,valentinnnn2604,240,Abordable,2026-03-04
10712,wonoqo,240,Abordable,2026-03-04
10713,papaours345,240,Abordable,2026-03-04
10714,romainvr22,240,Abordable,2026-03-04
10715,misaki11011,240,Abordable,2026-03-04
10716,MarieBambelle,240,Abordable,2026-03-04
10717,jst_snowy,240,Abordable,2026-03-04
10718,medilane,240,Abordable,2026-03-04
10719,T0m_s0,240,Abordable,2026-03-04
10720,olaf_bleu,240,Abordable,2026-03-04
10721,SpinMeR0und,240,Abordable,2026-03-04
10722,L1rios,240,Abordable,2026-03-04
10723,hugo_nivert,240,Abordable,2026-03-04
10724,SarahMolly_,240,Abordable,2026-03-04
10725,infiniti_blast,240,Abordable,2026-03-04
10726,quevui,240,Abordable,2026-03-04
10727,djodjooo5,240,Abordable,2026-03-04
10728,hugnard,240,Abordable,2026-03-04
10729,theotmc,240,Abordable,2026-03-04
10730,alann_784,240,Abordable,2026-03-04
10731,marmittooo,240,Abordable,2026-03-04
10732,eliott0617,240,Abordable,2026-03-04
10733,DBF_lolo74,240,Abordable,2026-03-04
10734,capitaine_adri,240,Abordable,2026-03-04
10735,margow___,240,Abordable,2026-03-04
10736,charlie_140703,240,Abordable,2026-03-04
10737,supra_vihankou,240,Abordable,2026-03-04
10738,pachuco0o,240,Abordable,2026-03-04
10739,falkky88,240,Abordable,2026-03-04
10740,ginny42,240,Abordable,2026-03-04
10741,katlet44,240,Abordable,2026-03-04
10742,brazzafab,240,Abordable,2026-03-04
10743,ashell21,240,Abordable,2026-03-04
10744,Cosmoloser_,240,Abordable,2026-03-04
10745,eliaschxne,240,Abordable,2026-03-04
10746,vikt3k1,240,Abordable,2026-03-04
10747,dianepm64,240,Abordable,2026-03-04
10748,MoJjoe,240,Abordable,2026-03-04
10749,Rad60,240,Abordable,2026-03-04
10750,JSQ_NoixDeCoco,240,Abordable,2026-03-04
10751,elodie7953,240,Abordable,2026-03-04
10752,migmax_l,240,Abordable,2026-03-04
10753,TheWoopyCOD,240,Abordable,2026-03-04
10754,Onhara,240,Abordable,2026-03-04
10755,ujjbalaa,240,Abordable,2026-03-04
10756,w0lp_,240,Abordable,2026-03-04
10757,BenyX8,240,Abordable,2026-03-04
10758,RoroS78,240,Abordable,2026-03-04
10759,WIP_dwinor,240,Abordable,2026-03-04
10760,fantenaoki,240,Abordable,2026-03-04
10761,batecat22,240,Abordable,2026-03-04
10762,achille_2008,240,Abordable,2026-03-04
10763,zuroukou,240,Abordable,2026-03-04
10765,BananaProtocol1,240,Abordable,2026-03-04
10766,Apraya,240,Abordable,2026-03-04
10767,Zeemcian,240,Abordable,2026-03-04
10768,jade__ackerman,240,Abordable,2026-03-04
10769,juste_leblanc_,240,Abordable,2026-03-04
10770,brasqun,240,Abordable,2026-03-04
10771,portuguayy,240,Abordable,2026-03-04
10772,zabouzarock,240,Abordable,2026-03-04
10773,escarbille,240,Abordable,2026-03-04
10774,d1nzz,240,Abordable,2026-03-04
10775,BambouSL,240,Abordable,2026-03-04
10776,fairyatopia,240,Abordable,2026-03-04
10777,boumbo_des_bois,240,Abordable,2026-03-04
10778,V0kli,240,Abordable,2026-03-04
10779,nathan_atm,240,Abordable,2026-03-04
10780,nainguin66690,240,Abordable,2026-03-04
10781,floydkoncept,240,Abordable,2026-03-04
10782,shark053,239,Abordable,2026-03-04
10783,manu_02468,239,Abordable,2026-03-04
10784,Lauracine,239,Abordable,2026-03-04
10785,polollow,239,Abordable,2026-03-04
10786,caravane2gitan,239,Abordable,2026-03-04
10787,thibaudddddd,239,Abordable,2026-03-04
10788,skyzo_bzh,238,Abordable,2026-03-04
10789,Imathis76,238,Abordable,2026-03-04
10790,lswarley_,238,Abordable,2026-03-04
10791,cocooo2005,238,Abordable,2026-03-04
10792,Gomelle,238,Abordable,2026-03-04
10793,karashic,238,Abordable,2026-03-04
10794,olafvanhovsky,238,Abordable,2026-03-04
10795,h_kolaz,238,Abordable,2026-03-04
10796,lisa_grmt,238,Abordable,2026-03-04
10797,susheagle,238,Abordable,2026-03-04
10798,Banky1506,238,Abordable,2026-03-04
10799,Scy_tes,238,Abordable,2026-03-04
10800,daminius,238,Abordable,2026-03-04
10801,micron0s,238,Abordable,2026-03-04
10802,klyydefr,238,Abordable,2026-03-04
10803,ookamiii_,237,Abordable,2026-03-04
10804,Dany_351,236,Abordable,2026-03-04
10805,Luminarss,236,Abordable,2026-03-04
10806,clementpy22,236,Abordable,2026-03-04
10807,sidass1519,235,Abordable,2026-03-04
10808,Zikouye,235,Abordable,2026-03-04
10809,thomas_msr,235,Abordable,2026-03-04
10810,neoxioxi,235,Abordable,2026-03-04
10811,Philoben,235,Abordable,2026-03-04
10812,mars488,234,Abordable,2026-03-04
10813,bailai_bailao,234,Abordable,2026-03-04
10814,lankytests,234,Abordable,2026-03-04
10815,thefrenchdabeur,234,Abordable,2026-03-04
10816,Daerrow_,234,Abordable,2026-03-04
10817,dirty_tang,234,Abordable,2026-03-04
10818,k_risme,234,Abordable,2026-03-04
10819,maxxouu__,234,Abordable,2026-03-04
10820,noyale_lm,234,Abordable,2026-03-04
10821,thibau_doumeng,234,Abordable,2026-03-04
10822,Wiloeuf,233,Abordable,2026-03-04
10823,tommydu69360,233,Abordable,2026-03-04
10824,eleag6926,233,Abordable,2026-03-04
10825,julien_cmnd,233,Abordable,2026-03-04
10826,silas_j51,233,Abordable,2026-03-04
10827,Klaimand__,233,Abordable,2026-03-04
10828,ldelange,233,Abordable,2026-03-04
10829,Ponce,233,Abordable,2026-03-04
10830,bibosaure,233,Abordable,2026-03-04
10831,gurrrug,232,Abordable,2026-03-04
10832,nvenot,232,Abordable,2026-03-04
10833,crocojoejo,232,Abordable,2026-03-04
10834,vivastre,232,Abordable,2026-03-04
10835,bebe_onsm,232,Abordable,2026-03-04
10836,bapt_delaveg10,232,Abordable,2026-03-04
10837,YmuUm,232,Abordable,2026-03-04
10838,tomlrt53,232,Abordable,2026-03-04
10839,alaiksi6,232,Abordable,2026-03-04
10840,corent1s,232,Abordable,2026-03-04
10841,Auneol,232,Abordable,2026-03-04
10842,badnews33,232,Abordable,2026-03-04
10843,Niamro16,232,Abordable,2026-03-04
10844,LaPouleDeShurima,232,Abordable,2026-03-04
10845,biose007,232,Abordable,2026-03-04
10846,crapulee_,232,Abordable,2026-03-04
10847,heiikyy,231,Abordable,2026-03-04
10848,Charlyne_NootNoot,231,Abordable,2026-03-04
10849,syr4xxxxx,231,Abordable,2026-03-04
10850,ninooooxx,231,Abordable,2026-03-04
10851,matheo24440,231,Abordable,2026-03-04
10852,mayoucllx,231,Abordable,2026-03-04
10853,nolwenn31,231,Abordable,2026-03-04
10854,JuanCarlosDeLaMuerte,231,Abordable,2026-03-04
10855,Kevartis,229,Abordable,2026-03-04
10856,fef74,229,Abordable,2026-03-04
10857,cerseigrd,229,Abordable,2026-03-04
10858,ananas_2731,229,Abordable,2026-03-04
10859,djorreus,229,Abordable,2026-03-04
10860,alexpaillettes,229,Abordable,2026-03-04
10861,gingermonkey00,229,Abordable,2026-03-04
10862,mizversa,228,Abordable,2026-03-04
10863,lineaa31,228,Abordable,2026-03-04
10864,skyl_kenobi,228,Abordable,2026-03-04
10865,Marethyu377,228,Abordable,2026-03-04
10866,moana_c21h30o2,227,Abordable,2026-03-04
10867,theRouliano,227,Abordable,2026-03-04
10868,NesQuiK_EADG,227,Abordable,2026-03-04
10869,lr1ne,227,Abordable,2026-03-04
10870,Ceber_24,227,Abordable,2026-03-04
10871,clairevtff,227,Abordable,2026-03-04
10872,hozesweethoze,227,Abordable,2026-03-04
10873,lucille554,227,Abordable,2026-03-04
10874,caliendark,227,Abordable,2026-03-04
10875,pleiade1,227,Abordable,2026-03-04
10876,monsieurcamembert,227,Abordable,2026-03-04
10877,aarowltdf,227,Abordable,2026-03-04
10878,Flo_Demo,227,Abordable,2026-03-04
10879,d10fcf,227,Abordable,2026-03-04
10880,phoebeguys,227,Abordable,2026-03-04
10881,goumsbrn,227,Abordable,2026-03-04
10882,theohenry1610,227,Abordable,2026-03-04
10883,Aligatoow_,226,Abordable,2026-03-04
10884,tristanppo,226,Abordable,2026-03-04
10885,skyllneverdie,226,Abordable,2026-03-04
10886,CellMout,226,Abordable,2026-03-04
10887,poupingaelle,226,Abordable,2026-03-04
10888,gruminho,226,Abordable,2026-03-04
10889,oceane214,226,Abordable,2026-03-04
10890,darkelle,226,Abordable,2026-03-04
10891,alaindu12,226,Abordable,2026-03-04
10892,kpkwklz,226,Abordable,2026-03-04
10893,Cedigold,226,Abordable,2026-03-04
10894,juamadieu,226,Abordable,2026-03-04
10895,thelululu,226,Abordable,2026-03-04
10896,camille291200,226,Abordable,2026-03-04
10897,lilya_cmy,226,Abordable,2026-03-04
10898,Caebun,226,Abordable,2026-03-04
10899,kiyling,226,Abordable,2026-03-04
10900,lucadab34,226,Abordable,2026-03-04
10901,ioxks,226,Abordable,2026-03-04
10902,Ajkaz,226,Abordable,2026-03-04
10903,raykkiz,225,Abordable,2026-03-04
10904,annachronique27,225,Abordable,2026-03-04
10905,vianneydssx_,225,Abordable,2026-03-04
10906,fanie410,225,Abordable,2026-03-04
10907,xayko_,225,Abordable,2026-03-04
10908,gabicollo,225,Abordable,2026-03-04
10909,sebv428,225,Abordable,2026-03-04
10910,llSiwonll,224,Abordable,2026-03-04
10911,bisule0,224,Abordable,2026-03-04
10912,august_vgn,224,Abordable,2026-03-04
10913,jimolanimoo,224,Abordable,2026-03-04
10914,Bameuskadi,224,Abordable,2026-03-04
10915,Stranger_Flash,224,Abordable,2026-03-04
10916,lanounett,223,Abordable,2026-03-04
10917,kikikioofkekdo,223,Abordable,2026-03-04
10918,nonambro20,223,Abordable,2026-03-04
10919,tchoumbala,223,Abordable,2026-03-04
10920,umune0,223,Abordable,2026-03-04
10921,moi____moi,223,Abordable,2026-03-04
10922,choco_prince,223,Abordable,2026-03-04
10923,kshallz,222,Abordable,2026-03-04
10924,elena_btz,222,Abordable,2026-03-04
10925,Revido_,222,Abordable,2026-03-04
10926,McRip_78,222,Abordable,2026-03-04
10927,chocodu42,222,Abordable,2026-03-04
10928,ant0ine_cvr,221,Abordable,2026-03-04
10929,enzo_bodineau,221,Abordable,2026-03-04
10930,mounefcm,221,Abordable,2026-03-04
10931,clairette_06,221,Abordable,2026-03-04
10932,Lumhiz,221,Abordable,2026-03-04
10933,recoqui,221,Abordable,2026-03-04
10934,tonychal98,221,Abordable,2026-03-04
10935,auxane_lbrs,221,Abordable,2026-03-04
10936,jchap1459,221,Abordable,2026-03-04
10937,lowwp15,221,Abordable,2026-03-04
10938,alexnsa007,221,Abordable,2026-03-04
10939,l0uisax,221,Abordable,2026-03-04
10940,victoor2302,221,Abordable,2026-03-04
10941,Oclase_,221,Abordable,2026-03-04
10942,KZayTo,221,Abordable,2026-03-04
10943,mariah_bft,221,Abordable,2026-03-04
10944,snoopy_0905,221,Abordable,2026-03-04
10945,enae_a,221,Abordable,2026-03-04
10946,thbarnier10,221,Abordable,2026-03-04
10947,renardftn,221,Abordable,2026-03-04
10948,manonlqc,221,Abordable,2026-03-04
10949,jacob_2095,221,Abordable,2026-03-04
10950,Zedfox,221,Abordable,2026-03-04
10951,biigmath67,220,Abordable,2026-03-04
10952,louaucarre2,220,Abordable,2026-03-04
10953,biscuitpaladin6,220,Abordable,2026-03-04
10954,knnfece,220,Abordable,2026-03-04
10955,nibiru667,220,Abordable,2026-03-04
10956,hiejrhb8475995,219,Abordable,2026-03-04
10957,vinmo3,219,Abordable,2026-03-04
10958,godgaga_22,219,Abordable,2026-03-04
10959,Niiiked,219,Abordable,2026-03-04
10960,janisss50,219,Abordable,2026-03-04
10961,dmarieem,219,Abordable,2026-03-04
10962,kc_younes26,219,Abordable,2026-03-04
10963,bachacranta,218,Abordable,2026-03-04
10964,e01hc,218,Abordable,2026-03-04
10965,camille_stjalm,218,Abordable,2026-03-04
10966,ch4rly_01,218,Abordable,2026-03-04
10967,ZetsuyFR,218,Abordable,2026-03-04
10968,xxwartozzxx,218,Abordable,2026-03-04
10969,quent47,218,Abordable,2026-03-04
10970,jadechristophe,217,Abordable,2026-03-04
10971,Soniii79,217,Abordable,2026-03-04
10972,aiexis_brg,217,Abordable,2026-03-04
10973,alexphenix789,217,Abordable,2026-03-04
10974,RoseaSweet_RS,216,Abordable,2026-03-04
10975,benji1478,216,Abordable,2026-03-04
10976,niveksmash,216,Abordable,2026-03-04
10977,loulox10,216,Abordable,2026-03-04
10978,Conscko,216,Abordable,2026-03-04
10979,chrono_maitre,216,Abordable,2026-03-04
10980,antoine_rscl06,216,Abordable,2026-03-04
10981,Noobary_Player,216,Abordable,2026-03-04
10982,aerok_76,215,Abordable,2026-03-04
10983,Patcho__,215,Abordable,2026-03-04
10984,RaphFafia05,215,Abordable,2026-03-04
10985,valoulelout,215,Abordable,2026-03-04
10986,yopcrazy,215,Abordable,2026-03-04
10987,lolaaj25,215,Abordable,2026-03-04
10988,LadyEdelweiss,215,Abordable,2026-03-04
10989,orangina3008,215,Abordable,2026-03-04
10990,kenzaazaa,215,Abordable,2026-03-04
10991,roi_de_la_redstone,215,Abordable,2026-03-04
10992,Kiricracou,215,Abordable,2026-03-04
10993,M8_Sonoix,214,Abordable,2026-03-04
10994,dinardpleurtuit,214,Abordable,2026-03-04
10995,snowchris,214,Abordable,2026-03-04
10996,babyboys14,214,Abordable,2026-03-04
10997,GusLeCactuS,214,Abordable,2026-03-04
10998,muzikazu89,214,Abordable,2026-03-04
10999,ZeNadack,214,Abordable,2026-03-04
11000,zezitron,214,Abordable,2026-03-04
11001,lepetichat0,214,Abordable,2026-03-04
11002,Sashiko_lol,214,Abordable,2026-03-04
11003,sikdoj,214,Abordable,2026-03-04
11004,malaoja,214,Abordable,2026-03-04
11005,leottyyy,214,Abordable,2026-03-04
11006,lpdbrx,214,Abordable,2026-03-04
11007,cindyprz,214,Abordable,2026-03-04
11008,clararap,214,Abordable,2026-03-04
11009,folstein21,214,Abordable,2026-03-04
11010,LeKosby,214,Abordable,2026-03-04
11011,tnt_bs,214,Abordable,2026-03-04
11012,DrChoppeer,214,Abordable,2026-03-04
11013,Amalasunthe,214,Abordable,2026-03-04
11015,elinelaza,214,Abordable,2026-03-04
11016,paulweb57,214,Abordable,2026-03-04
11017,AvyAce,213,Abordable,2026-03-04
11018,Jumaica42,213,Abordable,2026-03-04
11019,dimryzer,213,Abordable,2026-03-04
11020,le_cubi_de_mamie,213,Abordable,2026-03-04
11021,marin_michmel,213,Abordable,2026-03-04
11022,le_loubard,213,Abordable,2026-03-04
11023,CR_Arthurito,213,Abordable,2026-03-04
11024,with3r_tv,213,Abordable,2026-03-04
11025,melanielyonnet,213,Abordable,2026-03-04
11026,alpha_lumix,212,Abordable,2026-03-04
11027,belugava,212,Abordable,2026-03-04
11028,jb8931,212,Abordable,2026-03-04
11029,annickdewavre,212,Abordable,2026-03-04
11030,novohgu,212,Abordable,2026-03-04
11031,katgoro_fphess,212,Abordable,2026-03-04
11032,IIPiRaTeII,212,Abordable,2026-03-04
11033,bf152,212,Abordable,2026-03-04
11034,cjuless,212,Abordable,2026-03-04
11035,flo__let,212,Abordable,2026-03-04
11036,juliostis,212,Abordable,2026-03-04
11037,kerosn94,212,Abordable,2026-03-04
11038,tanguysparadrap,211,Abordable,2026-03-04
11039,LNS_Seven,211,Abordable,2026-03-04
11040,servanneau_huppe,211,Abordable,2026-03-04
11041,titus_rss,211,Abordable,2026-03-04
11042,t_max741_t,211,Abordable,2026-03-04
11043,evenlerageux,210,Abordable,2026-03-04
11044,buisssonmagiiiique,210,Abordable,2026-03-04
11045,ldrpigeon,210,Abordable,2026-03-04
11046,lebourlingeure,210,Abordable,2026-03-04
11047,sops31,210,Abordable,2026-03-04
11048,devilbull1655,210,Abordable,2026-03-04
11049,Titou1600,210,Abordable,2026-03-04
11050,mylene_bqlln,210,Abordable,2026-03-04
11051,findfirst69,210,Abordable,2026-03-04
11052,cryophenixfr,210,Abordable,2026-03-04
11053,nebsus,210,Abordable,2026-03-04
11054,rat_ix,210,Abordable,2026-03-04
11055,moonkrist,210,Abordable,2026-03-04
11056,IvanDesTables,210,Abordable,2026-03-04
11057,MonsieurEus,210,Abordable,2026-03-04
11058,BourgeoisGentilhomme,210,Abordable,2026-03-04
11059,echos987,210,Abordable,2026-03-04
11060,Roulade1,210,Abordable,2026-03-04
11061,Thahsal,210,Abordable,2026-03-04
11062,mad__world___,210,Abordable,2026-03-04
11063,johanneplsi,210,Abordable,2026-03-04
11064,piflaor,210,Abordable,2026-03-04
11065,CerealesLait,210,Abordable,2026-03-04
11066,Matdu81,210,Abordable,2026-03-04
11067,paquetdeclopes,210,Abordable,2026-03-04
11068,ey_la,210,Abordable,2026-03-04
11069,Gew_tter,210,Abordable,2026-03-04
11070,bastien_f2156,210,Abordable,2026-03-04
11071,bourseur,210,Abordable,2026-03-04
11072,suuuuperman67,210,Abordable,2026-03-04
11073,jokk_9,210,Abordable,2026-03-04
11074,Saaaaaaaabbbbbbbbb,210,Abordable,2026-03-04
11075,luffytaro077,210,Abordable,2026-03-04
11076,Wezz27930,210,Abordable,2026-03-04
11077,inespplicable,210,Abordable,2026-03-04
11078,c_lia02,210,Abordable,2026-03-04
11079,irigoss,210,Abordable,2026-03-04
11080,emeline_jrdn,210,Abordable,2026-03-04
11081,lefrabeur,210,Abordable,2026-03-04
11082,GuigzzLM,210,Abordable,2026-03-04
11083,lusby_,210,Abordable,2026-03-04
11084,BrianPinow,210,Abordable,2026-03-04
11085,Nenetteuh,210,Abordable,2026-03-04
11086,xNaask,210,Abordable,2026-03-04
11087,paulinefwi,210,Abordable,2026-03-04
11088,Minto3X,210,Abordable,2026-03-04
11089,le_pyjaman,210,Abordable,2026-03-04
11090,math_lrg,210,Abordable,2026-03-04
11091,Kuhro93,210,Abordable,2026-03-04
11092,duanyarhs,210,Abordable,2026-03-04
11093,Madako_P2000,210,Abordable,2026-03-04
11094,fuf_26,210,Abordable,2026-03-04
11095,xbelouox,210,Abordable,2026-03-04
11096,Fr3igold,210,Abordable,2026-03-04
11097,niodau,210,Abordable,2026-03-04
11098,the_evonix,210,Abordable,2026-03-04
11099,french_cookies_,210,Abordable,2026-03-04
11100,SickjEh,210,Abordable,2026-03-04
11101,twwcu,210,Abordable,2026-03-04
11102,evan3ssor,210,Abordable,2026-03-04
11103,Marels10,210,Abordable,2026-03-04
11104,zaba49_,210,Abordable,2026-03-04
11105,drowolf25,210,Abordable,2026-03-04
11106,Papytou,210,Abordable,2026-03-04
11107,matisteva,210,Abordable,2026-03-04
11108,Xragg,210,Abordable,2026-03-04
11109,pilatche,210,Abordable,2026-03-04
11110,aalleexxiiss01,210,Abordable,2026-03-04
11111,swinblad,210,Abordable,2026-03-04
11112,justin2vezin,210,Abordable,2026-03-04
11113,Akiokami_,210,Abordable,2026-03-04
11114,barkspard,210,Abordable,2026-03-04
11115,waiii_31,210,Abordable,2026-03-04
11116,waitinles,210,Abordable,2026-03-04
11117,biboujils,210,Abordable,2026-03-04
11118,yozenn77,210,Abordable,2026-03-04
11120,enzo__gf10,210,Abordable,2026-03-04
11121,morty_1607,210,Abordable,2026-03-04
11122,miminemademoiselle,210,Abordable,2026-03-04
11123,galadanamabasa,210,Abordable,2026-03-04
11124,emmadrb7,210,Abordable,2026-03-04
11125,l0wseez_,210,Abordable,2026-03-04
11126,inateaenfinpresque,210,Abordable,2026-03-04
11127,Helle_Bored,210,Abordable,2026-03-04
11128,nolwenn0429,210,Abordable,2026-03-04
11129,Studios97,210,Abordable,2026-03-04
11130,angeliquelouis,210,Abordable,2026-03-04
11131,csgctaxii,210,Abordable,2026-03-04
11132,Zatolip,210,Abordable,2026-03-04
11133,beatozoor,210,Abordable,2026-03-04
11134,ytehkjhzkhkjhkh,210,Abordable,2026-03-04
11135,EricLaFrite,210,Abordable,2026-03-04
11136,Geojet,210,Abordable,2026-03-04
11137,lucecr,210,Abordable,2026-03-04
11138,KunderB,210,Abordable,2026-03-04
11139,tonio_14_,210,Abordable,2026-03-04
11140,cress_thorne,210,Abordable,2026-03-04
11141,donovanbriand,210,Abordable,2026-03-04
11142,Jurassix_pack,210,Abordable,2026-03-04
11143,chipo_mtg,210,Abordable,2026-03-04
11144,raouphkc,210,Abordable,2026-03-04
11145,natacha_p,210,Abordable,2026-03-04
11146,VaIIou,210,Abordable,2026-03-04
11147,clarabibaut52,210,Abordable,2026-03-04
11148,ChiracLesPommes,210,Abordable,2026-03-04
11149,Elyxian3313,210,Abordable,2026-03-04
11150,Oromisl,210,Abordable,2026-03-04
11151,White_Meteor,210,Abordable,2026-03-04
11152,intram30160,210,Abordable,2026-03-04
11153,thomasbios,210,Abordable,2026-03-04
11154,tarteyflet,210,Abordable,2026-03-04
11155,mat_lth_,210,Abordable,2026-03-04
11156,OhKeM,210,Abordable,2026-03-04
11157,Curtiflop,210,Abordable,2026-03-04
11158,grizy_deonto,210,Abordable,2026-03-04
11159,SevenLi87,210,Abordable,2026-03-04
11160,Crocfer_,210,Abordable,2026-03-04
11161,Clemalb_,210,Abordable,2026-03-04
11162,OohMazette,210,Abordable,2026-03-04
11163,glacealaframboise27,210,Abordable,2026-03-04
11164,shneu62,210,Abordable,2026-03-04
11165,fr_bab0u,210,Abordable,2026-03-04
11166,k0lge,209,Abordable,2026-03-04
11167,camille_skh,209,Abordable,2026-03-04
11168,rehcnifdivad,209,Abordable,2026-03-04
11169,klausmikaelson467,209,Abordable,2026-03-04
11170,misterdada02,209,Abordable,2026-03-04
11171,noacsnv,208,Abordable,2026-03-04
11172,aeztot,208,Abordable,2026-03-04
11173,tell_i_am,208,Abordable,2026-03-04
11174,Raccoon_del_inferno,208,Abordable,2026-03-04
11175,Chandrama7,208,Abordable,2026-03-04
11176,studio_wisart,208,Abordable,2026-03-04
11177,LennyDwazo,208,Abordable,2026-03-04
11178,lioohm11,208,Abordable,2026-03-04
11179,cemm__,207,Abordable,2026-03-04
11180,aymax4d,207,Abordable,2026-03-04
11181,lapoulettenono,207,Abordable,2026-03-04
11182,gagou_off,207,Abordable,2026-03-04
11183,nevescar,207,Abordable,2026-03-04
11184,jakougnou,207,Abordable,2026-03-04
11185,infinity0404,207,Abordable,2026-03-04
11186,clement_sport,207,Abordable,2026-03-04
11187,ic_astosse,206,Abordable,2026-03-04
11188,poulpib,206,Abordable,2026-03-04
11189,antoh457,206,Abordable,2026-03-04
11190,Ionaent,206,Abordable,2026-03-04
11191,jles08,206,Abordable,2026-03-04
11192,jud_0range,205,Abordable,2026-03-04
11193,Kojiac,205,Abordable,2026-03-04
11194,penelopeulv,205,Abordable,2026-03-04
11195,hugopereira0,205,Abordable,2026-03-04
11196,chlo1605,205,Abordable,2026-03-04
11197,momocaillou,205,Abordable,2026-03-04
11198,TomRoulleau,204,Abordable,2026-03-04
11199,zzzzzz29052010,204,Abordable,2026-03-04
11200,ninjasteel971,204,Abordable,2026-03-04
11201,ophe56,204,Abordable,2026-03-04
11202,alexlep_,204,Abordable,2026-03-04
11203,remi_bzx,203,Abordable,2026-03-04
11204,teomate8,203,Abordable,2026-03-04
11205,cptbantam,203,Abordable,2026-03-04
11206,Leroi4567,203,Abordable,2026-03-04
11207,elooturp,203,Abordable,2026-03-04
11208,clem_th,203,Abordable,2026-03-04
11209,SteeveRiri,203,Abordable,2026-03-04
11210,hugo_denis2605,203,Abordable,2026-03-04
11211,SohtreZ__,202,Abordable,2026-03-04
11212,ROI_MILLENAIRE,202,Abordable,2026-03-04
11213,Levins78,202,Abordable,2026-03-04
11214,seb_cdl,202,Abordable,2026-03-04
11215,irahix,202,Abordable,2026-03-04
11216,drozy2626,202,Abordable,2026-03-04
11217,laurebrc,202,Abordable,2026-03-04
11218,heartofmaddy,202,Abordable,2026-03-04
11219,jarebYT_,202,Abordable,2026-03-04
11220,M4mbo__,202,Abordable,2026-03-04
11221,sw1___,202,Abordable,2026-03-04
11222,TibaUlte,202,Abordable,2026-03-04
11223,jessmarini,202,Abordable,2026-03-04
11224,S4R0SA,201,Abordable,2026-03-04
11225,tryscalia,201,Abordable,2026-03-04
11226,louisonbzh,201,Abordable,2026-03-04
11227,LouisR_Twitch,201,Abordable,2026-03-04
11228,tiago_mg27,201,Abordable,2026-03-04
11230,nellyepp,200,Abordable,2026-03-04
11231,pepejunior_,200,Abordable,2026-03-04
11232,loulouh19,199,Abordable,2026-03-04
11233,candyce1304,199,Abordable,2026-03-04
11234,jejepelikan,199,Abordable,2026-03-04
11235,Todoroki_MhdFire_NK,199,Abordable,2026-03-04
11236,BlackAvatRed,199,Abordable,2026-03-04
11237,cabolognaise,198,Abordable,2026-03-04
11238,gus1249,198,Abordable,2026-03-04
11239,paarl002,198,Abordable,2026-03-04
11240,wizeko_,198,Abordable,2026-03-04
11241,Moi_0405,198,Abordable,2026-03-04
11242,gentilnuage66,197,Abordable,2026-03-04
11243,RedHawK04280,197,Abordable,2026-03-04
11244,flololarose,197,Abordable,2026-03-04
11245,MissHandball,197,Abordable,2026-03-04
11246,louislyr72,197,Abordable,2026-03-04
11247,ccjmc1958,197,Abordable,2026-03-04
11248,couscousfleurii,197,Abordable,2026-03-04
11249,noelitodelamuerto,197,Abordable,2026-03-04
11250,mashoum,197,Abordable,2026-03-04
11251,anaelle0501,197,Abordable,2026-03-04
11252,m4rcheur_blanc,197,Abordable,2026-03-04
11253,raclette_sky,197,Abordable,2026-03-04
11254,therybles,197,Abordable,2026-03-04
11255,Dark0oo_,197,Abordable,2026-03-04
11256,Rovi35,197,Abordable,2026-03-04
11257,reinom2,197,Abordable,2026-03-04
11258,flexheal,197,Abordable,2026-03-04
11259,Chlogane,197,Abordable,2026-03-04
11260,mac_cime,197,Abordable,2026-03-04
11261,lylid29,196,Abordable,2026-03-04
11262,nesness_19,196,Abordable,2026-03-04
11263,jamzy79,196,Abordable,2026-03-04
11264,El_Shivas,196,Abordable,2026-03-04
11265,patoulamenace,196,Abordable,2026-03-04
11266,sev_e_,196,Abordable,2026-03-04
11267,WhiteDumbo,196,Abordable,2026-03-04
11268,pavakamz,196,Abordable,2026-03-04
11269,alexiel05,196,Abordable,2026-03-04
11270,anniefru54,196,Abordable,2026-03-04
11271,virginienatacha,196,Abordable,2026-03-04
11272,rom931,196,Abordable,2026-03-04
11273,SpannerLies,196,Abordable,2026-03-04
11274,Quenyn_OFF,196,Abordable,2026-03-04
11275,mattcazor,196,Abordable,2026-03-04
11276,mecherebel,196,Abordable,2026-03-04
11277,martinob12345,196,Abordable,2026-03-04
11278,levraialph,196,Abordable,2026-03-04
11279,noaaahthl,196,Abordable,2026-03-04
11280,Zecirby,196,Abordable,2026-03-04
11281,lulustrabouy,196,Abordable,2026-03-04
11282,cobinette,196,Abordable,2026-03-04
11283,KC_Shalowe,195,Abordable,2026-03-04
11284,Youupla,195,Abordable,2026-03-04
11285,cettebonnevieillemarie,195,Abordable,2026-03-04
11286,elweisss,195,Abordable,2026-03-04
11287,blucky359,195,Abordable,2026-03-04
11288,Primordialys,194,Abordable,2026-03-04
11289,remy_gdre,194,Abordable,2026-03-04
11290,TangoNeedsHelp,194,Abordable,2026-03-04
11291,Duanoc_,194,Abordable,2026-03-04
11292,CasingNougat,194,Abordable,2026-03-04
11293,chris072025,194,Abordable,2026-03-04
11294,valochelovesnever,194,Abordable,2026-03-04
11295,cikeos,194,Abordable,2026-03-04
11296,Mowenlein,193,Abordable,2026-03-04
11297,juliettemtrop,193,Abordable,2026-03-04
11298,un_grain_de_sable,193,Abordable,2026-03-04
11299,lehygo,193,Abordable,2026-03-04
11300,samuelsallagoitylafitte,193,Abordable,2026-03-04
11301,krokvador,192,Abordable,2026-03-04
11302,clarouxxx,192,Abordable,2026-03-04
11303,Conanzuuu,191,Abordable,2026-03-04
11304,m_biscotteeuh,191,Abordable,2026-03-04
11305,euds78,191,Abordable,2026-03-04
11306,louisb6,191,Abordable,2026-03-04
11307,carolinedenancy,191,Abordable,2026-03-04
11308,akahiko7w,191,Abordable,2026-03-04
11309,Ayskaz22,191,Abordable,2026-03-04
11310,Just__Xt,191,Abordable,2026-03-04
11311,jeffetpipioli,191,Abordable,2026-03-04
11312,manon_fhl,191,Abordable,2026-03-04
11313,margotnallet,191,Abordable,2026-03-04
11314,alphabread__,191,Abordable,2026-03-04
11315,minidudu02,191,Abordable,2026-03-04
11316,arti_choux,191,Abordable,2026-03-04
11317,bianconhino,191,Abordable,2026-03-04
11318,maxou3030,191,Abordable,2026-03-04
11319,thortome,191,Abordable,2026-03-04
11320,camuscamuss,191,Abordable,2026-03-04
11321,lordhiraishin,191,Abordable,2026-03-04
11322,allgoodis,191,Abordable,2026-03-04
11323,gadouxe,191,Abordable,2026-03-04
11324,tomdudimanche,190,Abordable,2026-03-04
11325,bublesTV_,190,Abordable,2026-03-04
11326,margauxmnto,190,Abordable,2026-03-04
11327,Nataroks,189,Abordable,2026-03-04
11328,sachouninou,189,Abordable,2026-03-04
11329,ka3_14taine,189,Abordable,2026-03-04
11330,polissonsurlalune,189,Abordable,2026-03-04
11331,paparsival,189,Abordable,2026-03-04
11332,matthieubst,189,Abordable,2026-03-04
11333,bapper21,189,Abordable,2026-03-04
11334,iHoyLe,188,Abordable,2026-03-04
11335,Goldenmerou,188,Abordable,2026-03-04
11336,MixxcderLand,188,Abordable,2026-03-04
11337,Schelnooow,188,Abordable,2026-03-04
11338,ethann12cpsdemidi,188,Abordable,2026-03-04
11339,BigfloEtOliLive,188,Abordable,2026-03-04
11340,Ianc3lot,188,Abordable,2026-03-04
11341,kc_finger,188,Abordable,2026-03-04
11342,anthox_47,188,Abordable,2026-03-04
11343,kalumeeh,188,Abordable,2026-03-04
11344,mattyfication,188,Abordable,2026-03-04
11345,Okamino_77,188,Abordable,2026-03-04
11346,Catdjuu,188,Abordable,2026-03-04
11347,melltrex,188,Abordable,2026-03-04
11348,kyowaa_,187,Abordable,2026-03-04
11349,Alyanaska,186,Abordable,2026-03-04
11350,draktike,186,Abordable,2026-03-04
11351,politooooo0,186,Abordable,2026-03-04
11352,chroma0809,186,Abordable,2026-03-04
11353,Aysshii,185,Abordable,2026-03-04
11354,caca0503,185,Abordable,2026-03-04
11355,totoles,184,Abordable,2026-03-04
11356,davidvincent78,184,Abordable,2026-03-04
11357,novitae,184,Abordable,2026-03-04
11358,nyolow,184,Abordable,2026-03-04
11359,ldgt23,184,Abordable,2026-03-04
11360,Simonet_,184,Abordable,2026-03-04
11361,flac00_,184,Abordable,2026-03-04
11362,elpianissimoo,184,Abordable,2026-03-04
11363,jblacroc,184,Abordable,2026-03-04
11364,datchbri,184,Abordable,2026-03-04
11365,djodge,184,Abordable,2026-03-04
11366,elbaumet,184,Abordable,2026-03-04
11367,Magresss,184,Abordable,2026-03-04
11368,Roroo1804,184,Abordable,2026-03-04
11369,Arrkazz,184,Abordable,2026-03-04
11370,Myfanwi59,184,Abordable,2026-03-04
11371,amanineuh,184,Abordable,2026-03-04
11372,faucheur1414,184,Abordable,2026-03-04
11373,flp0100,184,Abordable,2026-03-04
11374,PlayfulChuck,184,Abordable,2026-03-04
11375,MrRmW,184,Abordable,2026-03-04
11376,alexisgameurdu76,184,Abordable,2026-03-04
11377,astorath29,183,Abordable,2026-03-04
11378,Nytroooo_,183,Abordable,2026-03-04
11379,debcau,183,Abordable,2026-03-04
11380,SfpYoshi,183,Abordable,2026-03-04
11381,Vitourp,183,Abordable,2026-03-04
11382,Zeiriuu,182,Abordable,2026-03-04
11383,gigiblaum,182,Abordable,2026-03-04
11384,Alia_1864,182,Abordable,2026-03-04
11385,gigot_dagnole,182,Abordable,2026-03-04
11386,andolie_twitch,182,Abordable,2026-03-04
11387,luxuryon_,182,Abordable,2026-03-04
11388,ines_31_,181,Abordable,2026-03-04
11389,jmstudent228,181,Abordable,2026-03-04
11390,marinepx,181,Abordable,2026-03-04
11391,zozolevraie,180,Abordable,2026-03-04
11392,nico_b81,180,Abordable,2026-03-04
11393,mimie26000,180,Abordable,2026-03-04
11394,manmanu55,180,Abordable,2026-03-04
11395,massalia___,180,Abordable,2026-03-04
11396,ohkarimeuh,180,Abordable,2026-03-04
11397,F3nrir_2,180,Abordable,2026-03-04
11398,yaourt_24,180,Abordable,2026-03-04
11399,thibsf,180,Abordable,2026-03-04
11400,Louis_allynd,180,Abordable,2026-03-04
11401,janouchka12,180,Abordable,2026-03-04
11402,tessad08,180,Abordable,2026-03-04
11403,jj_947,180,Abordable,2026-03-04
11404,zihura,180,Abordable,2026-03-04
11405,sukyos_,180,Abordable,2026-03-04
11406,Harukali,180,Abordable,2026-03-04
11407,Tortyw,180,Abordable,2026-03-04
11408,nail_artiste,180,Abordable,2026-03-04
11409,momo_cfr,180,Abordable,2026-03-04
11410,ptitpikka,180,Abordable,2026-03-04
11411,AntoineDuq,180,Abordable,2026-03-04
11412,garrenlagan,180,Abordable,2026-03-04
11413,clara_mstn,180,Abordable,2026-03-04
11414,emeric74400,180,Abordable,2026-03-04
11415,aasfax_,180,Abordable,2026-03-04
11416,Faykil13,180,Abordable,2026-03-04
11417,Leandre0812,180,Abordable,2026-03-04
11418,gael_aco,180,Abordable,2026-03-04
11419,drkoriginel,180,Abordable,2026-03-04
11420,tathan76,180,Abordable,2026-03-04
11421,leopold062,180,Abordable,2026-03-04
11422,sk199999,180,Abordable,2026-03-04
11423,babelehr,180,Abordable,2026-03-04
11424,Floked_,180,Abordable,2026-03-04
11425,invasiondecochons,180,Abordable,2026-03-04
11426,gahst42,180,Abordable,2026-03-04
11427,thaanatoaster,180,Abordable,2026-03-04
11428,Gamanana,180,Abordable,2026-03-04
11429,theotuxx,180,Abordable,2026-03-04
11430,zakoala,180,Abordable,2026-03-04
11431,udzfoot,180,Abordable,2026-03-04
11432,titi5x,180,Abordable,2026-03-04
11433,saturion__,180,Abordable,2026-03-04
11434,raphi2506,180,Abordable,2026-03-04
11435,waknoboss,180,Abordable,2026-03-04
11436,drag00_00n,180,Abordable,2026-03-04
11437,balance_oie_re,180,Abordable,2026-03-04
11438,lisenn_,180,Abordable,2026-03-04
11439,menardjc81,180,Abordable,2026-03-04
11440,Valtop_,180,Abordable,2026-03-04
11441,faucheuus,180,Abordable,2026-03-04
11442,Homelandcat,180,Abordable,2026-03-04
11443,Heldeur,180,Abordable,2026-03-04
11444,charlenedod,180,Abordable,2026-03-04
11445,lucasmahler67,180,Abordable,2026-03-04
11446,nowayprofr,180,Abordable,2026-03-04
11447,ReflexSNC,180,Abordable,2026-03-04
11448,SlowyyTr,180,Abordable,2026-03-04
11449,noadacosta,180,Abordable,2026-03-04
11450,swxnnnn,180,Abordable,2026-03-04
11451,chefout,180,Abordable,2026-03-04
11452,Coco_Nuts,180,Abordable,2026-03-04
11453,olivbleu,180,Abordable,2026-03-04
11454,martin_supreme_cheese,180,Abordable,2026-03-04
11455,paul_tandniaize,180,Abordable,2026-03-04
11456,cookietroopboon,180,Abordable,2026-03-04
11457,FaIoupe,180,Abordable,2026-03-04
11458,vanvan53,180,Abordable,2026-03-04
11459,romwa19,180,Abordable,2026-03-04
11460,lypoxygenases,180,Abordable,2026-03-04
11461,yaya_koopa,180,Abordable,2026-03-04
11462,neoArtaX,180,Abordable,2026-03-04
11463,bougadi,180,Abordable,2026-03-04
11464,nitriam14,180,Abordable,2026-03-04
11465,leaaaaa78,180,Abordable,2026-03-04
11466,liamilo,180,Abordable,2026-03-04
11467,alexisclav,180,Abordable,2026-03-04
11468,ratuss_69,180,Abordable,2026-03-04
11469,Shinibarty,180,Abordable,2026-03-04
11470,elizaza37111317,180,Abordable,2026-03-04
11471,outadoc,180,Abordable,2026-03-04
11472,NixOom,180,Abordable,2026-03-04
11473,Mysempage,180,Abordable,2026-03-04
11474,Ravendalf,180,Abordable,2026-03-04
11475,mashadormiens,180,Abordable,2026-03-04
11476,cllemncee,180,Abordable,2026-03-04
11477,ptitchickenn,180,Abordable,2026-03-04
11478,papadeterii,180,Abordable,2026-03-04
11479,shlaguitt0,180,Abordable,2026-03-04
11480,Azurio34,180,Abordable,2026-03-04
11481,naganos,180,Abordable,2026-03-04
11482,eden_le_beluga,180,Abordable,2026-03-04
11483,winzy01,180,Abordable,2026-03-04
11484,LordAythur,180,Abordable,2026-03-04
11485,ju72489,180,Abordable,2026-03-04
11486,Taciturnesan,180,Abordable,2026-03-04
11487,le_quiche_,180,Abordable,2026-03-04
11488,ebzila,180,Abordable,2026-03-04
11489,ethan_diabate,180,Abordable,2026-03-04
11490,lucywxr,180,Abordable,2026-03-04
11491,MaximussiX,180,Abordable,2026-03-04
11492,bilhoute59,180,Abordable,2026-03-04
11493,clndsn,180,Abordable,2026-03-04
11494,atomicxgremlin,180,Abordable,2026-03-04
11495,arthurcamus,180,Abordable,2026-03-04
11496,EmpereurRaven_Kurai,180,Abordable,2026-03-04
11497,JilkoniX,180,Abordable,2026-03-04
11498,r3tro_MXT,180,Abordable,2026-03-04
11499,Flurze,180,Abordable,2026-03-04
11500,Aynett,180,Abordable,2026-03-04
11501,negiwilly25,180,Abordable,2026-03-04
11502,cxlestee,180,Abordable,2026-03-04
11503,Ensowu,180,Abordable,2026-03-04
11504,wehzy29,180,Abordable,2026-03-04
11505,Ringskar_,180,Abordable,2026-03-04
11506,JUKLING,180,Abordable,2026-03-04
11507,jdhwhsk,180,Abordable,2026-03-04
11508,mathis_pp,180,Abordable,2026-03-04
11509,Zitutu,180,Abordable,2026-03-04
11510,paulinep18,180,Abordable,2026-03-04
11511,Maxalrun,180,Abordable,2026-03-04
11512,elouche37,180,Abordable,2026-03-04
11513,malo_plt,180,Abordable,2026-03-04
11514,terrygolooo,180,Abordable,2026-03-04
11515,didieuxxxx,180,Abordable,2026-03-04
11516,averyd2,180,Abordable,2026-03-04
11517,Freezzze,180,Abordable,2026-03-04
11518,le_bg_danderlecht,180,Abordable,2026-03-04
11519,Maxime_Adams,180,Abordable,2026-03-04
11520,Elariss_,180,Abordable,2026-03-04
11521,cubyflo,180,Abordable,2026-03-04
11522,GuigsStream,180,Abordable,2026-03-04
11523,agathe_the_blues__,180,Abordable,2026-03-04
11524,nyrock35,180,Abordable,2026-03-04
11525,M8_Ines,180,Abordable,2026-03-04
11526,Msfzyrrr,180,Abordable,2026-03-04
11527,jonasparatte,180,Abordable,2026-03-04
11528,grrrrwafwoufgrr,179,Abordable,2026-03-04
11529,IPacOII,179,Abordable,2026-03-04
11530,chalderiap,179,Abordable,2026-03-04
11531,maffy_alves,179,Abordable,2026-03-04
11532,lemoize,178,Abordable,2026-03-04
11533,juli4_r,178,Abordable,2026-03-04
11534,Drakengall,178,Abordable,2026-03-04
11535,turcikovitch,178,Abordable,2026-03-04
11536,edotenzo,178,Abordable,2026-03-04
11537,alexgobi,178,Abordable,2026-03-04
11538,valou_ht,178,Abordable,2026-03-04
11539,No_ChiCha,178,Abordable,2026-03-04
11540,chachou2202,177,Abordable,2026-03-04
11541,nouk3364,176,Abordable,2026-03-04
11542,emmakipu,176,Abordable,2026-03-04
11543,Tsunamiiyo,176,Abordable,2026-03-04
11544,mathiilde_c,176,Abordable,2026-03-04
11545,cinq_sans_seize,176,Abordable,2026-03-04
11546,hgiro22,175,Abordable,2026-03-04
11547,dx_want_t,175,Abordable,2026-03-04
11548,elfiii_elfy9,174,Abordable,2026-03-04
11549,Inferniuus,174,Abordable,2026-03-04
11550,saboignare,174,Abordable,2026-03-04
11551,Miquelete21,174,Abordable,2026-03-04
11552,zelog56,174,Abordable,2026-03-04
11553,jayjayflaco,174,Abordable,2026-03-04
11554,greenfroggy26,174,Abordable,2026-03-04
11555,sand73210,173,Abordable,2026-03-04
11556,anamorph0se,173,Abordable,2026-03-04
11557,llulup,173,Abordable,2026-03-04
11558,k3v_bn,173,Abordable,2026-03-04
11559,juju92747,173,Abordable,2026-03-04
11560,carelu11,173,Abordable,2026-03-04
11561,bxubxu54,173,Abordable,2026-03-04
11562,sheluvnorth,173,Abordable,2026-03-04
11563,matisu_4d4,173,Abordable,2026-03-04
11564,ErebauK,173,Abordable,2026-03-04
11565,zlaspha,173,Abordable,2026-03-04
11566,ju4n1t0ss,172,Abordable,2026-03-04
11567,lunnella2711,172,Abordable,2026-03-04
11568,antpdu35,172,Abordable,2026-03-04
11569,rheia76,171,Abordable,2026-03-04
11570,Seahri,171,Abordable,2026-03-04
11571,SvenGC,171,Abordable,2026-03-04
11572,ilanwt,171,Abordable,2026-03-04
11573,chiddyslimbaby,171,Abordable,2026-03-04
11574,gabusz_,169,Abordable,2026-03-04
11575,squateuse_47,169,Abordable,2026-03-04
11576,Oshlup,168,Abordable,2026-03-04
11577,youriii5,168,Abordable,2026-03-04
11578,silveney_29,168,Abordable,2026-03-04
11579,ProF_ESport,168,Abordable,2026-03-04
11580,louisgta32,167,Abordable,2026-03-04
11581,DodgingPineapple,167,Abordable,2026-03-04
11582,amliesubi,167,Abordable,2026-03-04
11583,Maamax,167,Abordable,2026-03-04
11584,lfoulefou,167,Abordable,2026-03-04
11585,moucky_yt,167,Abordable,2026-03-04
11586,linkbot_firely,166,Abordable,2026-03-04
11587,monsieur_zozo21,166,Abordable,2026-03-04
11588,activesocieties,166,Abordable,2026-03-04
11589,ShinnyyTwi,166,Abordable,2026-03-04
11590,srgreg62,166,Abordable,2026-03-04
11591,pandemoniumo,166,Abordable,2026-03-04
11592,alyas_sano,166,Abordable,2026-03-04
11593,calci_tv,166,Abordable,2026-03-04
11594,leacalmar,166,Abordable,2026-03-04
11595,noah_tirie,166,Abordable,2026-03-04
11596,bananaboss97,166,Abordable,2026-03-04
11597,tomythoman,166,Abordable,2026-03-04
11598,Reven_vl,166,Abordable,2026-03-04
11599,thlse,166,Abordable,2026-03-04
11600,xila42,166,Abordable,2026-03-04
11601,hugues_teyssier,166,Abordable,2026-03-04
11602,Enigamy,166,Abordable,2026-03-04
11603,davidbenan,166,Abordable,2026-03-04
11604,etyyxx,166,Abordable,2026-03-04
11605,TW_thunderwolf,166,Abordable,2026-03-04
11606,viczai49,166,Abordable,2026-03-04
11607,Ivy_Bridge31280,166,Abordable,2026-03-04
11608,ragnarokkruger,166,Abordable,2026-03-04
11609,ambero4,166,Abordable,2026-03-04
11610,Soresss_,166,Abordable,2026-03-04
11611,maxime_le_goat_,166,Abordable,2026-03-04
11612,Kawardy,165,Abordable,2026-03-04
11613,Kishin_80,165,Abordable,2026-03-04
11615,boubi54x,165,Abordable,2026-03-04
11616,bewbewbew,164,Abordable,2026-03-04
11617,mamoux02,164,Abordable,2026-03-04
11618,ezekhyl,164,Abordable,2026-03-04
11619,morpho_games,164,Abordable,2026-03-04
11620,mtclement,164,Abordable,2026-03-04
11621,enzolok05,163,Abordable,2026-03-04
11622,TRKLNOCTAA,163,Abordable,2026-03-04
11623,overcreepy,163,Abordable,2026-03-04
11624,bebertlevrai,163,Abordable,2026-03-04
11625,baabslil,163,Abordable,2026-03-04
11626,Mitsuushi,163,Abordable,2026-03-04
11627,medi_gpl,162,Abordable,2026-03-04
11628,etienneruru,162,Abordable,2026-03-04
11629,perle_18,161,Abordable,2026-03-04
11630,xzaqqq,161,Abordable,2026-03-04
11631,tuturenflure,161,Abordable,2026-03-04
11632,zoe25050,161,Abordable,2026-03-04
11633,ladypanda8415,161,Abordable,2026-03-04
11634,El_Gippos,161,Abordable,2026-03-04
11635,starrora_swag,161,Abordable,2026-03-04
11636,naitsu____,161,Abordable,2026-03-04
11637,hurricanescampy,161,Abordable,2026-03-04
11638,foufounef,161,Abordable,2026-03-04
11639,une_jadouu,161,Abordable,2026-03-04
11640,enryu_5,161,Abordable,2026-03-04
11641,martin_pr_,161,Abordable,2026-03-04
11642,CaIheim,161,Abordable,2026-03-04
11643,lauranneda,161,Abordable,2026-03-04
11644,jerosom,161,Abordable,2026-03-04
11645,dracofeuille1,161,Abordable,2026-03-04
11646,atombc18,161,Abordable,2026-03-04
11647,KeacyKenobi,161,Abordable,2026-03-04
11648,gayuunn,161,Abordable,2026-03-04
11649,clemlem29__,161,Abordable,2026-03-04
11650,bastetth,160,Abordable,2026-03-04
11651,equeyran,160,Abordable,2026-03-04
11652,GalouTV,160,Abordable,2026-03-04
11653,kazutoyaa,160,Abordable,2026-03-04
11654,rwan29200,159,Abordable,2026-03-04
11655,mailyyyyyss,159,Abordable,2026-03-04
11656,proserpine_lovely,159,Abordable,2026-03-04
11657,Macksawn,159,Abordable,2026-03-04
11658,zozo_aratus,159,Abordable,2026-03-04
11659,dadouh82,159,Abordable,2026-03-04
11660,Antthoss,159,Abordable,2026-03-04
11661,mariolle1,159,Abordable,2026-03-04
11662,Derasiel,159,Abordable,2026-03-04
11663,teamjbzzed,158,Abordable,2026-03-04
11664,robernardd,158,Abordable,2026-03-04
11665,Avalonyx,158,Abordable,2026-03-04
11666,ZeBu621,158,Abordable,2026-03-04
11667,roronoa2k,158,Abordable,2026-03-04
11668,ProfessorValou,158,Abordable,2026-03-04
11669,lillywer,158,Abordable,2026-03-04
11670,elwalidinho,158,Abordable,2026-03-04
11671,MaxPaiiiin,156,Abordable,2026-03-04
11672,cecile69340,155,Abordable,2026-03-04
11673,macnocky,154,Abordable,2026-03-04
11674,kaiifu,154,Abordable,2026-03-04
11675,Hyanato,154,Abordable,2026-03-04
11676,Kylo_Ren_88450,154,Abordable,2026-03-04
11677,Mylanderp,154,Abordable,2026-03-04
11678,AkaS_FTS,154,Abordable,2026-03-04
11679,Midifix,154,Abordable,2026-03-04
11680,inesn34,154,Abordable,2026-03-04
11681,uranium_19,154,Abordable,2026-03-04
11682,hybiky,154,Abordable,2026-03-04
11683,adilsdi,154,Abordable,2026-03-04
11684,S0rab,153,Abordable,2026-03-04
11685,bearzo091,153,Abordable,2026-03-04
11686,paulorigolo,153,Abordable,2026-03-04
11687,arno__70,153,Abordable,2026-03-04
11688,bento0m,153,Abordable,2026-03-04
11689,Barbe__Rousse_,153,Abordable,2026-03-04
11690,xLigi,153,Abordable,2026-03-04
11691,xRylex,153,Abordable,2026-03-04
11692,hugo_fast,153,Abordable,2026-03-04
11693,edithstsik,152,Abordable,2026-03-04
11694,ThomskoBilly,152,Abordable,2026-03-04
11695,Idaaka,152,Abordable,2026-03-04
11696,CouscousDeToucan,152,Abordable,2026-03-04
11697,lulu191108,152,Abordable,2026-03-04
11698,K2Fkertos,152,Abordable,2026-03-04
11699,alban1j2,152,Abordable,2026-03-04
11700,critik007,152,Abordable,2026-03-04
11701,NewLombax,152,Abordable,2026-03-04
11702,alex5992,150,Abordable,2026-03-04
11703,fiiqzette,150,Abordable,2026-03-04
11704,ZombieMarchant,150,Abordable,2026-03-04
11705,alvooor,150,Abordable,2026-03-04
11706,YuniAnalya,150,Abordable,2026-03-04
11707,tibawbaw,150,Abordable,2026-03-04
11708,liristil,150,Abordable,2026-03-04
11709,manatown,150,Abordable,2026-03-04
11710,stain_gc,150,Abordable,2026-03-04
11711,elfiaskywalker,150,Abordable,2026-03-04
11712,itazorr,150,Abordable,2026-03-04
11713,TsumeFakiri,150,Abordable,2026-03-04
11714,thomas_p12,150,Abordable,2026-03-04
11715,michel49isa56,150,Abordable,2026-03-04
11716,victor95_,150,Abordable,2026-03-04
11717,jojokawaiii,150,Abordable,2026-03-04
11718,t1ph41n3,150,Abordable,2026-03-04
11719,grimberyall,150,Abordable,2026-03-04
11720,ElPeoninho,150,Abordable,2026-03-04
11721,akirr0ss,150,Abordable,2026-03-04
11722,kcmaxxlxx,150,Abordable,2026-03-04
11723,Calamity_Jah1,150,Abordable,2026-03-04
11724,nicolain20,150,Abordable,2026-03-04
11725,leoop_0,150,Abordable,2026-03-04
11726,Pirox_76,150,Abordable,2026-03-04
11727,Kioube,150,Abordable,2026-03-04
11728,alicegsst,150,Abordable,2026-03-04
11729,lil_dew_91,150,Abordable,2026-03-04
11730,ronikiinns,150,Abordable,2026-03-04
11731,athesto_,150,Abordable,2026-03-04
11732,LeGeneralPatton,150,Abordable,2026-03-04
11733,adrien_geni,150,Abordable,2026-03-04
11734,craribow,150,Abordable,2026-03-04
11735,Ycuta,150,Abordable,2026-03-04
11736,deutschlandofficiel,150,Abordable,2026-03-04
11737,chozetsu_,150,Abordable,2026-03-04
11738,bananee__pomme,150,Abordable,2026-03-04
11739,pouf45,150,Abordable,2026-03-04
11740,retroy230,150,Abordable,2026-03-04
11741,cla_gnzls,150,Abordable,2026-03-04
11742,sylvie_c15,150,Abordable,2026-03-04
11743,juugraam,150,Abordable,2026-03-04
11744,kikirbt,150,Abordable,2026-03-04
11745,jimzoh34,150,Abordable,2026-03-04
11746,slayyyyyyyyyyy_,150,Abordable,2026-03-04
11747,Irotann,150,Abordable,2026-03-04
11748,pinpont_p0,150,Abordable,2026-03-04
11749,valousse85,150,Abordable,2026-03-04
11750,louise2505,150,Abordable,2026-03-04
11751,ls_coconut,150,Abordable,2026-03-04
11752,Yuurei_Panic,150,Abordable,2026-03-04
11753,BenjaminGambon,150,Abordable,2026-03-04
11754,bocboc2,150,Abordable,2026-03-04
11755,valdauria,150,Abordable,2026-03-04
11756,kaelig7,150,Abordable,2026-03-04
11757,zilano_,150,Abordable,2026-03-04
11758,ojiboyy,150,Abordable,2026-03-04
11759,sauce_soja43,150,Abordable,2026-03-04
11760,axadious,150,Abordable,2026-03-04
11761,leprincet,150,Abordable,2026-03-04
11762,hunter_edo,150,Abordable,2026-03-04
11763,pimsoriginal,150,Abordable,2026-03-04
11764,sarah_zn_,150,Abordable,2026-03-04
11765,Oserpento78,150,Abordable,2026-03-04
11766,lZUMOl,150,Abordable,2026-03-04
11767,lesfollicochonnes,150,Abordable,2026-03-04
11768,kkayjin,150,Abordable,2026-03-04
11769,ludovizzle,150,Abordable,2026-03-04
11770,sinqy__,150,Abordable,2026-03-04
11771,man_we550,150,Abordable,2026-03-04
11772,earz_ramb0,150,Abordable,2026-03-04
11773,itsnotcha,150,Abordable,2026-03-04
11774,galacno,150,Abordable,2026-03-04
11775,lululatortueninja,150,Abordable,2026-03-04
11776,clemmmmss,150,Abordable,2026-03-04
11777,chagas9444,150,Abordable,2026-03-04
11778,cle22o,150,Abordable,2026-03-04
11779,lelefanteau,150,Abordable,2026-03-04
11780,Reyru92,150,Abordable,2026-03-04
11781,lulugfr,150,Abordable,2026-03-04
11782,Rafcass,150,Abordable,2026-03-04
11783,Canal_7_Arte,150,Abordable,2026-03-04
11784,lucasdusiecle,150,Abordable,2026-03-04
11785,Gismo_LoL,150,Abordable,2026-03-04
11786,FoxNate,150,Abordable,2026-03-04
11787,lolau_off,150,Abordable,2026-03-04
11788,singo65,150,Abordable,2026-03-04
11789,narb3ra,150,Abordable,2026-03-04
11790,xmenvinnn,150,Abordable,2026-03-04
11791,El_pi3rr0t,150,Abordable,2026-03-04
11792,chrisbroc39,150,Abordable,2026-03-04
11793,egk_wolf,150,Abordable,2026-03-04
11794,WEENZLY,150,Abordable,2026-03-04
11795,darkmaxxfr,150,Abordable,2026-03-04
11796,egalismix,150,Abordable,2026-03-04
11797,axoul55,150,Abordable,2026-03-04
11798,requinque,150,Abordable,2026-03-04
11799,chiploo,150,Abordable,2026-03-04
11800,Yuro222,150,Abordable,2026-03-04
11801,Gamah__,150,Abordable,2026-03-04
11802,upzzip,150,Abordable,2026-03-04
11803,lakrixxx,150,Abordable,2026-03-04
11804,niocal7253,150,Abordable,2026-03-04
11805,tiboug97228,150,Abordable,2026-03-04
11806,felin0u,150,Abordable,2026-03-04
11807,camussard06,150,Abordable,2026-03-04
11808,Umeka,150,Abordable,2026-03-04
11809,loloroller2000,150,Abordable,2026-03-04
11810,nynon08,150,Abordable,2026-03-04
11811,lyder_live,150,Abordable,2026-03-04
11812,Mavinus_,150,Abordable,2026-03-04
11813,momoaloulou,150,Abordable,2026-03-04
11814,zacouski,150,Abordable,2026-03-04
11815,alicebattt,150,Abordable,2026-03-04
11816,martin_drme,150,Abordable,2026-03-04
11817,luluamn,150,Abordable,2026-03-04
11818,math_2bk,150,Abordable,2026-03-04
11819,lolosk_,150,Abordable,2026-03-04
11820,meaaah_,150,Abordable,2026-03-04
11821,hgzer_,150,Abordable,2026-03-04
11822,alexandre_lfa,150,Abordable,2026-03-04
11823,chajacq,150,Abordable,2026-03-04
11824,noemie_g30,150,Abordable,2026-03-04
11825,memo____789,150,Abordable,2026-03-04
11826,rideuurrr,150,Abordable,2026-03-04
11827,fantin_cr,150,Abordable,2026-03-04
11828,Szokks_,150,Abordable,2026-03-04
11829,ant0ine_36,150,Abordable,2026-03-04
11830,yoyoda_le_roux,150,Abordable,2026-03-04
11831,slyway14,150,Abordable,2026-03-04
11832,jessecox27,150,Abordable,2026-03-04
11833,marineperdrix,148,Abordable,2026-03-04
11834,Paulux_92,148,Abordable,2026-03-04
11835,paresses,148,Abordable,2026-03-04
11836,tomsgameinfr,147,Abordable,2026-03-04
11837,dhoulito,147,Abordable,2026-03-04
11838,zachouy,147,Abordable,2026-03-04
11839,renard28384,146,Abordable,2026-03-04
11840,marionettepv,146,Abordable,2026-03-04
11841,alain_b_,146,Abordable,2026-03-04
11842,mimiadamy,144,Abordable,2026-03-04
11843,RhayZenG0D,144,Abordable,2026-03-04
11844,mazarizinaza,144,Abordable,2026-03-04
11845,f__a07,143,Abordable,2026-03-04
11846,brewan51,143,Abordable,2026-03-04
11847,masnp,143,Abordable,2026-03-04
11848,lola_brthlt,143,Abordable,2026-03-04
11849,KAARISLEPOULET,143,Abordable,2026-03-04
11850,Hugorder7,143,Abordable,2026-03-04
11851,Kiyotaka63,143,Abordable,2026-03-04
11852,m8_majupr0dga,143,Abordable,2026-03-04
11853,nightcat_m,143,Abordable,2026-03-04
11854,carlagt30,142,Abordable,2026-03-04
11855,letchi1004,142,Abordable,2026-03-04
11856,clemcnon,142,Abordable,2026-03-04
11857,Pandaroux_09,142,Abordable,2026-03-04
11858,kristofjalet,142,Abordable,2026-03-04
11859,nina_str6,140,Abordable,2026-03-04
11860,AhrKz_,138,Abordable,2026-03-04
11861,oxxilun,138,Abordable,2026-03-04
11862,bichehumide,137,Abordable,2026-03-04
11863,Mat_hieu_,137,Abordable,2026-03-04
11864,lmu976,136,Abordable,2026-03-04
11865,kevvvin33,136,Abordable,2026-03-04
11866,Jopiterr,136,Abordable,2026-03-04
11867,ezilllo,136,Abordable,2026-03-04
11868,luckka06,136,Abordable,2026-03-04
11869,sephrane94,136,Abordable,2026-03-04
11870,space_lynk,136,Abordable,2026-03-04
11871,trilou42,136,Abordable,2026-03-04
11872,mamie_gigitte,136,Abordable,2026-03-04
11873,charliiiiiiine,136,Abordable,2026-03-04
11874,fennec801,136,Abordable,2026-03-04
11875,rubias09,136,Abordable,2026-03-04
11876,raydup601,136,Abordable,2026-03-04
11877,zanjha,136,Abordable,2026-03-04
11878,mathildemrnn,136,Abordable,2026-03-04
11879,LeZooave,136,Abordable,2026-03-04
11880,sasarob,136,Abordable,2026-03-04
11881,byterqlf,136,Abordable,2026-03-04
11882,maashh_,136,Abordable,2026-03-04
11883,nsyCrabe,136,Abordable,2026-03-04
11884,BaziIic_,136,Abordable,2026-03-04
11885,LevraiPaupaul,136,Abordable,2026-03-04
11886,tomtominours,135,Abordable,2026-03-04
11887,analou53,135,Abordable,2026-03-04
11888,braiseee,135,Abordable,2026-03-04
11889,mhyune,135,Abordable,2026-03-04
11890,GarsideIsDead,134,Abordable,2026-03-04
11891,st_gratouilledu36,133,Abordable,2026-03-04
11892,toadster___,133,Abordable,2026-03-04
11893,lllllluxxxx,133,Abordable,2026-03-04
11894,kiinto_,132,Abordable,2026-03-04
11895,georges_abdo98,131,Abordable,2026-03-04
11896,PianoJM,131,Abordable,2026-03-04
11897,ophprz85,131,Abordable,2026-03-04
11898,tiyaetplume,131,Abordable,2026-03-04
11899,Jorge___I,130,Abordable,2026-03-04
11900,Kanass59,130,Abordable,2026-03-04
11901,stitchmod_,130,Abordable,2026-03-04
11902,sab_rll,130,Abordable,2026-03-04
11903,KeykoTV_,130,Abordable,2026-03-04
11904,Voltek365,130,Abordable,2026-03-04
11905,yacoubarbatruc,130,Abordable,2026-03-04
11906,KC_Sunna,129,Abordable,2026-03-04
11907,iyoan344,129,Abordable,2026-03-04
11908,hacmen76,128,Abordable,2026-03-04
11909,schertos23,128,Abordable,2026-03-04
11910,makeryaa,128,Abordable,2026-03-04
11911,kingnoxious7,128,Abordable,2026-03-04
11912,Amel1002,126,Abordable,2026-03-04
11913,anssstri,126,Abordable,2026-03-04
11914,ujol17,125,Abordable,2026-03-04
11915,nalouchee,124,Abordable,2026-03-04
11916,exas77,124,Abordable,2026-03-04
11917,syliasad,124,Abordable,2026-03-04
11918,emmyyy16,124,Abordable,2026-03-04
11919,Mowglitos69,124,Abordable,2026-03-04
11920,julinho2905,124,Abordable,2026-03-04
11921,Thomazepin,123,Abordable,2026-03-04
11922,Thomazepin,123,Abordable,2026-03-04
11923,skirnirs,123,Abordable,2026-03-04
11924,fullbrain_,123,Abordable,2026-03-04
11925,painboulette,123,Abordable,2026-03-04
11926,sbettho,122,Abordable,2026-03-04
11927,timothe1708,122,Abordable,2026-03-04
11928,Xela_N9,122,Abordable,2026-03-04
11929,jeanrajh,122,Abordable,2026-03-04
11930,teyzen_,122,Abordable,2026-03-04
11931,PeryPycy,122,Abordable,2026-03-04
11932,wyzenlol,121,Abordable,2026-03-04
11933,shiftix_xd,121,Abordable,2026-03-04
11934,banborg_,121,Abordable,2026-03-04
11935,tateaclaque_,121,Abordable,2026-03-04
11936,laurinefrz,120,Abordable,2026-03-04
11937,elpaulo64,120,Abordable,2026-03-04
11938,baxqq,120,Abordable,2026-03-04
11939,fardreamer79,120,Abordable,2026-03-04
11940,kvmelia,120,Abordable,2026-03-04
11941,yfoxgamerpvp,120,Abordable,2026-03-04
11942,Osi_Live,120,Abordable,2026-03-04
11943,Metafesse,120,Abordable,2026-03-04
11944,xenonne45,120,Abordable,2026-03-04
11945,myt_arthur,120,Abordable,2026-03-04
11946,FR_FuFu,120,Abordable,2026-03-04
11947,Whitepantiz,120,Abordable,2026-03-04
11948,Terrybac,120,Abordable,2026-03-04
11949,Xelo_GG,120,Abordable,2026-03-04
11950,tygruu,120,Abordable,2026-03-04
11951,sylvanuspierrusdurifus,120,Abordable,2026-03-04
11952,THE_MEKI,120,Abordable,2026-03-04
11953,Yota_284,120,Abordable,2026-03-04
11954,Lunick28,120,Abordable,2026-03-04
11955,theohf,120,Abordable,2026-03-04
11956,lpgcyril,120,Abordable,2026-03-04
11957,manonlschr26,120,Abordable,2026-03-04
11958,gaby212121210,120,Abordable,2026-03-04
11959,Fexatsyn,120,Abordable,2026-03-04
11960,SalimLaBanquise,120,Abordable,2026-03-04
11961,petitcoq17,120,Abordable,2026-03-04
11962,michelpaste,120,Abordable,2026-03-04
11963,rob127in,120,Abordable,2026-03-04
11964,linda34230,120,Abordable,2026-03-04
11965,clochettelep,120,Abordable,2026-03-04
11966,chlo_bnt,120,Abordable,2026-03-04
11967,lou142004,120,Abordable,2026-03-04
11968,jeanne654,120,Abordable,2026-03-04
11969,katy_22100,120,Abordable,2026-03-04
11970,hirons,120,Abordable,2026-03-04
11971,nah0j_g,120,Abordable,2026-03-04
11972,domemage,120,Abordable,2026-03-04
11973,antoto69420,120,Abordable,2026-03-04
11974,AgentL02,120,Abordable,2026-03-04
11975,xavier_deb,120,Abordable,2026-03-04
11976,keke_4002,120,Abordable,2026-03-04
11977,kayanir,120,Abordable,2026-03-04
11978,pixel_2010,120,Abordable,2026-03-04
11979,hezer_0,120,Abordable,2026-03-04
11980,yurei_aki,120,Abordable,2026-03-04
11981,yayoune,120,Abordable,2026-03-04
11982,morigangg,120,Abordable,2026-03-04
11983,evasfts,120,Abordable,2026-03-04
11984,mayukimisa,120,Abordable,2026-03-04
11986,r4nd0m__0,120,Abordable,2026-03-04
11987,gz_or,120,Abordable,2026-03-04
11988,praioraptor,120,Abordable,2026-03-04
11989,a_plant_from_nowhere,120,Abordable,2026-03-04
11990,eliottjaunet,120,Abordable,2026-03-04
11991,evenc06,120,Abordable,2026-03-04
11992,piwarrr,120,Abordable,2026-03-04
11993,Miyusaho,120,Abordable,2026-03-04
11994,morro_l6,120,Abordable,2026-03-04
11995,charpl0u,120,Abordable,2026-03-04
11996,eli78913,120,Abordable,2026-03-04
11997,TheKatomb,120,Abordable,2026-03-04
11998,OnnDJ,120,Abordable,2026-03-04
11999,Dolmaur_BoardGamerAddict,120,Abordable,2026-03-04
12000,Izolyne,120,Abordable,2026-03-04
12001,christietms,120,Abordable,2026-03-04
12002,amphi054,120,Abordable,2026-03-04
12003,Frdyyyy,120,Abordable,2026-03-04
12004,Kiro_f0x,120,Abordable,2026-03-04
12005,XeNNNN31,120,Abordable,2026-03-04
12006,temari72_8,120,Abordable,2026-03-04
12007,lalim92,120,Abordable,2026-03-04
12008,papillon44350,120,Abordable,2026-03-04
12009,guiral64,120,Abordable,2026-03-04
12010,sounidoo,120,Abordable,2026-03-04
12011,boulaki8,120,Abordable,2026-03-04
12012,tiphainedltr,120,Abordable,2026-03-04
12013,KapyA_,120,Abordable,2026-03-04
12014,ouaislequip,120,Abordable,2026-03-04
12016,Ebuloz,120,Abordable,2026-03-04
12017,navou_,120,Abordable,2026-03-04
12018,gwendaluiyap,120,Abordable,2026-03-04
12019,fernoiser,120,Abordable,2026-03-04
12020,R0binet_,120,Abordable,2026-03-04
12021,Oshibaru,120,Abordable,2026-03-04
12022,mat31_,120,Abordable,2026-03-04
12023,NIETTE_e_,120,Abordable,2026-03-04
12024,wass1o,120,Abordable,2026-03-04
12025,corazonawn,120,Abordable,2026-03-04
12026,haga_rdd,120,Abordable,2026-03-04
12027,widpo_,120,Abordable,2026-03-04
12028,lezooooo4ve,120,Abordable,2026-03-04
12029,elonky,120,Abordable,2026-03-04
12030,raphael868,120,Abordable,2026-03-04
12031,nozcore_,120,Abordable,2026-03-04
12032,irisdvl,120,Abordable,2026-03-04
12033,yanis93m,120,Abordable,2026-03-04
12034,kureji35,120,Abordable,2026-03-04
12036,shaaanor,120,Abordable,2026-03-04
12037,feizoreyzeur,120,Abordable,2026-03-04
12038,timeo_plr,120,Abordable,2026-03-04
12039,ilnyaplusdepiles,120,Abordable,2026-03-04
12040,dhh17,120,Abordable,2026-03-04
12041,chaa_314,120,Abordable,2026-03-04
12042,monster_dico,120,Abordable,2026-03-04
12043,douroum77,120,Abordable,2026-03-04
12044,Noctyx__,120,Abordable,2026-03-04
12045,Tintibulle,120,Abordable,2026-03-04
12046,BendeRo_,118,Abordable,2026-03-04
12047,papiwie,118,Abordable,2026-03-04
12048,Syrakhuse,118,Abordable,2026-03-04
12049,OnLy__Tv,117,Abordable,2026-03-04
12050,Casaloga,116,Abordable,2026-03-04
12051,Alexey_yyy,114,Abordable,2026-03-04
12052,tssaru5,113,Abordable,2026-03-04
12053,mumulatrik,113,Abordable,2026-03-04
12054,Eventage,113,Abordable,2026-03-04
12055,marylou_ppr,113,Abordable,2026-03-04
12056,Arkhaloss,113,Abordable,2026-03-04
12058,megthemug,113,Abordable,2026-03-04
12059,bbm_akane,113,Abordable,2026-03-04
12060,quent_dlf_,110,Abordable,2026-03-04
12061,Poupixe,110,Abordable,2026-03-04
12062,PhosfoZ,109,Abordable,2026-03-04
12063,leynha_,106,Abordable,2026-03-04
12064,hc12gamer,106,Abordable,2026-03-04
12065,kimbo_008,106,Abordable,2026-03-04
12066,Nuwri,106,Abordable,2026-03-04
12067,cenozoique,106,Abordable,2026-03-04
12068,k1000caze,106,Abordable,2026-03-04
12069,Jo_Choc,106,Abordable,2026-03-04
12070,nathanbilleau,106,Abordable,2026-03-04
12071,moncasse,106,Abordable,2026-03-04
12072,alexparverie,106,Abordable,2026-03-04
12073,strikebikee,106,Abordable,2026-03-04
12074,Eyoda974,106,Abordable,2026-03-04
12075,Flash_dawn,106,Abordable,2026-03-04
12076,SKORELbucci,105,Abordable,2026-03-04
12077,Symjii,105,Abordable,2026-03-04
12078,ccrachel0,105,Abordable,2026-03-04
12079,Clem_92100,105,Abordable,2026-03-04
12080,T02L,104,Abordable,2026-03-04
12081,Mistergoosk,104,Abordable,2026-03-04
12082,jos_k_a,101,Abordable,2026-03-04
12083,zackrom2,101,Abordable,2026-03-04
12084,ikrameyh,100,Abordable,2026-03-04
12085,osburth,100,Abordable,2026-03-04
12086,Turlardeo_,100,Abordable,2026-03-04
12087,kapz7__,99,Abordable,2026-03-04
12088,amaande2,99,Abordable,2026-03-04
12089,kc_adeloo,98,Abordable,2026-03-04
12090,ipsa_valou,98,Abordable,2026-03-04
12091,tornade55,98,Abordable,2026-03-04
12092,juliemarie700,98,Abordable,2026-03-04
12093,clement_1710,98,Abordable,2026-03-04
12094,omblin,93,Abordable,2026-03-04
12095,nas_la_menace95,92,Abordable,2026-03-04
12096,elasticoco,92,Abordable,2026-03-04
12097,lili0abrt,92,Abordable,2026-03-04
12098,coupcoup35,90,Abordable,2026-03-04
12099,suzanne336777,90,Abordable,2026-03-04
12100,yorkeeeeee,90,Abordable,2026-03-04
12101,enkibt,90,Abordable,2026-03-04
12102,Salakis_,90,Abordable,2026-03-04
12103,Acidu___,90,Abordable,2026-03-04
12104,kano_off,90,Abordable,2026-03-04
12105,bastounet66,90,Abordable,2026-03-04
12106,marodu74,90,Abordable,2026-03-04
12107,dume2bf,90,Abordable,2026-03-04
12108,canastark,90,Abordable,2026-03-04
12109,lisa_razu,90,Abordable,2026-03-04
12110,makayyyy,90,Abordable,2026-03-04
12111,christianeafr,90,Abordable,2026-03-04
12112,tpedrajas,90,Abordable,2026-03-04
12113,fadoch212,90,Abordable,2026-03-04
12114,morinanaelle,90,Abordable,2026-03-04
12115,duapmip,90,Abordable,2026-03-04
12116,pern3lle,90,Abordable,2026-03-04
12117,lilooof17,90,Abordable,2026-03-04
12118,come_0009,90,Abordable,2026-03-04
12119,elocipe,90,Abordable,2026-03-04
12120,lyokodbst,90,Abordable,2026-03-04
12121,kalow26,90,Abordable,2026-03-04
12122,Nonow45,90,Abordable,2026-03-04
12123,gmarcelegoat,90,Abordable,2026-03-04
12124,amb9876543210,90,Abordable,2026-03-04
12125,ventrav,90,Abordable,2026-03-04
12126,Juthiep,90,Abordable,2026-03-04
12127,laaxx_0,90,Abordable,2026-03-04
12128,lilemss,90,Abordable,2026-03-04
12129,Victor_lVl_,90,Abordable,2026-03-04
12130,camion_fruit,90,Abordable,2026-03-04
12131,maya4444444,90,Abordable,2026-03-04
12132,lurasse,90,Abordable,2026-03-04
12133,zaurya_,90,Abordable,2026-03-04
12134,anarkyyyyyyyyy,90,Abordable,2026-03-04
12135,bimbabm,90,Abordable,2026-03-04
12137,gadjourno21,90,Abordable,2026-03-04
12138,thomas6114000,90,Abordable,2026-03-04
12139,fatalitesfoujjji,90,Abordable,2026-03-04
12140,leaat__,90,Abordable,2026-03-04
12141,apprehensivegoat59,90,Abordable,2026-03-04
12142,Rydersxd,90,Abordable,2026-03-04
12143,verscho_la_lambo,90,Abordable,2026-03-04
12145,bvne24,90,Abordable,2026-03-04
12146,adro49bi,90,Abordable,2026-03-04
12147,zetronn,90,Abordable,2026-03-04
12148,emyzakii,90,Abordable,2026-03-04
12149,packtimfc,90,Abordable,2026-03-04
12150,alex22O4_,90,Abordable,2026-03-04
12151,pooome18,87,Abordable,2026-03-04
12152,Wolfraphraph,86,Abordable,2026-03-04
12153,alexislafleche,82,Abordable,2026-03-04
12154,maitreshot,82,Abordable,2026-03-04
12155,gar0uk,82,Abordable,2026-03-04
12156,intarwet,75,Abordable,2026-03-04
12157,lemonadeswirl30,75,Abordable,2026-03-04
12158,mokpin,75,Abordable,2026-03-04
12159,hiboux_de_la_lune,75,Abordable,2026-03-04
12160,snayer1580,75,Abordable,2026-03-04
12161,Aerow62,75,Abordable,2026-03-04
12162,asmode23,74,Abordable,2026-03-04
12163,Garudaaz,74,Abordable,2026-03-04
12164,stabilio2,74,Abordable,2026-03-04
12165,sensei_marley_,74,Abordable,2026-03-04
12166,enzo_rach,71,Abordable,2026-03-04
12167,Vastag__,70,Abordable,2026-03-04
12168,zatoth_r6,70,Abordable,2026-03-04
12169,Kazurudo,70,Abordable,2026-03-04
12170,clarahda,69,Abordable,2026-03-04
12171,rooooooohhhhhhh,68,Abordable,2026-03-04
12172,rs6ixx,68,Abordable,2026-03-04
12173,ZedZed_EU,68,Abordable,2026-03-04
12174,stleboss2020,68,Abordable,2026-03-04
12175,franci_l_etoile_de_mer,68,Abordable,2026-03-04
12176,elfooow,68,Abordable,2026-03-04
12177,spadriix,68,Abordable,2026-03-04
12178,louu795,68,Abordable,2026-03-04
12179,Lucie361,68,Abordable,2026-03-04
12180,Sageuss,66,Abordable,2026-03-04
12181,rastalove62143,66,Abordable,2026-03-04
12182,ZaXion_YT,66,Abordable,2026-03-04
12183,Luzmog_Tvv,66,Abordable,2026-03-04
12184,kuadraxis,61,Abordable,2026-03-04
12185,lisa92dc,60,Abordable,2026-03-04
12186,selcap,60,Abordable,2026-03-04
12187,Bachat_fr,60,Abordable,2026-03-04
12188,Big0udi,60,Abordable,2026-03-04
12189,khylix03,60,Abordable,2026-03-04
12190,giannisjr2,60,Abordable,2026-03-04
12191,cours_echecs_dodo,60,Abordable,2026-03-04
12192,coco_bnd,60,Abordable,2026-03-04
12193,ayumi30005,60,Abordable,2026-03-04
12194,u_tumbadore,60,Abordable,2026-03-04
12195,etiennesurtonlive,60,Abordable,2026-03-04
12196,aizoo,60,Abordable,2026-03-04
12197,sparthus_le_rat,60,Abordable,2026-03-04
12198,elizabeth_829,60,Abordable,2026-03-04
12199,roxaneluc,60,Abordable,2026-03-04
12200,foge73,60,Abordable,2026-03-04
12201,darkgriezou17,60,Abordable,2026-03-04
12202,wali404,60,Abordable,2026-03-04
12203,oc_4002,60,Abordable,2026-03-04
12204,ST_Franckytchup,60,Abordable,2026-03-04
12205,Bartolomez,60,Abordable,2026-03-04
12206,baptou_etbest,60,Abordable,2026-03-04
12207,ehr79,60,Abordable,2026-03-04
12208,val_cln,60,Abordable,2026-03-04
12209,Clemhostyl3,60,Abordable,2026-03-04
12210,Ashki,60,Abordable,2026-03-04
12211,Reivilau,53,Abordable,2026-03-04
12213,joxandro,48,Abordable,2026-03-04
12214,myte_0,45,Abordable,2026-03-04
12215,kontinuum_lxix,44,Abordable,2026-03-04
12216,sawcisselevrai,44,Abordable,2026-03-04
12217,Nassjet,40,Abordable,2026-03-04
12218,simonvousparle,40,Abordable,2026-03-04
12219,splitzou19,40,Abordable,2026-03-04
12220,IBloody_LaMoula,40,Abordable,2026-03-04
12221,Lea_Ysha,39,Abordable,2026-03-04
12222,harryglandeur,39,Abordable,2026-03-04
12223,Neykoe,39,Abordable,2026-03-04
12224,poseidonzero94,38,Abordable,2026-03-04
12225,idrisadn,38,Abordable,2026-03-04
12226,valleinx,38,Abordable,2026-03-04
12227,asumaa213,38,Abordable,2026-03-04
12228,daropa,31,Abordable,2026-03-04
12229,missmarmelade,30,Abordable,2026-03-04
12230,cathy92tchang,30,Abordable,2026-03-04
12231,Figoluuuu,30,Abordable,2026-03-04
12232,louiseodr,30,Abordable,2026-03-04
12233,grizly64,30,Abordable,2026-03-04
12234,mi_marion,30,Abordable,2026-03-04
12235,kujo_01_,30,Abordable,2026-03-04
12236,nukex64,30,Abordable,2026-03-04
12237,louislgrnt,30,Abordable,2026-03-04
12238,alekksbss,30,Abordable,2026-03-04
12239,Ugly_Dingzy,30,Abordable,2026-03-04
12240,marfy1232,25,Abordable,2026-03-04
12241,UnPand4,18,Abordable,2026-03-04
12242,noecc33,8,Abordable,2026-03-04
12243,william_lardechois,6,Abordable,2026-03-04
12244,blk_973,3,Abordable,2026-03-04
12245,roxie_mt,1,Abordable,2026-03-04
12246,momoelbargeot,0,Abordable,2026-03-04
12247,mr_thoomas,0,Abordable,2026-03-04
12248,sauvagericc,0,Abordable,2026-03-04
12249,erzaslot,0,Abordable,2026-03-04
12250,prepathlas,0,Abordable,2026-03-04
12251,stylyrus,0,Abordable,2026-03-04
12252,lecture240,0,Abordable,2026-03-04
12253,gabin1122,0,Abordable,2026-03-04
1,Herbiv,1884,Expert,2026-03-04
2,Maitre_JB,1846,Expert,2026-03-04
3,XavINSA_,1835,Expert,2026-03-04
4,Oriharaaa_,1776,Expert,2026-03-04
5,xanabud,1764,Expert,2026-03-04
6,Poy0o7,1755,Expert,2026-03-04
7,RED_JAZ,1751,Expert,2026-03-04
8,ralph_flo,1691,Expert,2026-03-04
9,willy_pagnol,1682,Expert,2026-03-04
10,Deelfe,1632,Expert,2026-03-04
11,B0udrick,1612,Expert,2026-03-04
12,mdr_olfan79,1612,Expert,2026-03-04
13,smfc95,1611,Expert,2026-03-04
14,scottsbury,1601,Expert,2026-03-04
15,thanann12,1599,Expert,2026-03-04
16,ju_mardy,1570,Expert,2026-03-04
17,AliGerBrap,1569,Expert,2026-03-04
18,xelel06,1566,Expert,2026-03-04
19,jaxa1987,1560,Expert,2026-03-04
20,Cokeuhlikot,1560,Expert,2026-03-04
21,totototomas123,1558,Expert,2026-03-04
22,armosfr,1547,Expert,2026-03-04
23,Vayke084,1539,Expert,2026-03-04
24,hawkinsstv,1532,Expert,2026-03-04
25,ElColchoneroFR,1521,Expert,2026-03-04
26,Tapalchoix,1516,Expert,2026-03-04
27,pierre0042,1509,Expert,2026-03-04
28,athena83__,1508,Expert,2026-03-04
29,yoyoseb29,1501,Expert,2026-03-04
30,ronalbert33,1492,Expert,2026-03-04
31,jotunheim29,1489,Expert,2026-03-04
32,cpegorier,1482,Expert,2026-03-04
33,pindeslandes2,1481,Expert,2026-03-04
34,SkylagStream,1444,Expert,2026-03-04
35,erag0nyc,1438,Expert,2026-03-04
36,thehautifl,1438,Expert,2026-03-04
37,biugn,1429,Expert,2026-03-04
38,snowkey_y,1428,Expert,2026-03-04
39,akypiiik,1420,Expert,2026-03-04
40,N_Selenian,1404,Expert,2026-03-04
41,Akena_EFE,1404,Expert,2026-03-04
42,amulus91,1403,Expert,2026-03-04
43,Kid_Treplev,1393,Expert,2026-03-04
44,Clem_Brule,1368,Expert,2026-03-04
45,guigsdu17,1366,Expert,2026-03-04
46,gavheda,1361,Expert,2026-03-04
47,Richbis,1361,Expert,2026-03-04
48,tractopoule_,1359,Expert,2026-03-04
49,JankieChad,1354,Expert,2026-03-04
50,enzodalby,1350,Expert,2026-03-04
51,EmmyDeter,1348,Expert,2026-03-04
52,louis_lc2,1346,Expert,2026-03-04
53,ChercheurdOr,1332,Expert,2026-03-04
54,alex_11_19_96,1332,Expert,2026-03-04
55,TamPoque,1332,Expert,2026-03-04
56,Theodiric3,1329,Expert,2026-03-04
57,eliaas755,1326,Expert,2026-03-04
58,denissanchez1978,1324,Expert,2026-03-04
59,91benda,1321,Expert,2026-03-04
60,SaumonmanL,1321,Expert,2026-03-04
61,motel_86,1306,Expert,2026-03-04
62,big_toto,1302,Expert,2026-03-04
63,Lvxn_,1297,Expert,2026-03-04
64,SpleenEtFlemme,1287,Expert,2026-03-04
65,faberneird,1286,Expert,2026-03-04
66,mm2956,1284,Expert,2026-03-04
67,lolokhali,1283,Expert,2026-03-04
68,livebreizh,1283,Expert,2026-03-04
69,windsorlockwood,1278,Expert,2026-03-04
70,Cthouloulou,1270,Expert,2026-03-04
71,pietrohab,1270,Expert,2026-03-04
72,sbtfu_fenrir,1269,Expert,2026-03-04
73,eddydet,1267,Expert,2026-03-04
74,TrollsDesPlaines,1265,Expert,2026-03-04
75,Noahzis_,1265,Expert,2026-03-04
76,zigzag_ld,1264,Expert,2026-03-04
77,Ascogone,1262,Expert,2026-03-04
78,WarzazatXXL,1261,Expert,2026-03-04
79,valqpuc,1259,Expert,2026-03-04
80,TheApac,1255,Expert,2026-03-04
81,suplex63,1250,Expert,2026-03-04
82,sappheiross_,1247,Expert,2026-03-04
83,TnT04100,1246,Expert,2026-03-04
84,EvilNinaSoapy,1242,Expert,2026-03-04
85,kecyftn,1234,Expert,2026-03-04
86,aikez7,1233,Expert,2026-03-04
87,eden91940,1222,Expert,2026-03-04
88,the_rominou,1220,Expert,2026-03-04
89,ThemaskOo,1218,Expert,2026-03-04
90,noelflantier17,1217,Expert,2026-03-04
91,Enarkael,1214,Expert,2026-03-04
92,monsieurzozo_,1209,Expert,2026-03-04
93,Joyphena,1207,Expert,2026-03-04
94,arturizio,1202,Expert,2026-03-04
95,floriandrux,1197,Expert,2026-03-04
96,ben_poisson,1197,Expert,2026-03-04
97,MonsieurBiganon,1194,Expert,2026-03-04
98,pandaman_88,1192,Expert,2026-03-04
99,mc_chombaart,1191,Expert,2026-03-04
100,Ikioub,1189,Expert,2026-03-04
101,malphas68,1188,Expert,2026-03-04
102,ThePylote,1185,Expert,2026-03-04
103,MyopicTortoise,1183,Expert,2026-03-04
104,jesus00733,1176,Expert,2026-03-04
105,chessopus111,1173,Expert,2026-03-04
106,zecharentais,1166,Expert,2026-03-04
107,jepeuxtemontrerlescrocs,1164,Expert,2026-03-04
108,mfp_wanderer,1161,Expert,2026-03-04
109,RRRubiks,1156,Expert,2026-03-04
110,Feralasse,1155,Expert,2026-03-04
111,JeanCatherine,1155,Expert,2026-03-04
112,oopsxful,1153,Expert,2026-03-04
113,mpointc,1151,Expert,2026-03-04
114,sttaniss,1151,Expert,2026-03-04
115,hugokml1,1148,Expert,2026-03-04
116,itsjooris,1143,Expert,2026-03-04
117,GMachine_TV,1141,Expert,2026-03-04
118,torethiel,1139,Expert,2026-03-04
119,annepo9,1136,Expert,2026-03-04
120,el_profesor1989,1135,Expert,2026-03-04
121,Rusfly,1135,Expert,2026-03-04
122,vulcainta,1134,Expert,2026-03-04
123,armyos,1134,Expert,2026-03-04
124,Helyades,1131,Expert,2026-03-04
125,axzan06,1128,Expert,2026-03-04
126,Jeagles,1128,Expert,2026-03-04
127,clemdude,1127,Expert,2026-03-04
128,gusguss22,1126,Expert,2026-03-04
129,alicio_kh,1126,Expert,2026-03-04
130,bodopute,1120,Expert,2026-03-04
131,TerrliNainPosteur,1111,Expert,2026-03-04
132,nouvier64,1110,Expert,2026-03-04
133,romain_9_,1109,Expert,2026-03-04
134,Superleupho,1106,Expert,2026-03-04
135,pralun_,1101,Expert,2026-03-04
136,hugrotu,1098,Expert,2026-03-04
137,ninodechile,1098,Expert,2026-03-04
138,iAyO,1089,Expert,2026-03-04
139,Preponal,1087,Expert,2026-03-04
140,asterioa_,1087,Expert,2026-03-04
141,quindecim64,1084,Expert,2026-03-04
142,Gogogogo,1084,Expert,2026-03-04
143,La_Gej_,1082,Expert,2026-03-04
144,Azdakar,1081,Expert,2026-03-04
145,hassen_ijou,1081,Expert,2026-03-04
146,modokomso,1079,Expert,2026-03-04
147,QuaszarMeister,1078,Expert,2026-03-04
148,pabl0escabo,1077,Expert,2026-03-04
149,math953900,1063,Expert,2026-03-04
150,En0zzz,1062,Expert,2026-03-04
151,mcgregg1977,1060,Expert,2026-03-04
152,Aelystos,1060,Expert,2026-03-04
153,FalconPoulet,1058,Expert,2026-03-04
154,fee_lix,1057,Expert,2026-03-04
155,TheNathy_,1055,Expert,2026-03-04
156,Vylkhin,1050,Expert,2026-03-04
157,sardaukar_roublard,1048,Expert,2026-03-04
158,bisiaam,1048,Expert,2026-03-04
159,Aydrow_,1045,Expert,2026-03-04
160,flouflouf,1045,Expert,2026-03-04
161,luckylukeol,1042,Expert,2026-03-04
162,melaninecolie,1042,Expert,2026-03-04
163,Guirlyn,1038,Expert,2026-03-04
164,KorovievBC,1036,Expert,2026-03-04
165,nokiou,1033,Expert,2026-03-04
166,Elfander713,1032,Expert,2026-03-04
167,machicouliis,1032,Expert,2026-03-04
168,Clem31011,1030,Expert,2026-03-04
169,win_le_maitre8,1028,Expert,2026-03-04
170,derkprono,1027,Expert,2026-03-04
171,skoothyx,1026,Expert,2026-03-04
172,agnruv,1025,Expert,2026-03-04
173,jimmyceltics95,1022,Expert,2026-03-04
174,Lilloote,1017,Expert,2026-03-04
175,dalmuti1,1016,Expert,2026-03-04
176,AirCeos_,1016,Expert,2026-03-04
177,Neicilef,1014,Expert,2026-03-04
178,tengr1iaf,1013,Expert,2026-03-04
179,anjoyl,1009,Expert,2026-03-04
180,chardonnere,1008,Expert,2026-03-04
181,robin_des_boites_,1006,Expert,2026-03-04
182,Didier_is_diamond,1005,Expert,2026-03-04
183,arkogy,1004,Expert,2026-03-04
184,marie8263,1003,Expert,2026-03-04
185,mourtonus,1002,Expert,2026-03-04
186,Feainnwedd,1001,Expert,2026-03-04
187,Sebcube,1000,Expert,2026-03-04
188,LaurentxLoL,999,Expert,2026-03-04
189,PoireauPane,997,Expert,2026-03-04
190,n_legends,996,Expert,2026-03-04
191,jb64a,993,Expert,2026-03-04
192,rapi2244,993,Expert,2026-03-04
193,BBAGin,993,Expert,2026-03-04
194,jo_dieuze,992,Expert,2026-03-04
195,Annonyme31,992,Expert,2026-03-04
196,bastonks,991,Expert,2026-03-04
197,alexis_180_05,990,Expert,2026-03-04
198,Todomach,989,Expert,2026-03-04
199,ClemtiCP,989,Expert,2026-03-04
200,santorodu46,989,Expert,2026-03-04
201,AOPMaroilles,987,Expert,2026-03-04
202,Laaampadaire,985,Expert,2026-03-04
203,playergab1,979,Expert,2026-03-04
204,CaNico3D,978,Expert,2026-03-04
205,tan_tris,975,Expert,2026-03-04
206,schrymp,974,Expert,2026-03-04
207,lukeju26,974,Expert,2026-03-04
208,bill_playmo,973,Expert,2026-03-04
209,theyoooop,973,Expert,2026-03-04
210,eris_1207,972,Expert,2026-03-04
211,tomlg3415,971,Expert,2026-03-04
212,brringer,971,Expert,2026-03-04
213,Amauryarti,969,Expert,2026-03-04
214,un_nain_parfait,967,Expert,2026-03-04
215,nicogo2155,967,Expert,2026-03-04
216,cestdric,965,Expert,2026-03-04
217,PurpleTurtle34,964,Expert,2026-03-04
218,sunjuux3,964,Expert,2026-03-04
219,Arotuf,963,Expert,2026-03-04
220,maxcanette,961,Expert,2026-03-04
221,adr75,959,Expert,2026-03-04
222,GnR_Blitz,958,Expert,2026-03-04
223,lykobro,957,Expert,2026-03-04
224,KoalSheep,957,Expert,2026-03-04
225,Tanukiiiiiiiiiii,954,Expert,2026-03-04
226,friday_next,953,Expert,2026-03-04
227,lucasthelucky,953,Expert,2026-03-04
228,pluie14,952,Expert,2026-03-04
229,ratinho__7,951,Expert,2026-03-04
230,frafrax,947,Expert,2026-03-04
231,LeagueOfQPUC,946,Expert,2026-03-04
232,internova_,943,Expert,2026-03-04
233,rd_lou,943,Expert,2026-03-04
234,Axelfauteuil,943,Expert,2026-03-04
235,EGO_bd,942,Expert,2026-03-04
236,xfwonka,941,Expert,2026-03-04
237,downkyz,938,Expert,2026-03-04
238,veuchdeuf,936,Expert,2026-03-04
239,Liquid0ceIot,932,Expert,2026-03-04
240,lucie_loves_cheese,931,Expert,2026-03-04
241,KotoLePlusBo,930,Expert,2026-03-04
242,beubeulafougere,930,Expert,2026-03-04
243,BlueHando,929,Expert,2026-03-04
244,alternatif_,929,Expert,2026-03-04
245,flo_1412,926,Expert,2026-03-04
246,kb946,925,Expert,2026-03-04
247,pepitofurtif_,925,Expert,2026-03-04
248,Mbemsmile,922,Expert,2026-03-04
249,sachiel66,919,Expert,2026-03-04
250,hi8hram,916,Expert,2026-03-04
251,ABcornichon3,914,Expert,2026-03-04
252,vulcocitronade,913,Expert,2026-03-04
253,Enerousse,912,Expert,2026-03-04
254,Pano404,909,Expert,2026-03-04
255,LeRemiii,906,Expert,2026-03-04
256,iko7,906,Expert,2026-03-04
257,princesse_cradouille,905,Expert,2026-03-04
258,polymathe14,904,Expert,2026-03-04
259,wayneseb,904,Expert,2026-03-04
260,kek_eight,903,Expert,2026-03-04
261,tout_un_fromaj,900,Expert,2026-03-04
262,Zeltharyon,899,Expert,2026-03-04
263,Tchoupii66,898,Expert,2026-03-04
264,louis__4,896,Expert,2026-03-04
265,lePabe,895,Expert,2026-03-04
266,Skouaibe,895,Expert,2026-03-04
267,waystar_r0yco,894,Expert,2026-03-04
268,NagisaXpsionne,894,Expert,2026-03-04
269,meleykali,894,Expert,2026-03-04
270,the_trazom,889,Expert,2026-03-04
271,Hedw1ge,888,Expert,2026-03-04
272,raph1414,887,Expert,2026-03-04
273,L13_Graphics,887,Expert,2026-03-04
274,LeKagoule,887,Expert,2026-03-04
275,beurredoux_namnam,887,Expert,2026-03-04
276,MrGravlax,886,Expert,2026-03-04
277,mikados83,884,Expert,2026-03-04
278,balez88,884,Expert,2026-03-04
279,SabakuJulien,883,Expert,2026-03-04
280,g8velo,883,Expert,2026-03-04
281,Nevulas_,883,Expert,2026-03-04
282,nataachaaa,882,Expert,2026-03-04
283,noxilby23,881,Expert,2026-03-04
284,Kerrigana,881,Expert,2026-03-04
285,martin_wiz,880,Expert,2026-03-04
286,maxou1409,879,Expert,2026-03-04
287,Candyce,874,Expert,2026-03-04
288,Manu230874,873,Expert,2026-03-04
289,alexsjbite,873,Expert,2026-03-04
290,magnoliarain,871,Expert,2026-03-04
291,spolioz,869,Expert,2026-03-04
292,fl8shblack,868,Expert,2026-03-04
293,eva_decabra,867,Expert,2026-03-04
294,lafastod,863,Expert,2026-03-04
295,LauranneChavel,859,Expert,2026-03-04
296,kiiiiiwiiiiii1,857,Expert,2026-03-04
297,quetzalitoo,856,Expert,2026-03-04
298,sidesoul,856,Expert,2026-03-04
299,0xonium3,852,Expert,2026-03-04
300,tinckiiwinckii1,851,Expert,2026-03-04
301,kingofgambas,851,Expert,2026-03-04
302,Xazou72,850,Expert,2026-03-04
303,Slt_,849,Expert,2026-03-04
304,ItsMangho,848,Expert,2026-03-04
305,zeasonb,846,Expert,2026-03-04
306,robxa27,843,Expert,2026-03-04
307,djyoyo123,843,Expert,2026-03-04
308,ndkdkoslzvdi,841,Expert,2026-03-04
309,guillaume_alld62,839,Expert,2026-03-04
310,Erpic,836,Expert,2026-03-04
311,leb_theo,835,Expert,2026-03-04
312,adrioux_,835,Expert,2026-03-04
313,el_corsaire,834,Expert,2026-03-04
314,abdelkiks,832,Expert,2026-03-04
315,linkilou,828,Expert,2026-03-04
316,Njuk,827,Expert,2026-03-04
317,Lashlabaskme,827,Expert,2026-03-04
318,pandabubu,826,Expert,2026-03-04
319,wewen_17,825,Expert,2026-03-04
320,Raiden27,825,Expert,2026-03-04
321,Ximile,823,Expert,2026-03-04
322,CaptainSebji,823,Expert,2026-03-04
323,TiboMarsiho,823,Expert,2026-03-04
324,max5960,819,Expert,2026-03-04
325,montgolfiere23,817,Expert,2026-03-04
326,sarode22_,816,Expert,2026-03-04
327,KuromeJ,814,Expert,2026-03-04
328,Gophie,814,Expert,2026-03-04
329,dornab,814,Expert,2026-03-04
330,aurelie_dtv,813,Expert,2026-03-04
331,bidet76,813,Expert,2026-03-04
332,angelique_grdn,812,Expert,2026-03-04
333,lilico0410,811,Expert,2026-03-04
334,cactuspoeme6,811,Expert,2026-03-04
335,theludayack,811,Expert,2026-03-04
336,Skeneros,811,Expert,2026-03-04
337,xx_jojodu42_xx,810,Expert,2026-03-04
338,xpims,810,Expert,2026-03-04
339,elcurbo,809,Expert,2026-03-04
340,Vladousse,809,Expert,2026-03-04
341,ouloulouu8,807,Expert,2026-03-04
342,pouill4x,807,Expert,2026-03-04
343,semper49,807,Expert,2026-03-04
344,captnnoe,805,Expert,2026-03-04
345,Ryad__c,805,Expert,2026-03-04
346,fulgurys_noam,804,Expert,2026-03-04
347,flozz42,803,Expert,2026-03-04
348,gaofei__,803,Expert,2026-03-04
349,jordantoulalan,803,Expert,2026-03-04
350,thepetitbreton,802,Expert,2026-03-04
351,padekdos,802,Expert,2026-03-04
352,byakorh,801,Expert,2026-03-04
353,toneanother,801,Expert,2026-03-04
354,maitre_platine,800,Expert,2026-03-04
355,carlosmir96,799,Expert,2026-03-04
356,Kerroaz,799,Expert,2026-03-04
357,gudulesuperstar,798,Expert,2026-03-04
358,Merygold_,798,Expert,2026-03-04
359,Smash_MonStreamMaBataille,797,Expert,2026-03-04
360,C3PetDansLEau,796,Expert,2026-03-04
361,Mouzouill,795,Expert,2026-03-04
362,punzeer,792,Expert,2026-03-04
363,ElHash17,792,Expert,2026-03-04
364,TonyDan_,789,Expert,2026-03-04
365,captain_nemo7,781,Expert,2026-03-04
366,ShowtimeXIII,781,Expert,2026-03-04
367,maxkass_13,781,Expert,2026-03-04
368,mehdecin,781,Expert,2026-03-04
369,sethzx63,781,Expert,2026-03-04
370,TahzioRadioFrance,781,Expert,2026-03-04
371,le_commando,780,Expert,2026-03-04
372,apooooo__,779,Expert,2026-03-04
373,magimiel,778,Expert,2026-03-04
374,claraa_l,778,Expert,2026-03-04
375,leana_amor,777,Expert,2026-03-04
376,lm_oc,776,Expert,2026-03-04
377,lulurpz2740,776,Expert,2026-03-04
378,mlle_cha,775,Expert,2026-03-04
379,Cezawy,772,Expert,2026-03-04
380,percvaldegalles,772,Expert,2026-03-04
381,mstrsolodolo,772,Expert,2026-03-04
382,wyrross,771,Expert,2026-03-04
383,beetle_21,771,Expert,2026-03-04
384,Slitter087,771,Expert,2026-03-04
385,prnce08,770,Expert,2026-03-04
386,ImFormalYT,769,Expert,2026-03-04
387,Azuron_,769,Expert,2026-03-04
388,donyzi,768,Expert,2026-03-04
389,CorsicanGambler,767,Expert,2026-03-04
390,Matthieu_avec_2T,766,Expert,2026-03-04
391,metaphenix25,766,Expert,2026-03-04
392,griicha,765,Expert,2026-03-04
393,Notitou,765,Expert,2026-03-04
394,CeresLaPlanete,764,Expert,2026-03-04
395,camcombloux,763,Expert,2026-03-04
396,TsepmeTRednuhT,763,Expert,2026-03-04
397,EldurionJ,762,Expert,2026-03-04
398,molabikhov,762,Expert,2026-03-04
399,tgraudie83,762,Expert,2026-03-04
400,Nico_Olyvian,761,Expert,2026-03-04
401,Fressouer,761,Expert,2026-03-04
402,Fubinix,760,Expert,2026-03-04
403,TintinTamarre,760,Expert,2026-03-04
404,amelied33,758,Expert,2026-03-04
405,French_Ninja,757,Expert,2026-03-04
406,Areki_,757,Expert,2026-03-04
407,HardenBoar,756,Expert,2026-03-04
408,Kaourentin_,756,Expert,2026-03-04
409,seblepieux,755,Expert,2026-03-04
410,Simboy31,753,Expert,2026-03-04
411,DocUtom,753,Expert,2026-03-04
412,regaabi,753,Expert,2026-03-04
413,mpaolinocd,752,Expert,2026-03-04
414,camoxx_,751,Expert,2026-03-04
415,Valkeine,751,Expert,2026-03-04
416,alain195417,751,Expert,2026-03-04
417,Doubhea,750,Expert,2026-03-04
418,axorem0202,748,Expert,2026-03-04
419,lipstick44160,747,Expert,2026-03-04
420,Loucaluz,746,Expert,2026-03-04
421,adamounaking,745,Expert,2026-03-04
422,romanimaux,745,Expert,2026-03-04
423,liliyii,744,Expert,2026-03-04
424,eblett,743,Expert,2026-03-04
425,yanisflxxx,743,Expert,2026-03-04
426,matt3xbot,743,Expert,2026-03-04
427,artepat,741,Expert,2026-03-04
428,amosdq,741,Expert,2026-03-04
429,bapt0511,741,Expert,2026-03-04
430,tan__ki,740,Expert,2026-03-04
431,FrenchArmyGuy,740,Expert,2026-03-04
432,antkil02,740,Expert,2026-03-04
433,Pierrox5,739,Expert,2026-03-04
434,HeebooKuro,737,Expert,2026-03-04
435,jiiraph,736,Expert,2026-03-04
436,Dodo2308,736,Expert,2026-03-04
437,universalis_max,735,Expert,2026-03-04
438,Loyyso,734,Expert,2026-03-04
439,ohlegigi,733,Expert,2026-03-04
440,palox_213,730,Expert,2026-03-04
441,ilyas_,730,Expert,2026-03-04
442,claude_maillou,729,Expert,2026-03-04
443,jomsu23,729,Expert,2026-03-04
444,MehdiYopi,729,Expert,2026-03-04
445,LeGouicheur,729,Expert,2026-03-04
446,ptitbouh,728,Expert,2026-03-04
447,cedricblandin,728,Expert,2026-03-04
448,Kowalsky06,727,Expert,2026-03-04
449,chloeamt,727,Expert,2026-03-04
450,lougneh,727,Expert,2026-03-04
451,jeremiejk,726,Expert,2026-03-04
452,ourssucrerie,725,Expert,2026-03-04
453,JoshBrolin34,724,Expert,2026-03-04
454,Gabivad,724,Expert,2026-03-04
455,Eusphodus,724,Expert,2026-03-04
456,saaam888,722,Expert,2026-03-04
457,elpiteleto,722,Expert,2026-03-04
458,mathiswolfie,721,Expert,2026-03-04
459,aurelbj75,721,Expert,2026-03-04
460,beubaz,721,Expert,2026-03-04
461,benoireuhh,720,Expert,2026-03-04
462,Spido39,719,Expert,2026-03-04
463,peacefulcatworld,719,Expert,2026-03-04
464,oreuga_,718,Expert,2026-03-04
465,alcarex09,716,Expert,2026-03-04
466,Paultraunesofa,715,Expert,2026-03-04
467,megata__,715,Expert,2026-03-04
468,gaubian,714,Expert,2026-03-04
469,Shikoroh,711,Expert,2026-03-04
470,wazanimay_,711,Expert,2026-03-04
471,CatCahuait,711,Expert,2026-03-04
472,AhriRoseElmac,711,Expert,2026-03-04
473,harveyslim,710,Expert,2026-03-04
474,nouyork_hs,710,Expert,2026-03-04
475,TamagoSpace,710,Expert,2026-03-04
476,maeveaml25,709,Expert,2026-03-04
477,tobias_frd,709,Expert,2026-03-04
478,lechapelier55,707,Expert,2026-03-04
479,celsanfri,705,Expert,2026-03-04
480,silvamillon,704,Expert,2026-03-04
481,lacremiere07,704,Expert,2026-03-04
482,carlitalovesbees,702,Expert,2026-03-04
483,Serial76,700,Expert,2026-03-04
484,tomnz945,698,Expert,2026-03-04
485,Niflheim13,696,Expert,2026-03-04
486,f4lco_10,695,Expert,2026-03-04
487,m8_nanocif,695,Expert,2026-03-04
488,Herakles64,694,Expert,2026-03-04
489,zetla7,694,Expert,2026-03-04
490,soussonoeil,693,Expert,2026-03-04
491,lijiko98,690,Expert,2026-03-04
492,mimines1,689,Expert,2026-03-04
493,magicdidou34,688,Expert,2026-03-04
494,BrorenTilTchoupi,688,Expert,2026-03-04
495,romslatempete,687,Expert,2026-03-04
496,jakku003,687,Expert,2026-03-04
497,jeanbradley,686,Expert,2026-03-04
498,jubryant,686,Expert,2026-03-04
499,kraken_ti,686,Expert,2026-03-04
500,MTX_Magikzz,686,Expert,2026-03-04
501,BehelFR,686,Expert,2026-03-04
502,helshan,683,Expert,2026-03-04
503,LSel_grenade,682,Expert,2026-03-04
504,sebnet25,681,Expert,2026-03-04
505,nnrclt,680,Expert,2026-03-04
506,zeligggg,680,Expert,2026-03-04
507,Qorback,679,Expert,2026-03-04
508,vincentavellana,678,Expert,2026-03-04
509,vejeam,676,Expert,2026-03-04
510,larbex10,674,Expert,2026-03-04
511,clementlaimant,674,Expert,2026-03-04
512,Jee64,674,Expert,2026-03-04
513,guigvk,674,Expert,2026-03-04
514,Adwon_,674,Expert,2026-03-04
515,Mazkeem,673,Expert,2026-03-04
516,lothorcanie,671,Expert,2026-03-04
517,R4tatosk,671,Expert,2026-03-04
518,baatoou,668,Expert,2026-03-04
519,0xard,666,Expert,2026-03-04
520,kittybzh,666,Expert,2026-03-04
521,JudastaZ_,665,Expert,2026-03-04
522,paul_f_t,665,Expert,2026-03-04
523,CamyrtilleMC,664,Expert,2026-03-04
524,yeloi,664,Expert,2026-03-04
525,3timit3,663,Expert,2026-03-04
526,batandleo,663,Expert,2026-03-04
527,skil0ne,663,Expert,2026-03-04
528,m3ch3l,663,Expert,2026-03-04
529,Belkahiaa,663,Expert,2026-03-04
530,eliott00000000,662,Expert,2026-03-04
531,Hinata_live,661,Expert,2026-03-04
532,Zaringers,661,Expert,2026-03-04
533,emmabuisson222,660,Expert,2026-03-04
534,Redfirds,659,Expert,2026-03-04
535,speedygonzalix,659,Expert,2026-03-04
536,BranlixLeGaulois,659,Expert,2026-03-04
537,norak_26,658,Expert,2026-03-04
538,nonolabiscottezer,658,Expert,2026-03-04
539,bananaspif,658,Expert,2026-03-04
540,hugoooo0_,658,Expert,2026-03-04
541,yannmdc,656,Expert,2026-03-04
542,maattieu16,655,Expert,2026-03-04
543,eiden94,655,Expert,2026-03-04
544,SantiDeRiv,654,Expert,2026-03-04
545,caerwyn8,654,Expert,2026-03-04
546,tsquoir51,653,Expert,2026-03-04
547,TakoHetto,652,Expert,2026-03-04
548,julien_gsmt,651,Expert,2026-03-04
549,Licorne_Flakes,651,Expert,2026-03-04
550,elflavosss,650,Expert,2026-03-04
551,ivyix,649,Expert,2026-03-04
552,Fefelhhhh,649,Expert,2026-03-04
553,jumars33,648,Expert,2026-03-04
554,muhfassa,648,Expert,2026-03-04
555,Vorax2102,647,Expert,2026-03-04
556,dionysos1310,647,Expert,2026-03-04
557,yoballers,646,Expert,2026-03-04
558,benjir21,644,Expert,2026-03-04
559,Lwizhart,644,Expert,2026-03-04
560,MrNerwey,642,Expert,2026-03-04
561,noebsn,642,Expert,2026-03-04
562,klaratsh,642,Expert,2026-03-04
563,toujoudelika,641,Expert,2026-03-04
564,liam_2307,640,Expert,2026-03-04
565,MsieurDodo,640,Expert,2026-03-04
566,OrelChien,640,Expert,2026-03-04
567,ang9lee,639,Expert,2026-03-04
568,servietsky488,638,Expert,2026-03-04
569,TheAmazingBishop,638,Expert,2026-03-04
570,adriknox,637,Expert,2026-03-04
571,v2ajnbl9,637,Expert,2026-03-04
572,RickyMuscle,637,Expert,2026-03-04
573,EmudDemasic,636,Expert,2026-03-04
574,melyxis,635,Expert,2026-03-04
575,Lohem54,635,Expert,2026-03-04
576,ares_p13,635,Expert,2026-03-04
577,malo_dschs,634,Expert,2026-03-04
578,Themrzz,633,Expert,2026-03-04
579,Alpoca1,632,Expert,2026-03-04
580,bolchepitch,631,Expert,2026-03-04
581,bletzpack,631,Expert,2026-03-04
582,Sebayer,629,Expert,2026-03-04
583,Zigaroula,628,Expert,2026-03-04
584,just1mart1,627,Expert,2026-03-04
585,knackiy,626,Expert,2026-03-04
586,artistepeintre26,626,Expert,2026-03-04
587,emphaaaa,626,Expert,2026-03-04
588,Tilston,626,Expert,2026-03-04
589,tuktuk286,625,Expert,2026-03-04
590,cissou3324,623,Expert,2026-03-04
591,soaad12345,623,Expert,2026-03-04
592,enzolaplante,623,Expert,2026-03-04
593,poupoutte,618,Expert,2026-03-04
594,komagik,617,Expert,2026-03-04
595,Razac76,616,Expert,2026-03-04
596,MINISKYFALL,615,Expert,2026-03-04
597,ssk68100,615,Expert,2026-03-04
598,sebway,614,Expert,2026-03-04
599,stone__island_,613,Expert,2026-03-04
600,gabsdou,613,Expert,2026-03-04
601,gauwilzam_mp4,612,Expert,2026-03-04
602,lakitex,612,Expert,2026-03-04
603,Damles,612,Expert,2026-03-04
604,baretus,610,Expert,2026-03-04
605,nanet3974,610,Expert,2026-03-04
606,xTwenkyy,608,Expert,2026-03-04
607,svz_anarion,608,Expert,2026-03-04
608,Thib_ouille,607,Expert,2026-03-04
609,valairlines_,607,Expert,2026-03-04
610,ton_gros_front_lisse,606,Expert,2026-03-04
611,minouche7463,606,Expert,2026-03-04
612,nico14_twitch,603,Expert,2026-03-04
613,andulo9150,602,Expert,2026-03-04
614,rekkvinnan,602,Expert,2026-03-04
615,moriartt,602,Expert,2026-03-04
616,zetiti270,601,Expert,2026-03-04
617,lul_fdz,600,Expert,2026-03-04
618,maitre_oasis,600,Expert,2026-03-04
619,CharlemagneDuBled,600,Expert,2026-03-04
620,eli0x58,600,Expert,2026-03-04
621,tamsoueg,598,Expert,2026-03-04
622,m_bouly67,598,Expert,2026-03-04
623,FirsTerZ,598,Expert,2026-03-04
624,melman3107,597,Expert,2026-03-04
625,druidebonux,597,Expert,2026-03-04
626,Guicri_,597,Expert,2026-03-04
627,Shogaro,596,Expert,2026-03-04
628,armilz,595,Expert,2026-03-04
629,guezman555,594,Expert,2026-03-04
630,anais_sg,594,Expert,2026-03-04
631,baiikoo,593,Expert,2026-03-04
632,STEUSSO,592,Expert,2026-03-04
633,celin_brownie,592,Expert,2026-03-04
634,eliox_lapox,590,Expert,2026-03-04
635,Yotinshull,590,Expert,2026-03-04
636,balledegolf,589,Expert,2026-03-04
637,utopie_r,589,Expert,2026-03-04
638,ademonio3,589,Expert,2026-03-04
639,w4ld00,588,Expert,2026-03-04
640,trithom23,586,Expert,2026-03-04
641,clallema,586,Expert,2026-03-04
642,KCconstantin,586,Expert,2026-03-04
643,peyo222,586,Expert,2026-03-04
644,Aza_elm,586,Expert,2026-03-04
645,vanptide,585,Expert,2026-03-04
646,Koalet,584,Expert,2026-03-04
647,inesr81,584,Expert,2026-03-04
648,berrytos,583,Expert,2026-03-04
649,Zifuko_de_la_B,583,Expert,2026-03-04
650,mjlaucian,582,Expert,2026-03-04
651,zenox170,582,Expert,2026-03-04
652,escomparr,582,Expert,2026-03-04
653,vivekjosef,582,Expert,2026-03-04
654,dy0uu,581,Expert,2026-03-04
655,LittleYugo,581,Expert,2026-03-04
656,lealavraiee,579,Expert,2026-03-04
657,lemonkilter,579,Expert,2026-03-04
658,mb3105,579,Expert,2026-03-04
659,Apost0phe,579,Expert,2026-03-04
660,littledesire73,579,Expert,2026-03-04
661,suffpapy,578,Expert,2026-03-04
662,HouussLeRetour,578,Expert,2026-03-04
663,steph1769300,578,Expert,2026-03-04
664,Kernatol,577,Expert,2026-03-04
665,Rodsyyy,577,Expert,2026-03-04
666,Meiin__,577,Expert,2026-03-04
667,Erx0n,577,Expert,2026-03-04
668,justerango,577,Expert,2026-03-04
669,theodebx,577,Expert,2026-03-04
670,Serviiiietsky,576,Expert,2026-03-04
671,ThaoIan,575,Expert,2026-03-04
672,Demurah,575,Expert,2026-03-04
673,chicodelamuerte,574,Expert,2026-03-04
674,LHV_Sky_DreaM_,573,Expert,2026-03-04
675,asteria3038,573,Expert,2026-03-04
676,Roubaixe,572,Expert,2026-03-04
677,matdudedude,571,Expert,2026-03-04
678,bipraxk,571,Expert,2026-03-04
679,rnobz71,570,Expert,2026-03-04
680,campiignon,567,Expert,2026-03-04
681,kepler_232,567,Expert,2026-03-04
682,kalyse83,567,Expert,2026-03-04
683,KixLaMenace_,567,Expert,2026-03-04
684,pascaline5956,565,Expert,2026-03-04
685,mockingjay1230,565,Expert,2026-03-04
686,ykiyuk,565,Expert,2026-03-04
687,lucieebl,565,Expert,2026-03-04
688,turrix_zip,564,Expert,2026-03-04
689,jbalvin88,564,Expert,2026-03-04
690,moletg74,563,Expert,2026-03-04
691,Selachimorpha__,563,Expert,2026-03-04
692,eliot_mh,563,Expert,2026-03-04
693,Fl0bio,563,Expert,2026-03-04
694,Lord_Drake_,563,Expert,2026-03-04
695,XmasFather,561,Expert,2026-03-04
696,tiny_slippers,561,Expert,2026-03-04
697,airvivi,561,Expert,2026-03-04
698,clara9306,560,Expert,2026-03-04
699,albanne,560,Expert,2026-03-04
700,Dekkhen,558,Expert,2026-03-04
701,Fantomas44,557,Expert,2026-03-04
702,WizerWx,555,Expert,2026-03-04
703,Pexmab,554,Expert,2026-03-04
704,remissile_,554,Expert,2026-03-04
705,Aquarius_56,553,Expert,2026-03-04
706,embrouaze,552,Expert,2026-03-04
707,Prototype4K,551,Expert,2026-03-04
708,domitille_sans,551,Expert,2026-03-04
709,may3316,551,Expert,2026-03-04
710,lucioole13,551,Expert,2026-03-04
711,gilles_bourque,550,Expert,2026-03-04
712,fab_oo,549,Expert,2026-03-04
713,Lily_ace,549,Expert,2026-03-04
714,FXzoroarc,548,Expert,2026-03-04
715,sherpearce,548,Expert,2026-03-04
716,dr_andral,548,Expert,2026-03-04
717,valenting9378,546,Expert,2026-03-04
718,MrRuseur,545,Expert,2026-03-04
719,asheb00,544,Expert,2026-03-04
720,harry_dean_stanton,542,Expert,2026-03-04
721,bethored25,541,Expert,2026-03-04
722,sorzi,541,Expert,2026-03-04
723,Wolfwar78,540,Expert,2026-03-04
724,fhorn23,539,Expert,2026-03-04
725,jylix_,538,Expert,2026-03-04
726,Brigadoon8,538,Expert,2026-03-04
727,Webelu,537,Expert,2026-03-04
728,RoseChateau,537,Expert,2026-03-04
729,fl00da,537,Expert,2026-03-04
730,bapinho_22,536,Expert,2026-03-04
731,kimpawssible,535,Expert,2026-03-04
732,Dintitan_G,535,Expert,2026-03-04
733,louproch,534,Expert,2026-03-04
734,onestufflevrai,533,Expert,2026-03-04
735,ssybele,533,Expert,2026-03-04
736,neyka_a,533,Expert,2026-03-04
737,sophie_lxn,533,Expert,2026-03-04
738,Rapik79,533,Expert,2026-03-04
739,glantichou,532,Expert,2026-03-04
740,dyonisos086,531,Expert,2026-03-04
741,PlanetGeek,531,Expert,2026-03-04
742,Sherlock_3571,531,Expert,2026-03-04
743,TanguyOM,531,Expert,2026-03-04
744,matlhhg31,530,Expert,2026-03-04
745,Theagaphie,530,Expert,2026-03-04
746,DTJ_01,530,Expert,2026-03-04
747,romelcz,529,Expert,2026-03-04
748,HerrEks,529,Expert,2026-03-04
749,cloe5788a,527,Expert,2026-03-04
750,Kenshima,527,Expert,2026-03-04
751,pawaaaa_,527,Expert,2026-03-04
752,ZachLeStream,527,Expert,2026-03-04
753,clapuik,526,Expert,2026-03-04
754,eldon947,525,Expert,2026-03-04
755,Pagui,525,Expert,2026-03-04
756,cloclochlo_b,524,Expert,2026-03-04
757,reeey__,524,Expert,2026-03-04
758,andreas09500,524,Expert,2026-03-04
759,rebox_fn,524,Expert,2026-03-04
760,nathbgnn,523,Expert,2026-03-04
761,RedcraftMaster,523,Expert,2026-03-04
762,Nwardezyr,522,Expert,2026-03-04
763,uncledrew_85,522,Expert,2026-03-04
764,babou945,522,Expert,2026-03-04
765,Nisignem,522,Expert,2026-03-04
766,billmall44310,522,Expert,2026-03-04
767,yayachoucroute_officiel,521,Expert,2026-03-04
768,quentinhgg27,521,Expert,2026-03-04
769,gashii_na,521,Expert,2026-03-04
770,Patchi6249,520,Expert,2026-03-04
771,Asmowo,519,Expert,2026-03-04
772,ghalimoums,518,Expert,2026-03-04
773,jchamign,518,Expert,2026-03-04
774,toby_hornetsfr,518,Expert,2026-03-04
775,keyrran,518,Expert,2026-03-04
776,djolissu,517,Expert,2026-03-04
777,cla_bou_,517,Expert,2026-03-04
778,SquaredGrunt,517,Expert,2026-03-04
779,nicowthehead,516,Expert,2026-03-04
780,mathieu_34920,516,Expert,2026-03-04
781,maximeouais,515,Expert,2026-03-04
782,pachangaboi,515,Expert,2026-03-04
783,FyyTox,514,Expert,2026-03-04
784,hortensia06,513,Expert,2026-03-04
785,lukasdurok,513,Expert,2026-03-04
786,TessoTV,512,Expert,2026-03-04
787,lacraw666,511,Expert,2026-03-04
788,kaliro_fr,511,Expert,2026-03-04
789,naoofr,511,Expert,2026-03-04
790,nazdrovjebr,510,Expert,2026-03-04
791,MrThanaka,509,Expert,2026-03-04
792,Valais14,509,Expert,2026-03-04
793,Monsieur_Juj,509,Expert,2026-03-04
794,BillyBeardo,509,Expert,2026-03-04
795,aodhan_lb,509,Expert,2026-03-04
796,dimvalax,508,Expert,2026-03-04
797,lerefugedugamer,508,Expert,2026-03-04
798,saiko_reiji,508,Expert,2026-03-04
799,roylapoutre68,507,Expert,2026-03-04
800,marie_etsespetitstraits,507,Expert,2026-03-04
801,Waaave__,507,Expert,2026-03-04
802,linfinitumm,506,Expert,2026-03-04
803,wiggly_boy,506,Expert,2026-03-04
804,virgilux,506,Expert,2026-03-04
805,eyrochi,505,Expert,2026-03-04
806,yav_jr,505,Expert,2026-03-04
807,nainbustibo,505,Expert,2026-03-04
808,lucasinhoom,505,Expert,2026-03-04
809,blurrynat,504,Expert,2026-03-04
810,Bubble__Lisa,503,Expert,2026-03-04
811,Lodjigg,502,Expert,2026-03-04
812,TangDara,500,Expert,2026-03-04
813,nanou33190,500,Expert,2026-03-04
814,Skribbled_,497,Expert,2026-03-04
815,damso_22,497,Expert,2026-03-04
816,Pikaxyyy,497,Expert,2026-03-04
817,seizeh,496,Expert,2026-03-04
818,flash_mc_cime,496,Expert,2026-03-04
819,foulimage,496,Expert,2026-03-04
820,lulu77_,494,Expert,2026-03-04
821,lounapsch,494,Expert,2026-03-04
822,Ascure,493,Expert,2026-03-04
823,henricroixrond,493,Expert,2026-03-04
824,Tourop29,493,Expert,2026-03-04
825,Buttercupsz_,492,Expert,2026-03-04
826,ngollo13,492,Expert,2026-03-04
827,jspjesuisarthur,492,Expert,2026-03-04
828,jeanmichelrebou,491,Expert,2026-03-04
829,salutbob720,491,Expert,2026-03-04
830,flexyyzzz,491,Expert,2026-03-04
831,Quentin_FTW,490,Expert,2026-03-04
832,jsplusmonidentifiantetmdp,489,Expert,2026-03-04
833,Typlouf_,488,Expert,2026-03-04
834,SileksTV,488,Expert,2026-03-04
835,asdelatlas,487,Expert,2026-03-04
836,Hemistiche_,487,Expert,2026-03-04
837,doctorkelogs,487,Expert,2026-03-04
838,Krotaaas,487,Expert,2026-03-04
839,Pititlink,486,Expert,2026-03-04
840,mathou_brb,485,Expert,2026-03-04
841,improsteur,484,Expert,2026-03-04
842,Ewylinia,484,Expert,2026-03-04
843,Ramei_Taphore,484,Expert,2026-03-04
844,gob1lad_,483,Expert,2026-03-04
845,TempoBack,483,Expert,2026-03-04
846,OzymandiasFG,482,Expert,2026-03-04
847,robinase1,481,Expert,2026-03-04
848,coeurpendule,481,Expert,2026-03-04
849,infer_not,481,Expert,2026-03-04
850,Boubouze25,481,Expert,2026-03-04
851,Neaflys,481,Expert,2026-03-04
852,Raptorrr59,480,Expert,2026-03-04
853,Asefy42,480,Expert,2026-03-04
854,flolepetitflocon,479,Expert,2026-03-04
855,Light_srh,479,Expert,2026-03-04
856,thebabet,478,Expert,2026-03-04
857,WanDayo_,477,Expert,2026-03-04
858,battlamenace,477,Expert,2026-03-04
859,2Mimoch,477,Expert,2026-03-04
860,linkseff,477,Expert,2026-03-04
861,MiisterBueno,477,Expert,2026-03-04
862,plntel,476,Expert,2026-03-04
863,toxxinswitch,476,Expert,2026-03-04
864,piejeh,476,Expert,2026-03-04
865,ev4n1r56,475,Expert,2026-03-04
866,Bepo____,474,Expert,2026-03-04
867,MrYannSan,474,Expert,2026-03-04
868,Janken01,474,Expert,2026-03-04
869,Kramer_McBarrett,473,Expert,2026-03-04
870,murddy_r6,472,Expert,2026-03-04
871,hulot3012,472,Expert,2026-03-04
872,Niels_Elit,472,Expert,2026-03-04
873,laulaux_,471,Expert,2026-03-04
874,neocommedansmatrix,469,Expert,2026-03-04
875,still_mbc,469,Expert,2026-03-04
876,SLG299,468,Expert,2026-03-04
877,clarartichaud,468,Expert,2026-03-04
878,zaynwtf_,468,Expert,2026-03-04
879,pneumothorman,468,Expert,2026-03-04
880,aRReVn0,468,Expert,2026-03-04
881,xenol57,467,Expert,2026-03-04
882,ZenysDrago,467,Expert,2026-03-04
883,Poweriser144,467,Expert,2026-03-04
884,joeyxuyhj,466,Expert,2026-03-04
885,sky_little,466,Expert,2026-03-04
886,Rorotte_,466,Expert,2026-03-04
887,prealexx,465,Expert,2026-03-04
888,kiyuq666,465,Expert,2026-03-04
889,Brice2Nils,464,Expert,2026-03-04
890,Neohoops,464,Expert,2026-03-04
891,agon_cc,463,Expert,2026-03-04
892,louis_bzl,462,Expert,2026-03-04
893,srusru0805,461,Expert,2026-03-04
894,crgrd,461,Expert,2026-03-04
895,nemesis_0503,460,Expert,2026-03-04
896,mmaattd,459,Expert,2026-03-04
897,pitimikma3l,459,Expert,2026-03-04
898,skIyde,458,Expert,2026-03-04
899,Retsillo,458,Expert,2026-03-04
900,clement0330,458,Expert,2026-03-04
901,quenssee,457,Expert,2026-03-04
902,misteralex2112,457,Expert,2026-03-04
903,passerine23,457,Expert,2026-03-04
904,flow56300,456,Expert,2026-03-04
905,man0nmaoui,456,Expert,2026-03-04
906,bobbbyz,455,Expert,2026-03-04
907,gfunkybasse,455,Expert,2026-03-04
908,cellowo,455,Expert,2026-03-04
909,Nxlqn,455,Expert,2026-03-04
910,stervox_,454,Expert,2026-03-04
911,ninibouquiine,453,Expert,2026-03-04
912,Balem88,453,Expert,2026-03-04
913,KiViK___,453,Expert,2026-03-04
914,ModZoL,453,Expert,2026-03-04
915,cha_gbb_,453,Expert,2026-03-04
916,surfysamy23,453,Expert,2026-03-04
917,elisim,452,Expert,2026-03-04
918,Pifoute,452,Expert,2026-03-04
919,vesp_thynisol,451,Expert,2026-03-04
920,blaisematuidigoat,451,Expert,2026-03-04
921,loooulouuuuuuuuuuuuu,450,Expert,2026-03-04
922,grosveineux85,450,Expert,2026-03-04
923,Alexdr_sle,450,Expert,2026-03-04
924,arthurlongin,450,Expert,2026-03-04
925,Tornoz,450,Expert,2026-03-04
926,conni2507,450,Expert,2026-03-04
927,TayKo007,448,Expert,2026-03-04
928,MethEnFait,448,Expert,2026-03-04
929,t0ul0use47,447,Expert,2026-03-04
930,cloclolette,447,Expert,2026-03-04
931,formiwan,446,Expert,2026-03-04
932,mx2gunrs,446,Expert,2026-03-04
933,PoLLux5,445,Expert,2026-03-04
934,dechannes,444,Expert,2026-03-04
935,jefloow,444,Expert,2026-03-04
936,martiinuuus,443,Expert,2026-03-04
937,DANLCARTON,443,Expert,2026-03-04
938,jeffSeven,442,Expert,2026-03-04
939,keryoma,442,Expert,2026-03-04
940,baptiste_mnst,442,Expert,2026-03-04
941,Rabenas,442,Expert,2026-03-04
942,triskell35,442,Expert,2026-03-04
943,O_Tawa,440,Expert,2026-03-04
944,picon02,439,Expert,2026-03-04
945,mrthiol,438,Expert,2026-03-04
946,alshimistes,438,Expert,2026-03-04
947,pacoclicot,438,Expert,2026-03-04
948,Youfzer,437,Expert,2026-03-04
949,Mugis,437,Expert,2026-03-04
950,deltimekl,437,Expert,2026-03-04
951,captaindeadpool55,435,Expert,2026-03-04
952,aprif,434,Expert,2026-03-04
953,AVistaDeNas,434,Expert,2026-03-04
954,javierpastore2716,433,Expert,2026-03-04
955,martincloson,433,Expert,2026-03-04
956,grootplan,433,Expert,2026-03-04
957,bonjourpierre,433,Expert,2026-03-04
958,astrologia14,432,Expert,2026-03-04
959,Lesathus,432,Expert,2026-03-04
960,wyngfire,431,Expert,2026-03-04
961,geffg69,430,Expert,2026-03-04
962,firox_91,430,Expert,2026-03-04
963,cledesol45,429,Expert,2026-03-04
964,Galaxy541,429,Expert,2026-03-04
965,midnight_rdb,428,Expert,2026-03-04
966,loucaz_rbx,428,Expert,2026-03-04
967,RoyalNwKadoc,425,Expert,2026-03-04
968,titiriprag,425,Expert,2026-03-04
969,eesil,425,Expert,2026-03-04
970,Narim0,425,Expert,2026-03-04
971,joshuadepedi,424,Expert,2026-03-04
972,xraymnd,423,Expert,2026-03-04
973,ew0ne,423,Expert,2026-03-04
974,otikiz,423,Expert,2026-03-04
975,Damonarix,423,Expert,2026-03-04
976,Ritz_Fickz,422,Expert,2026-03-04
977,riiixxx,422,Expert,2026-03-04
978,tellure52,422,Expert,2026-03-04
979,momotte21,422,Expert,2026-03-04
980,titinelagrande,420,Expert,2026-03-04
981,DocKrakan,420,Expert,2026-03-04
982,ptnmjsp,420,Expert,2026-03-04
983,provencal_le_gaulois_kmlt,419,Expert,2026-03-04
984,tristan_ryu,419,Expert,2026-03-04
985,cherub_fan,418,Expert,2026-03-04
986,azgar0,418,Expert,2026-03-04
987,Damdam13600,418,Expert,2026-03-04
988,mwtoshi,417,Expert,2026-03-04
989,suuuuzon,417,Expert,2026-03-04
990,Elyar_TV,416,Expert,2026-03-04
991,snakinho74,416,Expert,2026-03-04
992,arntet,415,Expert,2026-03-04
993,Doway,414,Expert,2026-03-04
994,ayoo231211,412,Expert,2026-03-04
995,galakmoody,412,Expert,2026-03-04
996,marickette,412,Expert,2026-03-04
997,mathildegregoire,411,Expert,2026-03-04
998,loulou_lezeub,411,Expert,2026-03-04
999,ahorushiro,411,Expert,2026-03-04
1000,crimsonrom,410,Expert,2026-03-04
1001,fixfax83,410,Expert,2026-03-04
1002,Arg_a,410,Expert,2026-03-04
1003,Samoussam,409,Expert,2026-03-04
1004,psycholink91,407,Expert,2026-03-04
1005,pierre52190,406,Expert,2026-03-04
1006,lau_ra_7,405,Expert,2026-03-04
1007,Lopiktec,405,Expert,2026-03-04
1008,Myssa,405,Expert,2026-03-04
1009,R0ch8,404,Expert,2026-03-04
1010,DIO_1926,403,Expert,2026-03-04
1011,KheosFR,403,Expert,2026-03-04
1012,raaa_aph,403,Expert,2026-03-04
1013,Nonajo29,402,Expert,2026-03-04
1014,Foujine,402,Expert,2026-03-04
1015,DianeHn,401,Expert,2026-03-04
1016,vassago1986,401,Expert,2026-03-04
1017,Spryven_,399,Expert,2026-03-04
1018,Kelzara,399,Expert,2026-03-04
1019,davinhyo_8,397,Expert,2026-03-04
1020,leroigogus,397,Expert,2026-03-04
1021,Adar59,397,Expert,2026-03-04
1022,stiglitztz,397,Expert,2026-03-04
1023,Maeridiann,397,Expert,2026-03-04
1024,robsfool,397,Expert,2026-03-04
1025,hugojoubert01,396,Expert,2026-03-04
1026,lKazz_,395,Expert,2026-03-04
1027,ejiil2,394,Expert,2026-03-04
1028,maxenzz,394,Expert,2026-03-04
1029,arnaud2204,393,Expert,2026-03-04
1030,atropine35,392,Expert,2026-03-04
1031,theolebgdu35,390,Expert,2026-03-04
1032,nash_ol,390,Expert,2026-03-04
1033,daffyduckamaru,389,Expert,2026-03-04
1034,jaden37_,389,Expert,2026-03-04
1035,WeKantStop,389,Expert,2026-03-04
1036,Lastot,389,Expert,2026-03-04
1037,Kiddy74,389,Expert,2026-03-04
1038,franny59,389,Expert,2026-03-04
1039,alex_pingg,387,Expert,2026-03-04
1040,MDCe,387,Expert,2026-03-04
1041,romanitou_,386,Expert,2026-03-04
1042,guiguich9,386,Expert,2026-03-04
1043,Gauffragon,386,Expert,2026-03-04
1044,LeNono_TV,386,Expert,2026-03-04
1045,laurelineldr,386,Expert,2026-03-04
1046,markaragnos501,385,Expert,2026-03-04
1047,theolgrs,385,Expert,2026-03-04
1048,arianeblack,385,Expert,2026-03-04
1049,romaiin3898,384,Expert,2026-03-04
1050,Shatrani44,384,Expert,2026-03-04
1051,BauBauBiNKS,384,Expert,2026-03-04
1052,tintochette_,383,Expert,2026-03-04
1053,Almo_le_trublion,382,Expert,2026-03-04
1054,xLe0_,382,Expert,2026-03-04
1055,ScarrsX,381,Expert,2026-03-04
1056,Kalepom,381,Expert,2026-03-04
1057,jujustumeuh,379,Expert,2026-03-04
1058,Koriio,378,Expert,2026-03-04
1059,dondiego6818_,378,Expert,2026-03-04
1060,el_jaguar8,378,Expert,2026-03-04
1061,echtecly,378,Expert,2026-03-04
1062,YungHooligan06,378,Expert,2026-03-04
1063,romain_1410,377,Expert,2026-03-04
1064,frzzzzz63,377,Expert,2026-03-04
1065,matbudd,377,Expert,2026-03-04
1066,aepsilon2,376,Expert,2026-03-04
1067,cocoboit,375,Expert,2026-03-04
1068,aramistouille,374,Expert,2026-03-04
1069,lepriscie,374,Expert,2026-03-04
1070,hugo140604,374,Expert,2026-03-04
1071,haltemanga,374,Expert,2026-03-04
1072,mateteee,374,Expert,2026-03-04
1073,chek56,374,Expert,2026-03-04
1074,angelique51000,374,Expert,2026-03-04
1075,ecureuilbleu,373,Expert,2026-03-04
1076,lescargotvadrouilleur,372,Expert,2026-03-04
1077,Idthesheep,372,Expert,2026-03-04
1078,Yakouze,372,Expert,2026-03-04
1079,bi_e,372,Expert,2026-03-04
1080,matooooooooooo0,371,Expert,2026-03-04
1081,MystCloud,370,Expert,2026-03-04
1082,moutontuf,370,Expert,2026-03-04
1083,Floco_YT,368,Expert,2026-03-04
1084,balboachess,367,Expert,2026-03-04
1085,ElFringoo,367,Expert,2026-03-04
1086,miniacs,367,Expert,2026-03-04
1087,Miloumath,367,Expert,2026-03-04
1088,karelle_p,366,Expert,2026-03-04
1089,le_bazz,366,Expert,2026-03-04
1090,Oasiisgood,366,Expert,2026-03-04
1091,Escarryna,365,Expert,2026-03-04
1092,babajem,365,Expert,2026-03-04
1093,la_romb,365,Expert,2026-03-04
1094,lucilecdt,365,Expert,2026-03-04
1095,hypoallergenique__,363,Expert,2026-03-04
1096,Waylannon,362,Expert,2026-03-04
1097,Tchiktchikk,362,Expert,2026-03-04
1098,Wowtwinka,361,Expert,2026-03-04
1099,Luthis_IV,361,Expert,2026-03-04
1100,vincenzo35230,360,Expert,2026-03-04
1101,Wataroux,360,Expert,2026-03-04
1102,estarossaaa18,360,Expert,2026-03-04
1103,excalibur2924,360,Expert,2026-03-04
1104,FlorusHippocampe,360,Expert,2026-03-04
1105,ju_le_100,360,Expert,2026-03-04
1106,qualouche24,359,Expert,2026-03-04
1107,dzekonomies,359,Expert,2026-03-04
1108,gaspacho2303,359,Expert,2026-03-04
1109,SulfuryDBX,358,Expert,2026-03-04
1110,Holt78,357,Expert,2026-03-04
1111,chavouille,357,Expert,2026-03-04
1112,batlamy49,356,Expert,2026-03-04
1113,manuerequin,356,Expert,2026-03-04
1114,JordanVdl,356,Expert,2026-03-04
1115,Khryd,356,Expert,2026-03-04
1116,Kaizonic,355,Expert,2026-03-04
1117,luxakyy,355,Expert,2026-03-04
1118,lixtya,354,Expert,2026-03-04
1119,Tyney_,353,Expert,2026-03-04
1120,derpepino,352,Expert,2026-03-04
1121,shimz22,352,Expert,2026-03-04
1122,malozer35,352,Expert,2026-03-04
1123,xovves,352,Expert,2026-03-04
1124,yannisznt,352,Expert,2026-03-04
1125,maedandelion,351,Expert,2026-03-04
1126,elwalidinho,351,Expert,2026-03-04
1127,Jakp0t_,351,Expert,2026-03-04
1128,TheNewChemist,350,Expert,2026-03-04
1129,TTouille,350,Expert,2026-03-04
1130,pilloweli,350,Expert,2026-03-04
1131,Spayerboy,350,Expert,2026-03-04
1132,olkaaz,349,Expert,2026-03-04
1133,kekeyakari7,349,Expert,2026-03-04
1134,choukakiller,349,Expert,2026-03-04
1135,lilianlr10,347,Expert,2026-03-04
1136,general_vador,347,Expert,2026-03-04
1137,highdrien34,346,Expert,2026-03-04
1138,gui12ma,345,Expert,2026-03-04
1139,mxrinek,345,Expert,2026-03-04
1140,shlager,345,Expert,2026-03-04
1141,enzolebogose,344,Expert,2026-03-04
1142,siana23092000,344,Expert,2026-03-04
1143,Beerslayer06,344,Expert,2026-03-04
1144,Guitouuu,343,Expert,2026-03-04
1145,fb_julien,342,Expert,2026-03-04
1146,Aniade_,342,Expert,2026-03-04
1147,segotte70,342,Expert,2026-03-04
1148,boogawanga,341,Expert,2026-03-04
1149,zkkdlin,341,Expert,2026-03-04
1150,BoulangerDeCristal,341,Expert,2026-03-04
1151,KC_Feloux,341,Expert,2026-03-04
1152,mhaax_,340,Expert,2026-03-04
1153,guighzy,340,Expert,2026-03-04
1154,thomasvbgh,340,Expert,2026-03-04
1155,sar_yer,339,Expert,2026-03-04
1156,Hrognaar,338,Expert,2026-03-04
1157,teoulea8,337,Expert,2026-03-04
1158,nefeit_rl,336,Expert,2026-03-04
1159,roolerfan,336,Expert,2026-03-04
1160,Kezelem_TL,336,Expert,2026-03-04
1161,TalArtemis,335,Expert,2026-03-04
1162,alilabase18,335,Expert,2026-03-04
1163,Ratman258,334,Expert,2026-03-04
1164,no_lan_deng,333,Expert,2026-03-04
1165,arkysflexonurmom,332,Expert,2026-03-04
1166,lukasmelchior95,331,Expert,2026-03-04
1167,CaptainBaroud,331,Expert,2026-03-04
1168,labubette,330,Expert,2026-03-04
1169,LeAlveris,330,Expert,2026-03-04
1170,cha_pristi,330,Expert,2026-03-04
1171,jokair09,330,Expert,2026-03-04
1172,papazouglu500,328,Expert,2026-03-04
1173,MatForceur,328,Expert,2026-03-04
1174,jacklemalin,328,Expert,2026-03-04
1175,eddybluefingz,328,Expert,2026-03-04
1176,gros_nazeee,328,Expert,2026-03-04
1177,Operacomix,327,Expert,2026-03-04
1178,astridgnd,327,Expert,2026-03-04
1179,stibimi,326,Expert,2026-03-04
1180,ShinoxEU,326,Expert,2026-03-04
1181,EykuySs,326,Expert,2026-03-04
1182,BananCeleste,326,Expert,2026-03-04
1183,OrgeVenus,326,Expert,2026-03-04
1184,germanmen77,325,Expert,2026-03-04
1185,fewart24,325,Expert,2026-03-04
1186,okasa_vr,324,Expert,2026-03-04
1187,Ragnarok410,324,Expert,2026-03-04
1188,perrfre,323,Expert,2026-03-04
1189,siropmonarde,323,Expert,2026-03-04
1190,yuumaas,322,Expert,2026-03-04
1191,6m67,322,Expert,2026-03-04
1192,emmavossoeurs2,322,Expert,2026-03-04
1193,nicomygoddd,322,Expert,2026-03-04
1194,Grantef,321,Expert,2026-03-04
1195,strainedbutcute,319,Expert,2026-03-04
1196,leunachos,319,Expert,2026-03-04
1197,Ju_Tess,319,Expert,2026-03-04
1198,baptdll,319,Expert,2026-03-04
1199,idaje,319,Expert,2026-03-04
1200,arthur_dmcd,318,Expert,2026-03-04
1201,clararap,318,Expert,2026-03-04
1202,clement_tmsr,317,Expert,2026-03-04
1203,galaxy101201,317,Expert,2026-03-04
1204,lou_lb5,317,Expert,2026-03-04
1205,Ruityde,317,Expert,2026-03-04
1206,marin_g56,316,Expert,2026-03-04
1207,pierre_lny8,316,Expert,2026-03-04
1208,Whytetiger,315,Expert,2026-03-04
1209,LeKosby,315,Expert,2026-03-04
1210,cost4r,315,Expert,2026-03-04
1211,jacklessur,315,Expert,2026-03-04
1212,responseau,315,Expert,2026-03-04
1213,damis59,314,Expert,2026-03-04
1214,Daerrow_,313,Expert,2026-03-04
1215,btwix38,313,Expert,2026-03-04
1216,lapetitelouise1,312,Expert,2026-03-04
1217,ridzuWZK,311,Expert,2026-03-04
1218,Thephoenix15,311,Expert,2026-03-04
1219,Faudero,311,Expert,2026-03-04
1220,golrad,309,Expert,2026-03-04
1221,Sanjicook51,309,Expert,2026-03-04
1222,mathvall,309,Expert,2026-03-04
1223,DrRichard89,309,Expert,2026-03-04
1224,Allineaa,309,Expert,2026-03-04
1225,baptister42,308,Expert,2026-03-04
1226,hugo840,307,Expert,2026-03-04
1227,hft40,307,Expert,2026-03-04
1228,loukaysi,305,Expert,2026-03-04
1229,m_spector,304,Expert,2026-03-04
1230,roro2553,304,Expert,2026-03-04
1231,clemrev85,302,Expert,2026-03-04
1232,dgdrhzse,301,Expert,2026-03-04
1233,gallenssio,301,Expert,2026-03-04
1234,FloWteurs,300,Expert,2026-03-04
1235,Desillusion0,300,Expert,2026-03-04
1236,blackraven560276,300,Expert,2026-03-04
1237,annotir,300,Expert,2026-03-04
1238,BARZE02,299,Expert,2026-03-04
1239,lorena_frl,299,Expert,2026-03-04
1240,AlanGoud,299,Expert,2026-03-04
1241,PapyPomme,297,Expert,2026-03-04
1242,venini92,296,Expert,2026-03-04
1243,twitchbolognaise,296,Expert,2026-03-04
1244,og_shuk,296,Expert,2026-03-04
1245,Nhewt,296,Expert,2026-03-04
1246,mintarra21,296,Expert,2026-03-04
1247,edgar_2204,295,Expert,2026-03-04
1248,nicowdt,295,Expert,2026-03-04
1249,pierto840,295,Expert,2026-03-04
1250,Amethyste_tp,294,Expert,2026-03-04
1251,notbadassassinnn,293,Expert,2026-03-04
1252,LuniqueGamus,293,Expert,2026-03-04
1253,Yokai67twitch,293,Expert,2026-03-04
1254,minibras42,292,Expert,2026-03-04
1255,charlotteg4,292,Expert,2026-03-04
1256,celliiinee,292,Expert,2026-03-04
1257,clementdjir,292,Expert,2026-03-04
1258,lepetitlouloudanslaforet,291,Expert,2026-03-04
1259,phhierre,291,Expert,2026-03-04
1260,Kelkinbaicil,291,Expert,2026-03-04
1261,gdmtm,289,Expert,2026-03-04
1262,banana2522,288,Expert,2026-03-04
1263,Hawzaz,288,Expert,2026-03-04
1264,31mdlp,287,Expert,2026-03-04
1265,Bresko_Emc,287,Expert,2026-03-04
1266,MalouReyy,286,Expert,2026-03-04
1267,Callie450,286,Expert,2026-03-04
1268,mllepams,286,Expert,2026-03-04
1269,NitroFirZen,286,Expert,2026-03-04
1270,DarkCharlemagne,286,Expert,2026-03-04
1271,Sinaynomis,285,Expert,2026-03-04
1272,freez_skiiz2,284,Expert,2026-03-04
1273,redst0,283,Expert,2026-03-04
1274,demonrider_155,283,Expert,2026-03-04
1275,t1ph41n3,282,Expert,2026-03-04
1276,jindhotwheels,282,Expert,2026-03-04
1277,bobbybambou24,282,Expert,2026-03-04
1278,asstorm1,282,Expert,2026-03-04
1279,Gaga_san,282,Expert,2026-03-04
1280,percheval,282,Expert,2026-03-04
1281,zlc_zip,281,Expert,2026-03-04
1282,marionvgv,281,Expert,2026-03-04
1283,w0lf_ti9r0ux,281,Expert,2026-03-04
1284,perimetre,281,Expert,2026-03-04
1285,anakayui,281,Expert,2026-03-04
1286,SKlearner,281,Expert,2026-03-04
1287,Mbaptiste20,279,Expert,2026-03-04
1288,ttrixo,278,Expert,2026-03-04
1289,Mikkoku_chan,278,Expert,2026-03-04
1290,Leroms1,277,Expert,2026-03-04
1291,Cihrzad,276,Expert,2026-03-04
1292,Lyllubia,276,Expert,2026-03-04
1293,lusquah,276,Expert,2026-03-04
1294,mario_kartoffel,275,Expert,2026-03-04
1295,Sophie_Ldr,275,Expert,2026-03-04
1296,elvin__19,275,Expert,2026-03-04
1297,YuriiVGR,275,Expert,2026-03-04
1298,Darkswaglpb,274,Expert,2026-03-04
1299,lasnoe7,273,Expert,2026-03-04
1300,kelsier_cm,273,Expert,2026-03-04
1301,Valk1205,272,Expert,2026-03-04
1302,jujy57,272,Expert,2026-03-04
1303,FlashD19,271,Expert,2026-03-04
1304,The_Doctor_Brown,271,Expert,2026-03-04
1305,pepitto84,271,Expert,2026-03-04
1306,abraksas95,271,Expert,2026-03-04
1307,mathitsu9,270,Expert,2026-03-04
1308,cbkine,270,Expert,2026-03-04
1309,vanHinano,270,Expert,2026-03-04
1310,tibro_,270,Expert,2026-03-04
1311,kot_db,270,Expert,2026-03-04
1312,istiis,270,Expert,2026-03-04
1313,laapetitechloe,270,Expert,2026-03-04
1314,Shyyx44,269,Expert,2026-03-04
1315,clemdefreu,269,Expert,2026-03-04
1316,LilithMajor,269,Expert,2026-03-04
1317,cowlehre,268,Expert,2026-03-04
1318,davy_53,268,Expert,2026-03-04
1319,Olvibo,268,Expert,2026-03-04
1320,leo7128,267,Expert,2026-03-04
1321,Spaywo,267,Expert,2026-03-04
1322,arthurlefu,267,Expert,2026-03-04
1323,prunorigolo,266,Expert,2026-03-04
1324,eldod_5986,266,Expert,2026-03-04
1325,chibrillignac,266,Expert,2026-03-04
1326,silia4,266,Expert,2026-03-04
1327,YukariYuii,266,Expert,2026-03-04
1328,ChatRose49,265,Expert,2026-03-04
1329,Clem_92100,264,Expert,2026-03-04
1330,haddocktrllx,262,Expert,2026-03-04
1331,theovtie,261,Expert,2026-03-04
1332,zehncool,261,Expert,2026-03-04
1333,totobass08600,260,Expert,2026-03-04
1334,gigiblaum,259,Expert,2026-03-04
1335,martineau72200,259,Expert,2026-03-04
1336,zoebullition,258,Expert,2026-03-04
1337,FrencheQuiche,258,Expert,2026-03-04
1338,Vavi10,257,Expert,2026-03-04
1339,Starcower,257,Expert,2026-03-04
1340,at_m0s,256,Expert,2026-03-04
1341,sweetteaaddict39,256,Expert,2026-03-04
1342,TitiSco49,256,Expert,2026-03-04
1343,EkiHolic_,255,Expert,2026-03-04
1344,kraxthar,255,Expert,2026-03-04
1345,miemdax,254,Expert,2026-03-04
1346,celinou7,254,Expert,2026-03-04
1347,Robert_Lafondue_,254,Expert,2026-03-04
1348,Titoouu_,252,Expert,2026-03-04
1349,alexanepineau,252,Expert,2026-03-04
1350,ac_richie,252,Expert,2026-03-04
1351,drderrien,251,Expert,2026-03-04
1352,ANiceAtomicZuno,251,Expert,2026-03-04
1353,lithme_,251,Expert,2026-03-04
1354,Gritam,251,Expert,2026-03-04
1355,Barjhork,250,Expert,2026-03-04
1356,EmilieGU,250,Expert,2026-03-04
1357,thiem69,249,Expert,2026-03-04
1358,Lioad,249,Expert,2026-03-04
1359,prof_scarecrow,249,Expert,2026-03-04
1360,beavounet12,248,Expert,2026-03-04
1361,titilebest2,248,Expert,2026-03-04
1362,najayaaa,248,Expert,2026-03-04
1363,meglyne,247,Expert,2026-03-04
1364,parzouile,247,Expert,2026-03-04
1365,Pragoserda,246,Expert,2026-03-04
1366,jade_sicsic,246,Expert,2026-03-04
1367,BenjiElChti,246,Expert,2026-03-04
1368,Waxiwe_,246,Expert,2026-03-04
1369,ThorPenn,245,Expert,2026-03-04
1370,farfadetjovial,244,Expert,2026-03-04
1371,ethany42,244,Expert,2026-03-04
1372,ghargo92,243,Expert,2026-03-04
1373,Pierma_,242,Expert,2026-03-04
1374,QuizyAntho,242,Expert,2026-03-04
1375,Enwey,242,Expert,2026-03-04
1376,tonio385,242,Expert,2026-03-04
1377,thetoniocarbo,241,Expert,2026-03-04
1378,Antho_Clacos,241,Expert,2026-03-04
1379,Axlouf_,240,Expert,2026-03-04
1380,Lem0n_seed,240,Expert,2026-03-04
1381,whitefox1806,240,Expert,2026-03-04
1382,migemary,240,Expert,2026-03-04
1383,Soisang,240,Expert,2026-03-04
1384,vic2312,240,Expert,2026-03-04
1385,Pipou_47,240,Expert,2026-03-04
1386,omniscy,240,Expert,2026-03-04
1387,malo_ok,240,Expert,2026-03-04
1388,ttomy91,239,Expert,2026-03-04
1389,geantpersil,239,Expert,2026-03-04
1390,popolp5678,238,Expert,2026-03-04
1391,noahd1706,238,Expert,2026-03-04
1392,Evandar_XD,238,Expert,2026-03-04
1393,sirnitneroc,236,Expert,2026-03-04
1394,Bebecq_57,236,Expert,2026-03-04
1395,max4h,236,Expert,2026-03-04
1396,Hattir,236,Expert,2026-03-04
1397,remi3191,236,Expert,2026-03-04
1398,tanguyenne,235,Expert,2026-03-04
1399,freulanf,233,Expert,2026-03-04
1400,LeMart14,232,Expert,2026-03-04
1401,wind57050,231,Expert,2026-03-04
1402,daceae_,231,Expert,2026-03-04
1403,klara_0711,231,Expert,2026-03-04
1404,wiikiix,230,Expert,2026-03-04
1405,romain_jcq,230,Expert,2026-03-04
1406,kiiara1234,230,Expert,2026-03-04
1407,milobito,229,Expert,2026-03-04
1408,SiliaValentine,229,Expert,2026-03-04
1409,inferno_marto,229,Expert,2026-03-04
1410,5kronizer,228,Expert,2026-03-04
1411,Marrbol,228,Expert,2026-03-04
1412,Ouaf_blanc,228,Expert,2026-03-04
1413,Caebun,227,Expert,2026-03-04
1414,champoly,226,Expert,2026-03-04
1415,albertmonsieur,226,Expert,2026-03-04
1416,Gui13700,226,Expert,2026-03-04
1417,nanor20p,226,Expert,2026-03-04
1418,leofandechat,226,Expert,2026-03-04
1419,coraliearg,226,Expert,2026-03-04
1420,manon14522,225,Expert,2026-03-04
1421,vsatanas,225,Expert,2026-03-04
1422,elisaaarsenic,225,Expert,2026-03-04
1423,valoune74,225,Expert,2026-03-04
1424,Marsbal,224,Expert,2026-03-04
1425,freipapagei,224,Expert,2026-03-04
1426,olivierpapaye,223,Expert,2026-03-04
1427,malpz7,223,Expert,2026-03-04
1428,ttbox21,222,Expert,2026-03-04
1429,rontidju,222,Expert,2026-03-04
1430,charmandprout,221,Expert,2026-03-04
1431,Cudiinho,221,Expert,2026-03-04
1432,shadowandhopes,221,Expert,2026-03-04
1433,Mimirtylle,220,Expert,2026-03-04
1434,pierre2408,218,Expert,2026-03-04
1435,softwave__,217,Expert,2026-03-04
1436,Sacrisanglant,216,Expert,2026-03-04
1437,JadixaTV,215,Expert,2026-03-04
1438,laurianerbld,214,Expert,2026-03-04
1439,tudal,212,Expert,2026-03-04
1440,tombasket4426,212,Expert,2026-03-04
1441,Yodathor,212,Expert,2026-03-04
1442,antonbtt,210,Expert,2026-03-04
1443,pliver_,210,Expert,2026-03-04
1444,Thorneir_,210,Expert,2026-03-04
1445,Truepika,210,Expert,2026-03-04
1446,JSQ_NoixDeCoco,210,Expert,2026-03-04
1447,AlricOnasrite,210,Expert,2026-03-04
1448,KenLaFraise,210,Expert,2026-03-04
1449,jeanne_lavender,210,Expert,2026-03-04
1450,stinkysidh,210,Expert,2026-03-04
1451,kyinio,210,Expert,2026-03-04
1452,pretrescientologue,210,Expert,2026-03-04
1453,carlos_ej9,210,Expert,2026-03-04
1454,anachocolat78,210,Expert,2026-03-04
1455,MaroixCompagnie,210,Expert,2026-03-04
1456,Tayzeck,210,Expert,2026-03-04
1457,alex73630,208,Expert,2026-03-04
1458,vever2134,207,Expert,2026-03-04
1459,buuche__,207,Expert,2026-03-04
1460,Boruug,206,Expert,2026-03-04
1461,lekerx24,206,Expert,2026-03-04
1462,profit_lactique,206,Expert,2026-03-04
1463,racconwithrizz,205,Expert,2026-03-04
1464,HadrienCl,204,Expert,2026-03-04
1465,paullmrtn,202,Expert,2026-03-04
1466,Scadeur,201,Expert,2026-03-04
1467,laghoss,200,Expert,2026-03-04
1468,superlipopette_zazou,200,Expert,2026-03-04
1469,apocaelips,200,Expert,2026-03-04
1470,riquinos,200,Expert,2026-03-04
1471,Sw4pyG4m3s,200,Expert,2026-03-04
1472,amomamoma,199,Expert,2026-03-04
1473,obus325,198,Expert,2026-03-04
1474,7thsymphony,198,Expert,2026-03-04
1475,lepierrotdu67_,197,Expert,2026-03-04
1476,vins0806,197,Expert,2026-03-04
1477,Lupytup_,197,Expert,2026-03-04
1478,Araclove31,197,Expert,2026-03-04
1479,lad51,196,Expert,2026-03-04
1480,lodestroy,196,Expert,2026-03-04
1481,roarslan,195,Expert,2026-03-04
1482,lisalyca,195,Expert,2026-03-04
1483,standotcow,194,Expert,2026-03-04
1484,zerom_13,194,Expert,2026-03-04
1485,makzime_,192,Expert,2026-03-04
1486,yann_m15,192,Expert,2026-03-04
1487,eliot25000,192,Expert,2026-03-04
1488,rozankya,191,Expert,2026-03-04
1489,camarade_007,188,Expert,2026-03-04
1490,kelyurushka,187,Expert,2026-03-04
1491,valochelovesnever,187,Expert,2026-03-04
1492,Gloups,186,Expert,2026-03-04
1493,ujjutz,186,Expert,2026-03-04
1494,defal__,186,Expert,2026-03-04
1495,pepelitossss,185,Expert,2026-03-04
1496,luiop34,184,Expert,2026-03-04
1497,h_bogart25,184,Expert,2026-03-04
1498,GL_Gabdau,184,Expert,2026-03-04
1499,line_ma,183,Expert,2026-03-04
1500,Aza_Naru,183,Expert,2026-03-04
1501,Azedine85,182,Expert,2026-03-04
1502,wazkiz,181,Expert,2026-03-04
1503,Hyygow,180,Expert,2026-03-04
1504,WBCorp,180,Expert,2026-03-04
1505,607v6hdi,180,Expert,2026-03-04
1506,RicT0n,180,Expert,2026-03-04
1507,hecatelalune,180,Expert,2026-03-04
1508,apodeus33,180,Expert,2026-03-04
1509,bidilah,180,Expert,2026-03-04
1510,SlyErwan,180,Expert,2026-03-04
1511,juicyman6,180,Expert,2026-03-04
1512,Cedigold,180,Expert,2026-03-04
1513,lnl8d,180,Expert,2026-03-04
1514,xiram95,180,Expert,2026-03-04
1515,zetaxc25,180,Expert,2026-03-04
1516,leniplentqui,180,Expert,2026-03-04
1517,Goshtbusters44,180,Expert,2026-03-04
1518,Millay,180,Expert,2026-03-04
1519,Jalaga,179,Expert,2026-03-04
1520,GiganThor_,179,Expert,2026-03-04
1521,Reydark59,178,Expert,2026-03-04
1522,Insupie,178,Expert,2026-03-04
1523,sullyzok25,176,Expert,2026-03-04
1524,hugom64,176,Expert,2026-03-04
1525,obb1,175,Expert,2026-03-04
1526,assel_dm,175,Expert,2026-03-04
1527,sharpyl,173,Expert,2026-03-04
1528,jrm_f,173,Expert,2026-03-04
1529,purplewordle,172,Expert,2026-03-04
1530,nougatkenan,169,Expert,2026-03-04
1531,Overzimbabwe,169,Expert,2026-03-04
1532,saamoht,169,Expert,2026-03-04
1533,jeeeun63,169,Expert,2026-03-04
1534,ringo_65,169,Expert,2026-03-04
1535,Marceau62,167,Expert,2026-03-04
1536,legendbonobo,167,Expert,2026-03-04
1537,MelcoreHat,167,Expert,2026-03-04
1538,tim_tim27,166,Expert,2026-03-04
1539,halco_o,166,Expert,2026-03-04
1540,aymericdep,166,Expert,2026-03-04
1541,lilllice,166,Expert,2026-03-04
1542,effygies26,166,Expert,2026-03-04
1543,SadakoKimimura,165,Expert,2026-03-04
1544,yoktoo,165,Expert,2026-03-04
1545,Gregofrigo,164,Expert,2026-03-04
1546,moutig29200,162,Expert,2026-03-04
1547,sebleronflex,162,Expert,2026-03-04
1548,Pandawann01,162,Expert,2026-03-04
1549,nonamnitud,161,Expert,2026-03-04
1550,Kamertur,160,Expert,2026-03-04
1551,galeckid,160,Expert,2026-03-04
1552,lynn_22_,160,Expert,2026-03-04
1553,jeremystranger,160,Expert,2026-03-04
1554,ngu9572,159,Expert,2026-03-04
1555,Clemerfed,157,Expert,2026-03-04
1556,blyziit,157,Expert,2026-03-04
1557,Sunnnyy_,157,Expert,2026-03-04
1558,Khazu_,156,Expert,2026-03-04
1559,clementguise,156,Expert,2026-03-04
1560,lorentin_hs,156,Expert,2026-03-04
1561,dest6n6,154,Expert,2026-03-04
1562,Vincea04,154,Expert,2026-03-04
1563,LyneSG,154,Expert,2026-03-04
1564,smyno0,153,Expert,2026-03-04
1565,topaze2008,152,Expert,2026-03-04
1566,Mitalias_,152,Expert,2026-03-04
1567,setawk67,150,Expert,2026-03-04
1568,captaingreenie,150,Expert,2026-03-04
1569,jud_0range,150,Expert,2026-03-04
1570,KuriStream,150,Expert,2026-03-04
1571,kindermaxi07,150,Expert,2026-03-04
1572,mcperrier,150,Expert,2026-03-04
1573,piecout,150,Expert,2026-03-04
1574,jmpunk59,150,Expert,2026-03-04
1575,Pataruu,150,Expert,2026-03-04
1576,ValereDeLaPlaneteTerre,150,Expert,2026-03-04
1577,LuckyNipples,150,Expert,2026-03-04
1578,petochedu52,150,Expert,2026-03-04
1579,NhanVinh,150,Expert,2026-03-04
1580,clemger30,150,Expert,2026-03-04
1581,NeoXHyriz,150,Expert,2026-03-04
1582,mur_de_brik,150,Expert,2026-03-04
1583,timar_san,150,Expert,2026-03-04
1584,Rodemic,150,Expert,2026-03-04
1585,far_innn,150,Expert,2026-03-04
1586,poupiwi,150,Expert,2026-03-04
1587,kaboumza85,149,Expert,2026-03-04
1588,elsa_gllt,147,Expert,2026-03-04
1589,IamSid3WiNdeR,146,Expert,2026-03-04
1590,SoBgd,146,Expert,2026-03-04
1591,kaitosamatv,136,Expert,2026-03-04
1592,Leo_dmo,136,Expert,2026-03-04
1593,MrJoy27,136,Expert,2026-03-04
1594,octanegirl77,135,Expert,2026-03-04
1595,LMA_Reckss,135,Expert,2026-03-04
1596,makusuwu,135,Expert,2026-03-04
1597,kyhosa,135,Expert,2026-03-04
1598,Magicaboy1,132,Expert,2026-03-04
1599,sf_mat,132,Expert,2026-03-04
1600,owellesjp,132,Expert,2026-03-04
1601,flodel76,132,Expert,2026-03-04
1602,0uahleouff,132,Expert,2026-03-04
1603,LeNareux,131,Expert,2026-03-04
1604,kaiihuaii,126,Expert,2026-03-04
1605,AlfiShelby,126,Expert,2026-03-04
1606,meteor21x,126,Expert,2026-03-04
1607,ryceme,126,Expert,2026-03-04
1608,locabuzell,126,Expert,2026-03-04
1609,sushi302,124,Expert,2026-03-04
1610,pastradan,124,Expert,2026-03-04
1611,thebunouf,124,Expert,2026-03-04
1612,Mimozia_,124,Expert,2026-03-04
1613,IPacOII,124,Expert,2026-03-04
1614,quent47,124,Expert,2026-03-04
1615,F4yaman,121,Expert,2026-03-04
1616,Hikitikat,121,Expert,2026-03-04
1617,Reliop_sc2,120,Expert,2026-03-04
1618,lulumatteo,120,Expert,2026-03-04
1619,tom78170,120,Expert,2026-03-04
1620,raptorfou16,120,Expert,2026-03-04
1621,Frasierjones,120,Expert,2026-03-04
1622,marcolino13000,120,Expert,2026-03-04
1623,rollo2k17,120,Expert,2026-03-04
1624,lotusroussette,120,Expert,2026-03-04
1625,biboujils,120,Expert,2026-03-04
1626,onijjam,120,Expert,2026-03-04
1627,guillef77,120,Expert,2026-03-04
1628,copaingeorge,120,Expert,2026-03-04
1629,isayas___,120,Expert,2026-03-04
1630,Avodin,120,Expert,2026-03-04
1631,agreabourg,120,Expert,2026-03-04
1632,ArKeiZ_,116,Expert,2026-03-04
1633,SuperCookie37,116,Expert,2026-03-04
1634,coco_n9_,111,Expert,2026-03-04
1635,Loisyoyo_,110,Expert,2026-03-04
1636,bougzy1,106,Expert,2026-03-04
1637,thomate1406,106,Expert,2026-03-04
1638,armand08_,106,Expert,2026-03-04
1639,Binbaski,106,Expert,2026-03-04
1640,selmasada,105,Expert,2026-03-04
1641,DeuxAiles,105,Expert,2026-03-04
1642,d0mart,104,Expert,2026-03-04
1643,darkstar2710,99,Expert,2026-03-04
1644,petitebiche,96,Expert,2026-03-04
1645,MsWallace24,96,Expert,2026-03-04
1646,indoleon,96,Expert,2026-03-04
1647,teganaz,96,Expert,2026-03-04
1648,candoudouz,96,Expert,2026-03-04
1649,Axelinho1402,96,Expert,2026-03-04
1650,4ngoTV,96,Expert,2026-03-04
1651,Yaaassine_z,96,Expert,2026-03-04
1652,relqx_,96,Expert,2026-03-04
1653,niwiarz,96,Expert,2026-03-04
1654,eb010294,96,Expert,2026-03-04
1655,ewan_231,96,Expert,2026-03-04
1656,la_souillure,93,Expert,2026-03-04
1657,margauxmnto,91,Expert,2026-03-04
1658,Tehk_Now,91,Expert,2026-03-04
1659,toadsuper,91,Expert,2026-03-04
1660,rebasah,90,Expert,2026-03-04
1661,mamiehouda,90,Expert,2026-03-04
1662,Yutal,90,Expert,2026-03-04
1663,perejosephine,90,Expert,2026-03-04
1664,Z4RT0CK,90,Expert,2026-03-04
1665,Tibogecko59,90,Expert,2026-03-04
1666,BadGones,90,Expert,2026-03-04
1667,AEG_Benammus,90,Expert,2026-03-04
1668,lumi5717,90,Expert,2026-03-04
1669,djeynialo,90,Expert,2026-03-04
1670,diabolitoyanito,90,Expert,2026-03-04
1671,megapegasus15,90,Expert,2026-03-04
1672,Pantoofles,90,Expert,2026-03-04
1673,karashic,90,Expert,2026-03-04
1674,w0lp_,90,Expert,2026-03-04
1675,k0lge,90,Expert,2026-03-04
1676,patapoufi1,90,Expert,2026-03-04
1677,roidada5,90,Expert,2026-03-04
1678,3l_b3urr3_br3ton,90,Expert,2026-03-04
1679,arouxxxx,90,Expert,2026-03-04
1680,alexe_gblng,90,Expert,2026-03-04
1681,anarkyyyyyyyyy,90,Expert,2026-03-04
1682,Shiirosune,90,Expert,2026-03-04
1683,LeonDeFoudre,90,Expert,2026-03-04
1684,bilhoute59,90,Expert,2026-03-04
1685,vanougonza,90,Expert,2026-03-04
1686,dagbzz,90,Expert,2026-03-04
1687,admylex33,90,Expert,2026-03-04
1688,gagelibuzz,90,Expert,2026-03-04
1689,alison_vrignaud,90,Expert,2026-03-04
1690,stargate1907,90,Expert,2026-03-04
1691,zepartiiw,90,Expert,2026-03-04
1692,PlayfulChuck,90,Expert,2026-03-04
1693,shooteerr85,90,Expert,2026-03-04
1694,ambreblc12,90,Expert,2026-03-04
1695,VoImoG,87,Expert,2026-03-04
1696,banban008,86,Expert,2026-03-04
1697,bebertlevrai,86,Expert,2026-03-04
1698,renardftn,86,Expert,2026-03-04
1699,klausye,85,Expert,2026-03-04
1700,Ironfirst_ow,80,Expert,2026-03-04
1701,piketaxx,80,Expert,2026-03-04
1702,Packkkco,80,Expert,2026-03-04
1703,LadyD4rk_,80,Expert,2026-03-04
1704,charlet_ctr,80,Expert,2026-03-04
1705,Noobary_Player,80,Expert,2026-03-04
1706,0odys,76,Expert,2026-03-04
1707,nicosmilesc,74,Expert,2026-03-04
1708,nitram_v,74,Expert,2026-03-04
1709,Ikascouille,74,Expert,2026-03-04
1710,Luminarss,73,Expert,2026-03-04
1711,Just__Xt,71,Expert,2026-03-04
1712,Myfanwi59,71,Expert,2026-03-04
1713,ju4n1t0ss,69,Expert,2026-03-04
1714,ElKoudou,69,Expert,2026-03-04
1715,Porosamax,68,Expert,2026-03-04
1716,chaloupen,66,Expert,2026-03-04
1717,monpote__,65,Expert,2026-03-04
1718,TwiceOW_,63,Expert,2026-03-04
1719,valmax94,60,Expert,2026-03-04
1720,Lycla_,60,Expert,2026-03-04
1721,bocboc2,60,Expert,2026-03-04
1722,Ruka_Bartender,60,Expert,2026-03-04
1723,azeliixx,60,Expert,2026-03-04
1724,man_we550,60,Expert,2026-03-04
1725,theooef,60,Expert,2026-03-04
1726,evan3ssor,60,Expert,2026-03-04
1727,Marels10,60,Expert,2026-03-04
1728,ashell21,60,Expert,2026-03-04
1729,petiteperrruche,60,Expert,2026-03-04
1730,lobytch,60,Expert,2026-03-04
1731,khaynes__,60,Expert,2026-03-04
1732,Iwilli26,60,Expert,2026-03-04
1733,sarahggre,60,Expert,2026-03-04
1734,hugo_prs73,60,Expert,2026-03-04
1735,reflyy,60,Expert,2026-03-04
1736,ashtray514,60,Expert,2026-03-04
1737,crims0n_emperor,60,Expert,2026-03-04
1738,soldat_rp11,60,Expert,2026-03-04
1739,apple7954,60,Expert,2026-03-04
1740,ethan_diabate,60,Expert,2026-03-04
1741,EmN1ght,60,Expert,2026-03-04
1742,Ensowu,60,Expert,2026-03-04
1743,Curtiflop,60,Expert,2026-03-04
1744,luludigne,60,Expert,2026-03-04
1745,KeacyKenobi,60,Expert,2026-03-04
1746,emyzakii,60,Expert,2026-03-04
1747,Luxian71,60,Expert,2026-03-04
1748,tiffanimagique,60,Expert,2026-03-04
1749,Remiwyng,60,Expert,2026-03-04
1750,maxime_le_goat_,60,Expert,2026-03-04
1751,kevluct,56,Expert,2026-03-04
1752,nibiru667,56,Expert,2026-03-04
1753,T0k0yamiii,54,Expert,2026-03-04
1754,creepstone,50,Expert,2026-03-04
1755,Walnem,50,Expert,2026-03-04
1756,Taerrann,50,Expert,2026-03-04
1757,tvX3NON,50,Expert,2026-03-04
1758,M4sh19,50,Expert,2026-03-04
1759,TenebroA,50,Expert,2026-03-04
1760,ZetsuyFR,46,Expert,2026-03-04
1761,Tuilespaprika,45,Expert,2026-03-04
1762,l_rssll_trrs,45,Expert,2026-03-04
1763,clemlo23,44,Expert,2026-03-04
1764,carolinedenancy,43,Expert,2026-03-04
1765,johan_peyr,42,Expert,2026-03-04
1766,Charmillya,41,Expert,2026-03-04
1767,gunmar06,39,Expert,2026-03-04
1768,Kirosath,36,Expert,2026-03-04
1769,empereurgoummeur,36,Expert,2026-03-04
1770,Sousou36,36,Expert,2026-03-04
1771,hippo__games,34,Expert,2026-03-04
1772,lov_vbwd7,31,Expert,2026-03-04
1773,ldrpigeon,30,Expert,2026-03-04
1774,thibsf,30,Expert,2026-03-04
1775,sosolartichaut,30,Expert,2026-03-04
1776,THE_MEKI,30,Expert,2026-03-04
1777,Kioube,30,Expert,2026-03-04
1778,marlondujj,30,Expert,2026-03-04
1779,zaceru,30,Expert,2026-03-04
1780,falkky88,30,Expert,2026-03-04
1781,FrancisAnkou,30,Expert,2026-03-04
1782,maxime508,30,Expert,2026-03-04
1783,migmax_l,30,Expert,2026-03-04
1784,cherrysouptv,30,Expert,2026-03-04
1785,sw1___,30,Expert,2026-03-04
1786,julianedrdn,30,Expert,2026-03-04
1787,Tuuttuurr,30,Expert,2026-03-04
1788,paigee14,30,Expert,2026-03-04
1789,ellymak,30,Expert,2026-03-04
1790,sabovvi,30,Expert,2026-03-04
1791,Allan4A,30,Expert,2026-03-04
1792,leodu95,30,Expert,2026-03-04
1793,No_ChiCha,30,Expert,2026-03-04
1794,pierrepier5,30,Expert,2026-03-04
1795,skynath29,30,Expert,2026-03-04
1796,lucilecln,30,Expert,2026-03-04
1797,emmental117785,30,Expert,2026-03-04
1798,Skymonn,30,Expert,2026-03-04
1799,Ferendall,30,Expert,2026-03-04
1800,12yboke,26,Expert,2026-03-04
1801,fr_bab0u,26,Expert,2026-03-04
1802,margtl21,20,Expert,2026-03-04
1803,azukesen,20,Expert,2026-03-04
1804,IIPiRaTeII,20,Expert,2026-03-04
1805,perkele4242,20,Expert,2026-03-04
1806,buggsbun2856,20,Expert,2026-03-04
1807,fransma2,20,Expert,2026-03-04
1808,Ribsouu,16,Expert,2026-03-04
1809,flova55,14,Expert,2026-03-04
1810,AMP_Tanzo,6,Expert,2026-03-04
1811,fiiqzette,0,Expert,2026-03-04
1812,Lunick28,0,Expert,2026-03-04
1813,RequiesPace,0,Expert,2026-03-04
1814,SKORELbucci,0,Expert,2026-03-04
1815,patinmau,0,Expert,2026-03-04
1816,emile85200,0,Expert,2026-03-04
1817,babyboys14,0,Expert,2026-03-04
1818,tolhairance,0,Expert,2026-03-04
1819,jujupro,0,Expert,2026-03-04
1820,Mehdi_Dabu,0,Expert,2026-03-04
1821,niodau,0,Expert,2026-03-04
1822,manu_02468,0,Expert,2026-03-04
1823,OnLy__Tv,0,Expert,2026-03-04
1824,Drakengall,0,Expert,2026-03-04
1825,chefout,0,Expert,2026-03-04
1826,YooKl,0,Expert,2026-03-04
1827,olivbleu,0,Expert,2026-03-04
1828,LHV_doudou,0,Expert,2026-03-04
1829,TapAs_bs,0,Expert,2026-03-04
1830,inquii,0,Expert,2026-03-04
1831,alphabread__,0,Expert,2026-03-04
1832,lecture240,0,Expert,2026-03-04
1833,lilysead,0,Expert,2026-03-04
1834,Annnae,0,Expert,2026-03-04
1835,rubias09,0,Expert,2026-03-04
1836,Heughmage,0,Expert,2026-03-04
1837,biwan93_,0,Expert,2026-03-04
1838,lhv_rose,0,Expert,2026-03-04
1839,ch4rly_01,0,Expert,2026-03-04
1840,mathieumdt,0,Expert,2026-03-04
1841,thelululu,0,Expert,2026-03-04
1842,riseflag,0,Expert,2026-03-04
1843,iroflane,0,Expert,2026-03-04
1844,loulox10,0,Expert,2026-03-04
1845,inesn34,0,Expert,2026-03-04
1846,gossip_boy7000,0,Expert,2026-03-04
1847,asxha_,0,Expert,2026-03-04
1848,Disox1,0,Expert,2026-03-04
1849,Clemands,0,Expert,2026-03-04
1850,gogolgu,0,Expert,2026-03-04
1851,CaIheim,0,Expert,2026-03-04
1852,iyoan344,0,Expert,2026-03-04
1853,lukelapin,0,Expert,2026-03-04
1854,badnews33,0,Expert,2026-03-04
1855,geo570,0,Expert,2026-03-04
1856,heliumsolide,0,Expert,2026-03-04
1857,Pascalouuu,0,Expert,2026-03-04
1858,Wartux_,0,Expert,2026-03-04
1859,Nad174,0,Expert,2026-03-04
1860,cikeos,0,Expert,2026-03-04
