rank,pseudo,points,level,date
1,kecyftn,2235,Abordable,2026-03-05
2,Mentore36,2223,Abordable,2026-03-05
3,CVousLaServiette,2220,Abordable,2026-03-05
4,daitogalaxy8,2206,Abordable,2026-03-05
5,th3_fr3nch_baguette,2200,Abordable,2026-03-05
6,ElColchoneroFR,2200,Abordable,2026-03-05
7,Cokeuhlikot,2192,Abordable,2026-03-05
8,chaxnard,2189,Abordable,2026-03-05
9,ralph_flo,2183,Abordable,2026-03-05
10,sappheiross_,2179,Abordable,2026-03-05
11,freulanf,2178,Abordable,2026-03-05
12,scottsbury,2174,Abordable,2026-03-05
13,XavINSA_,2173,Abordable,2026-03-05
14,levraieinstein,2166,Abordable,2026-03-05
15,guigsdu17,2163,Abordable,2026-03-05
16,Generation_90,2153,Abordable,2026-03-05
17,Altaw,2152,Abordable,2026-03-05
18,mdr_olfan79,2152,Abordable,2026-03-05
19,Poy0o7,2143,Abordable,2026-03-05
20,alex_11_19_96,2127,Abordable,2026-03-05
21,TahzioRadioFrance,2121,Abordable,2026-03-05
22,CharlemagneDuBled,2118,Abordable,2026-03-05
23,Rhadamante,2117,Abordable,2026-03-05
24,skayyrr0x,2117,Abordable,2026-03-05
25,Ilowzzyy_,2112,Abordable,2026-03-05
26,kingbourbondodo,2111,Abordable,2026-03-05
27,ronalbert33,2106,Abordable,2026-03-05
28,panqyz,2103,Abordable,2026-03-05
29,RED_JAZ,2103,Abordable,2026-03-05
30,xaviersteyer,2103,Abordable,2026-03-05
31,floriandrux,2102,Abordable,2026-03-05
32,demidieu12,2092,Abordable,2026-03-05
33,fabode26,2090,Abordable,2026-03-05
34,Akena_EFE,2087,Abordable,2026-03-05
35,OutOfSight25,2084,Abordable,2026-03-05
36,mighty_lorenzo,2084,Abordable,2026-03-05
37,Deelfe,2084,Abordable,2026-03-05
38,alternatif_,2082,Abordable,2026-03-05
39,akypiiik,2081,Abordable,2026-03-05
40,Hodolink,2080,Abordable,2026-03-05
41,N_Selenian,2077,Abordable,2026-03-05
42,Tapalchoix,2075,Abordable,2026-03-05
43,jbOtech,2073,Abordable,2026-03-05
44,Bouddhaly,2069,Abordable,2026-03-05
45,lucamus34,2069,Abordable,2026-03-05
46,Razac76,2068,Abordable,2026-03-05
47,denissanchez1978,2067,Abordable,2026-03-05
48,shazamgui,2066,Abordable,2026-03-05
49,erag0nyc,2065,Abordable,2026-03-05
50,GMachine_TV,2065,Abordable,2026-03-05
51,Bobinours_,2062,Abordable,2026-03-05
52,lucillep01,2062,Abordable,2026-03-05
53,ari_billion2,2059,Abordable,2026-03-05
54,g8velo,2055,Abordable,2026-03-05
55,mycanou,2055,Abordable,2026-03-05
56,la__golum,2052,Abordable,2026-03-05
57,thanann12,2051,Abordable,2026-03-05
58,tan_tris,2049,Abordable,2026-03-05
59,Pyjamartin,2048,Abordable,2026-03-05
60,magretmiel,2047,Abordable,2026-03-05
61,Skioushi,2047,Abordable,2026-03-05
62,armosfr,2046,Abordable,2026-03-05
63,rambou78,2045,Abordable,2026-03-05
64,EmmyDeter,2044,Abordable,2026-03-05
65,slippingsatu,2043,Abordable,2026-03-05
66,amulus91,2043,Abordable,2026-03-05
67,mikados83,2042,Abordable,2026-03-05
68,CamyrtilleMC,2041,Abordable,2026-03-05
69,Rusfly,2037,Abordable,2026-03-05
70,mpaolinocd,2035,Abordable,2026-03-05
71,WarzazatXXL,2029,Abordable,2026-03-05
72,DenisIP,2028,Abordable,2026-03-05
73,willy_pagnol,2027,Abordable,2026-03-05
74,lacremiere07,2023,Abordable,2026-03-05
75,Exy29,2022,Abordable,2026-03-05
76,PiR4nha,2015,Abordable,2026-03-05
77,pr0vencallegaull0is,2014,Abordable,2026-03-05
78,biugn,2013,Abordable,2026-03-05
79,Oriharaaa_,2012,Abordable,2026-03-05
80,eden91940,2011,Abordable,2026-03-05
81,Herbiv,2010,Abordable,2026-03-05
82,enzodalby,2010,Abordable,2026-03-05
83,livhervient,2004,Abordable,2026-03-05
84,HashtagHilare,2002,Abordable,2026-03-05
85,pellegrino1kg,2002,Abordable,2026-03-05
86,pindeslandes2,1999,Abordable,2026-03-05
87,Sleepjin,1989,Abordable,2026-03-05
88,bapt_1823,1987,Abordable,2026-03-05
89,Lyannah_,1987,Abordable,2026-03-05
90,totototomas123,1987,Abordable,2026-03-05
91,the_wolf_94,1986,Abordable,2026-03-05
92,tetraphenylporphyrine,1986,Abordable,2026-03-05
93,adamounaking,1984,Abordable,2026-03-05
94,leila110505,1984,Abordable,2026-03-05
95,Kid_Treplev,1982,Abordable,2026-03-05
96,lorenzoo0o0o,1981,Abordable,2026-03-05
97,ClemtiCP,1976,Abordable,2026-03-05
98,internova_,1975,Abordable,2026-03-05
99,Jibzzed,1975,Abordable,2026-03-05
100,livebreizh,1972,Abordable,2026-03-05
101,Kukoru,1972,Abordable,2026-03-05
102,Orneon_,1969,Abordable,2026-03-05
103,gavheda,1969,Abordable,2026-03-05
104,jlklingler,1967,Abordable,2026-03-05
105,gaubian,1967,Abordable,2026-03-05
106,malphas68,1965,Abordable,2026-03-05
107,Poiline,1965,Abordable,2026-03-05
108,flouflouf,1965,Abordable,2026-03-05
109,aclrie,1965,Abordable,2026-03-05
110,gargazoth59,1960,Abordable,2026-03-05
111,ziquetjr,1960,Abordable,2026-03-05
112,Monsieur_Legume,1959,Abordable,2026-03-05
113,dam_chx,1958,Abordable,2026-03-05
114,ZebraneGrochien,1958,Abordable,2026-03-05
115,rubyxcub,1956,Abordable,2026-03-05
116,DracoFlo_ssb,1956,Abordable,2026-03-05
117,1BuissonFuribond,1954,Abordable,2026-03-05
118,Preponal,1953,Abordable,2026-03-05
119,jyfiyfviyfv,1953,Abordable,2026-03-05
120,TrollsDesPlaines,1951,Abordable,2026-03-05
121,motel_86,1945,Abordable,2026-03-05
122,gaofei__,1944,Abordable,2026-03-05
123,cpegorier,1942,Abordable,2026-03-05
124,chardonnere,1942,Abordable,2026-03-05
125,nitmar0,1941,Abordable,2026-03-05
126,minicopolis,1941,Abordable,2026-03-05
127,robin_des_boites_,1939,Abordable,2026-03-05
128,mousketons,1939,Abordable,2026-03-05
129,ninodechile,1939,Abordable,2026-03-05
130,JankieChad,1936,Abordable,2026-03-05
131,Richbis,1936,Abordable,2026-03-05
132,Panulphe,1932,Abordable,2026-03-05
133,Guit0u_,1928,Abordable,2026-03-05
134,MonsieurBiganon,1925,Abordable,2026-03-05
135,SabakuJulien,1925,Abordable,2026-03-05
136,SkylagStream,1925,Abordable,2026-03-05
137,Bahkiir,1924,Abordable,2026-03-05
138,Alostiss,1923,Abordable,2026-03-05
139,eva_decabra,1922,Abordable,2026-03-05
140,grozny97447,1921,Abordable,2026-03-05
141,maxime_lef,1919,Abordable,2026-03-05
142,pluie14,1917,Abordable,2026-03-05
143,Theodiric3,1916,Abordable,2026-03-05
144,marcdupont2,1913,Abordable,2026-03-05
145,suplex63,1912,Abordable,2026-03-05
146,h_jeune_sinj,1911,Abordable,2026-03-05
147,TamPoque,1911,Abordable,2026-03-05
148,TheApac,1910,Abordable,2026-03-05
149,RRRubiks,1910,Abordable,2026-03-05
150,torethiel,1909,Abordable,2026-03-05
151,Cthouloulou,1908,Abordable,2026-03-05
152,ThemaskOo,1908,Abordable,2026-03-05
153,BoisDeBuche,1907,Abordable,2026-03-05
154,pecoot,1906,Abordable,2026-03-05
155,RedySkull,1905,Abordable,2026-03-05
156,xpims,1902,Abordable,2026-03-05
157,vikinggisors,1902,Abordable,2026-03-05
158,errno_,1901,Abordable,2026-03-05
159,eliaas755,1901,Abordable,2026-03-05
160,grosbidoucorporation,1899,Abordable,2026-03-05
161,Axelfauteuil,1898,Abordable,2026-03-05
162,montgolfiere23,1897,Abordable,2026-03-05
163,spatiosaur,1896,Abordable,2026-03-05
164,Lvxn_,1896,Abordable,2026-03-05
165,KorovievBC,1894,Abordable,2026-03-05
166,chocoregliss,1894,Abordable,2026-03-05
167,Warbird0783,1894,Abordable,2026-03-05
168,geoozer,1892,Abordable,2026-03-05
169,narixrl,1891,Abordable,2026-03-05
170,fulgurys_noam,1890,Abordable,2026-03-05
171,giorgiomoritz,1889,Abordable,2026-03-05
172,bipraxk,1888,Abordable,2026-03-05
173,zigzag_ld,1888,Abordable,2026-03-05
174,thenightwatch1,1887,Abordable,2026-03-05
175,joviagaliega,1886,Abordable,2026-03-05
176,noxilby23,1886,Abordable,2026-03-05
177,Barde_Choco,1885,Abordable,2026-03-05
178,tortueagileexotique2,1883,Abordable,2026-03-05
179,loupac_,1883,Abordable,2026-03-05
180,omchampionn,1882,Abordable,2026-03-05
181,Noahzis_,1882,Abordable,2026-03-05
182,angel0w_flo,1881,Abordable,2026-03-05
183,carminacarlotta,1880,Abordable,2026-03-05
184,Gostphenix2,1879,Abordable,2026-03-05
185,3kin39,1879,Abordable,2026-03-05
186,oopsxful,1879,Abordable,2026-03-05
187,locoomotive,1879,Abordable,2026-03-05
188,tomlg3415,1878,Abordable,2026-03-05
189,ju_mardy,1877,Abordable,2026-03-05
190,Cepafoh,1876,Abordable,2026-03-05
191,Piloup974,1875,Abordable,2026-03-05
192,91benda,1875,Abordable,2026-03-05
193,Feelinqqq,1872,Abordable,2026-03-05
194,nainbustibo,1871,Abordable,2026-03-05
195,marethii,1870,Abordable,2026-03-05
196,jeanpaultartre71,1869,Abordable,2026-03-05
197,BBAGin,1869,Abordable,2026-03-05
198,DefyinGrav,1867,Abordable,2026-03-05
199,Miamuxx,1866,Abordable,2026-03-05
200,dlem45,1864,Abordable,2026-03-05
201,lukscape,1864,Abordable,2026-03-05
202,Yakouze,1863,Abordable,2026-03-05
203,arthur_265,1863,Abordable,2026-03-05
204,puunpuuun_,1860,Abordable,2026-03-05
205,emipictures,1860,Abordable,2026-03-05
206,Blinky44,1859,Abordable,2026-03-05
207,guimoooove,1858,Abordable,2026-03-05
208,wintersoldier_bas,1858,Abordable,2026-03-05
209,hawkinsstv,1858,Abordable,2026-03-05
210,Azaeps,1857,Abordable,2026-03-05
211,windsorlockwood,1856,Abordable,2026-03-05
212,Hvahel,1855,Abordable,2026-03-05
213,peyo222,1855,Abordable,2026-03-05
214,spoutiii,1854,Abordable,2026-03-05
215,leminimoys49,1853,Abordable,2026-03-05
216,thewatibg21,1853,Abordable,2026-03-05
217,aymr_6,1851,Abordable,2026-03-05
218,Blikii,1851,Abordable,2026-03-05
219,gauvain_adb,1850,Abordable,2026-03-05
220,Renflose,1850,Abordable,2026-03-05
221,linkilou,1849,Abordable,2026-03-05
222,novayaza_,1847,Abordable,2026-03-05
223,artistepeintre26,1845,Abordable,2026-03-05
224,fabuleuxfabulle,1845,Abordable,2026-03-05
225,gaelledm,1845,Abordable,2026-03-05
226,Clem31011,1845,Abordable,2026-03-05
227,antoine_chemin,1844,Abordable,2026-03-05
228,milrehe1,1844,Abordable,2026-03-05
229,welyns_,1843,Abordable,2026-03-05
230,palox_213,1840,Abordable,2026-03-05
231,ClemBBBas,1840,Abordable,2026-03-05
232,gentilrital,1840,Abordable,2026-03-05
233,EmilienRCSA,1839,Abordable,2026-03-05
234,July_7even,1838,Abordable,2026-03-05
235,ort2108,1836,Abordable,2026-03-05
236,monsieursaf,1836,Abordable,2026-03-05
237,jyroure,1835,Abordable,2026-03-05
238,eris_1207,1835,Abordable,2026-03-05
239,ImFormalYT,1832,Abordable,2026-03-05
240,chessopus111,1832,Abordable,2026-03-05
241,Superleupho,1832,Abordable,2026-03-05
242,Lanriatho,1829,Abordable,2026-03-05
243,val_cs224,1828,Abordable,2026-03-05
244,zipss_,1828,Abordable,2026-03-05
245,iamnotyourkind_1010,1827,Abordable,2026-03-05
246,lukeju26,1826,Abordable,2026-03-05
247,JehanMenilpotene,1826,Abordable,2026-03-05
248,big_toto,1825,Abordable,2026-03-05
249,senestia_19,1825,Abordable,2026-03-05
250,flodel76,1824,Abordable,2026-03-05
251,jimmyceltics95,1823,Abordable,2026-03-05
252,Durzoo,1822,Abordable,2026-03-05
253,alexis_180_05,1821,Abordable,2026-03-05
254,Ascure,1817,Abordable,2026-03-05
255,Unterfile,1816,Abordable,2026-03-05
256,ABcornichon3,1815,Abordable,2026-03-05
257,cocoleb17,1815,Abordable,2026-03-05
258,Shandy_Ruggles,1814,Abordable,2026-03-05
259,benderrrrrrrrrrrrr,1812,Abordable,2026-03-05
260,exilayzon,1811,Abordable,2026-03-05
261,jbbjjbbj,1811,Abordable,2026-03-05
262,el_profesor1989,1811,Abordable,2026-03-05
263,RxApi85,1810,Abordable,2026-03-05
264,SpleenEtFlemme,1810,Abordable,2026-03-05
265,luckylukeol,1810,Abordable,2026-03-05
266,lacraw666,1809,Abordable,2026-03-05
267,SenriSama,1809,Abordable,2026-03-05
268,ndkdkoslzvdi,1809,Abordable,2026-03-05
269,Arkanisz,1809,Abordable,2026-03-05
270,arboxen,1809,Abordable,2026-03-05
271,snailfucker,1809,Abordable,2026-03-05
272,quindecim64,1807,Abordable,2026-03-05
273,jepeuxtemontrerlescrocs,1807,Abordable,2026-03-05
274,Gazpard,1807,Abordable,2026-03-05
275,dgdrhzse,1806,Abordable,2026-03-05
276,voilavoilaquoi31,1806,Abordable,2026-03-05
277,Valkeine,1805,Abordable,2026-03-05
278,HardenBoar,1805,Abordable,2026-03-05
279,Cool_Yaoul,1805,Abordable,2026-03-05
280,SquareVerySoft,1805,Abordable,2026-03-05
281,LewisPaulson,1804,Abordable,2026-03-05
282,marie8263,1804,Abordable,2026-03-05
283,Djoyia,1803,Abordable,2026-03-05
284,Annonyme31,1803,Abordable,2026-03-05
285,missbuterffly,1803,Abordable,2026-03-05
286,krokodebil31,1802,Abordable,2026-03-05
287,Pano404,1802,Abordable,2026-03-05
288,Ikioub,1802,Abordable,2026-03-05
289,bloodbulets,1801,Abordable,2026-03-05
290,aurelbj75,1800,Abordable,2026-03-05
291,FredjaacK,1800,Abordable,2026-03-05
292,CNeyo,1800,Abordable,2026-03-05
293,brringer,1800,Abordable,2026-03-05
294,crazy_pasteque,1799,Abordable,2026-03-05
295,titicoco44,1799,Abordable,2026-03-05
296,clairedt07,1799,Abordable,2026-03-05
297,Poein,1799,Abordable,2026-03-05
298,balez88,1798,Abordable,2026-03-05
299,kek_eight,1797,Abordable,2026-03-05
300,klefki1,1797,Abordable,2026-03-05
301,thehautifl,1796,Abordable,2026-03-05
302,prodigal59,1796,Abordable,2026-03-05
303,Robin_et,1795,Abordable,2026-03-05
304,Vladousse,1792,Abordable,2026-03-05
305,matthid,1792,Abordable,2026-03-05
306,Enarkael,1790,Abordable,2026-03-05
307,nicogo2155,1790,Abordable,2026-03-05
308,CatCahuait,1790,Abordable,2026-03-05
309,xelel06,1790,Abordable,2026-03-05
310,leokkaido,1789,Abordable,2026-03-05
311,doopsy2,1788,Abordable,2026-03-05
312,loekus_,1788,Abordable,2026-03-05
313,baptisteazplume,1787,Abordable,2026-03-05
314,romelcz,1786,Abordable,2026-03-05
315,La_Gej_,1786,Abordable,2026-03-05
316,lolokhali,1785,Abordable,2026-03-05
317,LeMilouzeur,1785,Abordable,2026-03-05
318,DevilSoul_,1784,Abordable,2026-03-05
319,viskerdro,1784,Abordable,2026-03-05
320,tislem81,1784,Abordable,2026-03-05
321,mrgdstuff,1783,Abordable,2026-03-05
322,Aquarius_56,1783,Abordable,2026-03-05
323,Bloom_8423,1783,Abordable,2026-03-05
324,xavxav19,1783,Abordable,2026-03-05
325,xanabud,1782,Abordable,2026-03-05
326,laurenceb14,1781,Abordable,2026-03-05
327,toby_hornetsfr,1781,Abordable,2026-03-05
328,d1435,1779,Abordable,2026-03-05
329,metaphenix25,1779,Abordable,2026-03-05
330,Ascogone,1779,Abordable,2026-03-05
331,tout_un_fromaj,1778,Abordable,2026-03-05
332,hermaniktor,1778,Abordable,2026-03-05
333,theludayack,1778,Abordable,2026-03-05
334,nutell01,1777,Abordable,2026-03-05
335,jojoko30,1777,Abordable,2026-03-05
336,Microwifix,1776,Abordable,2026-03-05
337,vduflot,1776,Abordable,2026-03-05
338,thanatosview,1776,Abordable,2026-03-05
339,pralun_,1775,Abordable,2026-03-05
340,isdohi,1775,Abordable,2026-03-05
341,foxyy1492,1774,Abordable,2026-03-05
342,mc_chombaart,1774,Abordable,2026-03-05
343,TheLordAC,1774,Abordable,2026-03-05
344,yoyoseb29,1774,Abordable,2026-03-05
345,acotterl,1773,Abordable,2026-03-05
346,oreuga_,1772,Abordable,2026-03-05
347,Helyades,1772,Abordable,2026-03-05
348,nouvier64,1771,Abordable,2026-03-05
349,louis_lc2,1769,Abordable,2026-03-05
350,Folaste,1769,Abordable,2026-03-05
351,groziflette,1768,Abordable,2026-03-05
352,monsieurzozo_,1768,Abordable,2026-03-05
353,justerango,1768,Abordable,2026-03-05
354,Babo_ucheTV,1768,Abordable,2026-03-05
355,Ancaragoum,1767,Abordable,2026-03-05
356,axorem0202,1767,Abordable,2026-03-05
357,smfc95,1766,Abordable,2026-03-05
358,LeRemiii,1765,Abordable,2026-03-05
359,faberneird,1765,Abordable,2026-03-05
360,galano_0,1764,Abordable,2026-03-05
361,RoseChateau,1764,Abordable,2026-03-05
362,lololucky4238,1763,Abordable,2026-03-05
363,motzus,1763,Abordable,2026-03-05
364,Vayke084,1763,Abordable,2026-03-05
365,ikisbok1s,1762,Abordable,2026-03-05
366,Luapago,1762,Abordable,2026-03-05
367,Tchoupii66,1762,Abordable,2026-03-05
368,itiuv,1762,Abordable,2026-03-05
369,Fan_erudite,1761,Abordable,2026-03-05
370,TnT04100,1761,Abordable,2026-03-05
371,okami_sp40,1760,Abordable,2026-03-05
372,sethzx63,1760,Abordable,2026-03-05
373,bdmaniac70,1760,Abordable,2026-03-05
374,minadia_,1759,Abordable,2026-03-05
375,zazobonsangdebonjusdtang,1759,Abordable,2026-03-05
376,provencal_le_gaulois_kmlt,1759,Abordable,2026-03-05
377,welcome_paris,1759,Abordable,2026-03-05
378,qwavesan,1758,Abordable,2026-03-05
379,raphair,1758,Abordable,2026-03-05
380,bisiaam,1758,Abordable,2026-03-05
381,universalis_max,1758,Abordable,2026-03-05
382,the_real_alexx,1757,Abordable,2026-03-05
383,un_nain_parfait,1756,Abordable,2026-03-05
384,Itizemi,1756,Abordable,2026-03-05
385,arturizio,1755,Abordable,2026-03-05
386,Kalexoo_,1754,Abordable,2026-03-05
387,itsjooris,1754,Abordable,2026-03-05
388,bulbefesse,1752,Abordable,2026-03-05
389,rculpoiroi,1752,Abordable,2026-03-05
390,angrod17,1752,Abordable,2026-03-05
391,suilono,1750,Abordable,2026-03-05
392,Eusphodus,1750,Abordable,2026-03-05
393,keke91bzh,1750,Abordable,2026-03-05
394,Aydrow_,1750,Abordable,2026-03-05
395,Gogogogo,1749,Abordable,2026-03-05
396,jelengele,1749,Abordable,2026-03-05
397,exarium_,1749,Abordable,2026-03-05
398,Bathemane,1748,Abordable,2026-03-05
399,zecharentais,1748,Abordable,2026-03-05
400,Marie_Dicule,1748,Abordable,2026-03-05
401,Fressouer,1748,Abordable,2026-03-05
402,WatiMax98,1748,Abordable,2026-03-05
403,bapt0511,1748,Abordable,2026-03-05
404,pierrewimez,1748,Abordable,2026-03-05
405,thaddee_fm,1746,Abordable,2026-03-05
406,sonoigmo,1746,Abordable,2026-03-05
407,margocho,1745,Abordable,2026-03-05
408,asdelatlas,1745,Abordable,2026-03-05
409,arthur_britannia,1745,Abordable,2026-03-05
410,maeveaml25,1744,Abordable,2026-03-05
411,iglishmek,1744,Abordable,2026-03-05
412,paul_f_t,1744,Abordable,2026-03-05
413,tsquoir51,1743,Abordable,2026-03-05
414,asterioa_,1743,Abordable,2026-03-05
415,captnnoe,1743,Abordable,2026-03-05
416,eddydet,1743,Abordable,2026-03-05
417,pieroncello,1743,Abordable,2026-03-05
418,Toomaahawks,1742,Abordable,2026-03-05
419,Fllorrin,1741,Abordable,2026-03-05
420,omsi668,1741,Abordable,2026-03-05
421,Rugbyvier,1741,Abordable,2026-03-05
422,Erpic,1740,Abordable,2026-03-05
423,Smash_MonStreamMaBataille,1739,Abordable,2026-03-05
424,Maleus1638,1739,Abordable,2026-03-05
425,magnoliarain,1738,Abordable,2026-03-05
426,ant0ine_s,1737,Abordable,2026-03-05
427,Feainnwedd,1737,Abordable,2026-03-05
428,agentpet,1737,Abordable,2026-03-05
429,kiiiiiwiiiiii1,1737,Abordable,2026-03-05
430,N0ox_hs,1736,Abordable,2026-03-05
431,laupatos378,1735,Abordable,2026-03-05
432,klaratsh,1735,Abordable,2026-03-05
433,alanbes76,1734,Abordable,2026-03-05
434,trajaxx,1734,Abordable,2026-03-05
435,emeuhhh,1734,Abordable,2026-03-05
436,Licorne_Flakes,1734,Abordable,2026-03-05
437,Nitrostarch,1733,Abordable,2026-03-05
438,Lilloote,1732,Abordable,2026-03-05
439,JePossedeUnCousin,1732,Abordable,2026-03-05
440,s0lb33,1732,Abordable,2026-03-05
441,haki47000,1731,Abordable,2026-03-05
442,Antear_Dis,1731,Abordable,2026-03-05
443,TerrliNainPosteur,1730,Abordable,2026-03-05
444,manoc2,1730,Abordable,2026-03-05
445,yuna_ymt,1730,Abordable,2026-03-05
446,Galdore_,1729,Abordable,2026-03-05
447,JeanCatherine,1729,Abordable,2026-03-05
448,Raiden27,1729,Abordable,2026-03-05
449,Grantef,1728,Abordable,2026-03-05
450,kiriroule,1728,Abordable,2026-03-05
451,jordantoulalan,1728,Abordable,2026-03-05
452,moltary,1727,Abordable,2026-03-05
453,andreas09500,1727,Abordable,2026-03-05
454,h_tes,1726,Abordable,2026-03-05
455,iAyO,1726,Abordable,2026-03-05
456,xofyache,1726,Abordable,2026-03-05
457,odisaure,1726,Abordable,2026-03-05
458,elcurbo,1724,Abordable,2026-03-05
459,mourtonus,1723,Abordable,2026-03-05
460,soaad12345,1721,Abordable,2026-03-05
461,flo_w5763,1720,Abordable,2026-03-05
462,fl0r3_o7,1720,Abordable,2026-03-05
463,Ttalanar,1719,Abordable,2026-03-05
464,cartelqueen,1717,Abordable,2026-03-05
465,guillaumev31,1717,Abordable,2026-03-05
466,m3lyes,1715,Abordable,2026-03-05
467,goid42,1715,Abordable,2026-03-05
468,TicotTM,1715,Abordable,2026-03-05
469,gtolibrius,1714,Abordable,2026-03-05
470,jeloooh,1714,Abordable,2026-03-05
471,planckifoire16,1714,Abordable,2026-03-05
472,xx_jojodu42_xx,1713,Abordable,2026-03-05
473,killer14323a,1713,Abordable,2026-03-05
474,fl8shblack,1713,Abordable,2026-03-05
475,pyroshiman,1712,Abordable,2026-03-05
476,fravoi,1711,Abordable,2026-03-05
477,FrenchArmyGuy,1711,Abordable,2026-03-05
478,Windshark_,1711,Abordable,2026-03-05
479,Michy2tess,1711,Abordable,2026-03-05
480,lopotipatxi,1710,Abordable,2026-03-05
481,vinzoudesbois,1709,Abordable,2026-03-05
482,flo_1412,1709,Abordable,2026-03-05
483,PAragorni,1708,Abordable,2026-03-05
484,metallianmask,1708,Abordable,2026-03-05
485,agnruv,1708,Abordable,2026-03-05
486,formiwan,1708,Abordable,2026-03-05
487,BalSent,1707,Abordable,2026-03-05
488,noelflantier17,1707,Abordable,2026-03-05
489,Renaud___,1707,Abordable,2026-03-05
490,DarkfanchKuro,1706,Abordable,2026-03-05
491,black5ad,1706,Abordable,2026-03-05
492,raphloursquimangedestacos,1706,Abordable,2026-03-05
493,nnirrrrr,1706,Abordable,2026-03-05
494,freazeril,1705,Abordable,2026-03-05
495,romainhg_9,1705,Abordable,2026-03-05
496,vincentavellana,1705,Abordable,2026-03-05
497,beurredoux_namnam,1705,Abordable,2026-03-05
498,niamor3141,1705,Abordable,2026-03-05
499,DocUtom,1705,Abordable,2026-03-05
500,tteckoo,1704,Abordable,2026-03-05
501,didier_guepe,1704,Abordable,2026-03-05
502,Hedw1ge,1704,Abordable,2026-03-05
503,LordAzeth,1703,Abordable,2026-03-05
504,Jeagles,1703,Abordable,2026-03-05
505,quetzalitoo,1702,Abordable,2026-03-05
506,tochkom,1701,Abordable,2026-03-05
507,meule_,1701,Abordable,2026-03-05
508,Shamanee,1701,Abordable,2026-03-05
509,Zelz14,1700,Abordable,2026-03-05
510,HaLowZen,1699,Abordable,2026-03-05
511,choixio,1699,Abordable,2026-03-05
512,bao_tr,1699,Abordable,2026-03-05
513,DocKrakan,1699,Abordable,2026-03-05
514,nico_blackstar97,1699,Abordable,2026-03-05
515,friday_next,1699,Abordable,2026-03-05
516,captain_nemo7,1698,Abordable,2026-03-05
517,playergab1,1698,Abordable,2026-03-05
518,thedoublecc,1698,Abordable,2026-03-05
519,cedced_tsubasa,1698,Abordable,2026-03-05
520,rapi2244,1698,Abordable,2026-03-05
521,N_zoh,1697,Abordable,2026-03-05
522,julfoulefoufou,1697,Abordable,2026-03-05
523,ponchouch,1697,Abordable,2026-03-05
524,thepetitbreton,1696,Abordable,2026-03-05
525,Sans_Le_Ji,1695,Abordable,2026-03-05
526,Gabivad,1695,Abordable,2026-03-05
527,tinychinesegirl,1695,Abordable,2026-03-05
528,florianllo,1695,Abordable,2026-03-05
529,bydjskull,1693,Abordable,2026-03-05
530,dalmuti1,1693,Abordable,2026-03-05
531,xfwonka,1693,Abordable,2026-03-05
532,crackitos69,1693,Abordable,2026-03-05
533,renniwoj18,1693,Abordable,2026-03-05
534,veuchdeuf,1693,Abordable,2026-03-05
535,shadit0,1693,Abordable,2026-03-05
536,Alexcendres,1693,Abordable,2026-03-05
537,ND44ADS,1692,Abordable,2026-03-05
538,En0zzz,1692,Abordable,2026-03-05
539,beetle_21,1692,Abordable,2026-03-05
540,lerifonaa,1691,Abordable,2026-03-05
541,bea70fm,1691,Abordable,2026-03-05
542,valqpuc,1691,Abordable,2026-03-05
543,el_vycram,1690,Abordable,2026-03-05
544,jutype1,1690,Abordable,2026-03-05
545,dooomiiinooo,1690,Abordable,2026-03-05
546,mrraedwyn,1690,Abordable,2026-03-05
547,Sebcube,1690,Abordable,2026-03-05
548,RdNetwork,1690,Abordable,2026-03-05
549,matt3xbot,1690,Abordable,2026-03-05
550,nyyko77,1690,Abordable,2026-03-05
551,darkmattdu94,1689,Abordable,2026-03-05
552,thibthibs7,1689,Abordable,2026-03-05
553,GnR_Blitz,1688,Abordable,2026-03-05
554,Yuushinakin,1688,Abordable,2026-03-05
555,line26000,1688,Abordable,2026-03-05
556,fracaz,1688,Abordable,2026-03-05
557,bobby_fischer_2,1688,Abordable,2026-03-05
558,dydybulle55,1687,Abordable,2026-03-05
559,meleykali,1686,Abordable,2026-03-05
560,tutur4oo,1686,Abordable,2026-03-05
561,25784z,1686,Abordable,2026-03-05
562,win_le_maitre8,1686,Abordable,2026-03-05
563,LunTuuZ,1685,Abordable,2026-03-05
564,mariuscdd,1685,Abordable,2026-03-05
565,fixfax83,1685,Abordable,2026-03-05
566,Jukain,1685,Abordable,2026-03-05
567,Loub_V,1685,Abordable,2026-03-05
568,chaouy,1684,Abordable,2026-03-05
569,adddd21,1683,Abordable,2026-03-05
570,poii2carotte,1682,Abordable,2026-03-05
571,grandnounours8,1682,Abordable,2026-03-05
572,luluxette,1682,Abordable,2026-03-05
573,Thotolito,1682,Abordable,2026-03-05
574,koalysandre,1681,Abordable,2026-03-05
575,Sanzashinho,1681,Abordable,2026-03-05
576,TLecanu,1680,Abordable,2026-03-05
577,aadelee,1680,Abordable,2026-03-05
578,gaspacho2303,1680,Abordable,2026-03-05
579,simeon_rlu,1678,Abordable,2026-03-05
580,mathieu_34920,1678,Abordable,2026-03-05
581,rouge_et_rond,1677,Abordable,2026-03-05
582,wonderabi,1677,Abordable,2026-03-05
583,heehooeee,1677,Abordable,2026-03-05
584,artepat,1677,Abordable,2026-03-05
585,eltah00,1677,Abordable,2026-03-05
586,metafysike5,1677,Abordable,2026-03-05
587,odysseus1234567,1677,Abordable,2026-03-05
588,coucoucmoi007,1676,Abordable,2026-03-05
589,kalyse83,1676,Abordable,2026-03-05
590,niang46,1675,Abordable,2026-03-05
591,GladXVI,1675,Abordable,2026-03-05
592,SHALALALALAMSM,1674,Abordable,2026-03-05
593,jomsu23,1674,Abordable,2026-03-05
594,MrGravlax,1674,Abordable,2026-03-05
595,reynier907,1674,Abordable,2026-03-05
596,LubzLaDeveine,1674,Abordable,2026-03-05
597,redst0,1674,Abordable,2026-03-05
598,romanbdp,1673,Abordable,2026-03-05
599,ascyltus_,1673,Abordable,2026-03-05
600,raiderdu24,1673,Abordable,2026-03-05
601,traipser_,1673,Abordable,2026-03-05
602,keuweuleu,1673,Abordable,2026-03-05
603,FalconPoulet,1673,Abordable,2026-03-05
604,LeGouicheur,1673,Abordable,2026-03-05
605,Elfander713,1672,Abordable,2026-03-05
606,Liquid0ceIot,1672,Abordable,2026-03-05
607,Kaourentin_,1672,Abordable,2026-03-05
608,timmy656565,1672,Abordable,2026-03-05
609,LaGrosseBertrass,1672,Abordable,2026-03-05
610,PurpleTurtle34,1671,Abordable,2026-03-05
611,Gueguettee,1671,Abordable,2026-03-05
612,fefer79,1671,Abordable,2026-03-05
613,louisprague,1671,Abordable,2026-03-05
614,flouze55,1671,Abordable,2026-03-05
615,herdilly,1671,Abordable,2026-03-05
616,Selachimorpha__,1671,Abordable,2026-03-05
617,theplayerdu18,1671,Abordable,2026-03-05
618,Lilllibl,1670,Abordable,2026-03-05
619,revfyawo,1670,Abordable,2026-03-05
620,raph6o,1670,Abordable,2026-03-05
621,BlueHando,1670,Abordable,2026-03-05
622,Patmol25,1670,Abordable,2026-03-05
623,the23ace,1669,Abordable,2026-03-05
624,magimiel,1669,Abordable,2026-03-05
625,manon_sports,1667,Abordable,2026-03-05
626,galakmoody,1667,Abordable,2026-03-05
627,elsa_gllt,1667,Abordable,2026-03-05
628,seizeh,1666,Abordable,2026-03-05
629,lemael12,1666,Abordable,2026-03-05
630,MarghostC,1666,Abordable,2026-03-05
631,Oliv_Karnage,1666,Abordable,2026-03-05
632,French_Ninja,1665,Abordable,2026-03-05
633,Kenzoche,1665,Abordable,2026-03-05
634,claire1_7,1665,Abordable,2026-03-05
635,Mo0nKizz,1664,Abordable,2026-03-05
636,ThePylote,1664,Abordable,2026-03-05
637,patinho_44lh,1664,Abordable,2026-03-05
638,Toinz_,1664,Abordable,2026-03-05
639,oryon1x,1663,Abordable,2026-03-05
640,linio6,1662,Abordable,2026-03-05
641,z_sensei,1662,Abordable,2026-03-05
642,Toadallie,1662,Abordable,2026-03-05
643,ArdanSTV,1662,Abordable,2026-03-05
644,marsoo80,1661,Abordable,2026-03-05
645,CaNico3D,1661,Abordable,2026-03-05
646,boussaviola,1660,Abordable,2026-03-05
647,helshan,1660,Abordable,2026-03-05
648,jujudepoire,1660,Abordable,2026-03-05
649,alcarex09,1660,Abordable,2026-03-05
650,aprif,1660,Abordable,2026-03-05
651,dimargotgot,1659,Abordable,2026-03-05
652,raph1414,1659,Abordable,2026-03-05
653,alicook25,1659,Abordable,2026-03-05
654,Zigaroula,1659,Abordable,2026-03-05
655,mur_de_brik,1659,Abordable,2026-03-05
656,axougerko08,1658,Abordable,2026-03-05
657,SaghLaaaaa,1658,Abordable,2026-03-05
658,Etinamuh,1658,Abordable,2026-03-05
659,arthurlefu,1658,Abordable,2026-03-05
660,boimer,1657,Abordable,2026-03-05
661,vulcainta,1657,Abordable,2026-03-05
662,zmudh,1657,Abordable,2026-03-05
663,cducharabia,1657,Abordable,2026-03-05
664,MystCloud,1656,Abordable,2026-03-05
665,sol3_n,1656,Abordable,2026-03-05
666,Loos_Guccreen,1656,Abordable,2026-03-05
667,alto_27,1656,Abordable,2026-03-05
668,P0piLeGrand,1656,Abordable,2026-03-05
669,tyroga_,1656,Abordable,2026-03-05
670,Maitre_JB,1656,Abordable,2026-03-05
671,TheFabulousLink_,1655,Abordable,2026-03-05
672,atebaobab,1655,Abordable,2026-03-05
673,lgxcinci,1655,Abordable,2026-03-05
674,apooooo__,1655,Abordable,2026-03-05
675,YEPKiks,1654,Abordable,2026-03-05
676,aud75016,1654,Abordable,2026-03-05
677,sheepsy_,1654,Abordable,2026-03-05
678,math953900,1654,Abordable,2026-03-05
679,galures,1654,Abordable,2026-03-05
680,dopeofchlo,1653,Abordable,2026-03-05
681,afy_fou,1652,Abordable,2026-03-05
682,takeso360,1652,Abordable,2026-03-05
683,jtz93,1652,Abordable,2026-03-05
684,potterfan94,1652,Abordable,2026-03-05
685,bafienfarq,1651,Abordable,2026-03-05
686,Zodnas,1651,Abordable,2026-03-05
687,zenoovvv,1649,Abordable,2026-03-05
688,Blind_LeeSin_,1649,Abordable,2026-03-05
689,aztronaute,1649,Abordable,2026-03-05
690,Tartine_De_Gazoule,1649,Abordable,2026-03-05
691,AmoAimo,1648,Abordable,2026-03-05
692,jaxa1987,1648,Abordable,2026-03-05
693,mintarra21,1648,Abordable,2026-03-05
694,analepses,1648,Abordable,2026-03-05
695,taykeron,1647,Abordable,2026-03-05
696,i_l_i_a_n,1647,Abordable,2026-03-05
697,chemisemauveacarreaux,1647,Abordable,2026-03-05
698,nadadrufio,1646,Abordable,2026-03-05
699,IsJorTheReal,1646,Abordable,2026-03-05
700,tetedejondi,1646,Abordable,2026-03-05
701,allexpresso,1646,Abordable,2026-03-05
702,mm2956,1646,Abordable,2026-03-05
703,W_Sherman,1645,Abordable,2026-03-05
704,flo40404031,1644,Abordable,2026-03-05
705,youennig,1644,Abordable,2026-03-05
706,SoldatFlippy,1643,Abordable,2026-03-05
707,hortensia06,1643,Abordable,2026-03-05
708,Maudtiny,1643,Abordable,2026-03-05
709,didoudulabal,1643,Abordable,2026-03-05
710,smokby24,1642,Abordable,2026-03-05
711,BigBlueMTG,1642,Abordable,2026-03-05
712,LeVram__,1642,Abordable,2026-03-05
713,jotunheim29,1641,Abordable,2026-03-05
714,HadrienCl,1641,Abordable,2026-03-05
715,gretirse,1640,Abordable,2026-03-05
716,fanchinho6,1640,Abordable,2026-03-05
717,mother_oftears,1640,Abordable,2026-03-05
718,PleinDeSoupe,1640,Abordable,2026-03-05
719,VerveineV,1640,Abordable,2026-03-05
720,Neorigg,1640,Abordable,2026-03-05
721,Jheo7,1640,Abordable,2026-03-05
722,mpointc,1639,Abordable,2026-03-05
723,qskrobaka1991,1639,Abordable,2026-03-05
724,steph1769300,1639,Abordable,2026-03-05
725,Basvit,1639,Abordable,2026-03-05
726,alexdubinkss,1639,Abordable,2026-03-05
727,fafoudu1,1638,Abordable,2026-03-05
728,Toadio64,1638,Abordable,2026-03-05
729,aqualhya,1637,Abordable,2026-03-05
730,Mazkeem,1637,Abordable,2026-03-05
731,eole1503,1637,Abordable,2026-03-05
732,Zayro_twitch,1637,Abordable,2026-03-05
733,e2mi,1637,Abordable,2026-03-05
734,ouloulouu8,1636,Abordable,2026-03-05
735,cececerian,1636,Abordable,2026-03-05
736,tams0078,1636,Abordable,2026-03-05
737,goldy23102007,1636,Abordable,2026-03-05
738,hugokml1,1635,Abordable,2026-03-05
739,simondaval_,1635,Abordable,2026-03-05
740,psycocci,1635,Abordable,2026-03-05
741,celinette2605,1634,Abordable,2026-03-05
742,calabasse31,1634,Abordable,2026-03-05
743,tvkekage,1634,Abordable,2026-03-05
744,vanadiuuum,1634,Abordable,2026-03-05
745,LaurentxLoL,1634,Abordable,2026-03-05
746,sunslayer7,1634,Abordable,2026-03-05
747,Nevulas_,1634,Abordable,2026-03-05
748,derkprono,1634,Abordable,2026-03-05
749,cytshitan,1634,Abordable,2026-03-05
750,charlesgeorges1976,1633,Abordable,2026-03-05
751,annonymon198,1633,Abordable,2026-03-05
752,eneoxy,1633,Abordable,2026-03-05
753,ngollo13,1633,Abordable,2026-03-05
754,PapaDucorona,1633,Abordable,2026-03-05
755,Nawak80,1632,Abordable,2026-03-05
756,Alix_EnR,1632,Abordable,2026-03-05
757,Bluepsie,1631,Abordable,2026-03-05
758,ascooked,1631,Abordable,2026-03-05
759,BrorenTilTchoupi,1631,Abordable,2026-03-05
760,annashy27,1630,Abordable,2026-03-05
761,Nraitt,1630,Abordable,2026-03-05
762,mattouellettboucher,1629,Abordable,2026-03-05
763,Dorevos,1629,Abordable,2026-03-05
764,princesse_cradouille,1629,Abordable,2026-03-05
765,Guirlyn,1629,Abordable,2026-03-05
766,gladyathor7,1629,Abordable,2026-03-05
767,bildungsromane,1629,Abordable,2026-03-05
768,surielis,1629,Abordable,2026-03-05
769,liv9171,1628,Abordable,2026-03-05
770,pandaman_88,1628,Abordable,2026-03-05
771,Vavalcelest,1628,Abordable,2026-03-05
772,chocolapin33,1628,Abordable,2026-03-05
773,hoshea_jaj,1628,Abordable,2026-03-05
774,leaa30,1627,Abordable,2026-03-05
775,leb_theo,1627,Abordable,2026-03-05
776,Gophie,1627,Abordable,2026-03-05
777,TheSoulStealer,1626,Abordable,2026-03-05
778,TheGwakeuR,1626,Abordable,2026-03-05
779,SaumonmanL,1626,Abordable,2026-03-05
780,sardaukar_roublard,1625,Abordable,2026-03-05
781,unkebabultra,1625,Abordable,2026-03-05
782,tom22bzh,1625,Abordable,2026-03-05
783,kingofgambas,1625,Abordable,2026-03-05
784,Drypaints,1624,Abordable,2026-03-05
785,Hinata_live,1624,Abordable,2026-03-05
786,Enwey,1624,Abordable,2026-03-05
787,eesil,1624,Abordable,2026-03-05
788,louis540,1624,Abordable,2026-03-05
789,Manu230874,1623,Abordable,2026-03-05
790,FlashD19,1623,Abordable,2026-03-05
791,Niflheim13,1623,Abordable,2026-03-05
792,spire30,1623,Abordable,2026-03-05
793,kraken_ti,1623,Abordable,2026-03-05
794,bastonks,1623,Abordable,2026-03-05
795,remissile_,1623,Abordable,2026-03-05
796,mclpr,1622,Abordable,2026-03-05
797,skaikruhedab,1622,Abordable,2026-03-05
798,Kehran,1622,Abordable,2026-03-05
799,elgigantenn,1621,Abordable,2026-03-05
800,TheJaecko,1621,Abordable,2026-03-05
801,MamiePadoeu,1621,Abordable,2026-03-05
802,arthurlongin,1621,Abordable,2026-03-05
803,judo_63,1621,Abordable,2026-03-05
804,Lykiell,1620,Abordable,2026-03-05
805,spi8544,1620,Abordable,2026-03-05
806,n_legends,1620,Abordable,2026-03-05
807,harveyslim,1620,Abordable,2026-03-05
808,ChercheurdOr,1620,Abordable,2026-03-05
809,r3izher,1620,Abordable,2026-03-05
810,clem_du_42,1620,Abordable,2026-03-05
811,Pimrov,1619,Abordable,2026-03-05
812,jonathan0dc,1619,Abordable,2026-03-05
813,Acansee,1619,Abordable,2026-03-05
814,B0udrick,1619,Abordable,2026-03-05
815,svjaz,1618,Abordable,2026-03-05
816,trucmuche3,1618,Abordable,2026-03-05
817,Dj33zza,1617,Abordable,2026-03-05
818,cebinhodobrasil,1617,Abordable,2026-03-05
819,luciefer___,1617,Abordable,2026-03-05
820,lucaspi6,1617,Abordable,2026-03-05
821,fataraxe,1617,Abordable,2026-03-05
822,sebnet25,1615,Abordable,2026-03-05
823,Mahkda,1615,Abordable,2026-03-05
824,soussonoeil,1613,Abordable,2026-03-05
825,balledegolf,1613,Abordable,2026-03-05
826,portalis37,1613,Abordable,2026-03-05
827,AliGerBrap,1613,Abordable,2026-03-05
828,7nyguita7,1612,Abordable,2026-03-05
829,mat_crbl,1612,Abordable,2026-03-05
830,tengr1iaf,1612,Abordable,2026-03-05
831,labarbiturique,1612,Abordable,2026-03-05
832,pietrohab,1612,Abordable,2026-03-05
833,RickTus,1611,Abordable,2026-03-05
834,bastien_cdr,1611,Abordable,2026-03-05
835,carlitalovesbees,1611,Abordable,2026-03-05
836,Azdakar,1610,Abordable,2026-03-05
837,CharlieSans,1610,Abordable,2026-03-05
838,Tacsel,1610,Abordable,2026-03-05
839,lipstick44160,1610,Abordable,2026-03-05
840,epinarinho,1610,Abordable,2026-03-05
841,marie_etsespetitstraits,1610,Abordable,2026-03-05
842,toneanother,1610,Abordable,2026-03-05
843,kb946,1609,Abordable,2026-03-05
844,arthurhohlmann,1609,Abordable,2026-03-05
845,cronozisyt,1609,Abordable,2026-03-05
846,lnl8d,1609,Abordable,2026-03-05
847,Paultraunesofa,1609,Abordable,2026-03-05
848,slaxdc,1608,Abordable,2026-03-05
849,Sipior4,1608,Abordable,2026-03-05
850,TheFlatZeppelin,1608,Abordable,2026-03-05
851,Tanukiiiiiiiiiii,1608,Abordable,2026-03-05
852,ahorushiro,1608,Abordable,2026-03-05
853,Astyazz,1607,Abordable,2026-03-05
854,Lord_Drake_,1607,Abordable,2026-03-05
855,aikez7,1607,Abordable,2026-03-05
856,nausicaavallee,1607,Abordable,2026-03-05
857,isa6137,1606,Abordable,2026-03-05
858,0xonium3,1606,Abordable,2026-03-05
859,gwen1083,1606,Abordable,2026-03-05
860,kafkakeske,1606,Abordable,2026-03-05
861,Amauryarti,1606,Abordable,2026-03-05
862,raphrigal,1605,Abordable,2026-03-05
863,coinetifawl,1605,Abordable,2026-03-05
864,lucie_loves_cheese,1605,Abordable,2026-03-05
865,ZouaV__,1605,Abordable,2026-03-05
866,RickyMuscle,1604,Abordable,2026-03-05
867,clemdude,1604,Abordable,2026-03-05
868,kikinou_spark_,1604,Abordable,2026-03-05
869,gao_2108,1604,Abordable,2026-03-05
870,livio13007,1604,Abordable,2026-03-05
871,Canisback,1603,Abordable,2026-03-05
872,101110101,1603,Abordable,2026-03-05
873,the_rominou,1603,Abordable,2026-03-05
874,manuerequin,1602,Abordable,2026-03-05
875,pepitofurtif_,1602,Abordable,2026-03-05
876,starofsky78,1601,Abordable,2026-03-05
877,Lilehoux,1601,Abordable,2026-03-05
878,Cedric_______,1600,Abordable,2026-03-05
879,Gafpix,1600,Abordable,2026-03-05
880,meliana91,1599,Abordable,2026-03-05
881,flozz42,1599,Abordable,2026-03-05
882,Duvoiing,1599,Abordable,2026-03-05
883,HenriOOS,1599,Abordable,2026-03-05
884,Sentry_Down,1599,Abordable,2026-03-05
885,izziquent,1599,Abordable,2026-03-05
886,ZoE_DuL,1599,Abordable,2026-03-05
887,vingt_et_un,1598,Abordable,2026-03-05
888,guylouche29,1598,Abordable,2026-03-05
889,Arotuf,1598,Abordable,2026-03-05
890,alb_z,1598,Abordable,2026-03-05
891,iResis_,1598,Abordable,2026-03-05
892,Serial76,1597,Abordable,2026-03-05
893,eblett,1597,Abordable,2026-03-05
894,plydfonik,1597,Abordable,2026-03-05
895,yomann988,1597,Abordable,2026-03-05
896,nat150210,1597,Abordable,2026-03-05
897,mrgus25,1597,Abordable,2026-03-05
898,ety_lore,1597,Abordable,2026-03-05
899,BerbieTV,1596,Abordable,2026-03-05
900,salomedutrieu,1596,Abordable,2026-03-05
901,foucauloulou,1596,Abordable,2026-03-05
902,andulo9150,1596,Abordable,2026-03-05
903,tristan_ryu,1596,Abordable,2026-03-05
904,fruuhstuck,1594,Abordable,2026-03-05
905,AFGalaad,1594,Abordable,2026-03-05
906,Evil3ye,1594,Abordable,2026-03-05
907,captainfeeder2,1594,Abordable,2026-03-05
908,Todomach,1594,Abordable,2026-03-05
909,Landulyk,1594,Abordable,2026-03-05
910,Enaira02,1594,Abordable,2026-03-05
911,Va1ou_,1594,Abordable,2026-03-05
912,antvine,1593,Abordable,2026-03-05
913,PumPiz,1592,Abordable,2026-03-05
914,yanisflxxx,1592,Abordable,2026-03-05
915,Aramandra,1591,Abordable,2026-03-05
916,claude_maillou,1591,Abordable,2026-03-05
917,pierbal,1591,Abordable,2026-03-05
918,jakomanobis,1590,Abordable,2026-03-05
919,La_Siole,1590,Abordable,2026-03-05
920,MrNerwey,1590,Abordable,2026-03-05
921,prunodesbois,1590,Abordable,2026-03-05
922,lauranorak,1590,Abordable,2026-03-05
923,BehelFR,1590,Abordable,2026-03-05
924,xtofsim,1590,Abordable,2026-03-05
925,gervais26,1589,Abordable,2026-03-05
926,mamiem37,1588,Abordable,2026-03-05
927,coum12,1588,Abordable,2026-03-05
928,cloe5788a,1588,Abordable,2026-03-05
929,helenorma,1588,Abordable,2026-03-05
930,Karthaz_ow,1588,Abordable,2026-03-05
931,timar_san,1588,Abordable,2026-03-05
932,belette__feroce,1588,Abordable,2026-03-05
933,didiecg,1588,Abordable,2026-03-05
934,pitimikma3l,1588,Abordable,2026-03-05
935,glantichou,1587,Abordable,2026-03-05
936,naoofr,1587,Abordable,2026-03-05
937,z_one107,1586,Abordable,2026-03-05
938,alexinhos,1586,Abordable,2026-03-05
939,KuromeJ,1586,Abordable,2026-03-05
940,martinounours_,1586,Abordable,2026-03-05
941,alinecompass,1586,Abordable,2026-03-05
942,Terkha,1586,Abordable,2026-03-05
943,Atinele,1586,Abordable,2026-03-05
944,hugeo2106,1585,Abordable,2026-03-05
945,walkerbeni,1585,Abordable,2026-03-05
946,lopysc12,1585,Abordable,2026-03-05
947,Samgam,1584,Abordable,2026-03-05
948,astrofeur,1584,Abordable,2026-03-05
949,art_lbn,1584,Abordable,2026-03-05
950,flavienric,1584,Abordable,2026-03-05
951,Guyom_K,1584,Abordable,2026-03-05
952,martin_wiz,1584,Abordable,2026-03-05
953,flibustier13,1583,Abordable,2026-03-05
954,pepiteidem,1583,Abordable,2026-03-05
955,adrizhed,1583,Abordable,2026-03-05
956,demesuros,1583,Abordable,2026-03-05
957,victor_cizeh,1583,Abordable,2026-03-05
958,Rapik79,1583,Abordable,2026-03-05
959,Chaton_Trop_Mignon,1582,Abordable,2026-03-05
960,amelied33,1582,Abordable,2026-03-05
961,malo_dschs,1581,Abordable,2026-03-05
962,MyopicTortoise,1581,Abordable,2026-03-05
963,warsoonn,1581,Abordable,2026-03-05
964,Albanane__,1581,Abordable,2026-03-05
965,robxa27,1581,Abordable,2026-03-05
966,stanimal38,1581,Abordable,2026-03-05
967,thomas050801,1580,Abordable,2026-03-05
968,lukasmelchior95,1580,Abordable,2026-03-05
969,klemkarovska,1580,Abordable,2026-03-05
970,Laaampadaire,1580,Abordable,2026-03-05
971,celine512,1580,Abordable,2026-03-05
972,ratinho__7,1580,Abordable,2026-03-05
973,allan178679,1580,Abordable,2026-03-05
974,vincentmrr,1580,Abordable,2026-03-05
975,axwayve,1580,Abordable,2026-03-05
976,Aelystos,1580,Abordable,2026-03-05
977,toutoune_le_m,1579,Abordable,2026-03-05
978,DireMad_,1579,Abordable,2026-03-05
979,FR_Agile,1579,Abordable,2026-03-05
980,Boby_Boooba,1579,Abordable,2026-03-05
981,jeremiejk,1579,Abordable,2026-03-05
982,Praetrorian,1578,Abordable,2026-03-05
983,vital_sloth,1578,Abordable,2026-03-05
984,Is4ki,1578,Abordable,2026-03-05
985,wazanimay_,1578,Abordable,2026-03-05
986,alexflexx5,1578,Abordable,2026-03-05
987,eliox_lapox,1577,Abordable,2026-03-05
988,Erinn653,1577,Abordable,2026-03-05
989,downkyz,1577,Abordable,2026-03-05
990,anais_sg,1577,Abordable,2026-03-05
991,ElendirGurdil,1576,Abordable,2026-03-05
992,binouzeframboise,1576,Abordable,2026-03-05
993,7thsymphony,1576,Abordable,2026-03-05
994,lordani44,1575,Abordable,2026-03-05
995,silvermarco97,1575,Abordable,2026-03-05
996,Spiri_DocS,1575,Abordable,2026-03-05
997,mjdavel,1575,Abordable,2026-03-05
998,gfunkybasse,1575,Abordable,2026-03-05
999,guitouille1,1575,Abordable,2026-03-05
1000,jujustumeuh,1575,Abordable,2026-03-05
1001,kirkou,1575,Abordable,2026-03-05
1002,KiViK___,1574,Abordable,2026-03-05
1003,milkklei,1574,Abordable,2026-03-05
1004,roro911902,1574,Abordable,2026-03-05
1005,Not_BhS,1574,Abordable,2026-03-05
1006,M8_lekyks,1574,Abordable,2026-03-05
1007,Demurah,1574,Abordable,2026-03-05
1008,sgtnooz,1573,Abordable,2026-03-05
1009,LeNono_TV,1573,Abordable,2026-03-05
1010,lyria_prs,1573,Abordable,2026-03-05
1011,PoireauPane,1573,Abordable,2026-03-05
1012,billmall44310,1573,Abordable,2026-03-05
1013,thebabet,1572,Abordable,2026-03-05
1014,lechapelier55,1572,Abordable,2026-03-05
1015,Roxaasora,1572,Abordable,2026-03-05
1016,IceZz_94,1572,Abordable,2026-03-05
1017,le_tennisman48,1571,Abordable,2026-03-05
1018,martinbiss,1571,Abordable,2026-03-05
1019,ptitbouh,1571,Abordable,2026-03-05
1020,gotmarine,1571,Abordable,2026-03-05
1021,percvaldegalles,1571,Abordable,2026-03-05
1022,nicowdt,1571,Abordable,2026-03-05
1023,TempoBack,1571,Abordable,2026-03-05
1024,arthuroo1,1570,Abordable,2026-03-05
1025,schrymp,1570,Abordable,2026-03-05
1026,FyyTox,1570,Abordable,2026-03-05
1027,Folamour,1569,Abordable,2026-03-05
1028,spolioz,1569,Abordable,2026-03-05
1029,infini1006,1569,Abordable,2026-03-05
1030,Titroch,1569,Abordable,2026-03-05
1031,Guicri_,1569,Abordable,2026-03-05
1032,patate1654,1568,Abordable,2026-03-05
1033,oxwood06,1568,Abordable,2026-03-05
1034,lucieebl,1568,Abordable,2026-03-05
1035,lajayce,1567,Abordable,2026-03-05
1036,baptiste_mnst,1567,Abordable,2026-03-05
1037,typhanie06,1567,Abordable,2026-03-05
1038,morgane_polerina,1567,Abordable,2026-03-05
1039,cellowo,1567,Abordable,2026-03-05
1040,kn__12,1566,Abordable,2026-03-05
1041,adriknox,1565,Abordable,2026-03-05
1042,romaincyg,1565,Abordable,2026-03-05
1043,LeopoldoPisanello,1564,Abordable,2026-03-05
1044,ilyas_,1564,Abordable,2026-03-05
1045,lakitex,1564,Abordable,2026-03-05
1046,miohne822,1564,Abordable,2026-03-05
1047,JeSuisUneChocoIatine,1564,Abordable,2026-03-05
1048,frcrazypanda,1563,Abordable,2026-03-05
1049,lebouftout,1563,Abordable,2026-03-05
1050,theodamo,1563,Abordable,2026-03-05
1051,Apatride_Dood,1563,Abordable,2026-03-05
1052,bapricbigbob,1562,Abordable,2026-03-05
1053,puputedu31,1561,Abordable,2026-03-05
1054,angelolive_m,1561,Abordable,2026-03-05
1055,saccard8,1561,Abordable,2026-03-05
1056,khloette,1561,Abordable,2026-03-05
1057,nestlu_,1561,Abordable,2026-03-05
1058,imjustjphil_,1560,Abordable,2026-03-05
1059,Lohem54,1560,Abordable,2026-03-05
1060,Neicilef,1560,Abordable,2026-03-05
1061,MrMich38,1560,Abordable,2026-03-05
1062,Slafuss,1560,Abordable,2026-03-05
1063,val_jnv,1560,Abordable,2026-03-05
1064,Fraudeman_,1559,Abordable,2026-03-05
1065,minizza59380,1559,Abordable,2026-03-05
1066,lookiadia,1559,Abordable,2026-03-05
1067,Caro_ea,1559,Abordable,2026-03-05
1068,redscreen6,1558,Abordable,2026-03-05
1069,Tatane_tv,1558,Abordable,2026-03-05
1070,PandaduJapon,1558,Abordable,2026-03-05
1071,Trafalgar_8sky,1558,Abordable,2026-03-05
1072,santorodu46,1558,Abordable,2026-03-05
1073,benj__4,1557,Abordable,2026-03-05
1074,TessoTV,1557,Abordable,2026-03-05
1075,syl400,1557,Abordable,2026-03-05
1076,CorsicanGambler,1557,Abordable,2026-03-05
1077,bigodiche,1556,Abordable,2026-03-05
1078,kevluct,1556,Abordable,2026-03-05
1079,batleroi_melba,1556,Abordable,2026-03-05
1080,naillik953,1556,Abordable,2026-03-05
1081,rd_lou,1556,Abordable,2026-03-05
1082,Eni_Plaid,1556,Abordable,2026-03-05
1083,streetfightermas,1556,Abordable,2026-03-05
1084,ZeTurboo_,1556,Abordable,2026-03-05
1085,morlou_,1555,Abordable,2026-03-05
1086,PetitEwokk,1555,Abordable,2026-03-05
1087,sys100817,1555,Abordable,2026-03-05
1088,Ramda_Pink,1554,Abordable,2026-03-05
1089,Crayak88,1554,Abordable,2026-03-05
1090,Waluigion,1554,Abordable,2026-03-05
1091,Floftnl,1553,Abordable,2026-03-05
1092,angelique_grdn,1553,Abordable,2026-03-05
1093,athena83__,1553,Abordable,2026-03-05
1094,TsepmeTRednuhT,1553,Abordable,2026-03-05
1095,enzo99enzo,1552,Abordable,2026-03-05
1096,blablacar09420,1552,Abordable,2026-03-05
1097,mwtoshi,1552,Abordable,2026-03-05
1098,maxencedtz,1551,Abordable,2026-03-05
1099,hajimeta,1551,Abordable,2026-03-05
1100,surfysamy23,1551,Abordable,2026-03-05
1101,3dozamon,1550,Abordable,2026-03-05
1102,ev4n1r56,1550,Abordable,2026-03-05
1103,arlettechabotgaming,1550,Abordable,2026-03-05
1104,fanchito2677,1550,Abordable,2026-03-05
1105,amosdq,1549,Abordable,2026-03-05
1106,Piroulis,1549,Abordable,2026-03-05
1107,Lwizhart,1549,Abordable,2026-03-05
1108,milobito,1549,Abordable,2026-03-05
1109,Elyar_TV,1549,Abordable,2026-03-05
1110,tritonnosaure,1548,Abordable,2026-03-05
1111,Maxidroll,1548,Abordable,2026-03-05
1112,b_49,1548,Abordable,2026-03-05
1113,melvineuer22,1548,Abordable,2026-03-05
1114,Llu90,1548,Abordable,2026-03-05
1115,yooshi213,1548,Abordable,2026-03-05
1116,claraa_l,1548,Abordable,2026-03-05
1117,ruminemoriarty,1547,Abordable,2026-03-05
1118,Slt_,1547,Abordable,2026-03-05
1119,npnvn67,1547,Abordable,2026-03-05
1120,romstyle45,1547,Abordable,2026-03-05
1121,tefalus,1547,Abordable,2026-03-05
1122,TheRabtorr,1547,Abordable,2026-03-05
1123,OldStan,1547,Abordable,2026-03-05
1124,don_azhon,1547,Abordable,2026-03-05
1125,rom1_nc,1547,Abordable,2026-03-05
1126,katakeno,1546,Abordable,2026-03-05
1127,hamlew_44,1546,Abordable,2026-03-05
1128,paul_iblt,1546,Abordable,2026-03-05
1129,nolbi_,1545,Abordable,2026-03-05
1130,elise_05_tl,1545,Abordable,2026-03-05
1131,eageln5,1545,Abordable,2026-03-05
1132,papender18,1545,Abordable,2026-03-05
1133,fariostrewis,1545,Abordable,2026-03-05
1134,Kerrigana,1545,Abordable,2026-03-05
1135,mfp_wanderer,1545,Abordable,2026-03-05
1136,nanou33190,1544,Abordable,2026-03-05
1137,theyoooop,1544,Abordable,2026-03-05
1138,picon02,1543,Abordable,2026-03-05
1139,queenmamouche,1543,Abordable,2026-03-05
1140,Typlouf_,1543,Abordable,2026-03-05
1141,arno_bab,1543,Abordable,2026-03-05
1142,fandebowie,1542,Abordable,2026-03-05
1143,Slitter087,1542,Abordable,2026-03-05
1144,sylvjeu31,1542,Abordable,2026-03-05
1145,Best_Platypus,1542,Abordable,2026-03-05
1146,nokiou,1541,Abordable,2026-03-05
1147,HeebooKuro,1541,Abordable,2026-03-05
1148,highdrien34,1541,Abordable,2026-03-05
1149,AOPMaroilles,1541,Abordable,2026-03-05
1150,kethjin,1540,Abordable,2026-03-05
1151,xlinaelyoupi,1540,Abordable,2026-03-05
1152,celsanfri,1540,Abordable,2026-03-05
1153,ridilion_13,1540,Abordable,2026-03-05
1154,baatoou,1540,Abordable,2026-03-05
1155,Trantora,1540,Abordable,2026-03-05
1156,tobias_frd,1540,Abordable,2026-03-05
1157,Zhedexis,1540,Abordable,2026-03-05
1158,lyxtoo,1539,Abordable,2026-03-05
1159,berrytos,1539,Abordable,2026-03-05
1160,Asmowo,1539,Abordable,2026-03-05
1161,battlamenace,1539,Abordable,2026-03-05
1162,Malassa5555,1539,Abordable,2026-03-05
1163,Tenshin_7,1539,Abordable,2026-03-05
1164,dornab,1539,Abordable,2026-03-05
1165,Ghighim0n,1538,Abordable,2026-03-05
1166,lakonik44,1538,Abordable,2026-03-05
1167,nicocena2203,1538,Abordable,2026-03-05
1168,minora_mchx,1538,Abordable,2026-03-05
1169,martincantineau,1538,Abordable,2026-03-05
1170,tim0thh,1538,Abordable,2026-03-05
1171,benjcoulis,1538,Abordable,2026-03-05
1172,may3316,1538,Abordable,2026-03-05
1173,dieunicolaspepe,1537,Abordable,2026-03-05
1174,gauwilzam_mp4,1537,Abordable,2026-03-05
1175,titiriprag,1537,Abordable,2026-03-05
1176,MsieurDodo,1537,Abordable,2026-03-05
1177,aureltom,1537,Abordable,2026-03-05
1178,Apost0phe,1537,Abordable,2026-03-05
1179,togepi_boardgame,1537,Abordable,2026-03-05
1180,oak_trainer,1536,Abordable,2026-03-05
1181,Azuron_,1536,Abordable,2026-03-05
1182,suuuuzon,1536,Abordable,2026-03-05
1183,snakinho74,1536,Abordable,2026-03-05
1184,louis__4,1536,Abordable,2026-03-05
1185,R0ch8,1535,Abordable,2026-03-05
1186,kame0c,1535,Abordable,2026-03-05
1187,hydroshadowz,1535,Abordable,2026-03-05
1188,timtamtoum94,1534,Abordable,2026-03-05
1189,JessLivraddict,1534,Abordable,2026-03-05
1190,lukecrecy42,1534,Abordable,2026-03-05
1191,ElToomyFR,1534,Abordable,2026-03-05
1192,chloeamt,1534,Abordable,2026-03-05
1193,emma_poulpee,1534,Abordable,2026-03-05
1194,simlucc,1534,Abordable,2026-03-05
1195,Ajax0ule,1534,Abordable,2026-03-05
1196,AuziXx15,1534,Abordable,2026-03-05
1197,Ocays,1533,Abordable,2026-03-05
1198,AirCeos_,1533,Abordable,2026-03-05
1199,Helcay_,1533,Abordable,2026-03-05
1200,lePabe,1532,Abordable,2026-03-05
1201,lauranne0564,1532,Abordable,2026-03-05
1202,marcatounu,1531,Abordable,2026-03-05
1203,PorzFoll,1531,Abordable,2026-03-05
1204,maxouzen,1531,Abordable,2026-03-05
1205,periclees75,1531,Abordable,2026-03-05
1206,thomio2565,1531,Abordable,2026-03-05
1207,LeKagoule,1531,Abordable,2026-03-05
1208,annepo9,1531,Abordable,2026-03-05
1209,ThisIsREDOU,1531,Abordable,2026-03-05
1210,jossleboloss,1530,Abordable,2026-03-05
1211,ruggipi,1530,Abordable,2026-03-05
1212,cdemoul1,1530,Abordable,2026-03-05
1213,Clemoslo,1530,Abordable,2026-03-05
1214,GeoNonooo,1530,Abordable,2026-03-05
1215,alain195417,1530,Abordable,2026-03-05
1216,tybald_cornelion,1529,Abordable,2026-03-05
1217,EGO_bd,1529,Abordable,2026-03-05
1218,LeWalui,1529,Abordable,2026-03-05
1219,romain_9_,1529,Abordable,2026-03-05
1220,morgane_888,1529,Abordable,2026-03-05
1221,Dexte03,1529,Abordable,2026-03-05
1222,mulesjarie,1528,Abordable,2026-03-05
1223,3timit3,1528,Abordable,2026-03-05
1224,norritt16,1528,Abordable,2026-03-05
1225,marrrrrion,1528,Abordable,2026-03-05
1226,blackraven560276,1528,Abordable,2026-03-05
1227,MarCalifornium,1528,Abordable,2026-03-05
1228,boreal1333,1528,Abordable,2026-03-05
1229,Aiveune,1528,Abordable,2026-03-05
1230,fifilebreton,1527,Abordable,2026-03-05
1231,Skouaibe,1527,Abordable,2026-03-05
1232,ezila_3,1527,Abordable,2026-03-05
1233,pierrham,1527,Abordable,2026-03-05
1234,vejeam,1527,Abordable,2026-03-05
1235,anael_cph,1527,Abordable,2026-03-05
1236,Theobald,1527,Abordable,2026-03-05
1237,jesus00733,1527,Abordable,2026-03-05
1238,modokomso,1527,Abordable,2026-03-05
1239,Pentateuques,1527,Abordable,2026-03-05
1240,kyaa05,1526,Abordable,2026-03-05
1241,Ertaqq,1526,Abordable,2026-03-05
1242,Piveau1,1526,Abordable,2026-03-05
1243,CaptainSebji,1526,Abordable,2026-03-05
1244,Adwon_,1526,Abordable,2026-03-05
1245,bodopute,1526,Abordable,2026-03-05
1246,LeNareux,1525,Abordable,2026-03-05
1247,redbast_,1525,Abordable,2026-03-05
1248,camilia_cr,1525,Abordable,2026-03-05
1249,leo22971_2,1524,Abordable,2026-03-05
1250,ssk68100,1524,Abordable,2026-03-05
1251,quinzmar,1524,Abordable,2026-03-05
1252,poulpy46,1524,Abordable,2026-03-05
1253,Pikaxyyy,1524,Abordable,2026-03-05
1254,babouuuuuuuuuuuuuu67,1523,Abordable,2026-03-05
1255,Pisteur_alpin,1523,Abordable,2026-03-05
1256,Zifuko_de_la_B,1523,Abordable,2026-03-05
1257,muhfassa,1523,Abordable,2026-03-05
1258,Herakles64,1522,Abordable,2026-03-05
1259,rara090,1522,Abordable,2026-03-05
1260,vt12_levrai,1521,Abordable,2026-03-05
1261,emilienrb,1521,Abordable,2026-03-05
1262,Enorotchka,1521,Abordable,2026-03-05
1263,vandalmonde,1520,Abordable,2026-03-05
1264,hi8hram,1520,Abordable,2026-03-05
1265,emiliegzz,1520,Abordable,2026-03-05
1266,ayanami236,1520,Abordable,2026-03-05
1267,alcyroco,1520,Abordable,2026-03-05
1268,adrioux_,1520,Abordable,2026-03-05
1269,Caaaann_,1519,Abordable,2026-03-05
1270,Chesley97,1519,Abordable,2026-03-05
1271,svz_anarion,1519,Abordable,2026-03-05
1272,thibaudrbo,1519,Abordable,2026-03-05
1273,zigour,1519,Abordable,2026-03-05
1274,tartotartes,1518,Abordable,2026-03-05
1275,igrancee,1518,Abordable,2026-03-05
1276,MelanieHDF,1518,Abordable,2026-03-05
1277,gaetan_pav,1518,Abordable,2026-03-05
1278,McCornickk,1518,Abordable,2026-03-05
1279,Snailkeuh,1518,Abordable,2026-03-05
1280,Kornog_XLR,1518,Abordable,2026-03-05
1281,milochevrier,1518,Abordable,2026-03-05
1282,Robiino,1518,Abordable,2026-03-05
1283,katsuyaa,1517,Abordable,2026-03-05
1284,Joyphena,1517,Abordable,2026-03-05
1285,alkapss,1517,Abordable,2026-03-05
1286,maatelott,1517,Abordable,2026-03-05
1287,NezukYe,1517,Abordable,2026-03-05
1288,KotoLePlusBo,1517,Abordable,2026-03-05
1289,nicolens62_,1516,Abordable,2026-03-05
1290,tomy7698,1516,Abordable,2026-03-05
1291,Pasdlle,1516,Abordable,2026-03-05
1292,joeyxuyhj,1516,Abordable,2026-03-05
1293,dfer1265,1516,Abordable,2026-03-05
1294,vigneauuu,1516,Abordable,2026-03-05
1295,ShoTam3,1516,Abordable,2026-03-05
1296,iko7,1516,Abordable,2026-03-05
1297,ogdec,1515,Abordable,2026-03-05
1298,KeyhoJackk,1515,Abordable,2026-03-05
1299,Pud_Lag,1515,Abordable,2026-03-05
1300,barst_mc_plonte,1515,Abordable,2026-03-05
1301,armilz,1515,Abordable,2026-03-05
1302,Ralmnor,1515,Abordable,2026-03-05
1303,Crinkrin,1515,Abordable,2026-03-05
1304,Zayli__,1515,Abordable,2026-03-05
1305,Titourno,1515,Abordable,2026-03-05
1306,beavounet12,1514,Abordable,2026-03-05
1307,renardcrousti,1514,Abordable,2026-03-05
1308,Almagics_,1514,Abordable,2026-03-05
1309,lennythemystery,1514,Abordable,2026-03-05
1310,romain679,1514,Abordable,2026-03-05
1311,clement0330,1514,Abordable,2026-03-05
1312,Amethyste_tp,1514,Abordable,2026-03-05
1313,miririri_,1514,Abordable,2026-03-05
1314,Ryad__c,1514,Abordable,2026-03-05
1315,LineceMadu,1513,Abordable,2026-03-05
1316,ofuikx,1513,Abordable,2026-03-05
1317,poupoutte,1513,Abordable,2026-03-05
1318,Glornuk,1513,Abordable,2026-03-05
1319,etriname_twitch,1513,Abordable,2026-03-05
1320,emphaaaa,1513,Abordable,2026-03-05
1321,fatalmooon,1513,Abordable,2026-03-05
1322,dechannes,1513,Abordable,2026-03-05
1323,Stormax92,1513,Abordable,2026-03-05
1324,Kynuur,1512,Abordable,2026-03-05
1325,lothorcanie,1512,Abordable,2026-03-05
1326,baptister42,1512,Abordable,2026-03-05
1327,chokkxx,1512,Abordable,2026-03-05
1328,sttaniss,1512,Abordable,2026-03-05
1329,ton_gros_front_lisse,1511,Abordable,2026-03-05
1330,moletg74,1511,Abordable,2026-03-05
1331,mathiswolfie,1511,Abordable,2026-03-05
1332,srusru0805,1511,Abordable,2026-03-05
1333,camiilfi,1511,Abordable,2026-03-05
1334,m3ch3l,1511,Abordable,2026-03-05
1335,guyom27,1510,Abordable,2026-03-05
1336,laurentribeiro,1510,Abordable,2026-03-05
1337,derpepino,1510,Abordable,2026-03-05
1338,chrisandco,1510,Abordable,2026-03-05
1339,Enerousse,1510,Abordable,2026-03-05
1340,Hakiten,1510,Abordable,2026-03-05
1341,nysoss_,1510,Abordable,2026-03-05
1342,oscarcpg13,1509,Abordable,2026-03-05
1343,pabl0escabo,1509,Abordable,2026-03-05
1344,gloria2326,1509,Abordable,2026-03-05
1345,devotneedler,1509,Abordable,2026-03-05
1346,magicmathis1,1508,Abordable,2026-03-05
1347,Tryviss,1508,Abordable,2026-03-05
1348,loubln22,1508,Abordable,2026-03-05
1349,lolo777x,1508,Abordable,2026-03-05
1350,SpaceKrotte,1508,Abordable,2026-03-05
1351,Menquia,1507,Abordable,2026-03-05
1352,TatieParapluie,1507,Abordable,2026-03-05
1353,misfeet35,1507,Abordable,2026-03-05
1354,BoulangerDeCristal,1507,Abordable,2026-03-05
1355,ruuuulio_,1507,Abordable,2026-03-05
1356,sylker22,1506,Abordable,2026-03-05
1357,suffpapy,1506,Abordable,2026-03-05
1358,lilico0410,1506,Abordable,2026-03-05
1359,MaxSheune,1506,Abordable,2026-03-05
1360,aliceeuh_,1506,Abordable,2026-03-05
1361,Miloumath,1506,Abordable,2026-03-05
1362,Pedr0madaire,1505,Abordable,2026-03-05
1363,finalfansebi,1505,Abordable,2026-03-05
1364,totobonsoir48,1505,Abordable,2026-03-05
1365,Setsunael,1505,Abordable,2026-03-05
1366,hft40,1505,Abordable,2026-03-05
1367,passerine23,1505,Abordable,2026-03-05
1368,damydamm,1504,Abordable,2026-03-05
1369,testzzrot,1504,Abordable,2026-03-05
1370,hugrotu,1504,Abordable,2026-03-05
1371,L13_Graphics,1504,Abordable,2026-03-05
1372,percheval,1504,Abordable,2026-03-05
1373,superslihf,1504,Abordable,2026-03-05
1374,mehdecin,1504,Abordable,2026-03-05
1375,Lashlabaskme,1504,Abordable,2026-03-05
1376,tortuegourmande,1503,Abordable,2026-03-05
1377,davidd2662119,1503,Abordable,2026-03-05
1378,poipoi_0,1503,Abordable,2026-03-05
1379,dy0uu,1503,Abordable,2026-03-05
1380,Shilvana,1503,Abordable,2026-03-05
1381,lambarKader,1502,Abordable,2026-03-05
1382,kaitosamatv,1502,Abordable,2026-03-05
1383,claaa221104,1502,Abordable,2026-03-05
1384,leilamnccc,1502,Abordable,2026-03-05
1385,Antrav74,1502,Abordable,2026-03-05
1386,baretus,1502,Abordable,2026-03-05
1387,Jannaimar,1502,Abordable,2026-03-05
1388,blouig,1501,Abordable,2026-03-05
1389,eliot_cm09,1501,Abordable,2026-03-05
1390,ouistitimarrant,1501,Abordable,2026-03-05
1391,Loisyoyo_,1501,Abordable,2026-03-05
1392,Patchi6249,1501,Abordable,2026-03-05
1393,hagoty,1501,Abordable,2026-03-05
1394,Tseko_tm,1501,Abordable,2026-03-05
1395,OzymandiasFG,1501,Abordable,2026-03-05
1396,111111Bonjour,1501,Abordable,2026-03-05
1397,hesiodar,1500,Abordable,2026-03-05
1398,fbernable,1500,Abordable,2026-03-05
1399,archisteph,1500,Abordable,2026-03-05
1400,en7itoo,1500,Abordable,2026-03-05
1401,Atouxi,1500,Abordable,2026-03-05
1402,cherub_fan,1500,Abordable,2026-03-05
1403,pierre0042,1500,Abordable,2026-03-05
1404,maxmrld,1500,Abordable,2026-03-05
1405,Cyliaelle,1500,Abordable,2026-03-05
1406,viklervi,1499,Abordable,2026-03-05
1407,Stillau,1499,Abordable,2026-03-05
1408,luffysanlb,1499,Abordable,2026-03-05
1409,Scotchill,1499,Abordable,2026-03-05
1410,crgrd,1499,Abordable,2026-03-05
1411,patinmau,1498,Abordable,2026-03-05
1412,Patatours,1498,Abordable,2026-03-05
1413,hugotheup,1498,Abordable,2026-03-05
1414,epicviip,1498,Abordable,2026-03-05
1415,Rostazore,1496,Abordable,2026-03-05
1416,Pims_alorange,1496,Abordable,2026-03-05
1417,pyrodaz,1496,Abordable,2026-03-05
1418,peacefulcatworld,1496,Abordable,2026-03-05
1419,lanasavannah,1495,Abordable,2026-03-05
1420,yallah_8,1495,Abordable,2026-03-05
1421,kyllian0_,1495,Abordable,2026-03-05
1422,F4yaman,1495,Abordable,2026-03-05
1423,rebis47,1494,Abordable,2026-03-05
1424,habedywin,1494,Abordable,2026-03-05
1425,Potamochoerus_porcus,1493,Abordable,2026-03-05
1426,gwenvel1,1493,Abordable,2026-03-05
1427,matteo_23456,1493,Abordable,2026-03-05
1428,Ernal7,1493,Abordable,2026-03-05
1429,RiriLaLoutre,1492,Abordable,2026-03-05
1430,prnce08,1492,Abordable,2026-03-05
1431,hiroshipanda2,1492,Abordable,2026-03-05
1432,arkogy,1492,Abordable,2026-03-05
1433,hassen_ijou,1492,Abordable,2026-03-05
1434,Skeneros,1492,Abordable,2026-03-05
1435,ShinoxEU,1491,Abordable,2026-03-05
1436,Apocalypse88666,1491,Abordable,2026-03-05
1437,DANLCARTON,1491,Abordable,2026-03-05
1438,bridouze_,1490,Abordable,2026-03-05
1439,isabo56,1490,Abordable,2026-03-05
1440,moilebgetpastoi,1490,Abordable,2026-03-05
1441,ourssucrerie,1490,Abordable,2026-03-05
1442,ivlian,1490,Abordable,2026-03-05
1443,Markhat,1489,Abordable,2026-03-05
1444,noetnette,1489,Abordable,2026-03-05
1445,Xerland74,1489,Abordable,2026-03-05
1446,SquaredGrunt,1489,Abordable,2026-03-05
1447,gourde92831,1488,Abordable,2026-03-05
1448,plntel,1488,Abordable,2026-03-05
1449,Lmon_Chok,1488,Abordable,2026-03-05
1450,Bryssse,1488,Abordable,2026-03-05
1451,theyannou23,1488,Abordable,2026-03-05
1452,SiMGrX,1487,Abordable,2026-03-05
1453,Loutrakwatic,1487,Abordable,2026-03-05
1454,hugskyhusky,1487,Abordable,2026-03-05
1455,albatros_consanguin,1487,Abordable,2026-03-05
1456,cchielli,1487,Abordable,2026-03-05
1457,siilbi,1487,Abordable,2026-03-05
1458,komagik,1487,Abordable,2026-03-05
1459,vandeveldefabian,1486,Abordable,2026-03-05
1460,mrpoulpe0191,1486,Abordable,2026-03-05
1461,Saurien69,1485,Abordable,2026-03-05
1462,silskinrius,1485,Abordable,2026-03-05
1463,why_you_tousser,1485,Abordable,2026-03-05
1464,RasperGrimm,1485,Abordable,2026-03-05
1465,karagzz_jojo,1485,Abordable,2026-03-05
1466,rlafosse54,1485,Abordable,2026-03-05
1467,bidet76,1485,Abordable,2026-03-05
1468,Karreaux_,1485,Abordable,2026-03-05
1469,KC_GuigooZ,1484,Abordable,2026-03-05
1470,Triguneur28,1484,Abordable,2026-03-05
1471,elflavosss,1484,Abordable,2026-03-05
1472,HaznaN,1484,Abordable,2026-03-05
1473,gege0650,1484,Abordable,2026-03-05
1474,frafrax,1484,Abordable,2026-03-05
1475,CapCous_,1483,Abordable,2026-03-05
1476,nnrclt,1483,Abordable,2026-03-05
1477,eurydicean,1483,Abordable,2026-03-05
1478,yazoso,1483,Abordable,2026-03-05
1479,Luky_Blake,1483,Abordable,2026-03-05
1480,anneflorence83,1482,Abordable,2026-03-05
1481,Koalet,1482,Abordable,2026-03-05
1482,crepeauxfromages,1482,Abordable,2026-03-05
1483,martinfc2a15,1481,Abordable,2026-03-05
1484,magicdidou34,1481,Abordable,2026-03-05
1485,justine_cllix,1481,Abordable,2026-03-05
1486,cestdric,1481,Abordable,2026-03-05
1487,jozy64,1481,Abordable,2026-03-05
1488,adelieplop,1481,Abordable,2026-03-05
1489,andiamogo1,1480,Abordable,2026-03-05
1490,stone__island_,1480,Abordable,2026-03-05
1491,estorel_,1480,Abordable,2026-03-05
1492,hugo_olvr,1480,Abordable,2026-03-05
1493,siropmonarde,1480,Abordable,2026-03-05
1494,Gypp,1480,Abordable,2026-03-05
1495,prg_apollo,1480,Abordable,2026-03-05
1496,sojade86,1479,Abordable,2026-03-05
1497,mario_kartoffel,1479,Abordable,2026-03-05
1498,lexa0106,1479,Abordable,2026-03-05
1499,wolfgang111,1479,Abordable,2026-03-05
1500,lefermier10,1479,Abordable,2026-03-05
1501,samamoth3e,1479,Abordable,2026-03-05
1502,Tornoz,1479,Abordable,2026-03-05
1503,blurvial,1478,Abordable,2026-03-05
1504,yamineb57,1478,Abordable,2026-03-05
1505,flaow_,1478,Abordable,2026-03-05
1506,Aeglo,1478,Abordable,2026-03-05
1507,Whytetiger,1478,Abordable,2026-03-05
1508,PoneyEnJupe,1478,Abordable,2026-03-05
1509,daceae_,1478,Abordable,2026-03-05
1510,enzomrgtt,1478,Abordable,2026-03-05
1511,vanptide,1478,Abordable,2026-03-05
1512,nicoland33,1478,Abordable,2026-03-05
1513,TurboMwet,1478,Abordable,2026-03-05
1514,foxie_22,1478,Abordable,2026-03-05
1515,Aiwha_Ardeo,1477,Abordable,2026-03-05
1516,pachangaboi,1477,Abordable,2026-03-05
1517,Priamster,1477,Abordable,2026-03-05
1518,lewe_music,1477,Abordable,2026-03-05
1519,ar_t_mis_,1477,Abordable,2026-03-05
1520,IDeox02,1476,Abordable,2026-03-05
1521,lotusroussette,1476,Abordable,2026-03-05
1522,Randommer52,1476,Abordable,2026-03-05
1523,PlanetGeek,1475,Abordable,2026-03-05
1524,sukuweasoft,1475,Abordable,2026-03-05
1525,felix_laf,1475,Abordable,2026-03-05
1526,the_tttyui,1475,Abordable,2026-03-05
1527,Ritz_Fickz,1475,Abordable,2026-03-05
1528,raphou_35,1475,Abordable,2026-03-05
1529,romain_1410,1474,Abordable,2026-03-05
1530,Bacon_Grille,1474,Abordable,2026-03-05
1531,ridzen10,1474,Abordable,2026-03-05
1532,Jenroule,1473,Abordable,2026-03-05
1533,pkch25,1473,Abordable,2026-03-05
1534,microzgueg,1473,Abordable,2026-03-05
1535,larzizeninja,1473,Abordable,2026-03-05
1536,pierre52190,1473,Abordable,2026-03-05
1537,pandapo__,1472,Abordable,2026-03-05
1538,Duagolth,1472,Abordable,2026-03-05
1539,kent11200,1472,Abordable,2026-03-05
1540,Mehfak,1472,Abordable,2026-03-05
1541,aurelie_dtv,1472,Abordable,2026-03-05
1542,polar_circles,1472,Abordable,2026-03-05
1543,sand0731,1472,Abordable,2026-03-05
1544,kielll_l,1472,Abordable,2026-03-05
1545,Yan369,1471,Abordable,2026-03-05
1546,SilverDogTV,1471,Abordable,2026-03-05
1547,mogador42,1471,Abordable,2026-03-05
1548,douti40,1471,Abordable,2026-03-05
1549,Xtktxb,1471,Abordable,2026-03-05
1550,kc_otomo,1471,Abordable,2026-03-05
1551,Sattamuse,1470,Abordable,2026-03-05
1552,guigvk,1470,Abordable,2026-03-05
1553,xovves,1470,Abordable,2026-03-05
1554,pipoiapi,1470,Abordable,2026-03-05
1555,Luavex,1470,Abordable,2026-03-05
1556,mkbzzz,1469,Abordable,2026-03-05
1557,captflam,1469,Abordable,2026-03-05
1558,yoballers,1469,Abordable,2026-03-05
1559,lecoach_cp,1469,Abordable,2026-03-05
1560,elonuf49,1469,Abordable,2026-03-05
1561,jolengengar,1469,Abordable,2026-03-05
1562,feroi350,1468,Abordable,2026-03-05
1563,ciber_fr35,1468,Abordable,2026-03-05
1564,tintin433,1468,Abordable,2026-03-05
1565,eliot_mh,1468,Abordable,2026-03-05
1566,magentathecolor,1468,Abordable,2026-03-05
1567,droums_,1468,Abordable,2026-03-05
1568,camcombloux,1467,Abordable,2026-03-05
1569,magics_wolf,1467,Abordable,2026-03-05
1570,Roro_L,1467,Abordable,2026-03-05
1571,tor2010manta,1467,Abordable,2026-03-05
1572,Fusce_,1467,Abordable,2026-03-05
1573,remoseven,1467,Abordable,2026-03-05
1574,JudastaZ_,1467,Abordable,2026-03-05
1575,Matmaxd_,1466,Abordable,2026-03-05
1576,LeagueOfQPUC,1466,Abordable,2026-03-05
1577,bill_playmo,1466,Abordable,2026-03-05
1578,DocMegPomit,1466,Abordable,2026-03-05
1579,karltobanias,1466,Abordable,2026-03-05
1580,barbre,1466,Abordable,2026-03-05
1581,ninibouquiine,1465,Abordable,2026-03-05
1582,kr1st0feur,1465,Abordable,2026-03-05
1583,aniuw1,1465,Abordable,2026-03-05
1584,staby33,1465,Abordable,2026-03-05
1585,fryzzshark,1465,Abordable,2026-03-05
1586,Ludixcordes,1465,Abordable,2026-03-05
1587,Mbemsmile,1465,Abordable,2026-03-05
1588,Kadoum07,1464,Abordable,2026-03-05
1589,effygies26,1464,Abordable,2026-03-05
1590,Bhullnatik,1464,Abordable,2026-03-05
1591,Narkanne,1464,Abordable,2026-03-05
1592,chatdego,1463,Abordable,2026-03-05
1593,LhaexTV,1463,Abordable,2026-03-05
1594,ratch_hou3,1463,Abordable,2026-03-05
1595,MeuhsieurMeuh,1463,Abordable,2026-03-05
1596,clemeclair31,1463,Abordable,2026-03-05
1597,TiboMarsiho,1463,Abordable,2026-03-05
1598,Amalrog,1463,Abordable,2026-03-05
1599,slip_kangourex,1463,Abordable,2026-03-05
1600,WeeZay_,1462,Abordable,2026-03-05
1601,lucienchinaski,1462,Abordable,2026-03-05
1602,CeroDos__,1462,Abordable,2026-03-05
1603,TeslaTing,1462,Abordable,2026-03-05
1604,matth1600,1462,Abordable,2026-03-05
1605,KixLaMenace_,1462,Abordable,2026-03-05
1606,nytrap2,1462,Abordable,2026-03-05
1607,lannoouu,1462,Abordable,2026-03-05
1608,waystar_r0yco,1461,Abordable,2026-03-05
1609,mathwindou2k04,1461,Abordable,2026-03-05
1610,zoopsy3175,1461,Abordable,2026-03-05
1611,paola_cltr,1461,Abordable,2026-03-05
1612,cakopommes,1461,Abordable,2026-03-05
1613,sorainx,1461,Abordable,2026-03-05
1614,abdelkiks,1461,Abordable,2026-03-05
1615,MrRuseur,1461,Abordable,2026-03-05
1616,patheman69,1461,Abordable,2026-03-05
1617,kat6335,1461,Abordable,2026-03-05
1618,18cmz,1460,Abordable,2026-03-05
1619,fireblaze9298,1460,Abordable,2026-03-05
1620,Hey_Im_Bandit,1460,Abordable,2026-03-05
1621,djoudjou0610,1460,Abordable,2026-03-05
1622,bobby42555,1460,Abordable,2026-03-05
1623,polymathe14,1459,Abordable,2026-03-05
1624,iroflane,1459,Abordable,2026-03-05
1625,mattmagh,1459,Abordable,2026-03-05
1626,oNAILUJo,1459,Abordable,2026-03-05
1627,bastiennumberfive,1459,Abordable,2026-03-05
1628,pneumothorman,1459,Abordable,2026-03-05
1629,maattieu16,1459,Abordable,2026-03-05
1630,robsfool,1459,Abordable,2026-03-05
1631,axzan06,1458,Abordable,2026-03-05
1632,cloyyy3,1458,Abordable,2026-03-05
1633,IHelias,1458,Abordable,2026-03-05
1634,Jean_Pepito,1458,Abordable,2026-03-05
1635,rust_cohle87,1458,Abordable,2026-03-05
1636,ysliro,1457,Abordable,2026-03-05
1637,daemon21051,1457,Abordable,2026-03-05
1638,aziegenhagen,1457,Abordable,2026-03-05
1639,tommyboychamp,1457,Abordable,2026-03-05
1640,thom_frtc3,1457,Abordable,2026-03-05
1641,LeMart14,1456,Abordable,2026-03-05
1642,jordinhodhur,1456,Abordable,2026-03-05
1643,devolution3120,1456,Abordable,2026-03-05
1644,terrorking97,1456,Abordable,2026-03-05
1645,tractopoule_,1456,Abordable,2026-03-05
1646,Zaringers,1456,Abordable,2026-03-05
1647,EldurionJ,1455,Abordable,2026-03-05
1648,selyanarrow,1455,Abordable,2026-03-05
1649,Portalis,1455,Abordable,2026-03-05
1650,Takan0va,1455,Abordable,2026-03-05
1651,xxmatiloux_spikexx,1455,Abordable,2026-03-05
1652,Asardoc20,1455,Abordable,2026-03-05
1653,pau_line6,1454,Abordable,2026-03-05
1654,XenKami_IG,1454,Abordable,2026-03-05
1655,chaloupen,1454,Abordable,2026-03-05
1656,exyyyy85,1454,Abordable,2026-03-05
1657,ruhtraba10,1454,Abordable,2026-03-05
1658,lucioole13,1454,Abordable,2026-03-05
1659,MrManuluigi,1453,Abordable,2026-03-05
1660,supermarbouu,1453,Abordable,2026-03-05
1661,navichou,1453,Abordable,2026-03-05
1662,aepsilon2,1453,Abordable,2026-03-05
1663,Naamsss,1452,Abordable,2026-03-05
1664,LeoReval,1452,Abordable,2026-03-05
1665,homard_scie,1452,Abordable,2026-03-05
1666,Loucaluz,1452,Abordable,2026-03-05
1667,alvin19011,1451,Abordable,2026-03-05
1668,solenegp,1451,Abordable,2026-03-05
1669,dem0_g,1451,Abordable,2026-03-05
1670,poulpotiron,1451,Abordable,2026-03-05
1671,naily_b,1451,Abordable,2026-03-05
1672,mb3105,1451,Abordable,2026-03-05
1673,toujoudelika,1451,Abordable,2026-03-05
1674,bloodychick_,1450,Abordable,2026-03-05
1675,Spipers,1450,Abordable,2026-03-05
1676,raphabetb,1450,Abordable,2026-03-05
1677,NiuPe,1450,Abordable,2026-03-05
1678,FCF_justinho,1450,Abordable,2026-03-05
1679,vsatanas,1450,Abordable,2026-03-05
1680,hades763,1450,Abordable,2026-03-05
1681,cam_b2lt16,1449,Abordable,2026-03-05
1682,Agoo_12,1449,Abordable,2026-03-05
1683,stephdestgenis,1449,Abordable,2026-03-05
1684,alexis_taniere,1449,Abordable,2026-03-05
1685,geek0flab,1449,Abordable,2026-03-05
1686,vulcocitronade,1449,Abordable,2026-03-05
1687,Snowx2B,1449,Abordable,2026-03-05
1688,Gachet65,1449,Abordable,2026-03-05
1689,Aldherrian,1449,Abordable,2026-03-05
1690,pierronoopy,1449,Abordable,2026-03-05
1691,roilions,1449,Abordable,2026-03-05
1692,wilho77,1449,Abordable,2026-03-05
1693,airone_44,1449,Abordable,2026-03-05
1694,xSlayz7,1448,Abordable,2026-03-05
1695,estnavas,1448,Abordable,2026-03-05
1696,Myu_Cosplay,1448,Abordable,2026-03-05
1697,WellDoneYouWin,1448,Abordable,2026-03-05
1698,yatowaa,1448,Abordable,2026-03-05
1699,Damonarix,1448,Abordable,2026-03-05
1700,Cynelya,1447,Abordable,2026-03-05
1701,aurrel27,1447,Abordable,2026-03-05
1702,xiram95,1447,Abordable,2026-03-05
1703,pneumattix,1447,Abordable,2026-03-05
1704,Areki_,1447,Abordable,2026-03-05
1705,zsuzska___,1447,Abordable,2026-03-05
1706,swiitch_fr,1447,Abordable,2026-03-05
1707,GaetanTiti,1447,Abordable,2026-03-05
1708,emmabuisson222,1447,Abordable,2026-03-05
1709,skoothyx,1447,Abordable,2026-03-05
1710,ls_pas_sub,1447,Abordable,2026-03-05
1711,Maitre_leni,1447,Abordable,2026-03-05
1712,nicklas56400,1446,Abordable,2026-03-05
1713,bart_au_lit,1446,Abordable,2026-03-05
1714,gladiare,1446,Abordable,2026-03-05
1715,Vylkhin,1446,Abordable,2026-03-05
1716,Morgys,1445,Abordable,2026-03-05
1717,nint_44,1445,Abordable,2026-03-05
1718,MrThanaka,1445,Abordable,2026-03-05
1719,maosra,1445,Abordable,2026-03-05
1720,omerour,1445,Abordable,2026-03-05
1721,gusguss22,1445,Abordable,2026-03-05
1722,j_o_k_o,1445,Abordable,2026-03-05
1723,sosomadeleine,1444,Abordable,2026-03-05
1724,Ewylinia,1444,Abordable,2026-03-05
1725,loulou4426,1444,Abordable,2026-03-05
1726,azgar0,1444,Abordable,2026-03-05
1727,Clem_Brule,1444,Abordable,2026-03-05
1728,Nisignem,1444,Abordable,2026-03-05
1729,WizerWx,1444,Abordable,2026-03-05
1730,basilemh22,1444,Abordable,2026-03-05
1731,R3dden,1444,Abordable,2026-03-05
1732,Acheum,1444,Abordable,2026-03-05
1733,sisi_muybien,1443,Abordable,2026-03-05
1734,JustAWildPotatoo,1443,Abordable,2026-03-05
1735,sixdogs,1443,Abordable,2026-03-05
1736,egaia31,1443,Abordable,2026-03-05
1737,banana752b,1442,Abordable,2026-03-05
1738,Karabiffle,1442,Abordable,2026-03-05
1739,twitchbolognaise,1442,Abordable,2026-03-05
1740,alxieann,1442,Abordable,2026-03-05
1741,Fujimoto11,1442,Abordable,2026-03-05
1742,OneL_MoTo,1442,Abordable,2026-03-05
1743,m_bouly67,1442,Abordable,2026-03-05
1744,krolafoldingue,1442,Abordable,2026-03-05
1745,Terraa_27,1442,Abordable,2026-03-05
1746,yolocomander,1441,Abordable,2026-03-05
1747,Ourimlive,1441,Abordable,2026-03-05
1748,chibrillignac,1441,Abordable,2026-03-05
1749,majima_goro13,1441,Abordable,2026-03-05
1750,welana2002,1441,Abordable,2026-03-05
1751,Grozene,1440,Abordable,2026-03-05
1752,konoha_senpu_,1440,Abordable,2026-03-05
1753,rmousse,1440,Abordable,2026-03-05
1754,Lenzy__,1440,Abordable,2026-03-05
1755,Monsieur_Bol,1440,Abordable,2026-03-05
1756,bazach18,1440,Abordable,2026-03-05
1757,Hrognaar,1440,Abordable,2026-03-05
1758,vicdpre,1440,Abordable,2026-03-05
1759,E_TzT_Silver,1440,Abordable,2026-03-05
1760,robinase1,1439,Abordable,2026-03-05
1761,redsooh,1439,Abordable,2026-03-05
1762,bejul_418,1439,Abordable,2026-03-05
1763,tamsoueg,1439,Abordable,2026-03-05
1764,GiganThor_,1438,Abordable,2026-03-05
1765,lul_fdz,1437,Abordable,2026-03-05
1766,nicosop25,1437,Abordable,2026-03-05
1767,neyteaa,1437,Abordable,2026-03-05
1768,nouyork_hs,1437,Abordable,2026-03-05
1769,ptnmjsp,1437,Abordable,2026-03-05
1770,giobd28,1436,Abordable,2026-03-05
1771,tatan42,1436,Abordable,2026-03-05
1772,benoireuhh,1436,Abordable,2026-03-05
1773,UneChipMasquee,1436,Abordable,2026-03-05
1774,salsifier,1436,Abordable,2026-03-05
1775,bnteau,1436,Abordable,2026-03-05
1776,earendyyl,1436,Abordable,2026-03-05
1777,Loyyso,1436,Abordable,2026-03-05
1778,naa7_,1436,Abordable,2026-03-05
1779,zettaleaf,1436,Abordable,2026-03-05
1780,just1mart1,1436,Abordable,2026-03-05
1781,Laerl_crtrs,1435,Abordable,2026-03-05
1782,Wirdenss,1435,Abordable,2026-03-05
1783,JurassX,1435,Abordable,2026-03-05
1784,FlorusHippocampe,1435,Abordable,2026-03-05
1785,geoffrey151203,1435,Abordable,2026-03-05
1786,toniiio9711,1435,Abordable,2026-03-05
1787,Misay_y,1435,Abordable,2026-03-05
1788,n_lc,1434,Abordable,2026-03-05
1789,Galaxio153,1434,Abordable,2026-03-05
1790,justinekaali,1434,Abordable,2026-03-05
1791,matteo_mgnt,1434,Abordable,2026-03-05
1792,Banzai99,1434,Abordable,2026-03-05
1793,sollu2,1434,Abordable,2026-03-05
1794,zeyrixxu,1434,Abordable,2026-03-05
1795,breizhwizard29_,1433,Abordable,2026-03-05
1796,guillaume_alld62,1433,Abordable,2026-03-05
1797,tomnz945,1433,Abordable,2026-03-05
1798,xayah_play,1433,Abordable,2026-03-05
1799,Roubaixe,1433,Abordable,2026-03-05
1800,batandleo,1433,Abordable,2026-03-05
1801,lucasthelucky,1433,Abordable,2026-03-05
1802,miyen65,1432,Abordable,2026-03-05
1803,Bigonoud,1432,Abordable,2026-03-05
1804,kwirmoustache,1432,Abordable,2026-03-05
1805,Kilique,1432,Abordable,2026-03-05
1806,zkkdlin,1432,Abordable,2026-03-05
1807,frzzzzz63,1432,Abordable,2026-03-05
1808,grain2riiz,1431,Abordable,2026-03-05
1809,NagisaXpsionne,1431,Abordable,2026-03-05
1810,ez_basket,1431,Abordable,2026-03-05
1811,jeunepoulet,1431,Abordable,2026-03-05
1812,lacagoal23,1431,Abordable,2026-03-05
1813,marieange__,1431,Abordable,2026-03-05
1814,mateteee,1431,Abordable,2026-03-05
1815,nonoshaq,1430,Abordable,2026-03-05
1816,cltanais,1430,Abordable,2026-03-05
1817,fripomi,1430,Abordable,2026-03-05
1818,byakorh,1430,Abordable,2026-03-05
1819,Simboy31,1430,Abordable,2026-03-05
1820,Electrro44,1430,Abordable,2026-03-05
1821,Tourop29,1430,Abordable,2026-03-05
1822,amsi476245,1430,Abordable,2026-03-05
1823,Okaym42,1430,Abordable,2026-03-05
1824,Noxetw,1429,Abordable,2026-03-05
1825,Tak0de,1429,Abordable,2026-03-05
1826,TorTotor,1429,Abordable,2026-03-05
1827,loulou_mcduck,1429,Abordable,2026-03-05
1828,Zestios,1429,Abordable,2026-03-05
1829,matbudd,1429,Abordable,2026-03-05
1830,Alex_Plozion,1429,Abordable,2026-03-05
1831,Shapa_,1429,Abordable,2026-03-05
1832,maldemer_gb,1428,Abordable,2026-03-05
1833,KingChurros_tw,1428,Abordable,2026-03-05
1834,corentincvr,1428,Abordable,2026-03-05
1835,Amitayu,1428,Abordable,2026-03-05
1836,moowt,1428,Abordable,2026-03-05
1837,paulfrrd,1428,Abordable,2026-03-05
1838,baglzz,1428,Abordable,2026-03-05
1839,poryoneuve,1428,Abordable,2026-03-05
1840,poussichou,1427,Abordable,2026-03-05
1841,drianis_a,1427,Abordable,2026-03-05
1842,linfinitumm,1427,Abordable,2026-03-05
1843,Hydra1316,1427,Abordable,2026-03-05
1844,aktalordtw,1426,Abordable,2026-03-05
1845,fahmln,1426,Abordable,2026-03-05
1846,guiguich9,1426,Abordable,2026-03-05
1847,Inorack,1426,Abordable,2026-03-05
1848,lfbk_robz,1426,Abordable,2026-03-05
1849,StrixLuscinia,1426,Abordable,2026-03-05
1850,arntet,1425,Abordable,2026-03-05
1851,Rodent7,1425,Abordable,2026-03-05
1852,Hemistiche_,1425,Abordable,2026-03-05
1853,hoodbabyluffy,1425,Abordable,2026-03-05
1854,clemcloum_76,1425,Abordable,2026-03-05
1855,furlisht,1425,Abordable,2026-03-05
1856,yodamun5,1425,Abordable,2026-03-05
1857,Sebayer,1425,Abordable,2026-03-05
1858,Alcha333,1424,Abordable,2026-03-05
1859,charles_25_leplusbeau,1424,Abordable,2026-03-05
1860,Sam_Sar4h,1424,Abordable,2026-03-05
1861,waliwalou76,1424,Abordable,2026-03-05
1862,theo_1503,1423,Abordable,2026-03-05
1863,clemzy10,1423,Abordable,2026-03-05
1864,dautremax,1423,Abordable,2026-03-05
1865,VirtuoCyka,1423,Abordable,2026-03-05
1866,TamagoSpace,1423,Abordable,2026-03-05
1867,SantiDeRiv,1422,Abordable,2026-03-05
1868,Ralli_kh,1422,Abordable,2026-03-05
1869,guepineuse,1422,Abordable,2026-03-05
1870,totolebgdu66,1422,Abordable,2026-03-05
1871,yestoren,1421,Abordable,2026-03-05
1872,trh1217,1421,Abordable,2026-03-05
1873,justineblcn,1421,Abordable,2026-03-05
1874,bribri59,1421,Abordable,2026-03-05
1875,thegamb_,1421,Abordable,2026-03-05
1876,RedcraftMaster,1421,Abordable,2026-03-05
1877,Alm4___,1421,Abordable,2026-03-05
1878,kiiara1234,1421,Abordable,2026-03-05
1879,idaje,1421,Abordable,2026-03-05
1880,wtb_Xeto,1420,Abordable,2026-03-05
1881,jeremyone16,1420,Abordable,2026-03-05
1882,laharen,1420,Abordable,2026-03-05
1883,mockingjay1230,1420,Abordable,2026-03-05
1884,QuaszarMeister,1420,Abordable,2026-03-05
1885,jujustine008,1420,Abordable,2026-03-05
1886,wouchouuuu,1420,Abordable,2026-03-05
1887,Dedfynx,1419,Abordable,2026-03-05
1888,wshHAYKOO,1419,Abordable,2026-03-05
1889,nico_conut_,1419,Abordable,2026-03-05
1890,globuleviolet,1418,Abordable,2026-03-05
1891,yolandaoklm,1418,Abordable,2026-03-05
1892,epastrouil,1418,Abordable,2026-03-05
1893,sf_mat,1418,Abordable,2026-03-05
1894,guiguictn,1418,Abordable,2026-03-05
1895,melaninecolie,1418,Abordable,2026-03-05
1896,responseau,1418,Abordable,2026-03-05
1897,mstrsolodolo,1418,Abordable,2026-03-05
1898,Vicdum01,1417,Abordable,2026-03-05
1899,sow__sow,1417,Abordable,2026-03-05
1900,pduprieu,1416,Abordable,2026-03-05
1901,norak_26,1416,Abordable,2026-03-05
1902,Suiden95,1416,Abordable,2026-03-05
1903,Mekagae,1416,Abordable,2026-03-05
1904,nicowthehead,1416,Abordable,2026-03-05
1905,amandine_1899,1416,Abordable,2026-03-05
1906,slicer_29,1415,Abordable,2026-03-05
1907,leo_r3,1415,Abordable,2026-03-05
1908,marickette,1415,Abordable,2026-03-05
1909,alfredlezedoumaster,1414,Abordable,2026-03-05
1910,lumvert_,1414,Abordable,2026-03-05
1911,Oasiisgood,1414,Abordable,2026-03-05
1912,Eihas_,1413,Abordable,2026-03-05
1913,lilirabe,1413,Abordable,2026-03-05
1914,g0sane,1413,Abordable,2026-03-05
1915,CoyoteJunior,1413,Abordable,2026-03-05
1916,n4tsuy4,1413,Abordable,2026-03-05
1917,nxxmxnd,1413,Abordable,2026-03-05
1918,Spido39,1413,Abordable,2026-03-05
1919,Onidre,1412,Abordable,2026-03-05
1920,Potetoz2000_,1412,Abordable,2026-03-05
1921,ExploToutCourt,1412,Abordable,2026-03-05
1922,Naldalin,1412,Abordable,2026-03-05
1923,Mr_Arnak,1412,Abordable,2026-03-05
1924,Komorebi_LD,1412,Abordable,2026-03-05
1925,jaykyz_et_michel,1412,Abordable,2026-03-05
1926,arbicho_,1412,Abordable,2026-03-05
1927,sakramtow,1411,Abordable,2026-03-05
1928,louvarde,1411,Abordable,2026-03-05
1929,jchamign,1411,Abordable,2026-03-05
1930,vacheenbois,1411,Abordable,2026-03-05
1931,hugoooo0_,1411,Abordable,2026-03-05
1932,bob_the_k_indexor,1411,Abordable,2026-03-05
1933,remaku77,1411,Abordable,2026-03-05
1934,maxcanette,1411,Abordable,2026-03-05
1935,lisalakoala,1411,Abordable,2026-03-05
1936,bamouhs,1411,Abordable,2026-03-05
1937,faus_phore,1411,Abordable,2026-03-05
1938,KittensEmpress,1410,Abordable,2026-03-05
1939,edgar_2204,1410,Abordable,2026-03-05
1940,nobenjam,1410,Abordable,2026-03-05
1941,lili449944,1410,Abordable,2026-03-05
1942,hfhdhdggebehdgge,1410,Abordable,2026-03-05
1943,lacrimoty,1410,Abordable,2026-03-05
1944,Dodo2308,1410,Abordable,2026-03-05
1945,maximehrd,1410,Abordable,2026-03-05
1946,wyrross,1409,Abordable,2026-03-05
1947,agent974_,1409,Abordable,2026-03-05
1948,Anathos31,1409,Abordable,2026-03-05
1949,davidg_247,1408,Abordable,2026-03-05
1950,sickman29,1408,Abordable,2026-03-05
1951,p_senex,1408,Abordable,2026-03-05
1952,loiclebeatnik,1408,Abordable,2026-03-05
1953,WBCorp,1407,Abordable,2026-03-05
1954,akirabane,1407,Abordable,2026-03-05
1955,Xazou72,1407,Abordable,2026-03-05
1956,PEACaps,1407,Abordable,2026-03-05
1957,Ksempac,1407,Abordable,2026-03-05
1958,frvt109,1407,Abordable,2026-03-05
1959,cacoooolito,1407,Abordable,2026-03-05
1960,maloprovis,1407,Abordable,2026-03-05
1961,Cletri,1407,Abordable,2026-03-05
1962,fortnite20092016,1407,Abordable,2026-03-05
1963,LukaaR6S,1407,Abordable,2026-03-05
1964,DTJ_01,1407,Abordable,2026-03-05
1965,TenryuKa,1406,Abordable,2026-03-05
1966,victorchavy,1406,Abordable,2026-03-05
1967,LaVraieChoucroute,1406,Abordable,2026-03-05
1968,luziii3,1406,Abordable,2026-03-05
1969,sim182737473,1406,Abordable,2026-03-05
1970,celian7712,1406,Abordable,2026-03-05
1971,crazypoulett,1405,Abordable,2026-03-05
1972,LuxyoFR,1405,Abordable,2026-03-05
1973,lykobro,1405,Abordable,2026-03-05
1974,Pikcaam,1405,Abordable,2026-03-05
1975,jean2cancun,1405,Abordable,2026-03-05
1976,prealexx,1405,Abordable,2026-03-05
1977,larvecomplice,1405,Abordable,2026-03-05
1978,jojoshawa,1405,Abordable,2026-03-05
1979,Saru_4,1405,Abordable,2026-03-05
1980,onicapnod,1404,Abordable,2026-03-05
1981,firegenji1,1404,Abordable,2026-03-05
1982,MFonzatti,1404,Abordable,2026-03-05
1983,anthostr,1404,Abordable,2026-03-05
1984,blouyu,1404,Abordable,2026-03-05
1985,cactuspoeme6,1404,Abordable,2026-03-05
1986,romanimaux,1404,Abordable,2026-03-05
1987,Crakstic,1404,Abordable,2026-03-05
1988,moumoune12,1404,Abordable,2026-03-05
1989,Kramer_McBarrett,1404,Abordable,2026-03-05
1990,Felisamici,1404,Abordable,2026-03-05
1991,Anodece,1403,Abordable,2026-03-05
1992,Matthieu_avec_2T,1403,Abordable,2026-03-05
1993,sltcestmarie,1403,Abordable,2026-03-05
1994,PlutoCho,1403,Abordable,2026-03-05
1995,lou_lb5,1403,Abordable,2026-03-05
1996,Redfirds,1403,Abordable,2026-03-05
1997,wizard_sp3,1403,Abordable,2026-03-05
1998,leepidalord,1402,Abordable,2026-03-05
1999,jxdesssss,1402,Abordable,2026-03-05
2000,Athaisback,1402,Abordable,2026-03-05
2001,Eris_of_Chaos,1402,Abordable,2026-03-05
2002,cinsault88,1402,Abordable,2026-03-05
2003,mllepams,1402,Abordable,2026-03-05
2004,t0ul0use47,1402,Abordable,2026-03-05
2005,solalcoolo,1402,Abordable,2026-03-05
2006,delugedekk,1402,Abordable,2026-03-05
2007,enaireK,1402,Abordable,2026-03-05
2008,kepler_232,1402,Abordable,2026-03-05
2009,Kivtoon,1402,Abordable,2026-03-05
2010,Bobberta,1402,Abordable,2026-03-05
2011,dionysos1310,1402,Abordable,2026-03-05
2012,LePigeon_Catcher,1402,Abordable,2026-03-05
2013,dafloc,1401,Abordable,2026-03-05
2014,hannimessina,1401,Abordable,2026-03-05
2015,goonie,1401,Abordable,2026-03-05
2016,Airaina,1401,Abordable,2026-03-05
2017,mao_m_,1401,Abordable,2026-03-05
2018,cla_bou_,1401,Abordable,2026-03-05
2019,Corb1_,1401,Abordable,2026-03-05
2020,adele298,1401,Abordable,2026-03-05
2021,ocooc_,1401,Abordable,2026-03-05
2022,leana_amor,1401,Abordable,2026-03-05
2023,anaaaiis,1401,Abordable,2026-03-05
2024,flash_mc_cime,1401,Abordable,2026-03-05
2025,louis_bzl,1401,Abordable,2026-03-05
2026,rekkvinnan,1401,Abordable,2026-03-05
2027,jakku003,1401,Abordable,2026-03-05
2028,nathan7826,1401,Abordable,2026-03-05
2029,champinouf,1400,Abordable,2026-03-05
2030,Just1U,1400,Abordable,2026-03-05
2031,Fusio200,1400,Abordable,2026-03-05
2032,maitre_platine,1400,Abordable,2026-03-05
2033,roi_des_cramptes_rj,1400,Abordable,2026-03-05
2034,lijiko98,1400,Abordable,2026-03-05
2035,le_skwi,1400,Abordable,2026-03-05
2036,Faudero,1400,Abordable,2026-03-05
2037,leader_supreme_leo,1399,Abordable,2026-03-05
2038,matou44310,1399,Abordable,2026-03-05
2039,LittleYugo,1399,Abordable,2026-03-05
2040,asteria3038,1399,Abordable,2026-03-05
2041,themis547,1399,Abordable,2026-03-05
2042,rygs98,1398,Abordable,2026-03-05
2043,1_nain_connu_,1398,Abordable,2026-03-05
2044,domitille_sans,1398,Abordable,2026-03-05
2045,miniacs,1398,Abordable,2026-03-05
2046,Jal0rda,1398,Abordable,2026-03-05
2047,tonio385,1398,Abordable,2026-03-05
2048,AlexisM208,1398,Abordable,2026-03-05
2049,Twitcheuse_64,1398,Abordable,2026-03-05
2050,darkstar2710,1398,Abordable,2026-03-05
2051,Ninow,1398,Abordable,2026-03-05
2052,rugbyab,1398,Abordable,2026-03-05
2053,pierto840,1398,Abordable,2026-03-05
2054,Ar_Keez,1397,Abordable,2026-03-05
2055,crockettor,1397,Abordable,2026-03-05
2056,lamangouste32,1397,Abordable,2026-03-05
2057,yayachoucroute_officiel,1397,Abordable,2026-03-05
2058,draggio22,1397,Abordable,2026-03-05
2059,lepoutax,1397,Abordable,2026-03-05
2060,hirosh06,1397,Abordable,2026-03-05
2061,Kerroaz,1397,Abordable,2026-03-05
2062,momotte21,1397,Abordable,2026-03-05
2063,Wolfwar78,1396,Abordable,2026-03-05
2064,kcrach,1396,Abordable,2026-03-05
2065,turrix_zip,1396,Abordable,2026-03-05
2066,sylvulinasse,1396,Abordable,2026-03-05
2067,Aresss220,1396,Abordable,2026-03-05
2068,hysmarae,1396,Abordable,2026-03-05
2069,Ximile,1395,Abordable,2026-03-05
2070,romslatempete,1395,Abordable,2026-03-05
2071,Lugdus,1395,Abordable,2026-03-05
2072,Nonobus45,1395,Abordable,2026-03-05
2073,lilianlr10,1395,Abordable,2026-03-05
2074,Erx0n,1395,Abordable,2026-03-05
2075,gundal_gundal,1395,Abordable,2026-03-05
2076,Pivihi,1395,Abordable,2026-03-05
2077,minininja73110,1394,Abordable,2026-03-05
2078,TakenGood10,1394,Abordable,2026-03-05
2079,xkayah73,1394,Abordable,2026-03-05
2080,lepriscie,1394,Abordable,2026-03-05
2081,Plaizir0,1394,Abordable,2026-03-05
2082,RultyFR,1394,Abordable,2026-03-05
2083,hadjee,1394,Abordable,2026-03-05
2084,Issmar,1393,Abordable,2026-03-05
2085,mariionfl,1393,Abordable,2026-03-05
2086,TintinTamarre,1393,Abordable,2026-03-05
2087,el_corsaire,1393,Abordable,2026-03-05
2088,phngn_,1392,Abordable,2026-03-05
2089,thot_alamin,1392,Abordable,2026-03-05
2090,artichou3,1392,Abordable,2026-03-05
2091,Thomasguez,1392,Abordable,2026-03-05
2092,Tiriano,1392,Abordable,2026-03-05
2093,malhys_,1392,Abordable,2026-03-05
2094,matdudedude,1392,Abordable,2026-03-05
2095,cecidrole,1392,Abordable,2026-03-05
2096,b4949r,1392,Abordable,2026-03-05
2097,nanet3974,1392,Abordable,2026-03-05
2098,Gousp34,1391,Abordable,2026-03-05
2099,marinamarinette,1391,Abordable,2026-03-05
2100,slumpator,1391,Abordable,2026-03-05
2101,clemb2001,1391,Abordable,2026-03-05
2102,Biscke,1391,Abordable,2026-03-05
2103,ascaali,1391,Abordable,2026-03-05
2104,messbarzo,1391,Abordable,2026-03-05
2105,justin_mnz19,1391,Abordable,2026-03-05
2106,xMcMANx,1391,Abordable,2026-03-05
2107,aramistouille,1390,Abordable,2026-03-05
2108,soazig_,1390,Abordable,2026-03-05
2109,MehdiYopi,1390,Abordable,2026-03-05
2110,maximeouais,1390,Abordable,2026-03-05
2111,akawert,1390,Abordable,2026-03-05
2112,legorel2,1390,Abordable,2026-03-05
2113,Alpoca1,1390,Abordable,2026-03-05
2114,ohlegigi,1389,Abordable,2026-03-05
2115,Howinta,1389,Abordable,2026-03-05
2116,Xyphior,1389,Abordable,2026-03-05
2117,xoyvep04,1389,Abordable,2026-03-05
2118,doctorkelogs,1389,Abordable,2026-03-05
2119,mat2o3,1389,Abordable,2026-03-05
2120,Paroxysmique,1389,Abordable,2026-03-05
2121,dondiego6818_,1389,Abordable,2026-03-05
2122,cormaway44,1388,Abordable,2026-03-05
2123,romaiin3898,1388,Abordable,2026-03-05
2124,griicha,1388,Abordable,2026-03-05
2125,soledad_nvr,1388,Abordable,2026-03-05
2126,JulosLL,1388,Abordable,2026-03-05
2127,Kobiwano_off,1388,Abordable,2026-03-05
2128,Yaya_180,1387,Abordable,2026-03-05
2129,lolmen38,1387,Abordable,2026-03-05
2130,Pateapizza44,1387,Abordable,2026-03-05
2131,Truepika,1387,Abordable,2026-03-05
2132,DiableCornu,1387,Abordable,2026-03-05
2133,martinbrth,1387,Abordable,2026-03-05
2134,kuzigaban,1387,Abordable,2026-03-05
2135,ademonio3,1387,Abordable,2026-03-05
2136,a_heart_voice,1387,Abordable,2026-03-05
2137,mathxlabeuteu,1387,Abordable,2026-03-05
2138,xenol57,1387,Abordable,2026-03-05
2139,the_trazom,1387,Abordable,2026-03-05
2140,captainmoumoute,1387,Abordable,2026-03-05
2141,fee_lix,1387,Abordable,2026-03-05
2142,Rolfi6205,1386,Abordable,2026-03-05
2143,0gust1__,1386,Abordable,2026-03-05
2144,clallema,1386,Abordable,2026-03-05
2145,cocoboit,1386,Abordable,2026-03-05
2146,matthieu_dfr,1386,Abordable,2026-03-05
2147,martiinuuus,1386,Abordable,2026-03-05
2148,Mimozia_,1386,Abordable,2026-03-05
2149,seiggate_,1386,Abordable,2026-03-05
2150,yoha41,1386,Abordable,2026-03-05
2151,Ombrias,1386,Abordable,2026-03-05
2152,Mauramyr,1385,Abordable,2026-03-05
2153,skCrytek,1385,Abordable,2026-03-05
2154,Rekamas0,1385,Abordable,2026-03-05
2155,Imhoteptep1,1385,Abordable,2026-03-05
2156,maxbezlegam,1385,Abordable,2026-03-05
2157,noahmaille,1385,Abordable,2026-03-05
2158,Chavo_TheSchnibble,1385,Abordable,2026-03-05
2159,mahe2258,1385,Abordable,2026-03-05
2160,Arg_a,1385,Abordable,2026-03-05
2161,choupie1994,1384,Abordable,2026-03-05
2162,celinettedu94,1384,Abordable,2026-03-05
2163,baguette2paincomplet,1384,Abordable,2026-03-05
2164,lm_oc,1384,Abordable,2026-03-05
2165,DarkHiito,1384,Abordable,2026-03-05
2166,n0t_my_name,1384,Abordable,2026-03-05
2167,Ruityde,1384,Abordable,2026-03-05
2168,justarlet,1384,Abordable,2026-03-05
2169,zor_fen34,1383,Abordable,2026-03-05
2170,idris_440,1383,Abordable,2026-03-05
2171,ouaisouais01,1383,Abordable,2026-03-05
2172,ypnoz,1383,Abordable,2026-03-05
2173,liliyii,1383,Abordable,2026-03-05
2174,Shatrani44,1383,Abordable,2026-03-05
2175,dolcepatata,1383,Abordable,2026-03-05
2176,pawaaaa_,1383,Abordable,2026-03-05
2177,Goshtbusters44,1383,Abordable,2026-03-05
2178,snowkey_y,1383,Abordable,2026-03-05
2179,maximesmrd,1383,Abordable,2026-03-05
2180,TTouille,1383,Abordable,2026-03-05
2181,eniotna64000,1383,Abordable,2026-03-05
2182,fafar0,1383,Abordable,2026-03-05
2183,antkil02,1383,Abordable,2026-03-05
2184,Dem0xiS,1383,Abordable,2026-03-05
2185,beubeulafougere,1383,Abordable,2026-03-05
2186,clintwestwoodtv,1382,Abordable,2026-03-05
2187,l1xep,1382,Abordable,2026-03-05
2188,Nico_Olyvian,1382,Abordable,2026-03-05
2189,mcgregg1977,1382,Abordable,2026-03-05
2190,Gui13700,1382,Abordable,2026-03-05
2191,pandabubu,1382,Abordable,2026-03-05
2192,123clara456saucisse,1382,Abordable,2026-03-05
2193,piejeh,1382,Abordable,2026-03-05
2194,gabsdou,1382,Abordable,2026-03-05
2195,Nwardezyr,1381,Abordable,2026-03-05
2196,Sworty02,1381,Abordable,2026-03-05
2197,titi__fr,1381,Abordable,2026-03-05
2198,iceberg_lounge_,1381,Abordable,2026-03-05
2199,ethany42,1381,Abordable,2026-03-05
2200,ululik,1381,Abordable,2026-03-05
2201,badwolf_75013,1380,Abordable,2026-03-05
2202,moonlight349,1380,Abordable,2026-03-05
2203,anthofou31,1380,Abordable,2026-03-05
2204,Merygold_,1380,Abordable,2026-03-05
2205,nnoooaaaa,1380,Abordable,2026-03-05
2206,Scarf_88,1380,Abordable,2026-03-05
2207,bant0n,1380,Abordable,2026-03-05
2208,Shikoroh,1379,Abordable,2026-03-05
2209,pampoo44,1379,Abordable,2026-03-05
2210,Dekkhen,1379,Abordable,2026-03-05
2211,dr_gornum,1379,Abordable,2026-03-05
2212,bobzersoy,1378,Abordable,2026-03-05
2213,volhidr,1378,Abordable,2026-03-05
2214,Deorl2000,1378,Abordable,2026-03-05
2215,flore_05_,1378,Abordable,2026-03-05
2216,Azedine85,1378,Abordable,2026-03-05
2217,ajappe,1378,Abordable,2026-03-05
2218,Allys7,1377,Abordable,2026-03-05
2219,smylego44,1377,Abordable,2026-03-05
2220,silvamillon,1377,Abordable,2026-03-05
2221,Ascerf,1377,Abordable,2026-03-05
2222,rylonne_,1377,Abordable,2026-03-05
2223,malozer35,1377,Abordable,2026-03-05
2224,Oltarian_,1377,Abordable,2026-03-05
2225,malovalade2,1377,Abordable,2026-03-05
2226,conni2507,1377,Abordable,2026-03-05
2227,Dr_Niamor,1376,Abordable,2026-03-05
2228,deydey237,1376,Abordable,2026-03-05
2229,Stormetal,1376,Abordable,2026-03-05
2230,stibimi,1376,Abordable,2026-03-05
2231,anan3s_,1376,Abordable,2026-03-05
2232,PattAuBeurre,1376,Abordable,2026-03-05
2233,loulou_le_fifou,1376,Abordable,2026-03-05
2234,scout_jean_raoul,1376,Abordable,2026-03-05
2235,krakendude,1376,Abordable,2026-03-05
2236,garnoule2,1375,Abordable,2026-03-05
2237,sim1010again,1375,Abordable,2026-03-05
2238,maitre_oasis,1375,Abordable,2026-03-05
2239,Cocobogo32,1375,Abordable,2026-03-05
2240,guill0mme,1375,Abordable,2026-03-05
2241,oremilak,1375,Abordable,2026-03-05
2242,alicio_kh,1375,Abordable,2026-03-05
2243,feelairslow,1374,Abordable,2026-03-05
2244,adrien2vin,1374,Abordable,2026-03-05
2245,alaixtidia,1374,Abordable,2026-03-05
2246,Pierrox5,1374,Abordable,2026-03-05
2247,roi_sans_les_i,1374,Abordable,2026-03-05
2248,namou_tv,1374,Abordable,2026-03-05
2249,slalomixxx,1374,Abordable,2026-03-05
2250,marti_jojo,1374,Abordable,2026-03-05
2251,poneybg,1373,Abordable,2026-03-05
2252,alhand1912,1373,Abordable,2026-03-05
2253,philippeflavigny,1373,Abordable,2026-03-05
2254,Ilhayo,1373,Abordable,2026-03-05
2255,Onysuce,1373,Abordable,2026-03-05
2256,tsakatac,1373,Abordable,2026-03-05
2257,notLeandre,1372,Abordable,2026-03-05
2258,embrouaze,1372,Abordable,2026-03-05
2259,eugeniemhn,1372,Abordable,2026-03-05
2260,Capitaine_ixe,1372,Abordable,2026-03-05
2261,padlena,1372,Abordable,2026-03-05
2262,babioole,1372,Abordable,2026-03-05
2263,lougneh,1372,Abordable,2026-03-05
2264,jchllx,1371,Abordable,2026-03-05
2265,cecilia63730,1371,Abordable,2026-03-05
2266,Pheoda,1371,Abordable,2026-03-05
2267,val_7894,1371,Abordable,2026-03-05
2268,pikadoc42,1371,Abordable,2026-03-05
2269,jrm_f,1371,Abordable,2026-03-05
2270,tuktuk286,1371,Abordable,2026-03-05
2271,labball,1371,Abordable,2026-03-05
2272,utopie_r,1371,Abordable,2026-03-05
2273,Lito__9,1371,Abordable,2026-03-05
2274,velf_at,1371,Abordable,2026-03-05
2275,larvecitron,1371,Abordable,2026-03-05
2276,liliaxx56,1371,Abordable,2026-03-05
2277,enair0d,1370,Abordable,2026-03-05
2278,yannis_drq,1370,Abordable,2026-03-05
2279,n3iviv,1370,Abordable,2026-03-05
2280,Justdothatman,1370,Abordable,2026-03-05
2281,isobratistochrone,1370,Abordable,2026-03-05
2282,damien_lafay,1370,Abordable,2026-03-05
2283,raph_casa,1370,Abordable,2026-03-05
2284,pommedeterrz,1370,Abordable,2026-03-05
2285,paulofiac,1370,Abordable,2026-03-05
2286,damienpepito,1370,Abordable,2026-03-05
2287,Encore_Un_Hugo,1369,Abordable,2026-03-05
2288,wiIIiam31,1369,Abordable,2026-03-05
2289,Lem0n_seed,1369,Abordable,2026-03-05
2290,NaaySquik,1368,Abordable,2026-03-05
2291,legervinois,1368,Abordable,2026-03-05
2292,valoutxs,1368,Abordable,2026-03-05
2293,professeurghost,1368,Abordable,2026-03-05
2294,lealavraiee,1368,Abordable,2026-03-05
2295,thomasvbgh,1368,Abordable,2026-03-05
2296,remi3191,1368,Abordable,2026-03-05
2297,Light_srh,1368,Abordable,2026-03-05
2298,La_Juuj,1368,Abordable,2026-03-05
2299,ItsMangho,1367,Abordable,2026-03-05
2300,Hulver_,1367,Abordable,2026-03-05
2301,servietsky488,1367,Abordable,2026-03-05
2302,lolilolblop,1367,Abordable,2026-03-05
2303,machicouliis,1367,Abordable,2026-03-05
2304,djbetrim,1367,Abordable,2026-03-05
2305,Kelzara,1367,Abordable,2026-03-05
2306,teammind_tealie,1367,Abordable,2026-03-05
2307,boonthy,1366,Abordable,2026-03-05
2308,Bifsteak,1366,Abordable,2026-03-05
2309,prince_sans_rire,1366,Abordable,2026-03-05
2310,Aliceward,1366,Abordable,2026-03-05
2311,Cyrianus,1366,Abordable,2026-03-05
2312,martincloson,1366,Abordable,2026-03-05
2313,TanguyOM,1366,Abordable,2026-03-05
2314,Kilard,1366,Abordable,2026-03-05
2315,minouche7463,1365,Abordable,2026-03-05
2316,valjms,1365,Abordable,2026-03-05
2317,Khrista_87,1365,Abordable,2026-03-05
2318,Carlalad,1365,Abordable,2026-03-05
2319,zetiti270,1364,Abordable,2026-03-05
2320,titinelagrande,1364,Abordable,2026-03-05
2321,Gizaye,1364,Abordable,2026-03-05
2322,Galam08,1364,Abordable,2026-03-05
2323,Pascalouuu,1364,Abordable,2026-03-05
2324,Lurok_,1363,Abordable,2026-03-05
2325,iron1265,1363,Abordable,2026-03-05
2326,aRReVn0,1363,Abordable,2026-03-05
2327,tibere167,1363,Abordable,2026-03-05
2328,Bombadeal,1363,Abordable,2026-03-05
2329,zenytram_,1362,Abordable,2026-03-05
2330,alexward74,1362,Abordable,2026-03-05
2331,Pierma_,1362,Abordable,2026-03-05
2332,archer__off,1362,Abordable,2026-03-05
2333,tarl2,1362,Abordable,2026-03-05
2334,Sylchicha,1362,Abordable,2026-03-05
2335,AEG_Keppsyf,1362,Abordable,2026-03-05
2336,atsuya_nasu,1361,Abordable,2026-03-05
2337,ninja_indiscret,1361,Abordable,2026-03-05
2338,Noyyinn,1361,Abordable,2026-03-05
2339,ikonnah,1361,Abordable,2026-03-05
2340,elliotlc,1361,Abordable,2026-03-05
2341,jokair09,1361,Abordable,2026-03-05
2342,corenpain,1361,Abordable,2026-03-05
2343,mahed_le_chauve,1360,Abordable,2026-03-05
2344,amiralgialackbar,1360,Abordable,2026-03-05
2345,zach_ben_fods,1360,Abordable,2026-03-05
2346,antoines07,1360,Abordable,2026-03-05
2347,sarode22_,1360,Abordable,2026-03-05
2348,dodoydu35,1360,Abordable,2026-03-05
2349,ErmacRush,1360,Abordable,2026-03-05
2350,celin_brownie,1360,Abordable,2026-03-05
2351,dsazathoth,1360,Abordable,2026-03-05
2352,TenshiArakawa,1359,Abordable,2026-03-05
2353,mathis0303_,1359,Abordable,2026-03-05
2354,louacdc,1359,Abordable,2026-03-05
2355,Ikael2,1359,Abordable,2026-03-05
2356,arcythorin,1359,Abordable,2026-03-05
2357,zeeroz_,1359,Abordable,2026-03-05
2358,Xperience_Design,1358,Abordable,2026-03-05
2359,hugoo_23_,1358,Abordable,2026-03-05
2360,Sanjicook51,1358,Abordable,2026-03-05
2361,Driendle,1358,Abordable,2026-03-05
2362,TakoHetto,1358,Abordable,2026-03-05
2363,tgraudie83,1358,Abordable,2026-03-05
2364,kerbeleg22,1358,Abordable,2026-03-05
2365,Anekitous,1358,Abordable,2026-03-05
2366,ev4n2,1358,Abordable,2026-03-05
2367,jiiraph,1357,Abordable,2026-03-05
2368,thatblondfrenchguy,1357,Abordable,2026-03-05
2369,johnnyjumper57,1357,Abordable,2026-03-05
2370,m8_nanocif,1357,Abordable,2026-03-05
2371,alpha_one_o,1357,Abordable,2026-03-05
2372,topinambour18,1356,Abordable,2026-03-05
2373,Arcahel8,1356,Abordable,2026-03-05
2374,Oree___,1356,Abordable,2026-03-05
2375,lebrynz,1356,Abordable,2026-03-05
2376,IamSid3WiNdeR,1356,Abordable,2026-03-05
2377,legcles9,1356,Abordable,2026-03-05
2378,marie_rsslt9,1356,Abordable,2026-03-05
2379,simon762300,1356,Abordable,2026-03-05
2380,amazingguy_,1356,Abordable,2026-03-05
2381,lemptegy,1356,Abordable,2026-03-05
2382,Mastack,1356,Abordable,2026-03-05
2383,EvilNinaSoapy,1355,Abordable,2026-03-05
2384,seblepieux,1355,Abordable,2026-03-05
2385,nz0z_,1355,Abordable,2026-03-05
2386,Paplenos,1355,Abordable,2026-03-05
2387,jch029,1355,Abordable,2026-03-05
2388,Gyrestio,1355,Abordable,2026-03-05
2389,aurelien_bayard,1355,Abordable,2026-03-05
2390,jochef59,1355,Abordable,2026-03-05
2391,jeangrf,1355,Abordable,2026-03-05
2392,air_locatt,1355,Abordable,2026-03-05
2393,Noseripe,1355,Abordable,2026-03-05
2394,carlos_ej9,1355,Abordable,2026-03-05
2395,Tantei_,1355,Abordable,2026-03-05
2396,titepiou,1354,Abordable,2026-03-05
2397,cobra_jb51,1354,Abordable,2026-03-05
2398,mattt_fr,1354,Abordable,2026-03-05
2399,gugusbad,1354,Abordable,2026-03-05
2400,astrologia14,1354,Abordable,2026-03-05
2401,Sivund_,1354,Abordable,2026-03-05
2402,sidesoul,1354,Abordable,2026-03-05
2403,lordcalvinator,1353,Abordable,2026-03-05
2404,max_plg,1353,Abordable,2026-03-05
2405,FLOwN02,1353,Abordable,2026-03-05
2406,lulustucru_17,1353,Abordable,2026-03-05
2407,Marrbol,1353,Abordable,2026-03-05
2408,khobiche,1352,Abordable,2026-03-05
2409,wulllol,1352,Abordable,2026-03-05
2410,al_barthar,1352,Abordable,2026-03-05
2411,kunzki,1352,Abordable,2026-03-05
2412,simonp2869,1351,Abordable,2026-03-05
2413,allanlp10,1351,Abordable,2026-03-05
2414,kimpawssible,1351,Abordable,2026-03-05
2415,ore_d,1351,Abordable,2026-03-05
2416,stephanieylulu,1351,Abordable,2026-03-05
2417,ilokij4,1350,Abordable,2026-03-05
2418,Cezawy,1350,Abordable,2026-03-05
2419,LudiVidiVici,1350,Abordable,2026-03-05
2420,nounours1019,1350,Abordable,2026-03-05
2421,Zedsters,1350,Abordable,2026-03-05
2422,mathismegacool,1350,Abordable,2026-03-05
2423,zeligggg,1350,Abordable,2026-03-05
2424,phteu,1350,Abordable,2026-03-05
2425,Tranchk,1350,Abordable,2026-03-05
2426,iamthesnips,1350,Abordable,2026-03-05
2427,Dany__,1350,Abordable,2026-03-05
2428,copinedesouper,1349,Abordable,2026-03-05
2429,WanDayo_,1349,Abordable,2026-03-05
2430,MadeInGora,1349,Abordable,2026-03-05
2431,m2blueeyes,1349,Abordable,2026-03-05
2432,cel90600,1349,Abordable,2026-03-05
2433,steel_x1823,1349,Abordable,2026-03-05
2434,angelique51000,1349,Abordable,2026-03-05
2435,BranlixLeGaulois,1349,Abordable,2026-03-05
2436,camoxx_,1348,Abordable,2026-03-05
2437,laura_zm12,1348,Abordable,2026-03-05
2438,groupamafdj,1348,Abordable,2026-03-05
2439,azog301,1348,Abordable,2026-03-05
2440,Prsova,1347,Abordable,2026-03-05
2441,abe_sp,1347,Abordable,2026-03-05
2442,LuluElloco,1347,Abordable,2026-03-05
2443,Athalset,1347,Abordable,2026-03-05
2444,dhufar44,1347,Abordable,2026-03-05
2445,lau_ra_7,1347,Abordable,2026-03-05
2446,aodhan_lb,1347,Abordable,2026-03-05
2447,niksputt,1346,Abordable,2026-03-05
2448,wayneseb,1346,Abordable,2026-03-05
2449,masterfish1004,1346,Abordable,2026-03-05
2450,asheb00,1345,Abordable,2026-03-05
2451,corazoninho,1345,Abordable,2026-03-05
2452,pauline16972,1345,Abordable,2026-03-05
2453,la_souillure,1345,Abordable,2026-03-05
2454,shymagres,1345,Abordable,2026-03-05
2455,Nonajo29,1345,Abordable,2026-03-05
2456,Dimoushh,1345,Abordable,2026-03-05
2457,librarian_yohann,1345,Abordable,2026-03-05
2458,sebvlm,1345,Abordable,2026-03-05
2459,cloegrmn,1345,Abordable,2026-03-05
2460,soulsxreaper,1345,Abordable,2026-03-05
2461,GenPro87,1345,Abordable,2026-03-05
2462,piglouss,1345,Abordable,2026-03-05
2463,megata__,1345,Abordable,2026-03-05
2464,loloproduction,1345,Abordable,2026-03-05
2465,zlc_zip,1344,Abordable,2026-03-05
2466,aggie85,1344,Abordable,2026-03-05
2467,rudlu_,1344,Abordable,2026-03-05
2468,belloche,1344,Abordable,2026-03-05
2469,NinjaBlanc54,1344,Abordable,2026-03-05
2470,Robi_Bine,1344,Abordable,2026-03-05
2471,clems1899,1344,Abordable,2026-03-05
2472,zodiacqwety,1344,Abordable,2026-03-05
2473,maxime_chs,1344,Abordable,2026-03-05
2474,Cheelou1306,1344,Abordable,2026-03-05
2475,consonne34,1344,Abordable,2026-03-05
2476,choukakiller,1344,Abordable,2026-03-05
2477,thecoconuteffect,1344,Abordable,2026-03-05
2478,zora__x,1344,Abordable,2026-03-05
2479,r1e59,1344,Abordable,2026-03-05
2480,mahlerovich,1343,Abordable,2026-03-05
2481,yeerduaa,1343,Abordable,2026-03-05
2482,sebway,1343,Abordable,2026-03-05
2483,psycholink91,1343,Abordable,2026-03-05
2484,kerviken,1343,Abordable,2026-03-05
2485,nash_ol,1343,Abordable,2026-03-05
2486,ba_asti1,1343,Abordable,2026-03-05
2487,far_innn,1343,Abordable,2026-03-05
2488,alexyhiro,1343,Abordable,2026-03-05
2489,mazegnarg33,1342,Abordable,2026-03-05
2490,maxou1409,1342,Abordable,2026-03-05
2491,ananasthassia,1342,Abordable,2026-03-05
2492,jooka3,1342,Abordable,2026-03-05
2493,laurentdu3556,1341,Abordable,2026-03-05
2494,tomduc04,1341,Abordable,2026-03-05
2495,Space_700,1341,Abordable,2026-03-05
2496,rustinadellapatata,1341,Abordable,2026-03-05
2497,azr0d44,1341,Abordable,2026-03-05
2498,chaptainx,1341,Abordable,2026-03-05
2499,Zanekou,1341,Abordable,2026-03-05
2500,noman_sboy,1340,Abordable,2026-03-05
2511,lacquemant_,1339,Abordable,2026-03-05
2512,Medocc1,1339,Abordable,2026-03-05
2513,9bloodblade9,1339,Abordable,2026-03-05
2514,themaexako,1339,Abordable,2026-03-05
2515,barthos_chn,1339,Abordable,2026-03-05
2516,melandrom,1339,Abordable,2026-03-05
2517,Canape_Iit,1339,Abordable,2026-03-05
2518,Sophie_Ldr,1339,Abordable,2026-03-05
2519,luca27inter,1339,Abordable,2026-03-05
2520,crashmirage,1338,Abordable,2026-03-05
2521,anais391706,1338,Abordable,2026-03-05
2522,blanxhelaunx17,1338,Abordable,2026-03-05
2523,virgilux,1338,Abordable,2026-03-05
2524,victorial7_,1338,Abordable,2026-03-05
2525,moltocortes,1338,Abordable,2026-03-05
2526,mariedomp,1338,Abordable,2026-03-05
2527,noebsn,1338,Abordable,2026-03-05
2528,OxiumIRL,1338,Abordable,2026-03-05
2529,seboude,1338,Abordable,2026-03-05
2530,alolo_pons,1338,Abordable,2026-03-05
2531,lefakir5,1337,Abordable,2026-03-05
2532,LeQuills,1337,Abordable,2026-03-05
2533,azrogbrs,1337,Abordable,2026-03-05
2534,Colas_TheSF,1337,Abordable,2026-03-05
2535,darkofu,1336,Abordable,2026-03-05
2536,Ekeho,1336,Abordable,2026-03-05
2537,Didier_is_diamond,1336,Abordable,2026-03-05
2538,ju98_,1336,Abordable,2026-03-05
2539,Khazu_,1336,Abordable,2026-03-05
2540,mawoudsky,1336,Abordable,2026-03-05
2541,gregouze62,1336,Abordable,2026-03-05
2542,chaflry,1336,Abordable,2026-03-05
2543,coxlelynel,1336,Abordable,2026-03-05
2544,charleliegood,1336,Abordable,2026-03-05
2545,CaptainBaroud,1336,Abordable,2026-03-05
2546,antoine61600,1335,Abordable,2026-03-05
2547,elou85,1335,Abordable,2026-03-05
2548,louis_d_bras,1335,Abordable,2026-03-05
2549,sammatac,1335,Abordable,2026-03-05
2550,motokultor42,1335,Abordable,2026-03-05
2551,knight_max21,1335,Abordable,2026-03-05
2552,Aquamancien,1335,Abordable,2026-03-05
2553,Akirariri,1335,Abordable,2026-03-05
2554,sharpyl,1334,Abordable,2026-03-05
2555,Idthesheep,1334,Abordable,2026-03-05
2556,roms0578,1334,Abordable,2026-03-05
2557,sophie_lxn,1334,Abordable,2026-03-05
2558,fannyyyyyyyyyy1,1333,Abordable,2026-03-05
2559,Cuenzo,1333,Abordable,2026-03-05
2560,abrrrrruti,1333,Abordable,2026-03-05
2561,Dilaa_,1333,Abordable,2026-03-05
2562,noellapatrick,1333,Abordable,2026-03-05
2563,I0u1s,1333,Abordable,2026-03-05
2564,manue2805,1332,Abordable,2026-03-05
2565,Elllundril,1332,Abordable,2026-03-05
2566,Linkata,1332,Abordable,2026-03-05
2567,Skyla04_,1332,Abordable,2026-03-05
2568,mouss_64,1332,Abordable,2026-03-05
2569,tomisy14,1332,Abordable,2026-03-05
2570,LeBonJAN,1332,Abordable,2026-03-05
2571,lisalyca,1331,Abordable,2026-03-05
2572,fuji_yeah,1331,Abordable,2026-03-05
2573,tizibob,1331,Abordable,2026-03-05
2574,Fubinix,1331,Abordable,2026-03-05
2575,lycroh,1331,Abordable,2026-03-05
2576,G2_Draco,1331,Abordable,2026-03-05
2577,returns_10000,1331,Abordable,2026-03-05
2578,axouldu35,1331,Abordable,2026-03-05
2579,crvsier_alex,1331,Abordable,2026-03-05
2580,tn_la_street,1331,Abordable,2026-03-05
2581,Omasashi,1331,Abordable,2026-03-05
2582,SR__edgar,1331,Abordable,2026-03-05
2583,ralf_le_renne,1330,Abordable,2026-03-05
2584,chewbagirl,1330,Abordable,2026-03-05
2585,jeannettejeanne,1330,Abordable,2026-03-05
2586,dragonorix,1330,Abordable,2026-03-05
2587,leducdannam,1330,Abordable,2026-03-05
2588,mogglivrogne,1330,Abordable,2026-03-05
2589,TitiSco49,1330,Abordable,2026-03-05
2590,LeonCousteau,1329,Abordable,2026-03-05
2591,gab0utch,1329,Abordable,2026-03-05
2592,jmpunk59,1329,Abordable,2026-03-05
2593,zebullon10,1329,Abordable,2026-03-05
2594,Alepharian,1329,Abordable,2026-03-05
2595,kirchhoff4,1329,Abordable,2026-03-05
2596,caerwyn8,1329,Abordable,2026-03-05
2597,riquinos,1329,Abordable,2026-03-05
2598,SXVAAJ,1329,Abordable,2026-03-05
2599,Ju_Tess,1329,Abordable,2026-03-05
2600,landayse,1329,Abordable,2026-03-05
2601,hazgaiie,1328,Abordable,2026-03-05
2602,caroline_grgs,1328,Abordable,2026-03-05
2603,jackprtm,1328,Abordable,2026-03-05
2604,Tandauri,1327,Abordable,2026-03-05
2605,iznogood29,1327,Abordable,2026-03-05
2606,neynerl67,1327,Abordable,2026-03-05
2607,eyrochi,1327,Abordable,2026-03-05
2608,belagriculteur,1327,Abordable,2026-03-05
2609,claro_quai_6,1327,Abordable,2026-03-05
2610,dridrib,1327,Abordable,2026-03-05
2611,robzfr4,1326,Abordable,2026-03-05
2612,fum3role,1326,Abordable,2026-03-05
2613,tintochette_,1326,Abordable,2026-03-05
2614,bethored25,1326,Abordable,2026-03-05
2615,lajove,1326,Abordable,2026-03-05
2616,Batulith,1326,Abordable,2026-03-05
2617,lilyhime_,1325,Abordable,2026-03-05
2618,guighzy,1325,Abordable,2026-03-05
2619,kylidan,1325,Abordable,2026-03-05
2620,Mericor,1325,Abordable,2026-03-05
2621,couragio,1325,Abordable,2026-03-05
2622,mikethrough,1325,Abordable,2026-03-05
2623,maelululu,1324,Abordable,2026-03-05
2624,Achernar182,1324,Abordable,2026-03-05
2625,Ofual,1324,Abordable,2026-03-05
2626,Koyannis,1324,Abordable,2026-03-05
2627,celia_007_,1324,Abordable,2026-03-05
2628,riflettee,1324,Abordable,2026-03-05
2629,DraoxTips,1324,Abordable,2026-03-05
2630,thebrume2110,1324,Abordable,2026-03-05
2631,CactusPikkant,1324,Abordable,2026-03-05
2632,Ragnarok410,1323,Abordable,2026-03-05
2633,Ckija,1323,Abordable,2026-03-05
2634,SeigneurZigmou,1323,Abordable,2026-03-05
2635,Neohoops,1323,Abordable,2026-03-05
2636,Louijis,1322,Abordable,2026-03-05
2637,crewana,1322,Abordable,2026-03-05
2638,Edenrok,1322,Abordable,2026-03-05
2639,Sjetdu77,1322,Abordable,2026-03-05
2640,beubaz,1322,Abordable,2026-03-05
2641,thomas041036,1322,Abordable,2026-03-05
2642,leg4b_,1322,Abordable,2026-03-05
2643,retroknight75,1321,Abordable,2026-03-05
2644,christophe121986,1321,Abordable,2026-03-05
2645,Patate_Perdue,1321,Abordable,2026-03-05
2646,ael_df,1321,Abordable,2026-03-05
2647,jylix_,1321,Abordable,2026-03-05
2648,flilian43260,1321,Abordable,2026-03-05
2649,gros_nazeee,1321,Abordable,2026-03-05
2650,Aragolos,1321,Abordable,2026-03-05
2651,SAYGUS,1321,Abordable,2026-03-05
2652,bagaaaare2000,1320,Abordable,2026-03-05
2653,legrandrolla,1320,Abordable,2026-03-05
2654,kc_axl974,1320,Abordable,2026-03-05
2655,erg0t,1320,Abordable,2026-03-05
2656,2Maoam,1320,Abordable,2026-03-05
2657,TonyDan_,1320,Abordable,2026-03-05
2658,pierre2408,1320,Abordable,2026-03-05
2659,clakie57,1319,Abordable,2026-03-05
2660,Raikuz,1319,Abordable,2026-03-05
2661,natdel91,1319,Abordable,2026-03-05
2662,bbinitials,1319,Abordable,2026-03-05
2663,marynell22,1319,Abordable,2026-03-05
2664,emorej81290,1319,Abordable,2026-03-05
2665,jacklemalin,1319,Abordable,2026-03-05
2666,jeditom,1319,Abordable,2026-03-05
2667,JpigeMC,1319,Abordable,2026-03-05
2668,onaxium,1319,Abordable,2026-03-05
2669,Meepoi,1318,Abordable,2026-03-05
2670,senseiquenechou,1318,Abordable,2026-03-05
2671,BlueMaxOff,1318,Abordable,2026-03-05
2672,bapinho_22,1318,Abordable,2026-03-05
2673,Nidelor,1318,Abordable,2026-03-05
2674,tylos_zyquo,1318,Abordable,2026-03-05
2675,paul_noch,1317,Abordable,2026-03-05
2676,tphfcht,1317,Abordable,2026-03-05
2677,baiikoo,1317,Abordable,2026-03-05
2678,chavouille,1317,Abordable,2026-03-05
2679,Ashroke,1317,Abordable,2026-03-05
2680,Mrtomoy,1316,Abordable,2026-03-05
2681,nausycaaaaa,1316,Abordable,2026-03-05
2682,Alistair_l,1316,Abordable,2026-03-05
2683,kailess_,1316,Abordable,2026-03-05
2684,chihiro988,1316,Abordable,2026-03-05
2685,abllt19,1316,Abordable,2026-03-05
2686,10lukh01,1316,Abordable,2026-03-05
2687,Bonozoo,1316,Abordable,2026-03-05
2688,Jakp0t_,1316,Abordable,2026-03-05
2689,bouing23,1315,Abordable,2026-03-05
2690,lucassn49,1315,Abordable,2026-03-05
2691,darkboss976,1315,Abordable,2026-03-05
2692,swals__,1315,Abordable,2026-03-05
2693,lucky3292,1315,Abordable,2026-03-05
2694,KCconstantin,1315,Abordable,2026-03-05
2695,clementlaimant,1315,Abordable,2026-03-05
2696,Fl0bio,1315,Abordable,2026-03-05
2697,nymos19,1315,Abordable,2026-03-05
2698,hughasm,1314,Abordable,2026-03-05
2699,yoshil0,1314,Abordable,2026-03-05
2700,borisbeauval,1314,Abordable,2026-03-05
2701,Camouloux,1314,Abordable,2026-03-05
2702,aiko34_,1314,Abordable,2026-03-05
2703,Nostral_,1314,Abordable,2026-03-05
2704,Mugis,1314,Abordable,2026-03-05
2705,Smaxkiller,1314,Abordable,2026-03-05
2706,buswapiti27,1313,Abordable,2026-03-05
2707,thibaultt0805,1313,Abordable,2026-03-05
2708,pksc51,1313,Abordable,2026-03-05
2709,christelesilvaart,1313,Abordable,2026-03-05
2710,elennwe78,1313,Abordable,2026-03-05
2711,chris22480,1313,Abordable,2026-03-05
2712,yeloi,1313,Abordable,2026-03-05
2713,Killeutt,1313,Abordable,2026-03-05
2714,DarkCharlemagne,1313,Abordable,2026-03-05
2715,Pailletowin,1312,Abordable,2026-03-05
2716,zienckar,1312,Abordable,2026-03-05
2717,astwin76,1312,Abordable,2026-03-05
2718,wolfi140600,1312,Abordable,2026-03-05
2719,Koriio,1312,Abordable,2026-03-05
2720,alouckatv,1312,Abordable,2026-03-05
2721,mingaw_,1312,Abordable,2026-03-05
2722,HouussLeRetour,1312,Abordable,2026-03-05
2723,xhugor_rx,1312,Abordable,2026-03-05
2724,jerem_987,1312,Abordable,2026-03-05
2725,shagore_magal,1312,Abordable,2026-03-05
2726,vassago1986,1312,Abordable,2026-03-05
2727,Satan_FR,1312,Abordable,2026-03-05
2728,valairlines_,1312,Abordable,2026-03-05
2729,damnit14390,1311,Abordable,2026-03-05
2730,mrgnmth,1311,Abordable,2026-03-05
2731,Jee64,1311,Abordable,2026-03-05
2732,Theagaphie,1311,Abordable,2026-03-05
2733,benjammin973,1311,Abordable,2026-03-05
2734,FlowFlowGAMING,1310,Abordable,2026-03-05
2735,katacrom,1310,Abordable,2026-03-05
2736,etharkan,1310,Abordable,2026-03-05
2737,Ziponey,1310,Abordable,2026-03-05
2738,Bulebulle,1310,Abordable,2026-03-05
2739,marine_thevenin,1310,Abordable,2026-03-05
2740,Buttercupsz_,1310,Abordable,2026-03-05
2741,akillonia,1310,Abordable,2026-03-05
2742,Licinius___,1310,Abordable,2026-03-05
2743,adagio0,1309,Abordable,2026-03-05
2744,alchemistery21,1309,Abordable,2026-03-05
2745,yannmdc,1309,Abordable,2026-03-05
2746,TalArtemis,1309,Abordable,2026-03-05
2747,knackiy,1309,Abordable,2026-03-05
2748,tachypsychie,1309,Abordable,2026-03-05
2749,TazReload,1309,Abordable,2026-03-05
2750,Doubhea,1309,Abordable,2026-03-05
2751,tarayac,1308,Abordable,2026-03-05
2752,liam_2307,1308,Abordable,2026-03-05
2753,palosbeats,1308,Abordable,2026-03-05
2754,xisifg0d,1308,Abordable,2026-03-05
2755,lescargotvadrouilleur,1308,Abordable,2026-03-05
2756,beatricejumeau,1308,Abordable,2026-03-05
2757,myss4n,1308,Abordable,2026-03-05
2758,lafastod,1308,Abordable,2026-03-05
2759,Eadliyn,1308,Abordable,2026-03-05
2760,clembgrs,1307,Abordable,2026-03-05
2761,Jeremfrite,1307,Abordable,2026-03-05
2762,XI0D,1307,Abordable,2026-03-05
2763,bananaspif,1307,Abordable,2026-03-05
2764,Aemri_,1307,Abordable,2026-03-05
2765,alexandre071106,1307,Abordable,2026-03-05
2766,Neineiiiii,1306,Abordable,2026-03-05
2767,cyril8831012,1306,Abordable,2026-03-05
2768,suzybe,1306,Abordable,2026-03-05
2769,Kyrraa,1306,Abordable,2026-03-05
2770,Frizlav,1306,Abordable,2026-03-05
2771,nassbsd,1306,Abordable,2026-03-05
2772,TruEsdrael,1305,Abordable,2026-03-05
2773,jeanmarielepencvrmtlegoat,1305,Abordable,2026-03-05
2774,sirnitneroc,1305,Abordable,2026-03-05
2775,spailerr,1305,Abordable,2026-03-05
2776,diditrixma,1305,Abordable,2026-03-05
2777,arbo7ito,1305,Abordable,2026-03-05
2778,wiggly_boy,1305,Abordable,2026-03-05
2779,starkyz_,1305,Abordable,2026-03-05
2780,Thib_ouille,1305,Abordable,2026-03-05
2781,NaOmy446,1305,Abordable,2026-03-05
2782,Defa_Taranis,1304,Abordable,2026-03-05
2783,davluzz,1304,Abordable,2026-03-05
2784,DohkoSensei,1304,Abordable,2026-03-05
2785,clem170350,1304,Abordable,2026-03-05
2786,jbalvin88,1304,Abordable,2026-03-05
2787,universdewilliam,1304,Abordable,2026-03-05
2788,anais44000,1303,Abordable,2026-03-05
2789,lho5,1303,Abordable,2026-03-05
2790,freez_skiiz2,1303,Abordable,2026-03-05
2791,cotonpearl,1303,Abordable,2026-03-05
2792,lucien698,1303,Abordable,2026-03-05
2793,k1tk4t_08,1303,Abordable,2026-03-05
2794,Fixoox,1303,Abordable,2026-03-05
2795,w0lf_ti9r0ux,1303,Abordable,2026-03-05
2796,Loukas26,1303,Abordable,2026-03-05
2797,lelapincarla,1303,Abordable,2026-03-05
2798,flolad59,1302,Abordable,2026-03-05
2799,234679002358809358,1302,Abordable,2026-03-05
2800,batou128,1302,Abordable,2026-03-05
2801,eemeline_,1302,Abordable,2026-03-05
2802,baptiste_350,1302,Abordable,2026-03-05
2803,babzos,1302,Abordable,2026-03-05
2804,pauvalpo6,1302,Abordable,2026-03-05
2805,duchmol3692,1302,Abordable,2026-03-05
2806,floyd123456701,1302,Abordable,2026-03-05
2807,xbroos23,1302,Abordable,2026-03-05
2808,irissushi,1301,Abordable,2026-03-05
2809,BobyLudique,1301,Abordable,2026-03-05
2810,Vinz_Applebutt,1301,Abordable,2026-03-05
2811,songotek,1301,Abordable,2026-03-05
2812,Sangti,1301,Abordable,2026-03-05
2813,chbeb73,1301,Abordable,2026-03-05
2814,M8_Cuzco,1300,Abordable,2026-03-05
2815,thamos63,1300,Abordable,2026-03-05
2816,Kip3tchis,1300,Abordable,2026-03-05
2817,noobspoky,1300,Abordable,2026-03-05
2818,arclaf,1300,Abordable,2026-03-05
2819,stupidest_dane,1300,Abordable,2026-03-05
2820,poupouille101400,1300,Abordable,2026-03-05
2821,bltbd,1300,Abordable,2026-03-05
2822,yvel29000,1300,Abordable,2026-03-05
2823,paupaudefleurs,1300,Abordable,2026-03-05
2824,draekoth39,1300,Abordable,2026-03-05
2825,xerank,1300,Abordable,2026-03-05
2826,dracsou,1300,Abordable,2026-03-05
2827,hugoninio35,1300,Abordable,2026-03-05
2828,SKlearner,1300,Abordable,2026-03-05
2829,gardenofshura,1299,Abordable,2026-03-05
2830,pixzelle,1299,Abordable,2026-03-05
2831,leamorvan5,1299,Abordable,2026-03-05
2832,chouphelie,1299,Abordable,2026-03-05
2833,SigmaC30,1299,Abordable,2026-03-05
2834,morgane0950,1299,Abordable,2026-03-05
2835,mama_blooky,1299,Abordable,2026-03-05
2836,lynk5391,1299,Abordable,2026-03-05
2837,Escarryna,1298,Abordable,2026-03-05
2838,Cihrzad,1298,Abordable,2026-03-05
2839,eliottou,1298,Abordable,2026-03-05
2840,coeurpendule,1298,Abordable,2026-03-05
2841,2Mimoch,1298,Abordable,2026-03-05
2842,flow56300,1298,Abordable,2026-03-05
2843,mianzib,1298,Abordable,2026-03-05
2844,yerdef,1298,Abordable,2026-03-05
2845,Fanagetsu,1298,Abordable,2026-03-05
2846,5quix,1297,Abordable,2026-03-05
2847,nekronith,1297,Abordable,2026-03-05
2848,Skribbled_,1297,Abordable,2026-03-05
2849,Leptonyxx,1297,Abordable,2026-03-05
2850,rivkaka,1297,Abordable,2026-03-05
2851,Tonyo_x_,1297,Abordable,2026-03-05
2852,doomsmld,1297,Abordable,2026-03-05
2853,R4tatosk,1297,Abordable,2026-03-05
2854,antoinemton14,1296,Abordable,2026-03-05
2855,D0ucluffy,1296,Abordable,2026-03-05
2856,menoar,1296,Abordable,2026-03-05
2857,rasball,1296,Abordable,2026-03-05
2858,Erle_Davidson,1296,Abordable,2026-03-05
2859,fishman84,1296,Abordable,2026-03-05
2860,dhbfhdfhb,1296,Abordable,2026-03-05
2861,kurohigggge,1295,Abordable,2026-03-05
2862,melaniegrg,1295,Abordable,2026-03-05
2863,Yrtiop,1295,Abordable,2026-03-05
2864,Hestionero,1295,Abordable,2026-03-05
2865,Nyckollah,1295,Abordable,2026-03-05
2866,katellpg,1295,Abordable,2026-03-05
2867,iovationn,1295,Abordable,2026-03-05
2868,Ferd0che,1294,Abordable,2026-03-05
2869,lechaceur,1294,Abordable,2026-03-05
2870,joer7374,1294,Abordable,2026-03-05
2871,Tiba_Ulte,1294,Abordable,2026-03-05
2872,Aniade_,1294,Abordable,2026-03-05
2873,PrepelBret8,1294,Abordable,2026-03-05
2874,elmalaiz,1294,Abordable,2026-03-05
2875,eliott00000000,1294,Abordable,2026-03-05
2876,Arnifoste,1294,Abordable,2026-03-05
2877,mamaxiximememomorinrin,1294,Abordable,2026-03-05
2878,Thatshyt,1293,Abordable,2026-03-05
2879,sedarito,1293,Abordable,2026-03-05
2880,titounours56,1293,Abordable,2026-03-05
2881,loopipol,1292,Abordable,2026-03-05
2882,emma547397,1292,Abordable,2026-03-05
2883,sgued03,1292,Abordable,2026-03-05
2884,lulu77_,1292,Abordable,2026-03-05
2885,Don_Djanggo,1292,Abordable,2026-03-05
2886,vinaja85,1292,Abordable,2026-03-05
2887,quenssee,1292,Abordable,2026-03-05
2888,skiteek,1292,Abordable,2026-03-05
2889,floryan_evlt,1292,Abordable,2026-03-05
2890,Rainbow_Firefly,1292,Abordable,2026-03-05
2891,DG_Sebator11,1291,Abordable,2026-03-05
2892,juhan_est_ma_chimere,1291,Abordable,2026-03-05
2893,Wacryeur,1291,Abordable,2026-03-05
2894,lucie_b_,1291,Abordable,2026-03-05
2895,AsTriD37,1291,Abordable,2026-03-05
2896,tictac609,1291,Abordable,2026-03-05
2897,gigagagagig0,1291,Abordable,2026-03-05
2898,gabmb_7,1291,Abordable,2026-03-05
2899,VertJanus_,1291,Abordable,2026-03-05
2900,michberger69,1290,Abordable,2026-03-05
2901,PareyL,1290,Abordable,2026-03-05
2902,matte0zzz,1290,Abordable,2026-03-05
2903,victorhermet,1290,Abordable,2026-03-05
2904,jossuine,1290,Abordable,2026-03-05
2905,AntoninJury,1290,Abordable,2026-03-05
2906,kylian_ldy,1290,Abordable,2026-03-05
2907,guix1702,1289,Abordable,2026-03-05
2908,lykos_35,1289,Abordable,2026-03-05
2909,bribri286,1289,Abordable,2026-03-05
2910,LHV_Sky_DreaM_,1289,Abordable,2026-03-05
2911,armand08_,1289,Abordable,2026-03-05
2912,KunDX,1289,Abordable,2026-03-05
2913,leniplentqui,1289,Abordable,2026-03-05
2914,romain_cleda,1289,Abordable,2026-03-05
2915,yroza_,1289,Abordable,2026-03-05
2916,ZachLeStream,1289,Abordable,2026-03-05
2917,Rabelaiz,1289,Abordable,2026-03-05
2918,FIDE0__,1288,Abordable,2026-03-05
2919,manonduruisseau,1288,Abordable,2026-03-05
2920,Seffrig,1288,Abordable,2026-03-05
2921,DrRichard89,1288,Abordable,2026-03-05
2922,mickael50,1288,Abordable,2026-03-05
2923,svenitosaurus,1288,Abordable,2026-03-05
2924,zirifkxkldlvjnx,1288,Abordable,2026-03-05
2925,Skkay,1287,Abordable,2026-03-05
2926,Alronax,1287,Abordable,2026-03-05
2927,petite_jo,1287,Abordable,2026-03-05
2928,nonolabiscottezer,1287,Abordable,2026-03-05
2929,Mehori,1287,Abordable,2026-03-05
2930,spdrmax,1287,Abordable,2026-03-05
2931,missjujuj,1287,Abordable,2026-03-05
2932,TadaiLive,1287,Abordable,2026-03-05
2933,helina44,1287,Abordable,2026-03-05
2934,annotir,1287,Abordable,2026-03-05
2935,campiignon,1286,Abordable,2026-03-05
2936,jejeroro_,1286,Abordable,2026-03-05
2937,pascaline5956,1286,Abordable,2026-03-05
2938,robilastup,1286,Abordable,2026-03-05
2939,gogomar30,1286,Abordable,2026-03-05
2940,Vorax2102,1286,Abordable,2026-03-05
2941,igamii_,1286,Abordable,2026-03-05
2942,patricestm,1285,Abordable,2026-03-05
2943,solenetlzt,1285,Abordable,2026-03-05
2944,punzeer,1285,Abordable,2026-03-05
2945,johker121,1285,Abordable,2026-03-05
2946,roro2553,1285,Abordable,2026-03-05
2947,falimou,1285,Abordable,2026-03-05
2948,perroquetbavard,1285,Abordable,2026-03-05
2949,map35a,1285,Abordable,2026-03-05
2950,Cykaap,1284,Abordable,2026-03-05
2951,mlin_le_capucin,1284,Abordable,2026-03-05
2952,l_apprentit,1284,Abordable,2026-03-05
2953,flapflap05,1284,Abordable,2026-03-05
2954,amdi_lry,1284,Abordable,2026-03-05
2955,neyka_a,1284,Abordable,2026-03-05
2956,podarue,1283,Abordable,2026-03-05
2957,Lyllubia,1283,Abordable,2026-03-05
2958,trunks92i,1283,Abordable,2026-03-05
2959,ylqa212,1283,Abordable,2026-03-05
2960,apfjbl,1282,Abordable,2026-03-05
2961,pierrot261507,1282,Abordable,2026-03-05
2962,chloebarjojo,1282,Abordable,2026-03-05
2963,mam2ly,1282,Abordable,2026-03-05
2964,asteryaaa,1282,Abordable,2026-03-05
2965,bonabatou,1282,Abordable,2026-03-05
2966,remitrinita,1282,Abordable,2026-03-05
2967,marijuainaa,1282,Abordable,2026-03-05
2968,FirsTerZ,1282,Abordable,2026-03-05
2969,ThaoIan,1282,Abordable,2026-03-05
2970,delire_rousse_1312,1282,Abordable,2026-03-05
2971,Askellllllllll,1281,Abordable,2026-03-05
2972,achanvin,1281,Abordable,2026-03-05
2973,loleli31,1281,Abordable,2026-03-05
2974,Alynous,1281,Abordable,2026-03-05
2975,Erhebor,1281,Abordable,2026-03-05
2976,laykuo_,1281,Abordable,2026-03-05
2977,obus325,1281,Abordable,2026-03-05
2978,colibri2002,1281,Abordable,2026-03-05
2979,EusebeLeSimple,1281,Abordable,2026-03-05
2980,elsobrdt,1280,Abordable,2026-03-05
2981,WayUnderground,1280,Abordable,2026-03-05
2982,mimines1,1280,Abordable,2026-03-05
2983,shushu_capri,1280,Abordable,2026-03-05
2984,caamcam1,1280,Abordable,2026-03-05
2985,Troglodyte_Grognon,1280,Abordable,2026-03-05
2986,maelyslb,1280,Abordable,2026-03-05
2987,ncoinon10,1280,Abordable,2026-03-05
2988,clapuik,1280,Abordable,2026-03-05
2989,flobnfo,1280,Abordable,2026-03-05
2990,Valent175,1280,Abordable,2026-03-05
2991,lebanni35,1279,Abordable,2026-03-05
2992,Xaana,1279,Abordable,2026-03-05
2993,jumars33,1279,Abordable,2026-03-05
2994,pllaf_,1279,Abordable,2026-03-05
2995,laurelineldr,1279,Abordable,2026-03-05
2996,Ted_Pauley,1278,Abordable,2026-03-05
2997,thomas12705,1278,Abordable,2026-03-05
2998,Robzy26,1278,Abordable,2026-03-05
2999,eriakhor,1278,Abordable,2026-03-05
3000,knirff,1278,Abordable,2026-03-05
3001,overfleek,1278,Abordable,2026-03-05
3002,missw3010,1278,Abordable,2026-03-05
3003,martfly26,1278,Abordable,2026-03-05
3004,Naathan___,1278,Abordable,2026-03-05
3005,Pibeurre,1277,Abordable,2026-03-05
3006,marge__sbr,1277,Abordable,2026-03-05
3007,mael_brs197,1277,Abordable,2026-03-05
3008,Xblaixs,1277,Abordable,2026-03-05
3009,thgemme,1277,Abordable,2026-03-05
3010,jtei_69,1277,Abordable,2026-03-05
3011,de0uss,1277,Abordable,2026-03-05
3012,pepelitossss,1277,Abordable,2026-03-05
3013,SileksTV,1277,Abordable,2026-03-05
3014,robipou,1277,Abordable,2026-03-05
3015,Eleven_Lo,1277,Abordable,2026-03-05
3016,rem_lv,1276,Abordable,2026-03-05
3017,bolic47,1276,Abordable,2026-03-05
3018,yoyoh_,1276,Abordable,2026-03-05
3019,tristouill9,1276,Abordable,2026-03-05
3020,clems696,1276,Abordable,2026-03-05
3021,lasnoe7,1276,Abordable,2026-03-05
3022,taralexandra,1276,Abordable,2026-03-05
3023,Dovakiwi,1276,Abordable,2026-03-05
3024,Pottame,1276,Abordable,2026-03-05
3025,daddychan__,1276,Abordable,2026-03-05
3026,hypoallergenique__,1276,Abordable,2026-03-05
3027,wyngfire,1276,Abordable,2026-03-05
3028,benjir21,1276,Abordable,2026-03-05
3029,FolEnto,1276,Abordable,2026-03-05
3030,el_mikado,1276,Abordable,2026-03-05
3031,cdrcbd,1276,Abordable,2026-03-05
3032,riiixxx,1276,Abordable,2026-03-05
3033,Epidemio,1276,Abordable,2026-03-05
3034,helmaguiche,1275,Abordable,2026-03-05
3035,adr75,1275,Abordable,2026-03-05
3036,relies1,1275,Abordable,2026-03-05
3037,Moky06,1275,Abordable,2026-03-05
3038,holysleepybeany,1275,Abordable,2026-03-05
3039,pyrene87,1274,Abordable,2026-03-05
3040,RoyalNwKadoc,1274,Abordable,2026-03-05
3041,cha_gbb_,1274,Abordable,2026-03-05
3042,the_remus56,1274,Abordable,2026-03-05
3043,mgdelatess,1274,Abordable,2026-03-05
3044,andynino25,1274,Abordable,2026-03-05
3045,djolissu,1273,Abordable,2026-03-05
3046,smyno0,1273,Abordable,2026-03-05
3047,EmilieGU,1273,Abordable,2026-03-05
3048,jeanmichelrebou,1272,Abordable,2026-03-05
3049,geomax372,1272,Abordable,2026-03-05
3050,KoalSheep,1272,Abordable,2026-03-05
3051,octanegirl77,1272,Abordable,2026-03-05
3052,balthazarpicsou_,1272,Abordable,2026-03-05
3053,Njuk,1272,Abordable,2026-03-05
3054,Valais14,1272,Abordable,2026-03-05
3055,pv1pe,1272,Abordable,2026-03-05
3056,lucia351,1272,Abordable,2026-03-05
3057,adeleill,1272,Abordable,2026-03-05
3058,Lucas73540,1271,Abordable,2026-03-05
3059,kuramazer,1271,Abordable,2026-03-05
3060,tt68310,1271,Abordable,2026-03-05
3061,pierro2992,1271,Abordable,2026-03-05
3062,cscmieu,1271,Abordable,2026-03-05
3063,Luxian71,1271,Abordable,2026-03-05
3064,taitailo,1270,Abordable,2026-03-05
3065,cristaltym,1270,Abordable,2026-03-05
3066,firox_91,1270,Abordable,2026-03-05
3067,bi_e,1270,Abordable,2026-03-05
3068,kevindiesel__,1270,Abordable,2026-03-05
3069,matlhhg31,1270,Abordable,2026-03-05
3070,ewilan60,1270,Abordable,2026-03-05
3071,Nerwing,1270,Abordable,2026-03-05
3072,cleophae_,1269,Abordable,2026-03-05
3073,MisterAlex75,1269,Abordable,2026-03-05
3074,semoulez,1269,Abordable,2026-03-05
3075,galaxy101201,1269,Abordable,2026-03-05
3076,skil0ne,1269,Abordable,2026-03-05
3077,alexsjbite,1269,Abordable,2026-03-05
3078,poulopo4827,1268,Abordable,2026-03-05
3079,Tryxfr,1268,Abordable,2026-03-05
3080,Nyarahlie,1268,Abordable,2026-03-05
3081,armandinho__,1268,Abordable,2026-03-05
3082,vic0_04,1268,Abordable,2026-03-05
3083,tiennou49,1268,Abordable,2026-03-05
3084,man0nmaoui,1268,Abordable,2026-03-05
3085,mathildlry,1268,Abordable,2026-03-05
3086,Bad_Zulu,1268,Abordable,2026-03-05
3087,Ar4kn3,1267,Abordable,2026-03-05
3088,evaseline,1267,Abordable,2026-03-05
3089,bpoopo,1267,Abordable,2026-03-05
3090,dom_hollow_2738,1267,Abordable,2026-03-05
3091,chcreel,1267,Abordable,2026-03-05
3092,coraliej1707,1267,Abordable,2026-03-05
3093,egrvs,1267,Abordable,2026-03-05
3094,Yamschas,1267,Abordable,2026-03-05
3095,afghangoat,1267,Abordable,2026-03-05
3096,Chapaapaaa,1267,Abordable,2026-03-05
3097,so_lait,1266,Abordable,2026-03-05
3098,deltyxx_,1266,Abordable,2026-03-05
3099,emilion24,1266,Abordable,2026-03-05
3100,gudulesuperstar,1266,Abordable,2026-03-05
3101,ZRKNG13,1266,Abordable,2026-03-05
3102,kiddy87,1266,Abordable,2026-03-05
3103,un_piti_bonhomme,1266,Abordable,2026-03-05
3104,snow26200,1265,Abordable,2026-03-05
3105,RobiNoobFR,1265,Abordable,2026-03-05
3106,micheldubrasil1,1265,Abordable,2026-03-05
3107,eli0x58,1265,Abordable,2026-03-05
3108,torim27,1265,Abordable,2026-03-05
3109,adriencalvet96,1265,Abordable,2026-03-05
3110,cerealex_p,1264,Abordable,2026-03-05
3111,nioura64,1264,Abordable,2026-03-05
3112,bertine4,1264,Abordable,2026-03-05
3113,fhorn23,1264,Abordable,2026-03-05
3114,semper49,1264,Abordable,2026-03-05
3115,cledesol45,1264,Abordable,2026-03-05
3116,eliot25000,1264,Abordable,2026-03-05
3117,Amalfir,1264,Abordable,2026-03-05
3118,TicTacTaw,1263,Abordable,2026-03-05
3119,nawennebzh,1263,Abordable,2026-03-05
3120,asrevan8,1263,Abordable,2026-03-05
3121,labanane132,1263,Abordable,2026-03-05
3122,ItsS0ul,1263,Abordable,2026-03-05
3123,k_leq,1263,Abordable,2026-03-05
3124,gashii_na,1263,Abordable,2026-03-05
3125,ChatRose49,1263,Abordable,2026-03-05
3126,elgrandecoco1,1262,Abordable,2026-03-05
3127,sandyspoon35,1262,Abordable,2026-03-05
3128,kvrnvg,1262,Abordable,2026-03-05
3129,Arkehlor,1262,Abordable,2026-03-05
3130,Sherlock_3571,1262,Abordable,2026-03-05
3131,AnarionBZH,1262,Abordable,2026-03-05
3132,emerancel,1262,Abordable,2026-03-05
3133,BananCeleste,1262,Abordable,2026-03-05
3134,isabelledsf,1262,Abordable,2026-03-05
3135,orsauce_,1262,Abordable,2026-03-05
3136,Neaflys,1262,Abordable,2026-03-05
3137,julien_de_marseille,1262,Abordable,2026-03-05
3138,eldragof,1261,Abordable,2026-03-05
3139,Magicaboy1,1261,Abordable,2026-03-05
3140,maxx_la_menaace,1261,Abordable,2026-03-05
3141,FriMinG,1261,Abordable,2026-03-05
3142,hugo_rv_,1261,Abordable,2026-03-05
3143,Tyney_,1261,Abordable,2026-03-05
3144,popkornmichel,1261,Abordable,2026-03-05
3145,Lea_R2899,1261,Abordable,2026-03-05
3146,Paekaa,1261,Abordable,2026-03-05
3147,superpoisonaigle,1261,Abordable,2026-03-05
3148,Cheiik_,1261,Abordable,2026-03-05
3149,TheAmazingBishop,1261,Abordable,2026-03-05
3150,antwan_gns,1261,Abordable,2026-03-05
3151,realiion,1261,Abordable,2026-03-05
3152,valderane,1260,Abordable,2026-03-05
3153,malpz7,1260,Abordable,2026-03-05
3154,R_oCKe_T,1260,Abordable,2026-03-05
3155,clara9306,1260,Abordable,2026-03-05
3156,Yoyi29,1260,Abordable,2026-03-05
3157,anirielle,1260,Abordable,2026-03-05
3158,Grixouu,1260,Abordable,2026-03-05
3159,thor_kel,1259,Abordable,2026-03-05
3160,A11ex,1259,Abordable,2026-03-05
3161,tom_gushu_lp,1259,Abordable,2026-03-05
3162,Zau____,1259,Abordable,2026-03-05
3163,vood_ou,1259,Abordable,2026-03-05
3164,stratagos27,1259,Abordable,2026-03-05
3165,EstebanF13_,1259,Abordable,2026-03-05
3166,saaam888,1258,Abordable,2026-03-05
3167,sf_izaro,1258,Abordable,2026-03-05
3168,M00n_Hero,1258,Abordable,2026-03-05
3169,besticule,1258,Abordable,2026-03-05
3170,la__chips,1258,Abordable,2026-03-05
3171,yukimura921,1257,Abordable,2026-03-05
3172,veronic68,1257,Abordable,2026-03-05
3173,escargodelieve,1257,Abordable,2026-03-05
3174,arsn44,1257,Abordable,2026-03-05
3175,blaisematuidigoat,1257,Abordable,2026-03-05
3176,moaaaaaaaaaaaaaaaa_______,1257,Abordable,2026-03-05
3177,Hiohotv,1257,Abordable,2026-03-05
3178,Hereticmonster,1257,Abordable,2026-03-05
3179,ritchi_verssaci,1257,Abordable,2026-03-05
3180,rafferrreira,1257,Abordable,2026-03-05
3181,mlx974,1257,Abordable,2026-03-05
3182,ageke7,1257,Abordable,2026-03-05
3183,alilabase18,1257,Abordable,2026-03-05
3184,Effeta,1256,Abordable,2026-03-05
3185,cjdkxkfbvkjfkhncxnvvjnc,1256,Abordable,2026-03-05
3186,bolchepitch,1256,Abordable,2026-03-05
3187,Nitneroc74,1256,Abordable,2026-03-05
3188,TOsphere,1256,Abordable,2026-03-05
3189,Mystere_p,1256,Abordable,2026-03-05
3190,Nono_17000,1256,Abordable,2026-03-05
3191,prosperid,1256,Abordable,2026-03-05
3192,AEG_Mimiyoupla,1256,Abordable,2026-03-05
3193,Nesayane,1256,Abordable,2026-03-05
3194,y3sss6,1256,Abordable,2026-03-05
3195,zerom_13,1256,Abordable,2026-03-05
3196,Quicholardon,1256,Abordable,2026-03-05
3197,41_3X15,1256,Abordable,2026-03-05
3198,qdurk,1255,Abordable,2026-03-05
3199,BlueSkySapphire,1255,Abordable,2026-03-05
3200,sorzi,1255,Abordable,2026-03-05
3201,pantatruelle_,1255,Abordable,2026-03-05
3202,emmatchatcha,1254,Abordable,2026-03-05
3203,norolonorolo,1254,Abordable,2026-03-05
3204,captaindeadpool55,1254,Abordable,2026-03-05
3205,vale_mnsk_,1254,Abordable,2026-03-05
3206,otterice_,1254,Abordable,2026-03-05
3207,orcr1st4,1254,Abordable,2026-03-05
3208,zazu2490,1254,Abordable,2026-03-05
3209,devilaure,1254,Abordable,2026-03-05
3210,MiisterBueno,1254,Abordable,2026-03-05
3211,baptoubapteu,1253,Abordable,2026-03-05
3212,nyben123,1253,Abordable,2026-03-05
3213,Alexia64nb,1253,Abordable,2026-03-05
3214,eclairmetal9201,1253,Abordable,2026-03-05
3215,anatole_py,1253,Abordable,2026-03-05
3216,anna_pmette,1252,Abordable,2026-03-05
3217,Ahoge_master,1252,Abordable,2026-03-05
3218,antoop1,1252,Abordable,2026-03-05
3219,cloclochlo_b,1252,Abordable,2026-03-05
3220,Delc0r,1252,Abordable,2026-03-05
3221,valdav15,1252,Abordable,2026-03-05
3222,killoxdu56,1252,Abordable,2026-03-05
3223,galw1n,1251,Abordable,2026-03-05
3224,LauranneChavel,1251,Abordable,2026-03-05
3225,flaflaxdup,1251,Abordable,2026-03-05
3226,jojomars13,1251,Abordable,2026-03-05
3227,shimz22,1251,Abordable,2026-03-05
3228,yonico23,1251,Abordable,2026-03-05
3229,y0sh00,1251,Abordable,2026-03-05
3230,Alberich85,1251,Abordable,2026-03-05
3231,cemaxence,1251,Abordable,2026-03-05
3232,lovecraft49,1251,Abordable,2026-03-05
3233,master_coffee,1251,Abordable,2026-03-05
3234,esperanzaclo,1251,Abordable,2026-03-05
3235,izanaaami,1251,Abordable,2026-03-05
3236,Nicolarth,1250,Abordable,2026-03-05
3237,Frexiuu,1250,Abordable,2026-03-05
3238,SeRongue,1250,Abordable,2026-03-05
3239,agnesf83,1250,Abordable,2026-03-05
3240,croustibatigol,1250,Abordable,2026-03-05
3241,charlotteg4,1250,Abordable,2026-03-05
3242,guizzzb,1250,Abordable,2026-03-05
3243,tristancho2,1250,Abordable,2026-03-05
3244,Remi29T,1250,Abordable,2026-03-05
3245,Nowe_76,1250,Abordable,2026-03-05
3246,cecetino,1249,Abordable,2026-03-05
3247,BahlkogTV,1249,Abordable,2026-03-05
3248,callie_nt,1249,Abordable,2026-03-05
3249,Kahaniel,1249,Abordable,2026-03-05
3250,V0lteck_,1249,Abordable,2026-03-05
3251,vivipouce,1249,Abordable,2026-03-05
3252,lauried1,1249,Abordable,2026-03-05
3253,Mirou_fr,1249,Abordable,2026-03-05
3254,blurrynat,1249,Abordable,2026-03-05
3255,audidous,1248,Abordable,2026-03-05
3256,lovizou,1248,Abordable,2026-03-05
3257,hey_malin,1248,Abordable,2026-03-05
3258,touklakos___,1248,Abordable,2026-03-05
3259,HeaRtsen,1248,Abordable,2026-03-05
3260,v_ycare,1248,Abordable,2026-03-05
3261,gemelechibre,1248,Abordable,2026-03-05
3262,corpsenthym_,1248,Abordable,2026-03-05
3263,Damdam13600,1248,Abordable,2026-03-05
3264,altnabla,1248,Abordable,2026-03-05
3265,strainedbutcute,1247,Abordable,2026-03-05
3266,abricotine01,1247,Abordable,2026-03-05
3267,quentindenice,1247,Abordable,2026-03-05
3268,clem_thfc,1247,Abordable,2026-03-05
3269,eldes5,1246,Abordable,2026-03-05
3270,thhiga,1246,Abordable,2026-03-05
3271,kalliyane,1246,Abordable,2026-03-05
3272,samuel020633,1246,Abordable,2026-03-05
3273,youngnouille,1245,Abordable,2026-03-05
3274,apolline_gndn,1245,Abordable,2026-03-05
3275,dropuxx55,1245,Abordable,2026-03-05
3276,YejiYujin,1245,Abordable,2026-03-05
3277,Maghinox,1245,Abordable,2026-03-05
3278,timothegr,1245,Abordable,2026-03-05
3279,versun834,1245,Abordable,2026-03-05
3280,dowez,1245,Abordable,2026-03-05
3281,franny59,1245,Abordable,2026-03-05
3282,huguesletemplier,1244,Abordable,2026-03-05
3283,fantacola6,1244,Abordable,2026-03-05
3284,Laserbrain27,1244,Abordable,2026-03-05
3285,helenouilles_,1244,Abordable,2026-03-05
3286,LEBlnd68,1244,Abordable,2026-03-05
3287,Moriani75,1244,Abordable,2026-03-05
3288,Raygas,1244,Abordable,2026-03-05
3289,extdarc,1244,Abordable,2026-03-05
3290,marine1306,1244,Abordable,2026-03-05
3291,ElGogol_,1243,Abordable,2026-03-05
3292,Mysto_OPFR,1243,Abordable,2026-03-05
3293,mpt4eva,1243,Abordable,2026-03-05
3294,nora_fitroll,1243,Abordable,2026-03-05
3295,dyonisos086,1243,Abordable,2026-03-05
3296,ctoptom,1243,Abordable,2026-03-05
3297,bongo_gatto,1243,Abordable,2026-03-05
3298,jerdnaxela1,1243,Abordable,2026-03-05
3299,audrey1865,1243,Abordable,2026-03-05
3300,Beerslayer06,1243,Abordable,2026-03-05
3301,mariefan58,1242,Abordable,2026-03-05
3302,AEG_Maltuin,1242,Abordable,2026-03-05
3303,clarinette___,1242,Abordable,2026-03-05
3304,louissap,1242,Abordable,2026-03-05
3305,seleneris,1242,Abordable,2026-03-05
3306,CptnMcBalls,1241,Abordable,2026-03-05
3307,matthieulav,1241,Abordable,2026-03-05
3308,boblepongeismyhero,1241,Abordable,2026-03-05
3309,Spryven_,1241,Abordable,2026-03-05
3310,moicmoi00,1241,Abordable,2026-03-05
3311,sky_little,1241,Abordable,2026-03-05
3312,naylie__,1241,Abordable,2026-03-05
3313,Leb_tm,1240,Abordable,2026-03-05
3314,Bipshape,1240,Abordable,2026-03-05
3315,jofromlapalasse,1240,Abordable,2026-03-05
3316,TournamentTokens,1240,Abordable,2026-03-05
3317,chashse,1240,Abordable,2026-03-05
3318,cgantier,1240,Abordable,2026-03-05
3319,GuyStark,1240,Abordable,2026-03-05
3320,DoggyMD,1239,Abordable,2026-03-05
3321,nemesys369,1239,Abordable,2026-03-05
3322,MegaiSaa,1239,Abordable,2026-03-05
3323,Dukkon,1239,Abordable,2026-03-05
3324,Thierry358,1239,Abordable,2026-03-05
3325,le_biblionaute,1239,Abordable,2026-03-05
3326,juklie_art,1239,Abordable,2026-03-05
3327,chlo__10,1239,Abordable,2026-03-05
3328,benji1606,1239,Abordable,2026-03-05
3329,el_manchot05,1239,Abordable,2026-03-05
3330,fyrageeeee,1239,Abordable,2026-03-05
3331,stervox_,1239,Abordable,2026-03-05
3332,ForixTM,1238,Abordable,2026-03-05
3333,maidnori,1238,Abordable,2026-03-05
3334,penroyal56,1238,Abordable,2026-03-05
3335,Adnets,1238,Abordable,2026-03-05
3336,Retsillo,1238,Abordable,2026-03-05
3337,sogozn,1238,Abordable,2026-03-05
3338,GT_Mano,1238,Abordable,2026-03-05
3339,kodamm21,1237,Abordable,2026-03-05
3340,Zangdai,1237,Abordable,2026-03-05
3341,poulparia,1237,Abordable,2026-03-05
3342,raphaelle_dgy,1236,Abordable,2026-03-05
3343,alois903,1236,Abordable,2026-03-05
3344,cecou_potterhead,1236,Abordable,2026-03-05
3345,Kiza_ru,1236,Abordable,2026-03-05
3346,RagnarLeBouff,1236,Abordable,2026-03-05
3347,LSel_grenade,1236,Abordable,2026-03-05
3348,gir_pir,1236,Abordable,2026-03-05
3349,aspi4777,1235,Abordable,2026-03-05
3350,selena22,1235,Abordable,2026-03-05
3351,paultub91,1235,Abordable,2026-03-05
3352,evan_gski,1235,Abordable,2026-03-05
3353,viveeto,1235,Abordable,2026-03-05
3354,alvarobonpinilla,1235,Abordable,2026-03-05
3355,joseyari7722,1235,Abordable,2026-03-05
3356,josianmajorel,1235,Abordable,2026-03-05
3357,momoscp35,1235,Abordable,2026-03-05
3358,simontagneeee,1235,Abordable,2026-03-05
3359,ZenysDrago,1235,Abordable,2026-03-05
3360,j_____213,1234,Abordable,2026-03-05
3361,Ellie_357,1234,Abordable,2026-03-05
3362,flo85280,1234,Abordable,2026-03-05
3363,Harkka,1233,Abordable,2026-03-05
3364,Hakure__,1233,Abordable,2026-03-05
3365,blago64300,1233,Abordable,2026-03-05
3366,damso_22,1233,Abordable,2026-03-05
3367,superlipopette_zazou,1233,Abordable,2026-03-05
3368,valou5555,1233,Abordable,2026-03-05
3369,zaizai_38,1233,Abordable,2026-03-05
3370,daffyduckamaru,1232,Abordable,2026-03-05
3371,kekeyakari7,1232,Abordable,2026-03-05
3372,moutig29200,1232,Abordable,2026-03-05
3373,mineur_2_gemmes,1232,Abordable,2026-03-05
3374,Kudsak,1232,Abordable,2026-03-05
3375,antoine_t_07,1232,Abordable,2026-03-05
3376,stiglitztz,1232,Abordable,2026-03-05
3377,thibo_32,1232,Abordable,2026-03-05
3378,mattgamerbg,1232,Abordable,2026-03-05
3379,hugo42170,1232,Abordable,2026-03-05
3380,dadaxx91,1232,Abordable,2026-03-05
3381,ha_bex,1231,Abordable,2026-03-05
3382,adrien06s,1231,Abordable,2026-03-05
3383,ninchat31,1231,Abordable,2026-03-05
3384,Hanma_SSB,1231,Abordable,2026-03-05
3385,lumaaa2308,1231,Abordable,2026-03-05
3386,wanon8,1231,Abordable,2026-03-05
3387,KuuZ_,1231,Abordable,2026-03-05
3388,massou_clt,1230,Abordable,2026-03-05
3389,fourmymy,1230,Abordable,2026-03-05
3390,sullyzok25,1230,Abordable,2026-03-05
3391,Riri_d,1230,Abordable,2026-03-05
3392,jijii236,1230,Abordable,2026-03-05
3393,mikadow02,1230,Abordable,2026-03-05
3394,nathan_brs57,1230,Abordable,2026-03-05
3395,KerevizEkmek,1230,Abordable,2026-03-05
3396,lilouisx,1230,Abordable,2026-03-05
3397,allas08,1230,Abordable,2026-03-05
3398,janneau5,1229,Abordable,2026-03-05
3399,LuuDny,1229,Abordable,2026-03-05
3400,louproch,1229,Abordable,2026-03-05
3401,babajem,1229,Abordable,2026-03-05
3402,aikkinox,1229,Abordable,2026-03-05
3403,otikiz,1229,Abordable,2026-03-05
3404,Affewan,1229,Abordable,2026-03-05
3405,Horrros,1229,Abordable,2026-03-05
3406,a_bernard22,1228,Abordable,2026-03-05
3407,lapoju,1228,Abordable,2026-03-05
3408,Xeno2797_,1228,Abordable,2026-03-05
3409,marion_fd,1228,Abordable,2026-03-05
3410,elisonsnous,1228,Abordable,2026-03-05
3411,donyzi,1228,Abordable,2026-03-05
3412,Guitouuu,1228,Abordable,2026-03-05
3413,harry_dean_stanton,1227,Abordable,2026-03-05
3414,kybss,1227,Abordable,2026-03-05
3415,Clarches,1227,Abordable,2026-03-05
3416,vapr0x,1227,Abordable,2026-03-05
3417,Yohonet,1227,Abordable,2026-03-05
3418,arsabe,1227,Abordable,2026-03-05
3419,sirius47th,1226,Abordable,2026-03-05
3420,YogiKasai,1226,Abordable,2026-03-05
3421,Wasabarque,1226,Abordable,2026-03-05
3422,robugaming57,1226,Abordable,2026-03-05
3423,26Clemence,1226,Abordable,2026-03-05
3424,Andianmaa,1226,Abordable,2026-03-05
3425,vacances1717,1226,Abordable,2026-03-05
3426,crazyteamtest,1226,Abordable,2026-03-05
3427,kaliro_fr,1226,Abordable,2026-03-05
3428,gohu38,1226,Abordable,2026-03-05
3429,armyos,1226,Abordable,2026-03-05
3430,its_ficuuusss,1225,Abordable,2026-03-05
3431,integeek,1225,Abordable,2026-03-05
3432,worldy29,1225,Abordable,2026-03-05
3433,Loucica,1225,Abordable,2026-03-05
3434,Clemerfed,1224,Abordable,2026-03-05
3435,noa_jenai,1224,Abordable,2026-03-05
3436,emmagd2175,1224,Abordable,2026-03-05
3437,tipix_9,1224,Abordable,2026-03-05
3438,kalistobalisto,1224,Abordable,2026-03-05
3439,AnatomoRun,1224,Abordable,2026-03-05
3440,Lodjigg,1224,Abordable,2026-03-05
3441,zeropour100,1224,Abordable,2026-03-05
3442,ThexBloopers,1224,Abordable,2026-03-05
3443,calaobicorne0,1224,Abordable,2026-03-05
3444,benj77680,1224,Abordable,2026-03-05
3445,natemery,1224,Abordable,2026-03-05
3446,ash___lre,1223,Abordable,2026-03-05
3447,atarxes,1223,Abordable,2026-03-05
3448,matsouk_,1223,Abordable,2026-03-05
3449,galicatu,1223,Abordable,2026-03-05
3450,vendeecoco,1223,Abordable,2026-03-05
3451,milord4444,1223,Abordable,2026-03-05
3452,NitroFirZen,1223,Abordable,2026-03-05
3453,Reydark59,1223,Abordable,2026-03-05
3454,maxlego08_,1223,Abordable,2026-03-05
3455,Shaauno,1222,Abordable,2026-03-05
3456,gone69480,1222,Abordable,2026-03-05
3457,Ah_Pierrot,1222,Abordable,2026-03-05
3458,margottt_d,1222,Abordable,2026-03-05
3459,el_iidiablo,1222,Abordable,2026-03-05
3460,Enliem,1222,Abordable,2026-03-05
3461,jmorypicture,1222,Abordable,2026-03-05
3462,theovtie,1222,Abordable,2026-03-05
3463,rougergt0,1222,Abordable,2026-03-05
3464,sun713705,1222,Abordable,2026-03-05
3465,sam03sam03,1222,Abordable,2026-03-05
3466,Parp1g,1222,Abordable,2026-03-05
3467,languedepoche,1221,Abordable,2026-03-05
3468,lyrdis,1221,Abordable,2026-03-05
3469,machalade,1221,Abordable,2026-03-05
3470,CivicDesk6754,1221,Abordable,2026-03-05
3471,bubbledraagon,1221,Abordable,2026-03-05
3472,flomiam29,1221,Abordable,2026-03-05
3473,elisa6796,1221,Abordable,2026-03-05
3474,wolfox__12,1221,Abordable,2026-03-05
3475,damis59,1221,Abordable,2026-03-05
3476,l_arba,1221,Abordable,2026-03-05
3477,beringeid,1221,Abordable,2026-03-05
3478,enzolaplante,1221,Abordable,2026-03-05
3479,ZackSabreTime,1221,Abordable,2026-03-05
3480,jv9034,1221,Abordable,2026-03-05
3481,romanitou_,1220,Abordable,2026-03-05
3482,AmySomething,1220,Abordable,2026-03-05
3483,clem44g,1220,Abordable,2026-03-05
3484,toinou_442,1220,Abordable,2026-03-05
3485,Narim0,1220,Abordable,2026-03-05
3486,mathieudfr13,1220,Abordable,2026-03-05
3487,petitpotdetabasco_,1220,Abordable,2026-03-05
3488,SulfuryDBX,1220,Abordable,2026-03-05
3489,airvai,1220,Abordable,2026-03-05
3490,Beyanor,1219,Abordable,2026-03-05
3491,K13b3r,1219,Abordable,2026-03-05
3492,faabouche,1218,Abordable,2026-03-05
3493,lhuluberluu,1218,Abordable,2026-03-05
3494,matteoctlx,1218,Abordable,2026-03-05
3495,whitefox1806,1218,Abordable,2026-03-05
3496,theraven2806,1218,Abordable,2026-03-05
3497,chiara_srn,1218,Abordable,2026-03-05
3498,hearthstonecestpositif,1218,Abordable,2026-03-05
3499,nounours3d,1218,Abordable,2026-03-05
3500,los_julianos,1218,Abordable,2026-03-05
3501,o_p0000,1218,Abordable,2026-03-05
3502,MaroixCompagnie,1218,Abordable,2026-03-05
3503,yannloub06,1217,Abordable,2026-03-05
3504,Pheololz,1217,Abordable,2026-03-05
3505,fouduvillage,1217,Abordable,2026-03-05
3506,Tha_inator,1217,Abordable,2026-03-05
3507,lekerx24,1217,Abordable,2026-03-05
3508,njt_spart,1217,Abordable,2026-03-05
3509,Freezix___,1217,Abordable,2026-03-05
3510,Basteop,1217,Abordable,2026-03-05
3511,Belkahiaa,1217,Abordable,2026-03-05
3512,TryfTryf,1216,Abordable,2026-03-05
3513,blueberryzzzzzzz,1216,Abordable,2026-03-05
3514,Petouille,1216,Abordable,2026-03-05
3515,Le_42e_O,1216,Abordable,2026-03-05
3516,Bepo____,1216,Abordable,2026-03-05
3517,petit_tiplouf,1216,Abordable,2026-03-05
3518,jmdanslaplace,1216,Abordable,2026-03-05
3519,teilmon,1216,Abordable,2026-03-05
3520,antoine525252,1216,Abordable,2026-03-05
3521,MrFanPDF,1216,Abordable,2026-03-05
3522,lounapsch,1216,Abordable,2026-03-05
3523,Le_Plata,1216,Abordable,2026-03-05
3524,thecrazyman594,1215,Abordable,2026-03-05
3525,Rozen_wynn,1215,Abordable,2026-03-05
3526,Darkoookie,1215,Abordable,2026-03-05
3527,laurapvl_,1215,Abordable,2026-03-05
3528,JunKiyohata,1215,Abordable,2026-03-05
3529,the_wave222,1215,Abordable,2026-03-05
3530,0xdlo,1215,Abordable,2026-03-05
3531,rv31650,1215,Abordable,2026-03-05
3532,gaugau380,1215,Abordable,2026-03-05
3533,viviboni,1215,Abordable,2026-03-05
3534,Doway,1215,Abordable,2026-03-05
3535,myzno42,1214,Abordable,2026-03-05
3536,toine723,1214,Abordable,2026-03-05
3537,guillef77,1214,Abordable,2026-03-05
3538,choc0tube,1214,Abordable,2026-03-05
3539,Coquerette,1214,Abordable,2026-03-05
3540,gob1lad_,1214,Abordable,2026-03-05
3541,RGX_ArioX,1214,Abordable,2026-03-05
3542,YT_Shirotv,1213,Abordable,2026-03-05
3543,bobbbyz,1213,Abordable,2026-03-05
3544,Chromasensei,1213,Abordable,2026-03-05
3545,agunndass,1213,Abordable,2026-03-05
3546,t_es_hautt,1213,Abordable,2026-03-05
3547,ls_juanito,1213,Abordable,2026-03-05
3548,loris_hlt,1212,Abordable,2026-03-05
3549,molabikhov,1212,Abordable,2026-03-05
3550,sherpearce,1212,Abordable,2026-03-05
3551,Supermousin,1212,Abordable,2026-03-05
3552,Kezelem_TL,1212,Abordable,2026-03-05
3553,rev__an,1212,Abordable,2026-03-05
3554,wilougraou,1212,Abordable,2026-03-05
3555,royalcookie_,1211,Abordable,2026-03-05
3556,tibodoh,1211,Abordable,2026-03-05
3557,XmasFather,1211,Abordable,2026-03-05
3558,Sirobu_,1211,Abordable,2026-03-05
3559,LeXavDLF,1211,Abordable,2026-03-05
3560,fran_ssbu,1211,Abordable,2026-03-05
3561,REsdeh,1211,Abordable,2026-03-05
3562,alexl58,1211,Abordable,2026-03-05
3563,Dintitan_G,1211,Abordable,2026-03-05
3564,Thephoenix15,1211,Abordable,2026-03-05
3565,shoopi745,1210,Abordable,2026-03-05
3566,El_Concombre,1210,Abordable,2026-03-05
3567,pouletath,1210,Abordable,2026-03-05
3568,MxDDD,1210,Abordable,2026-03-05
3569,Timeuuh,1210,Abordable,2026-03-05
3570,DouceLindoriel,1210,Abordable,2026-03-05
3571,Lucitare,1209,Abordable,2026-03-05
3572,blubryn,1209,Abordable,2026-03-05
3573,Wayky,1209,Abordable,2026-03-05
3574,chia_picu,1209,Abordable,2026-03-05
3575,templitude,1209,Abordable,2026-03-05
3576,BetterCallSaum,1209,Abordable,2026-03-05
3577,padalux,1209,Abordable,2026-03-05
3578,niwiarz,1209,Abordable,2026-03-05
3579,petitcactus_,1208,Abordable,2026-03-05
3580,em_littledreamer,1208,Abordable,2026-03-05
3581,Lily_ace,1208,Abordable,2026-03-05
3582,elpiteleto,1208,Abordable,2026-03-05
3583,baba_au_rhum17,1208,Abordable,2026-03-05
3584,bouyougoudou,1208,Abordable,2026-03-05
3585,thisma78_1,1208,Abordable,2026-03-05
3586,wosper17,1208,Abordable,2026-03-05
3587,hellboy24,1207,Abordable,2026-03-05
3588,sergio63ander,1207,Abordable,2026-03-05
3589,vilef78,1207,Abordable,2026-03-05
3590,lejaajman,1207,Abordable,2026-03-05
3591,flova55,1207,Abordable,2026-03-05
3592,broooookkkkkk,1207,Abordable,2026-03-05
3593,BluePonk31,1207,Abordable,2026-03-05
3594,dr_andral,1207,Abordable,2026-03-05
3595,By_Skydrum,1207,Abordable,2026-03-05
3596,gadji_tarp1n_edgy,1207,Abordable,2026-03-05
3597,Bilain_,1206,Abordable,2026-03-05
3598,marionvgv,1206,Abordable,2026-03-05
3599,Helpy_,1206,Abordable,2026-03-05
3600,clemlo23,1206,Abordable,2026-03-05
3601,mata1dor,1206,Abordable,2026-03-05
3602,maquiloutre,1206,Abordable,2026-03-05
3603,evapore5,1206,Abordable,2026-03-05
3604,lemonkilter,1206,Abordable,2026-03-05
3605,Adamas_____,1206,Abordable,2026-03-05
3606,speedygonzalix,1206,Abordable,2026-03-05
3607,tinoubliable,1206,Abordable,2026-03-05
3608,nipsybs,1206,Abordable,2026-03-05
3609,beloncy,1205,Abordable,2026-03-05
3610,z4ch202,1205,Abordable,2026-03-05
3611,loum0s,1205,Abordable,2026-03-05
3612,fusilcorbeau32,1205,Abordable,2026-03-05
3613,baptouzzz,1205,Abordable,2026-03-05
3614,monkeyddamss,1205,Abordable,2026-03-05
3615,FrancoisBdeCharles,1205,Abordable,2026-03-05
3616,Hoz02,1205,Abordable,2026-03-05
3617,takkii_nna,1205,Abordable,2026-03-05
3618,stam1211,1205,Abordable,2026-03-05
3619,lepetitlouloudanslaforet,1205,Abordable,2026-03-05
3620,Yotinshull,1205,Abordable,2026-03-05
3621,salome_cvr,1205,Abordable,2026-03-05
3622,Thepolo2409,1205,Abordable,2026-03-05
3623,Troycorser,1204,Abordable,2026-03-05
3624,Meaumaux,1204,Abordable,2026-03-05
3625,Eindall,1204,Abordable,2026-03-05
3626,CrunchEastwooD,1204,Abordable,2026-03-05
3627,MonsieurJo_,1204,Abordable,2026-03-05
3628,jemsta_lynn_,1204,Abordable,2026-03-05
3629,clepcidre,1204,Abordable,2026-03-05
3630,waldersaab,1204,Abordable,2026-03-05
3631,akawa_sensei,1203,Abordable,2026-03-05
3632,kaffalow,1203,Abordable,2026-03-05
3633,eyklaa,1203,Abordable,2026-03-05
3634,matooooooooooo0,1203,Abordable,2026-03-05
3635,BadBeatTheory,1203,Abordable,2026-03-05
3636,mlle_cha,1203,Abordable,2026-03-05
3637,legaut18,1203,Abordable,2026-03-05
3638,Aleowyne,1203,Abordable,2026-03-05
3639,hiyoko_and_kitties,1203,Abordable,2026-03-05
3640,Erzonne,1202,Abordable,2026-03-05
3641,FrencheQuiche,1202,Abordable,2026-03-05
3642,tak_tak91,1202,Abordable,2026-03-05
3643,Alexandre44321,1202,Abordable,2026-03-05
3644,Yshuro13,1202,Abordable,2026-03-05
3645,Jl_maxou,1202,Abordable,2026-03-05
3646,CsuzdiG,1202,Abordable,2026-03-05
3647,knoecayak,1202,Abordable,2026-03-05
3648,emrenerezh,1201,Abordable,2026-03-05
3649,rexthehog,1201,Abordable,2026-03-05
3650,black_wh_01,1201,Abordable,2026-03-05
3651,banaane06,1201,Abordable,2026-03-05
3652,edera22,1201,Abordable,2026-03-05
3653,pac_val,1201,Abordable,2026-03-05
3654,geof7971,1201,Abordable,2026-03-05
3655,jose_bovee,1201,Abordable,2026-03-05
3656,Boubouze25,1201,Abordable,2026-03-05
3657,atomikzzfr,1201,Abordable,2026-03-05
3658,keyrran,1201,Abordable,2026-03-05
3659,nech_,1201,Abordable,2026-03-05
3660,QuEntiNn53,1201,Abordable,2026-03-05
3661,KeT_Brown,1200,Abordable,2026-03-05
3662,uraniumonster,1200,Abordable,2026-03-05
3663,liagar,1200,Abordable,2026-03-05
3664,corteip,1200,Abordable,2026-03-05
3665,lorilis,1200,Abordable,2026-03-05
3666,messi_210,1200,Abordable,2026-03-05
3667,cursed_username_,1200,Abordable,2026-03-05
3668,iceberg__1,1200,Abordable,2026-03-05
3669,biscuitsandwich06,1199,Abordable,2026-03-05
3670,windu003,1199,Abordable,2026-03-05
3671,celia1408,1199,Abordable,2026-03-05
3672,buggsbun2856,1199,Abordable,2026-03-05
3673,yuumaas,1199,Abordable,2026-03-05
3674,Pititlink,1199,Abordable,2026-03-05
3675,oxymetalli,1199,Abordable,2026-03-05
3676,yann_m15,1199,Abordable,2026-03-05
3677,lukasdurok,1199,Abordable,2026-03-05
3678,Veklord,1198,Abordable,2026-03-05
3679,JordanVdl,1198,Abordable,2026-03-05
3680,amelioooooooooo,1198,Abordable,2026-03-05
3681,anthobisso,1198,Abordable,2026-03-05
3682,silia4,1198,Abordable,2026-03-05
3683,neron_vao,1198,Abordable,2026-03-05
3684,ju__p,1198,Abordable,2026-03-05
3685,Brigadoon8,1198,Abordable,2026-03-05
3686,doyono62,1197,Abordable,2026-03-05
3687,ek0hlb,1197,Abordable,2026-03-05
3688,Decaaaaaaaaaaa,1197,Abordable,2026-03-05
3689,Serviiiietsky,1197,Abordable,2026-03-05
3690,Omega_Abyss97,1197,Abordable,2026-03-05
3691,bribrii03,1197,Abordable,2026-03-05
3692,saggitose,1197,Abordable,2026-03-05
3693,cbonneau,1197,Abordable,2026-03-05
3694,blowie_18,1197,Abordable,2026-03-05
3695,jujy57,1197,Abordable,2026-03-05
3696,JLELUCKY,1197,Abordable,2026-03-05
3697,lisongdd,1197,Abordable,2026-03-05
3698,Allenavir,1197,Abordable,2026-03-05
3699,Perrinegn,1196,Abordable,2026-03-05
3700,aline8555,1196,Abordable,2026-03-05
3701,Dorky42,1196,Abordable,2026-03-05
3702,amndnb,1196,Abordable,2026-03-05
3703,depeiche_moie,1196,Abordable,2026-03-05
3704,camillermnd,1196,Abordable,2026-03-05
3705,claragrbx,1196,Abordable,2026-03-05
3706,valeberge,1196,Abordable,2026-03-05
3707,boulkiclak,1196,Abordable,2026-03-05
3708,gytex,1196,Abordable,2026-03-05
3709,eduaaru,1196,Abordable,2026-03-05
3710,ProvencallLeGaulois,1196,Abordable,2026-03-05
3711,m_a_r_i_o_n_n_e_t_t_e,1195,Abordable,2026-03-05
3712,Baotelo,1195,Abordable,2026-03-05
3713,vatickinq,1195,Abordable,2026-03-05
3714,St0l3n,1195,Abordable,2026-03-05
3715,moijoras,1195,Abordable,2026-03-05
3716,Sunabozu_SK8,1195,Abordable,2026-03-05
3717,C3PetDansLEau,1195,Abordable,2026-03-05
3718,kc_tuturlavoiture,1195,Abordable,2026-03-05
3719,theworldstoler,1195,Abordable,2026-03-05
3720,Zeltharyon,1195,Abordable,2026-03-05
3721,luzdn15,1194,Abordable,2026-03-05
3722,Dharnek_,1194,Abordable,2026-03-05
3723,shagasse_africa,1194,Abordable,2026-03-05
3724,Mororah,1194,Abordable,2026-03-05
3725,crazyjost,1194,Abordable,2026-03-05
3726,suomidamy,1194,Abordable,2026-03-05
3727,joshuadepedi,1194,Abordable,2026-03-05
3728,cost4r,1194,Abordable,2026-03-05
3729,monkey_d_dana24,1194,Abordable,2026-03-05
3730,Darkkryt,1194,Abordable,2026-03-05
3731,nagann__,1193,Abordable,2026-03-05
3732,milan_05hb,1193,Abordable,2026-03-05
3733,Tibogecko59,1193,Abordable,2026-03-05
3734,jeleditoujeleditpas,1193,Abordable,2026-03-05
3735,gegeiss,1193,Abordable,2026-03-05
3736,nataachaaa,1193,Abordable,2026-03-05
3737,gabseg2,1193,Abordable,2026-03-05
3738,Coba6,1192,Abordable,2026-03-05
3739,jeromix4,1192,Abordable,2026-03-05
3740,RiquittaSanchez,1192,Abordable,2026-03-05
3741,coluchito,1192,Abordable,2026-03-05
3742,alexandre_1707,1192,Abordable,2026-03-05
3743,Crouton_Mou,1192,Abordable,2026-03-05
3744,nich4uve,1192,Abordable,2026-03-05
3745,TheOfficialLilas,1192,Abordable,2026-03-05
3746,lex123lex23,1192,Abordable,2026-03-05
3747,toufyc,1192,Abordable,2026-03-05
3748,willouleskieurfou,1192,Abordable,2026-03-05
3749,Lioad,1192,Abordable,2026-03-05
3750,nimzojuju84,1192,Abordable,2026-03-05
3751,titiver,1192,Abordable,2026-03-05
3752,Senshi62,1192,Abordable,2026-03-05
3753,flor3nt7,1191,Abordable,2026-03-05
3754,Maxbda74,1191,Abordable,2026-03-05
3755,chichkapon,1191,Abordable,2026-03-05
3756,touille84,1191,Abordable,2026-03-05
3757,helios_ssss,1191,Abordable,2026-03-05
3758,majoritymoon26,1191,Abordable,2026-03-05
3759,Sw4pyG4m3s,1191,Abordable,2026-03-05
3760,Meryth,1190,Abordable,2026-03-05
3761,ffflowpi,1190,Abordable,2026-03-05
3762,zexal107,1190,Abordable,2026-03-05
3763,w4ld00,1190,Abordable,2026-03-05
3764,ultito123,1190,Abordable,2026-03-05
3765,alexpain007,1189,Abordable,2026-03-05
3766,GanggofJah,1189,Abordable,2026-03-05
3767,SlyErwan,1189,Abordable,2026-03-05
3768,python_5926,1189,Abordable,2026-03-05
3769,cesyl,1189,Abordable,2026-03-05
3770,BeBeerMaster,1189,Abordable,2026-03-05
3771,sinjusinge,1189,Abordable,2026-03-05
3772,fabloup,1189,Abordable,2026-03-05
3773,Haryle_,1188,Abordable,2026-03-05
3774,banane_a_l_huile,1188,Abordable,2026-03-05
3775,mariericard,1188,Abordable,2026-03-05
3776,darkwar1er,1188,Abordable,2026-03-05
3777,maikeskifou,1188,Abordable,2026-03-05
3778,allez_ol69,1188,Abordable,2026-03-05
3779,Kenshima,1188,Abordable,2026-03-05
3780,ewan1408fvr,1188,Abordable,2026-03-05
3781,Chloeefff,1188,Abordable,2026-03-05
3782,shadowbrezhy,1188,Abordable,2026-03-05
3783,The_Storme035,1188,Abordable,2026-03-05
3784,noeriarame,1188,Abordable,2026-03-05
3785,Nxlqn,1188,Abordable,2026-03-05
3786,TagadaPurple,1187,Abordable,2026-03-05
3787,WilfriedSaha,1187,Abordable,2026-03-05
3788,Dzerky7,1187,Abordable,2026-03-05
3789,jeilort,1187,Abordable,2026-03-05
3790,titoulacerise,1187,Abordable,2026-03-05
3791,Attroost,1187,Abordable,2026-03-05
3792,Rastosaurus,1187,Abordable,2026-03-05
3793,alexd60,1187,Abordable,2026-03-05
3794,Janken01,1187,Abordable,2026-03-05
3795,valivaloucmoi,1186,Abordable,2026-03-05
3796,deos5,1186,Abordable,2026-03-05
3797,nucleous_,1186,Abordable,2026-03-05
3798,nyxaura,1185,Abordable,2026-03-05
3799,TangDara,1185,Abordable,2026-03-05
3800,carlalagg,1185,Abordable,2026-03-05
3801,Colonel_M0utarde,1185,Abordable,2026-03-05
3802,yannick_72,1185,Abordable,2026-03-05
3803,ls_watrix,1185,Abordable,2026-03-05
3804,Biambo6,1185,Abordable,2026-03-05
3805,gignac27,1185,Abordable,2026-03-05
3806,allanitoooo,1185,Abordable,2026-03-05
3807,uotab,1185,Abordable,2026-03-05
3808,acariens_depasse,1184,Abordable,2026-03-05
3809,azukesen,1184,Abordable,2026-03-05
3810,Cleaamazing,1184,Abordable,2026-03-05
3811,AlexandreL0L,1184,Abordable,2026-03-05
3812,filia_00_,1184,Abordable,2026-03-05
3813,eiden94,1184,Abordable,2026-03-05
3814,youssefcultg,1184,Abordable,2026-03-05
3815,Serdaveg,1183,Abordable,2026-03-05
3816,Lytwarmox,1183,Abordable,2026-03-05
3817,sophiejsl,1183,Abordable,2026-03-05
3818,Obaille,1183,Abordable,2026-03-05
3819,tuturforever,1183,Abordable,2026-03-05
3820,popiohh,1183,Abordable,2026-03-05
3821,noiram3312,1183,Abordable,2026-03-05
3822,laclem_,1183,Abordable,2026-03-05
3823,marc_gchd,1183,Abordable,2026-03-05
3824,qwicko_,1183,Abordable,2026-03-05
3825,AlxBes1,1183,Abordable,2026-03-05
3826,titich49,1183,Abordable,2026-03-05
3827,neantdistorduu,1182,Abordable,2026-03-05
3828,heyleaudit,1182,Abordable,2026-03-05
3829,Florelsan,1182,Abordable,2026-03-05
3830,ewenbb,1182,Abordable,2026-03-05
3831,ilau30,1182,Abordable,2026-03-05
3832,potatorider_s,1181,Abordable,2026-03-05
3833,0jram,1181,Abordable,2026-03-05
3834,Lucy0le_,1181,Abordable,2026-03-05
3835,lulurpz2740,1181,Abordable,2026-03-05
3836,knox59125,1181,Abordable,2026-03-05
3837,hugo840,1181,Abordable,2026-03-05
3838,thelmacharlie,1180,Abordable,2026-03-05
3839,bacteries_metalorgie,1180,Abordable,2026-03-05
3840,KaiserJb,1180,Abordable,2026-03-05
3841,Minipix_,1180,Abordable,2026-03-05
3842,warblaik566,1180,Abordable,2026-03-05
3843,findarsim,1179,Abordable,2026-03-05
3844,Flodef404,1179,Abordable,2026-03-05
3845,luiop34,1179,Abordable,2026-03-05
3846,arnaud_ft3,1179,Abordable,2026-03-05
3847,breakdown_killer3,1179,Abordable,2026-03-05
3848,nave77,1179,Abordable,2026-03-05
3849,nommathis,1179,Abordable,2026-03-05
3850,wonowono,1179,Abordable,2026-03-05
3851,Shocked_Tmrg33,1179,Abordable,2026-03-05
3852,Izkira_M,1179,Abordable,2026-03-05
3853,milobonnet,1179,Abordable,2026-03-05
3854,itsineshihi,1179,Abordable,2026-03-05
3855,sergio_gamos,1179,Abordable,2026-03-05
3856,Altruyz21,1179,Abordable,2026-03-05
3857,chpupi,1179,Abordable,2026-03-05
3858,Lord_Rank,1178,Abordable,2026-03-05
3859,loukuffner,1178,Abordable,2026-03-05
3860,ARTHGAM457,1178,Abordable,2026-03-05
3861,excalibur2924,1178,Abordable,2026-03-05
3862,trynoos,1178,Abordable,2026-03-05
3863,emma_1724,1178,Abordable,2026-03-05
3864,jade_100606,1178,Abordable,2026-03-05
3865,AmineLDZ,1178,Abordable,2026-03-05
3866,TocheCS,1178,Abordable,2026-03-05
3867,nobodylikeit,1177,Abordable,2026-03-05
3868,perry_ice,1177,Abordable,2026-03-05
3869,khoral,1177,Abordable,2026-03-05
3870,beeemote,1177,Abordable,2026-03-05
3871,clarissemw,1177,Abordable,2026-03-05
3872,estebanesteban98,1177,Abordable,2026-03-05
3873,dest6n6,1176,Abordable,2026-03-05
3874,CapucheGianni,1176,Abordable,2026-03-05
3875,ccrom08,1176,Abordable,2026-03-05
3876,goubzerr,1176,Abordable,2026-03-05
3877,ttbox21,1176,Abordable,2026-03-05
3878,jaden37_,1176,Abordable,2026-03-05
3879,Pouchka13,1176,Abordable,2026-03-05
3880,jeannezub,1176,Abordable,2026-03-05
3881,katchaw01,1176,Abordable,2026-03-05
3882,Carbonito75,1176,Abordable,2026-03-05
3883,bartimeus26,1175,Abordable,2026-03-05
3884,olivierpapaye,1175,Abordable,2026-03-05
3885,kevin1664,1175,Abordable,2026-03-05
3886,Maeridiann,1175,Abordable,2026-03-05
3887,tellure52,1175,Abordable,2026-03-05
3888,SuperCookie37,1175,Abordable,2026-03-05
3889,la_teix,1175,Abordable,2026-03-05
3890,romaneaah,1175,Abordable,2026-03-05
3891,jefloow,1175,Abordable,2026-03-05
3892,Je_me_mouche,1175,Abordable,2026-03-05
3893,Pax_VLR,1174,Abordable,2026-03-05
3894,nyx7502,1174,Abordable,2026-03-05
3895,LOxy_phone,1174,Abordable,2026-03-05
3896,eglrn,1174,Abordable,2026-03-05
3897,maztrak56,1174,Abordable,2026-03-05
3898,romero7u,1174,Abordable,2026-03-05
3899,loloperdro,1174,Abordable,2026-03-05
3900,gauhier4,1174,Abordable,2026-03-05
3901,no_lan_deng,1174,Abordable,2026-03-05
3902,Candyce,1173,Abordable,2026-03-05
3903,ZeneliTV,1173,Abordable,2026-03-05
3904,mulef78,1173,Abordable,2026-03-05
3905,JackDoe25,1173,Abordable,2026-03-05
3906,joshdup971,1173,Abordable,2026-03-05
3907,Hiindy,1173,Abordable,2026-03-05
3908,eusstass_kid10,1173,Abordable,2026-03-05
3909,MKZ_de_twitch,1173,Abordable,2026-03-05
3910,solli_dg,1173,Abordable,2026-03-05
3911,silver2994,1173,Abordable,2026-03-05
3912,Mikkoku_chan,1173,Abordable,2026-03-05
3913,AyFeeLinG,1172,Abordable,2026-03-05
3914,ambraser,1172,Abordable,2026-03-05
3915,PurpleLiiz,1172,Abordable,2026-03-05
3916,the_garmer_995,1172,Abordable,2026-03-05
3917,lrouzeval,1172,Abordable,2026-03-05
3918,zdtmasar,1172,Abordable,2026-03-05
3919,ttrixo,1172,Abordable,2026-03-05
3920,lucielebrn,1172,Abordable,2026-03-05
3921,roro130592,1172,Abordable,2026-03-05
3922,jadees_88,1172,Abordable,2026-03-05
3923,skyiscyan91,1172,Abordable,2026-03-05
3924,SuroZ,1172,Abordable,2026-03-05
3925,marine_bsqt19,1172,Abordable,2026-03-05
3926,ana76290,1172,Abordable,2026-03-05
3927,lalalai_de,1171,Abordable,2026-03-05
3928,hippo__games,1171,Abordable,2026-03-05
3929,yugzr,1171,Abordable,2026-03-05
3930,briac_b,1171,Abordable,2026-03-05
3931,Quentin_FTW,1171,Abordable,2026-03-05
3932,axelair79,1171,Abordable,2026-03-05
3933,zeddou7,1171,Abordable,2026-03-05
3934,emmaa_trg,1170,Abordable,2026-03-05
3935,john_cartouche,1170,Abordable,2026-03-05
3936,sglomy,1170,Abordable,2026-03-05
3937,steph_prtl,1170,Abordable,2026-03-05
3938,Wataroux,1170,Abordable,2026-03-05
3939,matthieum121,1170,Abordable,2026-03-05
3940,jeoparadize,1170,Abordable,2026-03-05
3941,gland_alf,1170,Abordable,2026-03-05
3942,poulet_braise_bbq,1170,Abordable,2026-03-05
3943,isaidol,1170,Abordable,2026-03-05
3944,raphaelll__0,1170,Abordable,2026-03-05
3945,j4rr0w,1169,Abordable,2026-03-05
3946,lucie_lsr,1169,Abordable,2026-03-05
3947,salutbob720,1169,Abordable,2026-03-05
3948,Nomepac29,1169,Abordable,2026-03-05
3949,Julie__mr,1169,Abordable,2026-03-05
3950,kiraletp,1168,Abordable,2026-03-05
3951,dineben,1168,Abordable,2026-03-05
3952,shivaskunky,1168,Abordable,2026-03-05
3953,IlLouMah,1168,Abordable,2026-03-05
3954,pourvoir61,1168,Abordable,2026-03-05
3955,snk_timarmay,1168,Abordable,2026-03-05
3956,MDCe,1168,Abordable,2026-03-05
3957,segotte70,1168,Abordable,2026-03-05
3958,CBliz,1168,Abordable,2026-03-05
3959,dana4448,1167,Abordable,2026-03-05
3960,Sabatou,1167,Abordable,2026-03-05
3961,boogawanga,1167,Abordable,2026-03-05
3962,popydou,1167,Abordable,2026-03-05
3963,Deklain_,1167,Abordable,2026-03-05
3964,ecureuilbleu,1167,Abordable,2026-03-05
3965,infer_not,1167,Abordable,2026-03-05
3966,CoorbX,1167,Abordable,2026-03-05
3967,przpyrrhula,1167,Abordable,2026-03-05
3968,neibof,1166,Abordable,2026-03-05
3969,skorenoxx,1166,Abordable,2026-03-05
3970,velewrl,1166,Abordable,2026-03-05
3971,sv_romain,1166,Abordable,2026-03-05
3972,shooteerr85,1166,Abordable,2026-03-05
3973,pespoet,1165,Abordable,2026-03-05
3974,denki2906,1165,Abordable,2026-03-05
3975,neocommedansmatrix,1165,Abordable,2026-03-05
3976,margaux_ltrd,1165,Abordable,2026-03-05
3977,mariesarahyls,1165,Abordable,2026-03-05
3978,sulfettte,1165,Abordable,2026-03-05
3979,LeRoms19,1165,Abordable,2026-03-05
3980,chaaaaaa___,1164,Abordable,2026-03-05
3981,kibbus,1164,Abordable,2026-03-05
3982,bernie41000,1164,Abordable,2026-03-05
3983,evinrough,1164,Abordable,2026-03-05
3984,OnEnAggros_,1164,Abordable,2026-03-05
3985,escomparr,1164,Abordable,2026-03-05
3986,deerator,1164,Abordable,2026-03-05
3987,lomsa16,1164,Abordable,2026-03-05
3988,passionparpaing,1164,Abordable,2026-03-05
3989,lynn_22_,1164,Abordable,2026-03-05
3990,nanor20p,1164,Abordable,2026-03-05
3991,totom2212,1164,Abordable,2026-03-05
3992,Myssa,1164,Abordable,2026-03-05
3993,mistermt10,1163,Abordable,2026-03-05
3994,Asyns,1163,Abordable,2026-03-05
3995,utalbot,1163,Abordable,2026-03-05
3996,devotchka74,1163,Abordable,2026-03-05
3997,Guilain_TV,1163,Abordable,2026-03-05
3998,pandette_shaky,1163,Abordable,2026-03-05
3999,didiermet,1163,Abordable,2026-03-05
4000,SpammeurDeFAB,1163,Abordable,2026-03-05
4001,rayython,1163,Abordable,2026-03-05
4002,BlueCham2000,1163,Abordable,2026-03-05
4003,catinr,1162,Abordable,2026-03-05
4004,D_Tomz,1162,Abordable,2026-03-05
4005,starboyyprime,1162,Abordable,2026-03-05
4006,testecole45,1162,Abordable,2026-03-05
4007,duduninitotor,1162,Abordable,2026-03-05
4008,mathewu9,1162,Abordable,2026-03-05
4009,myst_09_2025,1162,Abordable,2026-03-05
4010,Meiin__,1162,Abordable,2026-03-05
4011,isa_mks,1162,Abordable,2026-03-05
4012,5kronizer,1162,Abordable,2026-03-05
4013,baaarde,1161,Abordable,2026-03-05
4014,axouxx31,1161,Abordable,2026-03-05
4015,uncledrew_85,1161,Abordable,2026-03-05
4016,maxou_b_85,1161,Abordable,2026-03-05
4017,smartin59,1161,Abordable,2026-03-05
4018,highfive340,1161,Abordable,2026-03-05
4019,Astraroth16,1161,Abordable,2026-03-05
4020,shadgard_,1161,Abordable,2026-03-05
4021,cocom42,1161,Abordable,2026-03-05
4022,Khryd,1161,Abordable,2026-03-05
4023,ajk3em,1161,Abordable,2026-03-05
4024,lehiatus,1160,Abordable,2026-03-05
4025,pouill4x,1160,Abordable,2026-03-05
4026,imaginejuste,1160,Abordable,2026-03-05
4027,clementlapieuvre,1160,Abordable,2026-03-05
4028,jean_marie___,1160,Abordable,2026-03-05
4029,marakebben,1160,Abordable,2026-03-05
4030,Niels_Elit,1160,Abordable,2026-03-05
4031,shiro3038,1160,Abordable,2026-03-05
4032,julienlussat,1160,Abordable,2026-03-05
4033,Rorotte_,1160,Abordable,2026-03-05
4034,el_jaguar8,1160,Abordable,2026-03-05
4035,moonyjuly,1159,Abordable,2026-03-05
4036,gryng74,1159,Abordable,2026-03-05
4037,valenting9378,1159,Abordable,2026-03-05
4038,eclairdelune27,1159,Abordable,2026-03-05
4039,prissunny,1159,Abordable,2026-03-05
4040,molarno,1159,Abordable,2026-03-05
4041,alexwatch_esport,1159,Abordable,2026-03-05
4042,aughall22,1159,Abordable,2026-03-05
4043,jaysjuc,1159,Abordable,2026-03-05
4044,celaulaucurine,1159,Abordable,2026-03-05
4045,x_Keilo,1159,Abordable,2026-03-05
4046,zeasonb,1158,Abordable,2026-03-05
4047,lefarfadet302906,1158,Abordable,2026-03-05
4048,Waylannon,1158,Abordable,2026-03-05
4049,marleduc,1158,Abordable,2026-03-05
4050,Lde46,1158,Abordable,2026-03-05
4051,roidada5,1158,Abordable,2026-03-05
4052,tryeh_,1158,Abordable,2026-03-05
4053,Garizii8,1158,Abordable,2026-03-05
4054,amarok_jm,1157,Abordable,2026-03-05
4055,dbrain770,1157,Abordable,2026-03-05
4056,Mcdarling,1157,Abordable,2026-03-05
4057,cinegamer1,1157,Abordable,2026-03-05
4058,jesuislanui,1156,Abordable,2026-03-05
4059,rollo2k17,1156,Abordable,2026-03-05
4060,max5960,1156,Abordable,2026-03-05
4061,MrHeltos,1156,Abordable,2026-03-05
4062,wyrm_is_op_bro,1156,Abordable,2026-03-05
4063,reavstone19,1156,Abordable,2026-03-05
4064,lalolecoco,1156,Abordable,2026-03-05
4065,orion_nebul,1156,Abordable,2026-03-05
4066,jeremy594401,1156,Abordable,2026-03-05
4067,darti032,1155,Abordable,2026-03-05
4068,nussss14,1155,Abordable,2026-03-05
4069,lafeuille1830,1155,Abordable,2026-03-05
4070,bletzpack,1155,Abordable,2026-03-05
4071,poppypops1,1155,Abordable,2026-03-05
4072,JadixaTV,1155,Abordable,2026-03-05
4073,branks234,1155,Abordable,2026-03-05
4074,mirt9000,1155,Abordable,2026-03-05
4075,tethys_96,1154,Abordable,2026-03-05
4076,reminyan78,1154,Abordable,2026-03-05
4077,inuotiz18,1153,Abordable,2026-03-05
4078,tofi38,1153,Abordable,2026-03-05
4079,nino_vt_,1153,Abordable,2026-03-05
4080,Hattir,1153,Abordable,2026-03-05
4081,SharuunTV,1153,Abordable,2026-03-05
4082,TheRizzenTV,1153,Abordable,2026-03-05
4083,Kalfl0,1153,Abordable,2026-03-05
4084,titilebest2,1152,Abordable,2026-03-05
4085,siz_zzz,1152,Abordable,2026-03-05
4086,katelbtv,1152,Abordable,2026-03-05
4087,Midowo,1152,Abordable,2026-03-05
4088,haricot_vert_,1152,Abordable,2026-03-05
4089,gagadux,1151,Abordable,2026-03-05
4090,drderrien,1151,Abordable,2026-03-05
4091,physiowazaby,1151,Abordable,2026-03-05
4092,dorian_p_,1151,Abordable,2026-03-05
4093,Schnappy__,1151,Abordable,2026-03-05
4094,reaubin5,1151,Abordable,2026-03-05
4095,tuthur72,1151,Abordable,2026-03-05
4096,mayyy_outcast,1151,Abordable,2026-03-05
4097,Pyxisa_,1151,Abordable,2026-03-05
4098,alphaliink,1150,Abordable,2026-03-05
4099,Feralasse,1150,Abordable,2026-03-05
4100,Swepsologie,1150,Abordable,2026-03-05
4101,cathym66,1150,Abordable,2026-03-05
4102,mxth_ou,1150,Abordable,2026-03-05
4103,MatForceur,1150,Abordable,2026-03-05
4104,nelgintam,1149,Abordable,2026-03-05
4105,doud1901,1149,Abordable,2026-03-05
4106,marcolino13000,1149,Abordable,2026-03-05
4107,FXzoroarc,1149,Abordable,2026-03-05
4108,arthurhinnekens,1149,Abordable,2026-03-05
4109,aymericdep,1149,Abordable,2026-03-05
4110,HalfGun_,1149,Abordable,2026-03-05
4111,valkertoka,1149,Abordable,2026-03-05
4112,deathtroyer77,1149,Abordable,2026-03-05
4113,nathbgnn,1149,Abordable,2026-03-05
4114,pierrotproscuito,1149,Abordable,2026-03-05
4115,maxenzz,1149,Abordable,2026-03-05
4116,miiiiilllls,1148,Abordable,2026-03-05
4117,wartrapp__,1148,Abordable,2026-03-05
4118,yougeu,1148,Abordable,2026-03-05
4119,River_BR,1148,Abordable,2026-03-05
4120,delbosque35,1148,Abordable,2026-03-05
4121,banxne87,1147,Abordable,2026-03-05
4122,aAlphie,1147,Abordable,2026-03-05
4123,yohantrouvin2,1147,Abordable,2026-03-05
4124,LordMarcel69,1147,Abordable,2026-03-05
4125,Foxdural,1147,Abordable,2026-03-05
4126,matsushi347,1146,Abordable,2026-03-05
4127,v2ajnbl9,1146,Abordable,2026-03-05
4128,Lexfik,1146,Abordable,2026-03-05
4129,mathildegregoire,1146,Abordable,2026-03-05
4130,hugo_prs73,1146,Abordable,2026-03-05
4131,f4lco_10,1146,Abordable,2026-03-05
4132,TayKo007,1146,Abordable,2026-03-05
4133,nemesis_0503,1146,Abordable,2026-03-05
4134,alex_pingg,1145,Abordable,2026-03-05
4135,aleos_21,1145,Abordable,2026-03-05
4136,margotgirard976,1145,Abordable,2026-03-05
4137,fanlugia1,1145,Abordable,2026-03-05
4138,pheger,1145,Abordable,2026-03-05
4139,seeliyaah,1145,Abordable,2026-03-05
4140,PoLLux5,1145,Abordable,2026-03-05
4141,rk11zer,1145,Abordable,2026-03-05
4142,tthod,1144,Abordable,2026-03-05
4143,nathan_bocal,1144,Abordable,2026-03-05
4144,vectapaul078,1144,Abordable,2026-03-05
4145,P0zeYdon,1144,Abordable,2026-03-05
4146,MaNia_1021,1144,Abordable,2026-03-05
4147,Hasdrul,1144,Abordable,2026-03-05
4148,gutenbergan,1144,Abordable,2026-03-05
4149,dranelyh,1143,Abordable,2026-03-05
4150,clmchrt,1143,Abordable,2026-03-05
4151,sylaly,1143,Abordable,2026-03-05
4152,Lologarou,1143,Abordable,2026-03-05
4153,6m67,1143,Abordable,2026-03-05
4154,clarizounette,1142,Abordable,2026-03-05
4155,lookn64,1142,Abordable,2026-03-05
4156,prunorigolo,1142,Abordable,2026-03-05
4157,pepitos002,1142,Abordable,2026-03-05
4158,YannCaillou,1142,Abordable,2026-03-05
4159,elisoux3,1142,Abordable,2026-03-05
4160,lecop1,1142,Abordable,2026-03-05
4161,jubryant,1142,Abordable,2026-03-05
4162,zeqgterg,1142,Abordable,2026-03-05
4163,coco23671,1142,Abordable,2026-03-05
4164,lisa_las11,1142,Abordable,2026-03-05
4165,tigromaniaaa,1142,Abordable,2026-03-05
4166,ehjuan1,1142,Abordable,2026-03-05
4167,leoluffyfannnn,1142,Abordable,2026-03-05
4168,quentin_1993,1142,Abordable,2026-03-05
4169,venini92,1141,Abordable,2026-03-05
4170,Naatch__,1141,Abordable,2026-03-05
4171,CortoLaggaff,1141,Abordable,2026-03-05
4172,oliel64,1141,Abordable,2026-03-05
4173,kkev67,1141,Abordable,2026-03-05
4174,cailloce,1141,Abordable,2026-03-05
4175,aveyarkov,1141,Abordable,2026-03-05
4176,Granolan3,1141,Abordable,2026-03-05
4177,nolwenn0301,1141,Abordable,2026-03-05
4178,marliline,1141,Abordable,2026-03-05
4179,alafi__,1141,Abordable,2026-03-05
4180,adamaxledozzo,1140,Abordable,2026-03-05
4181,latabledessavoirs,1140,Abordable,2026-03-05
4182,erupto_,1140,Abordable,2026-03-05
4183,lymphocyte_b,1140,Abordable,2026-03-05
4184,rafaleguepard,1140,Abordable,2026-03-05
4185,Ramei_Taphore,1140,Abordable,2026-03-05
4186,alex_azerty,1140,Abordable,2026-03-05
4187,nythan14,1139,Abordable,2026-03-05
4188,Soliass,1139,Abordable,2026-03-05
4189,axelleg1605,1139,Abordable,2026-03-05
4190,HarisTheFrenchMonster,1139,Abordable,2026-03-05
4191,Pangolinooo_,1139,Abordable,2026-03-05
4192,lecholismo_,1139,Abordable,2026-03-05
4193,clementelmagnifico,1138,Abordable,2026-03-05
4194,flavi1___,1138,Abordable,2026-03-05
4195,archiduc_devineta,1138,Abordable,2026-03-05
4196,ST_Elouek,1138,Abordable,2026-03-05
4197,vanHinano,1138,Abordable,2026-03-05
4198,stazz07,1138,Abordable,2026-03-05
4199,Greatantoine,1138,Abordable,2026-03-05
4200,lucia5_7,1138,Abordable,2026-03-05
4201,ocb111,1137,Abordable,2026-03-05
4202,lana_mchd,1137,Abordable,2026-03-05
4203,zenox170,1137,Abordable,2026-03-05
4204,petochedu52,1137,Abordable,2026-03-05
4205,ssybele,1137,Abordable,2026-03-05
4206,ptithibou,1137,Abordable,2026-03-05
4207,kikos____,1137,Abordable,2026-03-05
4208,flanbyy,1136,Abordable,2026-03-05
4209,sagefemmerie,1136,Abordable,2026-03-05
4210,GilDev,1136,Abordable,2026-03-05
4211,Tipp_ex__,1136,Abordable,2026-03-05
4212,Machayu00,1136,Abordable,2026-03-05
4213,matuszak5,1136,Abordable,2026-03-05
4214,albertalbe72,1136,Abordable,2026-03-05
4215,rach_ats,1136,Abordable,2026-03-05
4216,leligmanitou,1135,Abordable,2026-03-05
4217,ivyix,1135,Abordable,2026-03-05
4218,smaug_san,1135,Abordable,2026-03-05
4219,zaynwtf_,1135,Abordable,2026-03-05
4220,maridex78,1135,Abordable,2026-03-05
4221,z0ryon,1135,Abordable,2026-03-05
4222,Spaaradrap,1135,Abordable,2026-03-05
4223,MMat_14,1135,Abordable,2026-03-05
4224,kyhosa,1135,Abordable,2026-03-05
4225,Kowalsky06,1134,Abordable,2026-03-05
4226,makzime_,1134,Abordable,2026-03-05
4227,badgones_umtiti,1134,Abordable,2026-03-05
4228,Jagauar,1134,Abordable,2026-03-05
4229,teooo12__,1134,Abordable,2026-03-05
4230,sabw68,1133,Abordable,2026-03-05
4231,leflowww_,1133,Abordable,2026-03-05
4232,rockfohr,1133,Abordable,2026-03-05
4233,matxalla,1133,Abordable,2026-03-05
4234,jeanvaldut,1133,Abordable,2026-03-05
4235,arlequiin21,1133,Abordable,2026-03-05
4236,annsofie1967,1133,Abordable,2026-03-05
4237,sar_yer,1133,Abordable,2026-03-05
4238,Alybeez,1133,Abordable,2026-03-05
4239,kot_db,1133,Abordable,2026-03-05
4240,Kyrns,1133,Abordable,2026-03-05
4241,PequenoMPG,1133,Abordable,2026-03-05
4242,Keraloon,1133,Abordable,2026-03-05
4243,clemrev85,1133,Abordable,2026-03-05
4244,ApollodorosMystikos,1132,Abordable,2026-03-05
4245,RavnIV,1132,Abordable,2026-03-05
4246,bate610,1132,Abordable,2026-03-05
4247,nomimi10,1132,Abordable,2026-03-05
4248,lechatdusoir,1132,Abordable,2026-03-05
4249,almelella,1132,Abordable,2026-03-05
4250,mrjors34,1132,Abordable,2026-03-05
4251,Freezyyyyy_,1132,Abordable,2026-03-05
4252,mimilafranss,1131,Abordable,2026-03-05
4253,THC_YolkOr,1131,Abordable,2026-03-05
4254,paowl24,1131,Abordable,2026-03-05
4255,novag3,1131,Abordable,2026-03-05
4256,LoannTrop,1131,Abordable,2026-03-05
4257,Mikak00,1131,Abordable,2026-03-05
4258,AlanGoud,1131,Abordable,2026-03-05
4259,emmarnaque,1130,Abordable,2026-03-05
4260,brouzoud,1130,Abordable,2026-03-05
4261,julietta_p94,1130,Abordable,2026-03-05
4262,arianeblack,1130,Abordable,2026-03-05
4263,nonoboul,1130,Abordable,2026-03-05
4264,billyboy290307,1130,Abordable,2026-03-05
4265,nico5br,1130,Abordable,2026-03-05
4266,sakurashirakawa44,1129,Abordable,2026-03-05
4267,didier3169,1129,Abordable,2026-03-05
4268,edito28,1129,Abordable,2026-03-05
4269,kayli69_8,1129,Abordable,2026-03-05
4270,Webelu,1129,Abordable,2026-03-05
4271,Winfare,1129,Abordable,2026-03-05
4272,cquinette,1129,Abordable,2026-03-05
4273,brask0_33,1129,Abordable,2026-03-05
4274,baptiste6959,1129,Abordable,2026-03-05
4275,mickey2302,1129,Abordable,2026-03-05
4276,Thakeax,1129,Abordable,2026-03-05
4277,babouchesakho,1129,Abordable,2026-03-05
4278,brie_de_meaux,1129,Abordable,2026-03-05
4279,pitch6472,1128,Abordable,2026-03-05
4280,Ber_________,1128,Abordable,2026-03-05
4281,Ber_________,1128,Abordable,2026-03-05
4282,emmacptn_,1128,Abordable,2026-03-05
4283,Brieum,1128,Abordable,2026-03-05
4284,starkiIIer_,1128,Abordable,2026-03-05
4285,henrifrommexico,1128,Abordable,2026-03-05
4286,lge_dorian,1128,Abordable,2026-03-05
4287,titouan_blc26,1128,Abordable,2026-03-05
4288,BlopBlop2012,1128,Abordable,2026-03-05
4289,zqralex555,1128,Abordable,2026-03-05
4290,doucirr,1127,Abordable,2026-03-05
4291,AmateraZer,1127,Abordable,2026-03-05
4292,Lheyst,1127,Abordable,2026-03-05
4293,ToniitruantT,1127,Abordable,2026-03-05
4294,eliott_bnl,1126,Abordable,2026-03-05
4295,amethystea,1126,Abordable,2026-03-05
4296,miminion,1126,Abordable,2026-03-05
4297,cha_pristi,1126,Abordable,2026-03-05
4298,laulaux_,1126,Abordable,2026-03-05
4299,rugbymen_2,1126,Abordable,2026-03-05
4300,gamagims22,1126,Abordable,2026-03-05
4301,Bapt08077,1126,Abordable,2026-03-05
4302,dz13_,1126,Abordable,2026-03-05
4303,maxoubabinx,1125,Abordable,2026-03-05
4304,Nnoctua,1125,Abordable,2026-03-05
4305,DiamondRT,1125,Abordable,2026-03-05
4306,peterkoston,1125,Abordable,2026-03-05
4307,morganeb14,1125,Abordable,2026-03-05
4308,SpaceCamembert,1125,Abordable,2026-03-05
4309,saperlipopetteeee,1125,Abordable,2026-03-05
4310,Ruyuik,1125,Abordable,2026-03-05
4311,mariebtrx,1125,Abordable,2026-03-05
4312,ugo_7,1125,Abordable,2026-03-05
4313,morgenrot_,1125,Abordable,2026-03-05
4314,Dante3enfer,1125,Abordable,2026-03-05
4315,elisapeug,1124,Abordable,2026-03-05
4316,pepitto84,1124,Abordable,2026-03-05
4317,sachiel66,1124,Abordable,2026-03-05
4318,ge0geoo,1124,Abordable,2026-03-05
4319,Dorb44,1124,Abordable,2026-03-05
4320,Elixos911,1124,Abordable,2026-03-05
4321,kiedx,1124,Abordable,2026-03-05
4322,gothisak,1124,Abordable,2026-03-05
4323,azertyuiopsik,1124,Abordable,2026-03-05
4324,hermes_0708,1124,Abordable,2026-03-05
4325,hattmilces,1124,Abordable,2026-03-05
4326,ccclaurie,1124,Abordable,2026-03-05
4327,trottinette60,1123,Abordable,2026-03-05
4328,loic_scndr,1123,Abordable,2026-03-05
4329,bdlzgall,1123,Abordable,2026-03-05
4330,gbberu,1123,Abordable,2026-03-05
4331,mica_noir,1123,Abordable,2026-03-05
4332,shakablumus,1123,Abordable,2026-03-05
4333,Asocialanonyme,1123,Abordable,2026-03-05
4334,candoudouz,1123,Abordable,2026-03-05
4335,Kafla__,1123,Abordable,2026-03-05
4336,Clem329,1123,Abordable,2026-03-05
4337,pete_herparker,1123,Abordable,2026-03-05
4338,bdubus,1123,Abordable,2026-03-05
4339,frnt85,1123,Abordable,2026-03-05
4340,Turbulete,1122,Abordable,2026-03-05
4341,Balem88,1122,Abordable,2026-03-05
4342,Bej3be,1122,Abordable,2026-03-05
4343,audelb,1122,Abordable,2026-03-05
4344,Baba_477,1122,Abordable,2026-03-05
4345,Gaga_san,1122,Abordable,2026-03-05
4346,coraliearg,1122,Abordable,2026-03-05
4347,fruitdusoleil,1121,Abordable,2026-03-05
4348,cdrix93,1121,Abordable,2026-03-05
4349,matthieuadam,1121,Abordable,2026-03-05
4350,koluyantrez,1121,Abordable,2026-03-05
4351,Thomatoh,1121,Abordable,2026-03-05
4352,kyinio,1121,Abordable,2026-03-05
4353,lucasinhoom,1121,Abordable,2026-03-05
4354,OrgeVenus,1121,Abordable,2026-03-05
4355,Lilymage,1121,Abordable,2026-03-05
4356,Clempok1026_,1121,Abordable,2026-03-05
4357,Hurryuu,1121,Abordable,2026-03-05
4358,tombasket4426,1121,Abordable,2026-03-05
4359,duezeo69,1120,Abordable,2026-03-05
4360,romoche_,1120,Abordable,2026-03-05
4361,lamalbab,1120,Abordable,2026-03-05
4362,vf34,1120,Abordable,2026-03-05
4363,elizorus,1120,Abordable,2026-03-05
4364,LaGrotteAGeeks,1120,Abordable,2026-03-05
4365,fab_oo,1120,Abordable,2026-03-05
4366,Lusuke42,1120,Abordable,2026-03-05
4367,happyti33,1120,Abordable,2026-03-05
4368,aymericpierre29,1119,Abordable,2026-03-05
4369,pascalbouc,1119,Abordable,2026-03-05
4370,nonamnitud,1119,Abordable,2026-03-05
4371,rob1bouchet,1119,Abordable,2026-03-05
4372,Baalker,1119,Abordable,2026-03-05
4373,lily_dnl,1119,Abordable,2026-03-05
4374,bonjourpierre,1119,Abordable,2026-03-05
4375,dadap94,1119,Abordable,2026-03-05
4376,stitax_,1119,Abordable,2026-03-05
4377,spokyfury19,1119,Abordable,2026-03-05
4378,SwardenWarking,1119,Abordable,2026-03-05
4379,longlivestan13,1118,Abordable,2026-03-05
4380,knockcyber,1118,Abordable,2026-03-05
4381,fellamilou,1118,Abordable,2026-03-05
4382,Ufeffe,1118,Abordable,2026-03-05
4383,nanachii93,1118,Abordable,2026-03-05
4384,bababucks,1118,Abordable,2026-03-05
4385,OrelChien,1118,Abordable,2026-03-05
4386,merkure_,1118,Abordable,2026-03-05
4387,Kwev,1118,Abordable,2026-03-05
4388,maummaauu,1118,Abordable,2026-03-05
4389,Melodron,1117,Abordable,2026-03-05
4390,MINISKYFALL,1117,Abordable,2026-03-05
4391,kaktuso_o,1117,Abordable,2026-03-05
4392,sunjuux3,1117,Abordable,2026-03-05
4393,grosclem22,1117,Abordable,2026-03-05
4394,Dylan__b,1117,Abordable,2026-03-05
4395,coco_n9_,1117,Abordable,2026-03-05
4396,tomzer10,1116,Abordable,2026-03-05
4397,Mikeyran,1116,Abordable,2026-03-05
4398,coupeknot,1116,Abordable,2026-03-05
4399,intersideral,1116,Abordable,2026-03-05
4400,suprasinvocatus,1116,Abordable,2026-03-05
4401,ScarrsX,1115,Abordable,2026-03-05
4402,Micare22,1115,Abordable,2026-03-05
4403,clementlac42,1115,Abordable,2026-03-05
4404,JoshBrolin34,1115,Abordable,2026-03-05
4405,xjulienx02,1115,Abordable,2026-03-05
4406,Zakhi,1115,Abordable,2026-03-05
4407,Who_sThatGirl,1115,Abordable,2026-03-05
4408,wewen_17,1115,Abordable,2026-03-05
4409,yotsubaet_,1115,Abordable,2026-03-05
4410,camxcccc,1114,Abordable,2026-03-05
4411,tribaaa,1114,Abordable,2026-03-05
4412,rusmais,1114,Abordable,2026-03-05
4413,loooulouuuuuuuuuuuuu,1114,Abordable,2026-03-05
4414,RizFlex,1114,Abordable,2026-03-05
4415,estelle_lbrd,1114,Abordable,2026-03-05
4416,mathis_lgdc,1114,Abordable,2026-03-05
4417,mademoisellegreench,1114,Abordable,2026-03-05
4418,margaux30cleo,1114,Abordable,2026-03-05
4419,lerefugedugamer,1114,Abordable,2026-03-05
4420,blackraven_abyss,1114,Abordable,2026-03-05
4421,veektorya2481,1113,Abordable,2026-03-05
4422,tchipettchoup,1113,Abordable,2026-03-05
4423,a_t_tnt,1113,Abordable,2026-03-05
4424,jadouille76,1113,Abordable,2026-03-05
4425,mathiasprtr,1113,Abordable,2026-03-05
4426,FIowyy,1113,Abordable,2026-03-05
4427,Jules_m04,1113,Abordable,2026-03-05
4428,heccaaiguille,1113,Abordable,2026-03-05
4429,KC_Mathieu_,1113,Abordable,2026-03-05
4430,kieskiela,1113,Abordable,2026-03-05
4431,Tlash67,1112,Abordable,2026-03-05
4432,maximek29,1112,Abordable,2026-03-05
4433,lenagnes,1112,Abordable,2026-03-05
4434,Benji45275,1112,Abordable,2026-03-05
4435,njloupnoir,1112,Abordable,2026-03-05
4436,chloe19sch,1112,Abordable,2026-03-05
4437,jesus_irl,1112,Abordable,2026-03-05
4438,heyn0xx,1112,Abordable,2026-03-05
4439,Nixo1333,1112,Abordable,2026-03-05
4440,heisenberg2729,1112,Abordable,2026-03-05
4441,atti_la_matrice,1112,Abordable,2026-03-05
4442,theoo_54,1112,Abordable,2026-03-05
4443,violaineguigue,1112,Abordable,2026-03-05
4444,LAMA_Hobbes,1111,Abordable,2026-03-05
4445,sarahlalisse,1111,Abordable,2026-03-05
4446,71bobmorane,1111,Abordable,2026-03-05
4447,PxReaz,1111,Abordable,2026-03-05
4448,ananas_0201,1111,Abordable,2026-03-05
4449,Teelry,1111,Abordable,2026-03-05
4450,BenjiElChti,1111,Abordable,2026-03-05
4451,Delsard,1111,Abordable,2026-03-05
4452,canclaux,1111,Abordable,2026-03-05
4453,dkaizoku26,1111,Abordable,2026-03-05
4454,Yokai67twitch,1111,Abordable,2026-03-05
4455,labubette,1110,Abordable,2026-03-05
4456,batlepiratee,1110,Abordable,2026-03-05
4457,tonton_tom88,1110,Abordable,2026-03-05
4458,loozyh,1110,Abordable,2026-03-05
4459,axel64200,1110,Abordable,2026-03-05
4460,Desillusion0,1110,Abordable,2026-03-05
4461,jo_dieuze,1110,Abordable,2026-03-05
4462,Jiwalzz,1110,Abordable,2026-03-05
4463,pedro6974,1110,Abordable,2026-03-05
4464,tommyyren,1110,Abordable,2026-03-05
4465,Fefelhhhh,1110,Abordable,2026-03-05
4466,IAmPanda___,1110,Abordable,2026-03-05
4467,youzy_99,1109,Abordable,2026-03-05
4468,lrc_samuel,1109,Abordable,2026-03-05
4469,KuriStream,1109,Abordable,2026-03-05
4470,Pagui,1109,Abordable,2026-03-05
4471,LadyClarence89,1109,Abordable,2026-03-05
4472,Larson__9,1109,Abordable,2026-03-05
4473,Dragon2Jade,1109,Abordable,2026-03-05
4474,fenixx_cr2,1109,Abordable,2026-03-05
4475,nini_2810,1108,Abordable,2026-03-05
4476,paul_drj_72,1108,Abordable,2026-03-05
4477,jeruil_,1108,Abordable,2026-03-05
4478,sassalulu,1108,Abordable,2026-03-05
4479,phhierre,1108,Abordable,2026-03-05
4480,ikerlabat64,1108,Abordable,2026-03-05
4481,anton1_b,1108,Abordable,2026-03-05
4482,gmaxe57,1107,Abordable,2026-03-05
4483,Prototype4K,1107,Abordable,2026-03-05
4484,therealjeanbidon,1107,Abordable,2026-03-05
4485,STEUSSO,1107,Abordable,2026-03-05
4486,lemeounien,1107,Abordable,2026-03-05
4487,frenchmithrandir,1107,Abordable,2026-03-05
4488,Scadeur,1107,Abordable,2026-03-05
4489,Aphantasik,1106,Abordable,2026-03-05
4490,louannchr,1106,Abordable,2026-03-05
4491,riddchan,1106,Abordable,2026-03-05
4492,Khloewi_,1106,Abordable,2026-03-05
4493,sinjy13,1106,Abordable,2026-03-05
4494,SolEau_,1106,Abordable,2026-03-05
4495,barbe_qbs,1106,Abordable,2026-03-05
4496,alibaba_24,1106,Abordable,2026-03-05
4497,auca125,1106,Abordable,2026-03-05
4498,enzo_loe,1105,Abordable,2026-03-05
4499,iMafio,1105,Abordable,2026-03-05
4500,heleneltr,1105,Abordable,2026-03-05
4501,cathou3101,1105,Abordable,2026-03-05
4502,fmt253,1105,Abordable,2026-03-05
4503,foxyy_foxy,1105,Abordable,2026-03-05
4504,koub1009,1105,Abordable,2026-03-05
4505,ejiil2,1105,Abordable,2026-03-05
4506,manclay,1105,Abordable,2026-03-05
4507,justme_0972,1105,Abordable,2026-03-05
4508,Evil_Lapinou,1104,Abordable,2026-03-05
4509,tintin2oo4,1104,Abordable,2026-03-05
4510,MitchBuchannon,1104,Abordable,2026-03-05
4511,DarkEagle_FPU,1104,Abordable,2026-03-05
4512,totony44830,1104,Abordable,2026-03-05
4513,clarartichaud,1104,Abordable,2026-03-05
4514,tatiananas1,1104,Abordable,2026-03-05
4515,flexyyzzz,1104,Abordable,2026-03-05
4516,Lycaon_tminh,1103,Abordable,2026-03-05
4517,Chaoury,1103,Abordable,2026-03-05
4518,Kaidas31,1103,Abordable,2026-03-05
4519,celia_vnd,1103,Abordable,2026-03-05
4520,StrangerOfChaos,1103,Abordable,2026-03-05
4521,linebhg,1103,Abordable,2026-03-05
4522,guezman555,1103,Abordable,2026-03-05
4523,jeremystranger,1103,Abordable,2026-03-05
4524,miguespeed1,1103,Abordable,2026-03-05
4525,kingg_4995,1103,Abordable,2026-03-05
4526,ubutterflyu,1103,Abordable,2026-03-05
4527,thefrenchhufflepuffie,1103,Abordable,2026-03-05
4528,eliemeunier,1102,Abordable,2026-03-05
4529,0xard,1102,Abordable,2026-03-05
4530,Soonzenough,1102,Abordable,2026-03-05
4531,jujuteux,1102,Abordable,2026-03-05
4532,O_Tawa,1102,Abordable,2026-03-05
4533,Kaizonic,1102,Abordable,2026-03-05
4534,loggal,1102,Abordable,2026-03-05
4535,Tchiktchikk,1102,Abordable,2026-03-05
4536,ridzuWZK,1102,Abordable,2026-03-05
4537,phenixia_7,1101,Abordable,2026-03-05
4538,inspecteurderrik,1101,Abordable,2026-03-05
4539,test3775,1101,Abordable,2026-03-05
4540,ericzimi91,1101,Abordable,2026-03-05
4541,stinkysidh,1101,Abordable,2026-03-05
4542,Dodoala77,1101,Abordable,2026-03-05
4543,avalam63,1101,Abordable,2026-03-05
4544,shinigami_132518,1101,Abordable,2026-03-05
4545,Zilbabg,1100,Abordable,2026-03-05
4546,chichiou63,1100,Abordable,2026-03-05
4547,damneddown,1100,Abordable,2026-03-05
4548,Patakorn88,1100,Abordable,2026-03-05
4549,midnight_rdb,1100,Abordable,2026-03-05
4550,lodestroy,1100,Abordable,2026-03-05
4551,nista2,1100,Abordable,2026-03-05
4552,titouunnnne,1100,Abordable,2026-03-05
4553,Lyaass_,1100,Abordable,2026-03-05
4554,catinpower,1100,Abordable,2026-03-05
4555,theRealKetsumei,1100,Abordable,2026-03-05
4556,peppeeeerrrr,1099,Abordable,2026-03-05
4557,ber_bdg,1099,Abordable,2026-03-05
4558,Mitalias_,1099,Abordable,2026-03-05
4559,la__cacahuete_,1099,Abordable,2026-03-05
4560,lea0199,1099,Abordable,2026-03-05
4561,pralauline,1098,Abordable,2026-03-05
4562,jpascal591200,1098,Abordable,2026-03-05
4563,AVistaDeNas,1098,Abordable,2026-03-05
4564,fanganf,1098,Abordable,2026-03-05
4565,Tilston,1098,Abordable,2026-03-05
4566,ValouClutch,1097,Abordable,2026-03-05
4567,luckerninjacop,1097,Abordable,2026-03-05
4568,Vondemarie,1097,Abordable,2026-03-05
4569,B3NN0X,1097,Abordable,2026-03-05
4570,NASUKO9545,1096,Abordable,2026-03-05
4571,clement_mch78,1096,Abordable,2026-03-05
4572,Kalou_04,1096,Abordable,2026-03-05
4573,celliiinee,1096,Abordable,2026-03-05
4574,quentino5900,1096,Abordable,2026-03-05
4575,CClaudeFrollo,1096,Abordable,2026-03-05
4576,ares_p13,1096,Abordable,2026-03-05
4577,J0kehhh,1096,Abordable,2026-03-05
4578,noaaaaaa65,1096,Abordable,2026-03-05
4579,Percevelo,1095,Abordable,2026-03-05
4580,Topyx768,1095,Abordable,2026-03-05
4581,ji_yuna,1095,Abordable,2026-03-05
4582,l1louuu,1095,Abordable,2026-03-05
4583,vlc57,1095,Abordable,2026-03-05
4584,eltiablo79,1095,Abordable,2026-03-05
4585,eliecreart,1095,Abordable,2026-03-05
4586,LilithMajor,1095,Abordable,2026-03-05
4587,marcoflo69,1094,Abordable,2026-03-05
4588,valisco73,1094,Abordable,2026-03-05
4589,khlaue_,1094,Abordable,2026-03-05
4590,navyfrench,1094,Abordable,2026-03-05
4591,N0maann,1094,Abordable,2026-03-05
4592,babou945,1094,Abordable,2026-03-05
4593,loisinho26,1094,Abordable,2026-03-05
4594,JuuDuClem,1094,Abordable,2026-03-05
4595,kuroshin33330,1093,Abordable,2026-03-05
4596,trobidon_,1093,Abordable,2026-03-05
4597,Chlorexine,1093,Abordable,2026-03-05
4598,bouuuuum06,1093,Abordable,2026-03-05
4599,calas50,1093,Abordable,2026-03-05
4600,drbengg,1093,Abordable,2026-03-05
4601,jaskier26,1093,Abordable,2026-03-05
4602,antobis98,1092,Abordable,2026-03-05
4603,VoImoG,1092,Abordable,2026-03-05
4604,Araclove31,1092,Abordable,2026-03-05
4605,baptchevry,1091,Abordable,2026-03-05
4606,maotaamo,1091,Abordable,2026-03-05
4607,francheskho,1091,Abordable,2026-03-05
4608,horuseye74,1091,Abordable,2026-03-05
4609,tanguy_lpr,1091,Abordable,2026-03-05
4610,Kirakof,1091,Abordable,2026-03-05
4611,kctets,1090,Abordable,2026-03-05
4612,improsteur,1090,Abordable,2026-03-05
4613,Titoouu_,1090,Abordable,2026-03-05
4614,xraymnd,1090,Abordable,2026-03-05
4615,chloe_lbx,1090,Abordable,2026-03-05
4616,gabriel73848285748,1090,Abordable,2026-03-05
4617,mega_game972,1089,Abordable,2026-03-05
4618,WillySChen,1089,Abordable,2026-03-05
4619,jadoutraore,1089,Abordable,2026-03-05
4620,savolpao,1089,Abordable,2026-03-05
4621,giboulett,1089,Abordable,2026-03-05
4622,minzgrun,1089,Abordable,2026-03-05
4623,lo_srttt,1089,Abordable,2026-03-05
4624,ClaadG,1089,Abordable,2026-03-05
4625,JosNeko,1089,Abordable,2026-03-05
4626,maveriq10,1089,Abordable,2026-03-05
4627,Theofon_,1089,Abordable,2026-03-05
4628,Souuulli,1089,Abordable,2026-03-05
4629,almizzz64,1088,Abordable,2026-03-05
4630,baptiste_dem,1088,Abordable,2026-03-05
4631,gylgrissom,1088,Abordable,2026-03-05
4632,kiska_x33,1088,Abordable,2026-03-05
4633,loisgriff18,1088,Abordable,2026-03-05
4634,solene2662,1088,Abordable,2026-03-05
4635,leadici,1088,Abordable,2026-03-05
4636,tst212,1088,Abordable,2026-03-05
4637,SkySpirit320,1088,Abordable,2026-03-05
4638,Popeyop,1088,Abordable,2026-03-05
4639,Docxyclaque,1088,Abordable,2026-03-05
4640,OverLoordss,1088,Abordable,2026-03-05
4641,PapyPomme,1088,Abordable,2026-03-05
4642,roa250,1088,Abordable,2026-03-05
4643,Piorte06,1088,Abordable,2026-03-05
4644,alexjoker1608,1087,Abordable,2026-03-05
4645,hug0lrv,1087,Abordable,2026-03-05
4646,crazywheel64,1087,Abordable,2026-03-05
4647,apoxx59300,1087,Abordable,2026-03-05
4648,ladydarkkk1,1087,Abordable,2026-03-05
4649,enzolebogose,1087,Abordable,2026-03-05
4650,hugoo_n,1087,Abordable,2026-03-05
4651,luxakyy,1087,Abordable,2026-03-05
4652,MTX_Magikzz,1087,Abordable,2026-03-05
4653,ysartist,1087,Abordable,2026-03-05
4654,minieuch3,1087,Abordable,2026-03-05
4655,leleludique,1087,Abordable,2026-03-05
4656,Triskell_29,1087,Abordable,2026-03-05
4657,zoebullition,1086,Abordable,2026-03-05
4658,brolocli,1086,Abordable,2026-03-05
4659,nicochrls,1086,Abordable,2026-03-05
4660,flamiingfrost,1086,Abordable,2026-03-05
4661,Kiddy74,1086,Abordable,2026-03-05
4662,vickivicko1,1086,Abordable,2026-03-05
4663,boulette0096,1085,Abordable,2026-03-05
4664,Thorna_dodu,1085,Abordable,2026-03-05
4665,julesbrggg,1085,Abordable,2026-03-05
4666,emiplooo,1085,Abordable,2026-03-05
4667,pi_doune,1085,Abordable,2026-03-05
4668,boudin07,1085,Abordable,2026-03-05
4669,Blazia_,1085,Abordable,2026-03-05
4670,KC_Feloux,1085,Abordable,2026-03-05
4671,lunagathe18,1084,Abordable,2026-03-05
4672,adritrap,1084,Abordable,2026-03-05
4673,rnobz71,1084,Abordable,2026-03-05
4674,claquette02,1084,Abordable,2026-03-05
4675,MoiJePerd,1084,Abordable,2026-03-05
4676,homerunner,1084,Abordable,2026-03-05
4677,titi2004brgsvictor,1084,Abordable,2026-03-05
4678,Racynnes,1084,Abordable,2026-03-05
4679,McCaow,1084,Abordable,2026-03-05
4680,tonylolipop,1083,Abordable,2026-03-05
4681,djyoyo123,1083,Abordable,2026-03-05
4682,malo_ok,1083,Abordable,2026-03-05
4683,la_bigue,1082,Abordable,2026-03-05
4684,diahblok,1082,Abordable,2026-03-05
4685,LadyD4rk_,1082,Abordable,2026-03-05
4686,ktrlis,1082,Abordable,2026-03-05
4687,alshimistes,1082,Abordable,2026-03-05
4688,capeverglas,1082,Abordable,2026-03-05
4689,kevin_0440,1082,Abordable,2026-03-05
4690,AdrienElrico,1082,Abordable,2026-03-05
4691,Heximius,1081,Abordable,2026-03-05
4692,victor_nts,1081,Abordable,2026-03-05
4693,KanTinoush,1080,Abordable,2026-03-05
4694,laeyvaten,1080,Abordable,2026-03-05
4695,sam61123,1080,Abordable,2026-03-05
4696,seb_bugeja,1080,Abordable,2026-03-05
4697,clemger30,1080,Abordable,2026-03-05
4698,chibredubengale_,1080,Abordable,2026-03-05
4699,ebolalc,1080,Abordable,2026-03-05
4700,gael_hnz,1080,Abordable,2026-03-05
4701,ladeadfish,1080,Abordable,2026-03-05
4702,Healinski,1080,Abordable,2026-03-05
4703,armaofchaos,1080,Abordable,2026-03-05
4704,t0m_velard,1079,Abordable,2026-03-05
4705,leclocliquot,1079,Abordable,2026-03-05
4706,boulie12,1079,Abordable,2026-03-05
4707,klemomenneteau,1079,Abordable,2026-03-05
4708,julien_gsmt,1079,Abordable,2026-03-05
4709,atropine35,1079,Abordable,2026-03-05
4710,axeIeax,1079,Abordable,2026-03-05
4711,tetsyomi,1078,Abordable,2026-03-05
4712,jlmfj,1078,Abordable,2026-03-05
4713,annemupm,1078,Abordable,2026-03-05
4714,angetwch,1078,Abordable,2026-03-05
4715,madepres1,1078,Abordable,2026-03-05
4716,Antifascinant,1078,Abordable,2026-03-05
4717,thomaslr713,1078,Abordable,2026-03-05
4718,eaterz6,1078,Abordable,2026-03-05
4719,NerthusTheMother,1078,Abordable,2026-03-05
4720,Mobitus,1078,Abordable,2026-03-05
4721,eldon947,1077,Abordable,2026-03-05
4722,mantaloutra,1077,Abordable,2026-03-05
4723,elinaaax,1077,Abordable,2026-03-05
4724,red_spider_radiata,1077,Abordable,2026-03-05
4725,cloucloudegirofle,1077,Abordable,2026-03-05
4726,druidebonux,1077,Abordable,2026-03-05
4727,Maximstreme,1077,Abordable,2026-03-05
4728,freez_elbg,1077,Abordable,2026-03-05
4729,tinael_dfc,1076,Abordable,2026-03-05
4730,Cuissot,1076,Abordable,2026-03-05
4731,laumor21940,1076,Abordable,2026-03-05
4732,cyrrey,1076,Abordable,2026-03-05
4733,davynoux,1076,Abordable,2026-03-05
4734,colinson_10,1076,Abordable,2026-03-05
4735,droledejaguar,1075,Abordable,2026-03-05
4736,jaxsorano,1075,Abordable,2026-03-05
4737,maxkass_13,1075,Abordable,2026-03-05
4738,mayzefa,1075,Abordable,2026-03-05
4739,lozn27,1075,Abordable,2026-03-05
4740,Bubble__Lisa,1075,Abordable,2026-03-05
4741,dustyne0209,1074,Abordable,2026-03-05
4742,dimvalax,1074,Abordable,2026-03-05
4743,fb_julien,1073,Abordable,2026-03-05
4744,noa31411,1073,Abordable,2026-03-05
4745,nolann_lm20,1073,Abordable,2026-03-05
4746,zegreatmat,1073,Abordable,2026-03-05
4747,zozziotte,1073,Abordable,2026-03-05
4748,bickyjeff,1073,Abordable,2026-03-05
4749,othello37,1073,Abordable,2026-03-05
4750,Rica60,1073,Abordable,2026-03-05
4751,yvnnislefaux,1073,Abordable,2026-03-05
4752,julietteglln,1072,Abordable,2026-03-05
4753,mogiwan,1072,Abordable,2026-03-05
4754,Befstream,1072,Abordable,2026-03-05
4755,lumi5717,1072,Abordable,2026-03-05
4756,phoenix125603,1072,Abordable,2026-03-05
4757,torcheur,1072,Abordable,2026-03-05
4758,snow__coffee,1072,Abordable,2026-03-05
4759,Waaave__,1072,Abordable,2026-03-05
4760,Syphirrr,1072,Abordable,2026-03-05
4761,Leopoulpinator,1072,Abordable,2026-03-05
4762,logzinfinity,1071,Abordable,2026-03-05
4763,YodaSparrow,1071,Abordable,2026-03-05
4764,emilie_brbt,1071,Abordable,2026-03-05
4765,clarask6,1071,Abordable,2026-03-05
4766,manon_lgn_,1071,Abordable,2026-03-05
4767,asaplalways,1071,Abordable,2026-03-05
4768,feizako_bs,1071,Abordable,2026-03-05
4769,charlottekdo,1070,Abordable,2026-03-05
4770,badmad357,1070,Abordable,2026-03-05
4771,MiniBenoit,1070,Abordable,2026-03-05
4772,AmysSmile,1070,Abordable,2026-03-05
4773,clems574,1070,Abordable,2026-03-05
4774,mathias_mim,1070,Abordable,2026-03-05
4775,skyman62,1070,Abordable,2026-03-05
4776,mmr17_,1070,Abordable,2026-03-05
4777,lucieoutrelo,1070,Abordable,2026-03-05
4778,Qorback,1070,Abordable,2026-03-05
4779,Skipig,1070,Abordable,2026-03-05
4780,Kuzuroshi,1069,Abordable,2026-03-05
4781,trtjuliette,1069,Abordable,2026-03-05
4782,peachy_louns,1069,Abordable,2026-03-05
4783,kadjoraxontwitch,1069,Abordable,2026-03-05
4784,yav_jr,1069,Abordable,2026-03-05
4785,Pitoufo,1069,Abordable,2026-03-05
4786,QbHugo,1069,Abordable,2026-03-05
4787,corentin59292,1069,Abordable,2026-03-05
4788,dramacoum,1069,Abordable,2026-03-05
4789,vever2134,1068,Abordable,2026-03-05
4790,clemtouille107,1068,Abordable,2026-03-05
4791,hulot3012,1068,Abordable,2026-03-05
4792,anelotte_,1068,Abordable,2026-03-05
4793,claraspberry,1068,Abordable,2026-03-05
4794,Ploufaway,1068,Abordable,2026-03-05
4795,damelelou,1068,Abordable,2026-03-05
4796,lenroy98,1068,Abordable,2026-03-05
4797,migemary,1068,Abordable,2026-03-05
4798,lasnelus_,1068,Abordable,2026-03-05
4799,lasalle1205,1067,Abordable,2026-03-05
4800,mooncake394,1067,Abordable,2026-03-05
4801,marguerite225,1067,Abordable,2026-03-05
4802,Sytorex_,1067,Abordable,2026-03-05
4803,alexlemonthe,1067,Abordable,2026-03-05
4804,mrgxxxx,1067,Abordable,2026-03-05
4805,mikawritesbooks,1067,Abordable,2026-03-05
4806,emma_mrty,1066,Abordable,2026-03-05
4807,CeresLaPlanete,1066,Abordable,2026-03-05
4808,TheNathy_,1066,Abordable,2026-03-05
4809,rv_du_07,1066,Abordable,2026-03-05
4810,samouraialex,1065,Abordable,2026-03-05
4811,yourcraft2935,1065,Abordable,2026-03-05
4812,chap3000,1065,Abordable,2026-03-05
4813,Dodoziarro,1065,Abordable,2026-03-05
4814,lilllice,1065,Abordable,2026-03-05
4815,gagelibuzz,1065,Abordable,2026-03-05
4816,pierrefixe5,1064,Abordable,2026-03-05
4817,benji_lbs,1064,Abordable,2026-03-05
4818,kiugg_,1064,Abordable,2026-03-05
4819,sachaaaaaaaa8,1064,Abordable,2026-03-05
4820,inesr81,1064,Abordable,2026-03-05
4821,hvnt_r,1064,Abordable,2026-03-05
4822,jb64a,1064,Abordable,2026-03-05
4823,MCEDARVIN,1064,Abordable,2026-03-05
4824,Daf_Nez,1064,Abordable,2026-03-05
4825,ElHash17,1064,Abordable,2026-03-05
4826,raphaeel08,1063,Abordable,2026-03-05
4827,romenaizer,1063,Abordable,2026-03-05
4828,LicorneMagique77,1063,Abordable,2026-03-05
4829,Kaeleborn,1063,Abordable,2026-03-05
4830,gregoiresimon89,1063,Abordable,2026-03-05
4831,TROP1CA_,1063,Abordable,2026-03-05
4832,Nemotaku,1063,Abordable,2026-03-05
4833,flomoul,1063,Abordable,2026-03-05
4834,CyberSatellite,1063,Abordable,2026-03-05
4835,minipain_,1062,Abordable,2026-03-05
4836,Zelphino_,1062,Abordable,2026-03-05
4837,Ulty07,1062,Abordable,2026-03-05
4838,smilybubble,1062,Abordable,2026-03-05
4839,marciy19,1062,Abordable,2026-03-05
4840,kmeuh,1062,Abordable,2026-03-05
4841,marius_gltz,1062,Abordable,2026-03-05
4842,tolo76,1061,Abordable,2026-03-05
4843,r0r0z3r,1061,Abordable,2026-03-05
4844,FloreilleKayou,1061,Abordable,2026-03-05
4845,Hydroptic__,1061,Abordable,2026-03-05
4846,luusssee,1061,Abordable,2026-03-05
4847,alexanepineau,1061,Abordable,2026-03-05
4848,krogu_live,1061,Abordable,2026-03-05
4849,niffleur3,1061,Abordable,2026-03-05
4850,polux1316,1061,Abordable,2026-03-05
4851,c_am_ss,1060,Abordable,2026-03-05
4852,81juju81,1060,Abordable,2026-03-05
4853,bench_3741,1060,Abordable,2026-03-05
4854,cosmicdindon,1060,Abordable,2026-03-05
4855,LaMangueColerique,1060,Abordable,2026-03-05
4856,so6teee,1060,Abordable,2026-03-05
4857,taima34,1060,Abordable,2026-03-05
4858,mgndpt,1060,Abordable,2026-03-05
4859,maudidoune,1060,Abordable,2026-03-05
4860,GGReusDeCouette,1060,Abordable,2026-03-05
4861,Sinafay44,1060,Abordable,2026-03-05
4862,KitamBBX,1059,Abordable,2026-03-05
4863,dedechhh,1059,Abordable,2026-03-05
4864,jeffSeven,1059,Abordable,2026-03-05
4865,laurinef38,1059,Abordable,2026-03-05
4866,emmavossoeurs2,1059,Abordable,2026-03-05
4867,31mdlp,1059,Abordable,2026-03-05
4868,jojo100201,1059,Abordable,2026-03-05
4869,kamogami_,1059,Abordable,2026-03-05
4870,pxul966,1058,Abordable,2026-03-05
4871,asp_00,1058,Abordable,2026-03-05
4872,Tem_Dreemurr,1058,Abordable,2026-03-05
4873,laff_tssr,1058,Abordable,2026-03-05
4874,Phantom_du_Live,1058,Abordable,2026-03-05
4875,tiaaaphrr,1058,Abordable,2026-03-05
4876,francoislag,1058,Abordable,2026-03-05
4877,totobass08600,1058,Abordable,2026-03-05
4878,nina_adjr,1058,Abordable,2026-03-05
4879,n4ydan,1058,Abordable,2026-03-05
4880,luckysamesam,1058,Abordable,2026-03-05
4881,Dollec,1058,Abordable,2026-03-05
4882,BjrDorian,1057,Abordable,2026-03-05
4883,reluvdk,1057,Abordable,2026-03-05
4884,GuizzHD,1057,Abordable,2026-03-05
4885,elicapy,1057,Abordable,2026-03-05
4886,Baxoille,1057,Abordable,2026-03-05
4887,cha_todo,1057,Abordable,2026-03-05
4888,fewart24,1057,Abordable,2026-03-05
4889,Vincentissime,1057,Abordable,2026-03-05
4890,mag1278,1056,Abordable,2026-03-05
4891,vtt3d,1056,Abordable,2026-03-05
4892,asteriak3110,1056,Abordable,2026-03-05
4893,Comme_une_ombre,1056,Abordable,2026-03-05
4894,jeeeun63,1056,Abordable,2026-03-05
4895,sshade33,1056,Abordable,2026-03-05
4896,philllliiiii,1056,Abordable,2026-03-05
4897,Clipex_Mp4,1056,Abordable,2026-03-05
4898,cath2180,1055,Abordable,2026-03-05
4899,arnauld256,1055,Abordable,2026-03-05
4900,Moronbest,1055,Abordable,2026-03-05
4901,AllStarZz_,1055,Abordable,2026-03-05
4902,nicoo2681,1055,Abordable,2026-03-05
4903,thomas_lacombe_,1055,Abordable,2026-03-05
4904,djinn789,1055,Abordable,2026-03-05
4905,sefffar,1054,Abordable,2026-03-05
4906,digoarj,1054,Abordable,2026-03-05
4907,miette_de_patate,1054,Abordable,2026-03-05
4908,lesavoiranimal,1054,Abordable,2026-03-05
4909,TintinInvisible,1054,Abordable,2026-03-05
4910,alexsan66430,1054,Abordable,2026-03-05
4911,lilou_fx,1054,Abordable,2026-03-05
4912,lnbrz,1054,Abordable,2026-03-05
4913,lilas_celeste,1054,Abordable,2026-03-05
4914,GL_Gabdau,1054,Abordable,2026-03-05
4915,firewhool,1054,Abordable,2026-03-05
4916,Tehk_Now,1053,Abordable,2026-03-05
4917,guillaume25835,1053,Abordable,2026-03-05
4918,RandyComicsFR,1053,Abordable,2026-03-05
4919,m0uking,1053,Abordable,2026-03-05
4920,tiimottheus,1053,Abordable,2026-03-05
4921,apple7954,1053,Abordable,2026-03-05
4922,BisonTruffe,1053,Abordable,2026-03-05
4923,cendrionn,1053,Abordable,2026-03-05
4924,lianna_chase,1053,Abordable,2026-03-05
4925,KibaVz,1053,Abordable,2026-03-05
4926,IAmRigel,1053,Abordable,2026-03-05
4927,lolilelalu,1052,Abordable,2026-03-05
4928,k4tshumoto,1052,Abordable,2026-03-05
4929,happy_burger2,1052,Abordable,2026-03-05
4930,amaryss_8,1052,Abordable,2026-03-05
4931,carolteagirl,1052,Abordable,2026-03-05
4932,manapredoux,1052,Abordable,2026-03-05
4933,rebox_fn,1052,Abordable,2026-03-05
4934,max4h,1052,Abordable,2026-03-05
4935,Felicia_Chan,1051,Abordable,2026-03-05
4936,petitebiche,1051,Abordable,2026-03-05
4937,orionus,1051,Abordable,2026-03-05
4938,lynxpegase13784,1051,Abordable,2026-03-05
4939,creepstone,1051,Abordable,2026-03-05
4940,kikito24240,1051,Abordable,2026-03-05
4941,zouzettte,1051,Abordable,2026-03-05
4942,mayosotis,1051,Abordable,2026-03-05
4943,bergos80,1050,Abordable,2026-03-05
4944,zjach75,1050,Abordable,2026-03-05
4945,ionisx,1050,Abordable,2026-03-05
4946,lucasgelll,1050,Abordable,2026-03-05
4947,averagequote,1050,Abordable,2026-03-05
4948,burro8366,1050,Abordable,2026-03-05
4949,wymklas,1050,Abordable,2026-03-05
4950,Gali_LAlligator,1050,Abordable,2026-03-05
4951,StarDreams_,1050,Abordable,2026-03-05
4952,teo_bnmr,1050,Abordable,2026-03-05
4953,Jasper_jordan,1050,Abordable,2026-03-05
4954,sbtfu_fenrir,1050,Abordable,2026-03-05
4955,Apparence,1050,Abordable,2026-03-05
4956,julien923,1049,Abordable,2026-03-05
4957,liloupons26,1049,Abordable,2026-03-05
4958,Benoist_M,1049,Abordable,2026-03-05
4959,anto_8544,1049,Abordable,2026-03-05
4960,nico_frrs,1049,Abordable,2026-03-05
4961,eva_606,1049,Abordable,2026-03-05
4962,seub_0,1049,Abordable,2026-03-05
4963,odessaxrx,1049,Abordable,2026-03-05
4964,cloclolette,1049,Abordable,2026-03-05
4965,valentin_versluys,1048,Abordable,2026-03-05
4966,beretlanes,1048,Abordable,2026-03-05
4967,asile0,1048,Abordable,2026-03-05
4968,tgaudin13,1048,Abordable,2026-03-05
4969,Kamaya4251,1048,Abordable,2026-03-05
4970,chek56,1048,Abordable,2026-03-05
4971,clo_fantino,1047,Abordable,2026-03-05
4972,maedandelion,1047,Abordable,2026-03-05
4973,astridgnd,1047,Abordable,2026-03-05
4974,candice_29,1047,Abordable,2026-03-05
4975,100chicoo,1047,Abordable,2026-03-05
4976,Holail,1047,Abordable,2026-03-05
4977,Alkeiios,1046,Abordable,2026-03-05
4978,emelinedubois42,1046,Abordable,2026-03-05
4979,mrmax1436,1046,Abordable,2026-03-05
4980,julesc84,1046,Abordable,2026-03-05
4981,PetiteNouill,1046,Abordable,2026-03-05
4982,gamzatti612,1046,Abordable,2026-03-05
4983,Marohama_,1046,Abordable,2026-03-05
4984,romzzin,1045,Abordable,2026-03-05
4985,imantome,1045,Abordable,2026-03-05
4986,grootplan,1045,Abordable,2026-03-05
4987,AntoinePenhard,1045,Abordable,2026-03-05
4988,spannkywolf,1045,Abordable,2026-03-05
4989,guiguikebab,1045,Abordable,2026-03-05
4990,roylapoutre68,1045,Abordable,2026-03-05
4991,nicomygoddd,1045,Abordable,2026-03-05
4992,netero_017,1045,Abordable,2026-03-05
4993,hendeck_2001_darkiller94,1045,Abordable,2026-03-05
4994,aurooooore_,1044,Abordable,2026-03-05
4995,f10id,1044,Abordable,2026-03-05
4996,Tanguer_18,1044,Abordable,2026-03-05
4997,NicolaW51,1044,Abordable,2026-03-05
4998,ed_fiyero,1044,Abordable,2026-03-05
4999,Alima098,1044,Abordable,2026-03-05
5000,apolate,1044,Abordable,2026-03-05
5001,inyri,1044,Abordable,2026-03-05
5002,ThorPenn,1044,Abordable,2026-03-05
5003,mahtis_blv,1044,Abordable,2026-03-05
5004,riquetdu37,1043,Abordable,2026-03-05
5005,Rodsyyy,1043,Abordable,2026-03-05
5006,fab_412,1043,Abordable,2026-03-05
5007,furiousgaming_26,1043,Abordable,2026-03-05
5008,shadowandhopes,1043,Abordable,2026-03-05
5009,estellane_,1043,Abordable,2026-03-05
5010,hugojoubert01,1043,Abordable,2026-03-05
5011,atoumai,1043,Abordable,2026-03-05
5012,diopt_ase,1043,Abordable,2026-03-05
5013,Fantomas44,1042,Abordable,2026-03-05
5014,DaSanta_,1042,Abordable,2026-03-05
5015,bika4262d,1042,Abordable,2026-03-05
5016,pipit_farlcgr,1042,Abordable,2026-03-05
5017,quid311,1042,Abordable,2026-03-05
5018,nait0__,1042,Abordable,2026-03-05
5019,cehey,1042,Abordable,2026-03-05
5020,M8_juweyz,1042,Abordable,2026-03-05
5021,karimlevoleur93,1042,Abordable,2026-03-05
5022,PadaiOS,1041,Abordable,2026-03-05
5023,dypsiiiiie,1041,Abordable,2026-03-05
5024,romanododo,1041,Abordable,2026-03-05
5025,watson1998_,1041,Abordable,2026-03-05
5026,lulu_2711,1041,Abordable,2026-03-05
5027,jade_sicsic,1041,Abordable,2026-03-05
5028,Youplaboum42,1041,Abordable,2026-03-05
5029,Latlas_mg,1041,Abordable,2026-03-05
5030,via56,1041,Abordable,2026-03-05
5031,rmch,1040,Abordable,2026-03-05
5032,lnoah1,1040,Abordable,2026-03-05
5033,twitch_batou,1040,Abordable,2026-03-05
5034,junkyduck,1040,Abordable,2026-03-05
5035,ttomy91,1040,Abordable,2026-03-05
5036,diane_stan,1040,Abordable,2026-03-05
5037,AmSurTwitch,1040,Abordable,2026-03-05
5038,jooseyyyy,1040,Abordable,2026-03-05
5039,admylex33,1040,Abordable,2026-03-05
5040,z_0ee_l,1040,Abordable,2026-03-05
5041,anoaeureka,1039,Abordable,2026-03-05
5042,tchapssss,1039,Abordable,2026-03-05
5043,redstarsquirell,1039,Abordable,2026-03-05
5044,gabrielmaquison,1039,Abordable,2026-03-05
5045,magn3tik17,1039,Abordable,2026-03-05
5046,lagon1009,1039,Abordable,2026-03-05
5047,richie_partou,1039,Abordable,2026-03-05
5048,vippara,1039,Abordable,2026-03-05
5049,Adar59,1039,Abordable,2026-03-05
5050,cleowantkfc,1039,Abordable,2026-03-05
5051,Matt_entre_parentheses,1039,Abordable,2026-03-05
5052,thelume22,1039,Abordable,2026-03-05
5053,theunderdog2408,1038,Abordable,2026-03-05
5054,adroseee,1038,Abordable,2026-03-05
5055,ritonfonfon,1037,Abordable,2026-03-05
5056,oli_cars_lh,1037,Abordable,2026-03-05
5057,margros_777,1037,Abordable,2026-03-05
5058,ModZoL,1037,Abordable,2026-03-05
5059,oumpaloumps,1037,Abordable,2026-03-05
5060,evabrnd,1037,Abordable,2026-03-05
5061,Nentiss_,1037,Abordable,2026-03-05
5062,raaa_aph,1037,Abordable,2026-03-05
5063,tomben3345,1037,Abordable,2026-03-05
5064,mister_tjo,1036,Abordable,2026-03-05
5065,xNumerobis,1036,Abordable,2026-03-05
5066,blakmik_,1036,Abordable,2026-03-05
5067,Chokolats,1036,Abordable,2026-03-05
5068,bipbipbopbop92,1036,Abordable,2026-03-05
5069,lucxxs78,1036,Abordable,2026-03-05
5070,Lucasyuyuy,1036,Abordable,2026-03-05
5071,triskell35,1036,Abordable,2026-03-05
5072,raphiky,1035,Abordable,2026-03-05
5073,noemiekoe,1035,Abordable,2026-03-05
5074,najayaaa,1035,Abordable,2026-03-05
5075,PMLCG_Filou,1035,Abordable,2026-03-05
5076,Mystik_24,1035,Abordable,2026-03-05
5077,quentinhgg27,1035,Abordable,2026-03-05
5078,Bresko_Emc,1035,Abordable,2026-03-05
5079,menios16,1034,Abordable,2026-03-05
5080,Wilhelm2a,1034,Abordable,2026-03-05
5081,marcassim,1034,Abordable,2026-03-05
5082,GrayFooxX,1034,Abordable,2026-03-05
5083,carlosmir96,1034,Abordable,2026-03-05
5084,playerbox13,1034,Abordable,2026-03-05
5085,lukz280801,1034,Abordable,2026-03-05
5086,falidro,1034,Abordable,2026-03-05
5087,leeana_hi,1034,Abordable,2026-03-05
5088,Zemijisu_,1033,Abordable,2026-03-05
5089,fabounettte,1033,Abordable,2026-03-05
5090,wiper33,1033,Abordable,2026-03-05
5091,GuiggzTV,1033,Abordable,2026-03-05
5092,annhe156464,1033,Abordable,2026-03-05
5093,SJ_Katayo,1033,Abordable,2026-03-05
5094,abysmes,1033,Abordable,2026-03-05
5095,deltimekl,1033,Abordable,2026-03-05
5096,another_deidara,1032,Abordable,2026-03-05
5097,luceeloy23,1032,Abordable,2026-03-05
5098,foufooteam,1032,Abordable,2026-03-05
5099,Tuuttuurr,1032,Abordable,2026-03-05
5100,eli21167,1032,Abordable,2026-03-05
5101,KCGnabil,1032,Abordable,2026-03-05
5102,YounggPablo,1032,Abordable,2026-03-05
5103,lemalin76,1032,Abordable,2026-03-05
5104,ledentuxjr,1031,Abordable,2026-03-05
5105,capuchebrindille,1031,Abordable,2026-03-05
5106,paulperrier,1031,Abordable,2026-03-05
5107,Zeides_,1031,Abordable,2026-03-05
5108,alxorb,1031,Abordable,2026-03-05
5109,furose,1031,Abordable,2026-03-05
5110,eleinir91,1031,Abordable,2026-03-05
5111,clairette2dy,1031,Abordable,2026-03-05
5112,pattenrond94,1031,Abordable,2026-03-05
5113,johnpaquito,1030,Abordable,2026-03-05
5114,mayell,1030,Abordable,2026-03-05
5115,gaaston____,1030,Abordable,2026-03-05
5116,markaragnos501,1030,Abordable,2026-03-05
5117,baptou725,1030,Abordable,2026-03-05
5118,ProStats,1030,Abordable,2026-03-05
5119,Ratman258,1030,Abordable,2026-03-05
5120,b0fuox,1030,Abordable,2026-03-05
5121,berteye7,1030,Abordable,2026-03-05
5122,melyxis,1029,Abordable,2026-03-05
5123,d4xt,1029,Abordable,2026-03-05
5124,leo_dt3,1029,Abordable,2026-03-05
5125,mikaduboutte,1029,Abordable,2026-03-05
5126,arp1er,1029,Abordable,2026-03-05
5127,laslolas06,1029,Abordable,2026-03-05
5128,cbkine,1028,Abordable,2026-03-05
5129,lorrie49,1028,Abordable,2026-03-05
5130,thdest,1028,Abordable,2026-03-05
5131,Zokhross,1028,Abordable,2026-03-05
5132,firetif,1028,Abordable,2026-03-05
5133,loulou_lezeub,1028,Abordable,2026-03-05
5134,Vapo_____,1028,Abordable,2026-03-05
5135,charlottepst,1027,Abordable,2026-03-05
5136,betabrook,1027,Abordable,2026-03-05
5137,Malchezzar2,1027,Abordable,2026-03-05
5138,bnajou,1027,Abordable,2026-03-05
5139,nicopauls,1027,Abordable,2026-03-05
5140,Tystair,1027,Abordable,2026-03-05
5141,cedricblandin,1027,Abordable,2026-03-05
5142,kev_482,1026,Abordable,2026-03-05
5143,cherryflz,1026,Abordable,2026-03-05
5144,salutdddh,1026,Abordable,2026-03-05
5145,Gloups,1026,Abordable,2026-03-05
5146,ethanslow_,1026,Abordable,2026-03-05
5147,meteor21x,1026,Abordable,2026-03-05
5148,Namlook007,1026,Abordable,2026-03-05
5149,lorengamer89,1026,Abordable,2026-03-05
5150,eshiloe,1026,Abordable,2026-03-05
5151,falgarr,1026,Abordable,2026-03-05
5152,kiruhat_,1026,Abordable,2026-03-05
5153,romainconversin,1026,Abordable,2026-03-05
5154,haizaaki,1026,Abordable,2026-03-05
5155,MavRoche_,1025,Abordable,2026-03-05
5156,moriartt,1025,Abordable,2026-03-05
5157,nikoko,1024,Abordable,2026-03-05
5158,JPemlabier,1024,Abordable,2026-03-05
5159,ben_poisson,1024,Abordable,2026-03-05
5160,Escobarix,1023,Abordable,2026-03-05
5161,sarahbnl1,1023,Abordable,2026-03-05
5162,bobylete,1023,Abordable,2026-03-05
5163,golrad,1023,Abordable,2026-03-05
5164,susulakilleuse,1023,Abordable,2026-03-05
5165,chloe__cinnamon,1023,Abordable,2026-03-05
5166,Monsieur__K__,1023,Abordable,2026-03-05
5167,cassss2002,1023,Abordable,2026-03-05
5168,rajouOmega,1023,Abordable,2026-03-05
5169,lamyaya07,1023,Abordable,2026-03-05
5170,RequiesPace,1022,Abordable,2026-03-05
5171,marieth_2770,1022,Abordable,2026-03-05
5172,nihilisrho,1022,Abordable,2026-03-05
5173,maeli_gnd,1022,Abordable,2026-03-05
5174,stupidzigounet,1022,Abordable,2026-03-05
5175,leabzt77,1022,Abordable,2026-03-05
5176,mesmichel,1021,Abordable,2026-03-05
5177,Felixx__e,1021,Abordable,2026-03-05
5178,saeed_303,1021,Abordable,2026-03-05
5179,ArnaudFox,1021,Abordable,2026-03-05
5180,kikinoellie,1021,Abordable,2026-03-05
5181,hasegawa_madao,1021,Abordable,2026-03-05
5182,LuanGTV,1021,Abordable,2026-03-05
5183,shinji_59,1021,Abordable,2026-03-05
5184,cyrda_,1020,Abordable,2026-03-05
5185,Hisoris,1020,Abordable,2026-03-05
5186,607v6hdi,1020,Abordable,2026-03-05
5187,valtpf,1020,Abordable,2026-03-05
5188,Lorsde,1020,Abordable,2026-03-05
5189,tetedoeufdepoule,1020,Abordable,2026-03-05
5190,Z4RM,1020,Abordable,2026-03-05
5191,ggdegolfe4,1020,Abordable,2026-03-05
5192,anuyy_,1020,Abordable,2026-03-05
5193,marie_amrt,1020,Abordable,2026-03-05
5194,Asefy42,1020,Abordable,2026-03-05
5195,supmekoala,1020,Abordable,2026-03-05
5196,grosveineux85,1020,Abordable,2026-03-05
5197,laulaubeauf,1020,Abordable,2026-03-05
5198,djidji1390,1020,Abordable,2026-03-05
5199,Chqrline,1020,Abordable,2026-03-05
5200,acapulcoo_,1020,Abordable,2026-03-05
5201,BillyBeardo,1020,Abordable,2026-03-05
5202,luuuciiie,1020,Abordable,2026-03-05
5203,theolebgdu35,1019,Abordable,2026-03-05
5204,thbogl76,1019,Abordable,2026-03-05
5205,tshallan,1019,Abordable,2026-03-05
5206,jimlajungle973,1019,Abordable,2026-03-05
5207,Arkinn2,1019,Abordable,2026-03-05
5208,Darkmatt1708,1019,Abordable,2026-03-05
5209,ratchetrobs29,1019,Abordable,2026-03-05
5210,maxime_dev_23,1019,Abordable,2026-03-05
5211,nikodindon,1019,Abordable,2026-03-05
5212,sallychoute,1018,Abordable,2026-03-05
5213,apeyx37300,1018,Abordable,2026-03-05
5214,Kiraelx,1018,Abordable,2026-03-05
5215,metfedam,1018,Abordable,2026-03-05
5216,alabrosse23,1018,Abordable,2026-03-05
5217,Maximus_GDN,1018,Abordable,2026-03-05
5218,dulator147,1018,Abordable,2026-03-05
5219,dalaxie,1018,Abordable,2026-03-05
5220,kyIiann_,1018,Abordable,2026-03-05
5221,lonine72,1017,Abordable,2026-03-05
5222,paulux_75,1017,Abordable,2026-03-05
5223,Kraccoon,1017,Abordable,2026-03-05
5224,lomhy,1017,Abordable,2026-03-05
5225,lorenzomaman2,1017,Abordable,2026-03-05
5226,hpo59,1017,Abordable,2026-03-05
5227,Jaimyys,1017,Abordable,2026-03-05
5228,Rabenas,1017,Abordable,2026-03-05
5229,zuzubou,1016,Abordable,2026-03-05
5230,astrophysi_cee_ene,1016,Abordable,2026-03-05
5231,sauce_kikkoman,1016,Abordable,2026-03-05
5232,SadakoKimimura,1016,Abordable,2026-03-05
5233,viiltra,1016,Abordable,2026-03-05
5234,WeKantStop,1016,Abordable,2026-03-05
5235,Gauffragon,1016,Abordable,2026-03-05
5236,piga023,1016,Abordable,2026-03-05
5237,alix91105,1015,Abordable,2026-03-05
5238,sossaoul,1015,Abordable,2026-03-05
5239,popolp5678,1015,Abordable,2026-03-05
5240,xeliott_,1015,Abordable,2026-03-05
5241,rikku30420,1015,Abordable,2026-03-05
5242,bla473,1015,Abordable,2026-03-05
5243,dzekonomies,1015,Abordable,2026-03-05
5244,kagaux20,1014,Abordable,2026-03-05
5245,crekson,1014,Abordable,2026-03-05
5246,Pixounouille,1014,Abordable,2026-03-05
5247,tiana_bhc13,1014,Abordable,2026-03-05
5248,sixbears6,1014,Abordable,2026-03-05
5249,Jaask__,1014,Abordable,2026-03-05
5250,supertimcraft,1014,Abordable,2026-03-05
5251,ngu9572,1013,Abordable,2026-03-05
5252,mimi_inu,1013,Abordable,2026-03-05
5253,Phantominumm,1013,Abordable,2026-03-05
5254,leunachos,1013,Abordable,2026-03-05
5255,globules_fk,1013,Abordable,2026-03-05
5256,dark_side42,1013,Abordable,2026-03-05
5257,paullmrtn,1013,Abordable,2026-03-05
5258,diwine26,1013,Abordable,2026-03-05
5259,traulle,1013,Abordable,2026-03-05
5260,gigibangbang,1013,Abordable,2026-03-05
5261,Krakitoo,1013,Abordable,2026-03-05
5262,sandrasospoir,1012,Abordable,2026-03-05
5263,pinkwid0w,1012,Abordable,2026-03-05
5264,istose12,1012,Abordable,2026-03-05
5265,averageyouth,1012,Abordable,2026-03-05
5266,m9a8r7,1012,Abordable,2026-03-05
5267,un3sly,1012,Abordable,2026-03-05
5268,levraimr_trognon,1012,Abordable,2026-03-05
5269,loulekaty,1012,Abordable,2026-03-05
5270,Shogaro,1011,Abordable,2026-03-05
5271,cos_twitch,1011,Abordable,2026-03-05
5272,v_mnx,1011,Abordable,2026-03-05
5273,el0an3,1011,Abordable,2026-03-05
5274,jejewargun,1011,Abordable,2026-03-05
5275,fykotid,1011,Abordable,2026-03-05
5276,ninamnr,1010,Abordable,2026-03-05
5277,panpanixix,1010,Abordable,2026-03-05
5278,kyyz444,1010,Abordable,2026-03-05
5279,bloptius,1010,Abordable,2026-03-05
5280,layianeirea,1009,Abordable,2026-03-05
5281,ginnosss,1009,Abordable,2026-03-05
5282,andrea3974,1009,Abordable,2026-03-05
5283,Poussinock,1009,Abordable,2026-03-05
5284,Cokotier,1009,Abordable,2026-03-05
5285,sarahsz12,1009,Abordable,2026-03-05
5286,helios444,1009,Abordable,2026-03-05
5287,jento86,1009,Abordable,2026-03-05
5288,thomsko_77,1009,Abordable,2026-03-05
5289,yoalios,1009,Abordable,2026-03-05
5290,emile_rsl,1009,Abordable,2026-03-05
5291,Lumberjacky_,1009,Abordable,2026-03-05
5292,CydoniaVT,1008,Abordable,2026-03-05
5293,leroisalo,1008,Abordable,2026-03-05
5294,tiraq_,1008,Abordable,2026-03-05
5295,paahchaa,1008,Abordable,2026-03-05
5296,musaraygne,1008,Abordable,2026-03-05
5297,Thorgrimar,1008,Abordable,2026-03-05
5298,Particulle,1008,Abordable,2026-03-05
5299,eve_bds,1007,Abordable,2026-03-05
5300,littleeewolf,1007,Abordable,2026-03-05
5301,loulehibou,1007,Abordable,2026-03-05
5302,aequiii,1007,Abordable,2026-03-05
5303,cantin_77,1007,Abordable,2026-03-05
5304,dzofie,1007,Abordable,2026-03-05
5305,sniperriseur,1007,Abordable,2026-03-05
5306,kiyuq666,1007,Abordable,2026-03-05
5307,FarryHimself,1007,Abordable,2026-03-05
5308,g1ns3i,1006,Abordable,2026-03-05
5309,nagalippo,1006,Abordable,2026-03-05
5310,lakhdar1607,1006,Abordable,2026-03-05
5311,imanimii,1006,Abordable,2026-03-05
5312,deline360,1006,Abordable,2026-03-05
5313,thieuuuuthieuuuu,1006,Abordable,2026-03-05
5314,lola17017,1006,Abordable,2026-03-05
5315,Mymie1987,1005,Abordable,2026-03-05
5316,matz_flo,1005,Abordable,2026-03-05
5317,MagicSarma,1005,Abordable,2026-03-05
5318,triniteomois,1005,Abordable,2026-03-05
5319,eperw46,1005,Abordable,2026-03-05
5320,clementdjir,1005,Abordable,2026-03-05
5321,angeliiine_,1005,Abordable,2026-03-05
5322,alex73630,1005,Abordable,2026-03-05
5323,chromaison,1004,Abordable,2026-03-05
5324,owen_crb,1004,Abordable,2026-03-05
5325,tatouille31830,1004,Abordable,2026-03-05
5326,asstorm1,1004,Abordable,2026-03-05
5327,fofomaster,1003,Abordable,2026-03-05
5328,eleonoreech,1003,Abordable,2026-03-05
5329,faucond0r,1003,Abordable,2026-03-05
5330,Syron17,1003,Abordable,2026-03-05
5331,celiaato,1003,Abordable,2026-03-05
5332,asmflo64,1003,Abordable,2026-03-05
5333,kaboumza85,1003,Abordable,2026-03-05
5334,diabolitou,1003,Abordable,2026-03-05
5335,Baptist3364,1003,Abordable,2026-03-05
5336,hananais,1002,Abordable,2026-03-05
5337,aki_dvn,1002,Abordable,2026-03-05
5338,clem_entine,1002,Abordable,2026-03-05
5339,Kwadzarimon,1002,Abordable,2026-03-05
5340,lelia_charp,1002,Abordable,2026-03-05
5341,thedwarfmithril,1002,Abordable,2026-03-05
5342,xTwenkyy,1002,Abordable,2026-03-05
5343,Noddinoir,1002,Abordable,2026-03-05
5344,darknarf666,1002,Abordable,2026-03-05
5345,citronentn,1002,Abordable,2026-03-05
5346,lenygmatic,1001,Abordable,2026-03-05
5347,le_koala01,1001,Abordable,2026-03-05
5348,MrCotFish,1001,Abordable,2026-03-05
5349,mmaattd,1001,Abordable,2026-03-05
5350,The_Doctor_Brown,1001,Abordable,2026-03-05
5351,tigreguerrier,1001,Abordable,2026-03-05
5352,Olvibo,1001,Abordable,2026-03-05
5353,abraksas95,1001,Abordable,2026-03-05
5354,tiago97338,1001,Abordable,2026-03-05
5355,erazh_,1001,Abordable,2026-03-05
5356,libongo8,1001,Abordable,2026-03-05
5357,Paulsan_,1001,Abordable,2026-03-05
5358,kcinna19,1000,Abordable,2026-03-05
5359,yusledragibus,1000,Abordable,2026-03-05
5360,clemm_4,1000,Abordable,2026-03-05
5361,marbsl,1000,Abordable,2026-03-05
5362,FeedLJR,1000,Abordable,2026-03-05
5363,Sangonico21,1000,Abordable,2026-03-05
5364,ixeros_,1000,Abordable,2026-03-05
5365,alaric_jdr,999,Abordable,2026-03-05
5366,hannibaldaquin,999,Abordable,2026-03-05
5367,mae97438,999,Abordable,2026-03-05
5368,antoinepouvreau,999,Abordable,2026-03-05
5369,mylenemozza,999,Abordable,2026-03-05
5370,Cailloux_q,998,Abordable,2026-03-05
5371,MrSkorpiox,998,Abordable,2026-03-05
5372,julian12122005,998,Abordable,2026-03-05
5373,tax0une,998,Abordable,2026-03-05
5374,pookies_,998,Abordable,2026-03-05
5375,EME339,998,Abordable,2026-03-05
5376,Millay,998,Abordable,2026-03-05
5377,cowboydu75,997,Abordable,2026-03-05
5378,After_Edits,997,Abordable,2026-03-05
5379,carlota_1321,997,Abordable,2026-03-05
5380,adl83,997,Abordable,2026-03-05
5381,atmostudio,997,Abordable,2026-03-05
5382,iTom01,997,Abordable,2026-03-05
5383,kooy535,997,Abordable,2026-03-05
5384,cluxui,996,Abordable,2026-03-05
5385,poison_guy_,996,Abordable,2026-03-05
5386,christoschriss,996,Abordable,2026-03-05
5387,PierreBertran,996,Abordable,2026-03-05
5388,lolog_44,996,Abordable,2026-03-05
5389,fannyfvrg,996,Abordable,2026-03-05
5390,clemmrlt,996,Abordable,2026-03-05
5391,slaysard,996,Abordable,2026-03-05
5392,SpadoS,996,Abordable,2026-03-05
5393,Nexamus_,996,Abordable,2026-03-05
5394,lecycliste023,996,Abordable,2026-03-05
5395,Tuilespaprika,995,Abordable,2026-03-05
5396,tirciis,995,Abordable,2026-03-05
5397,LeonRillettes,995,Abordable,2026-03-05
5398,Filou_San,995,Abordable,2026-03-05
5399,lololeparigo,995,Abordable,2026-03-05
5400,abelb8,995,Abordable,2026-03-05
5401,BlackPeace,995,Abordable,2026-03-05
5402,royalbrioche,995,Abordable,2026-03-05
5403,Skivik8,995,Abordable,2026-03-05
5404,anachocolat78,995,Abordable,2026-03-05
5405,Pierokarei,995,Abordable,2026-03-05
5406,br0uti,994,Abordable,2026-03-05
5407,not4kids_,994,Abordable,2026-03-05
5408,atchoum3456,994,Abordable,2026-03-05
5409,anaelledpuy,994,Abordable,2026-03-05
5410,piecout,994,Abordable,2026-03-05
5411,juuuuuryy,994,Abordable,2026-03-05
5412,parfait_inconnu,994,Abordable,2026-03-05
5413,florent_mvy,994,Abordable,2026-03-05
5414,oriane2409,994,Abordable,2026-03-05
5415,aika1912,994,Abordable,2026-03-05
5416,Mbaptiste20,993,Abordable,2026-03-05
5417,Tohkar,993,Abordable,2026-03-05
5418,nicoyon29,993,Abordable,2026-03-05
5419,neptune_and_co,993,Abordable,2026-03-05
5420,Organicbro666,993,Abordable,2026-03-05
5421,lagigacoc,992,Abordable,2026-03-05
5422,moana004,992,Abordable,2026-03-05
5423,DianeHn,992,Abordable,2026-03-05
5424,clmnt_mntr,992,Abordable,2026-03-05
5425,florelys_27,992,Abordable,2026-03-05
5426,justine_2956,992,Abordable,2026-03-05
5427,nefeit_rl,992,Abordable,2026-03-05
5428,zetla7,992,Abordable,2026-03-05
5429,ben_643,992,Abordable,2026-03-05
5430,misteralex2112,992,Abordable,2026-03-05
5431,valentinechnl1234,992,Abordable,2026-03-05
5432,CelestiaInStars,992,Abordable,2026-03-05
5433,Nevarem,992,Abordable,2026-03-05
5434,RampiProd,991,Abordable,2026-03-05
5435,doriangvrt,991,Abordable,2026-03-05
5436,alizeemonti,991,Abordable,2026-03-05
5437,camillezn0706,991,Abordable,2026-03-05
5438,emiyy17,991,Abordable,2026-03-05
5439,chantaldes2506,991,Abordable,2026-03-05
5440,istiis,991,Abordable,2026-03-05
5441,marindargent,990,Abordable,2026-03-05
5442,mohabb38,990,Abordable,2026-03-05
5443,Tarkhol,990,Abordable,2026-03-05
5444,debdebmushi,990,Abordable,2026-03-05
5445,ritanosk,990,Abordable,2026-03-05
5446,KidzyQH,990,Abordable,2026-03-05
5447,vincenzo35230,990,Abordable,2026-03-05
5448,mariec_r,990,Abordable,2026-03-05
5449,WillouDelWillou,990,Abordable,2026-03-05
5450,frogii_ii,990,Abordable,2026-03-05
5451,lolideluxe,990,Abordable,2026-03-05
5452,manondjool,990,Abordable,2026-03-05
5453,K4zuM4t,990,Abordable,2026-03-05
5454,Wylness,990,Abordable,2026-03-05
5455,zetaxc25,990,Abordable,2026-03-05
5456,mat__bln,990,Abordable,2026-03-05
5457,yeger___,989,Abordable,2026-03-05
5458,filmo_,989,Abordable,2026-03-05
5459,deudeuneuneu,989,Abordable,2026-03-05
5460,Ellipsx,989,Abordable,2026-03-05
5461,ZazouTheBird,989,Abordable,2026-03-05
5462,UnePtiteMarie,989,Abordable,2026-03-05
5463,WalkCrow,989,Abordable,2026-03-05
5464,Benenuts23,988,Abordable,2026-03-05
5465,anthosdrn,988,Abordable,2026-03-05
5466,loic_sta,988,Abordable,2026-03-05
5467,elPebzer,988,Abordable,2026-03-05
5468,fostinesar,988,Abordable,2026-03-05
5469,wind57050,988,Abordable,2026-03-05
5470,liyu06,987,Abordable,2026-03-05
5471,feuszefeus,987,Abordable,2026-03-05
5472,lipulo,987,Abordable,2026-03-05
5473,owlwest,987,Abordable,2026-03-05
5474,lzouc,987,Abordable,2026-03-05
5475,looyze03,987,Abordable,2026-03-05
5476,cloe_dh,987,Abordable,2026-03-05
5477,fanywise17,987,Abordable,2026-03-05
5478,Taciturne4463,987,Abordable,2026-03-05
5479,sniif_,987,Abordable,2026-03-05
5480,dinahollz,986,Abordable,2026-03-05
5481,noah7609,986,Abordable,2026-03-05
5482,poliloutre,986,Abordable,2026-03-05
5483,glebouch,986,Abordable,2026-03-05
5484,escanors7s,986,Abordable,2026-03-05
5485,minimath13,986,Abordable,2026-03-05
5486,emie_qssc,986,Abordable,2026-03-05
5487,dynamite_coc,986,Abordable,2026-03-05
5488,dr4kness_,986,Abordable,2026-03-05
5489,marioneliden,986,Abordable,2026-03-05
5490,Miffor26,985,Abordable,2026-03-05
5491,emilie_pre,985,Abordable,2026-03-05
5492,sarahthr,985,Abordable,2026-03-05
5493,backstaaab,985,Abordable,2026-03-05
5494,cmoiemo,985,Abordable,2026-03-05
5495,laujaty,985,Abordable,2026-03-05
5496,jonycantos,985,Abordable,2026-03-05
5497,lucilecdt,985,Abordable,2026-03-05
5498,xLe0_,985,Abordable,2026-03-05
5499,Chachoudiles,984,Abordable,2026-03-05
5500,jmichellllll,984,Abordable,2026-03-05
5501,dabdabe,984,Abordable,2026-03-05
5502,pac_max,984,Abordable,2026-03-05
5503,ayoo231211,983,Abordable,2026-03-05
5504,papylebrave,983,Abordable,2026-03-05
5505,leo7128,983,Abordable,2026-03-05
5506,pauline_dlvl,983,Abordable,2026-03-05
5507,eli_3653289,983,Abordable,2026-03-05
5508,hugom64,983,Abordable,2026-03-05
5509,meliliine,983,Abordable,2026-03-05
5510,anna_dchs,983,Abordable,2026-03-05
5511,alexus_369,983,Abordable,2026-03-05
5512,evantocarlos,983,Abordable,2026-03-05
5513,azerek_,983,Abordable,2026-03-05
5514,flo_oo00,983,Abordable,2026-03-05
5515,yoshii__16,982,Abordable,2026-03-05
5516,eliso30,982,Abordable,2026-03-05
5517,Samoussam,982,Abordable,2026-03-05
5518,clementrsl21,982,Abordable,2026-03-05
5519,regenbogen483,982,Abordable,2026-03-05
5520,vincentluc14,982,Abordable,2026-03-05
5521,difiit,981,Abordable,2026-03-05
5522,dbu67,981,Abordable,2026-03-05
5523,jln_zoe,981,Abordable,2026-03-05
5524,ouibonjourallo,981,Abordable,2026-03-05
5525,lhea_b,981,Abordable,2026-03-05
5526,Wilkouse,981,Abordable,2026-03-05
5527,Shyyx44,981,Abordable,2026-03-05
5528,violetterhr,981,Abordable,2026-03-05
5529,Guyak,981,Abordable,2026-03-05
5530,bapttttttttttttt,981,Abordable,2026-03-05
5531,Leroms1,981,Abordable,2026-03-05
5532,lucilecln,981,Abordable,2026-03-05
5533,keryoma,980,Abordable,2026-03-05
5534,bloupsi1036,980,Abordable,2026-03-05
5535,flolepetitflocon,980,Abordable,2026-03-05
5536,what_the_feuj,980,Abordable,2026-03-05
5537,zayfire,980,Abordable,2026-03-05
5538,Swingrummi,980,Abordable,2026-03-05
5539,babarne_,980,Abordable,2026-03-05
5540,melosb23,980,Abordable,2026-03-05
5541,Fruytix,979,Abordable,2026-03-05
5542,lenalbc22,979,Abordable,2026-03-05
5543,maers91,979,Abordable,2026-03-05
5544,mc0632,979,Abordable,2026-03-05
5545,timojs63,979,Abordable,2026-03-05
5546,colombef,979,Abordable,2026-03-05
5547,AlphaH3lo,979,Abordable,2026-03-05
5548,M2_R6s,979,Abordable,2026-03-05
5549,HerrEks,979,Abordable,2026-03-05
5550,Nepthib,978,Abordable,2026-03-05
5551,astri166,978,Abordable,2026-03-05
5552,Siromenthe,978,Abordable,2026-03-05
5553,cellinnem,978,Abordable,2026-03-05
5554,PandaBaaka,978,Abordable,2026-03-05
5555,sebastienosaurus_recx,978,Abordable,2026-03-05
5556,Fass2Pet,978,Abordable,2026-03-05
5557,dragulios,978,Abordable,2026-03-05
5558,marjuxx,977,Abordable,2026-03-05
5559,jorie78,977,Abordable,2026-03-05
5560,sacha_jhd,977,Abordable,2026-03-05
5561,csasniper1993,977,Abordable,2026-03-05
5562,amkuwu_,977,Abordable,2026-03-05
5563,lechatdelanuit,977,Abordable,2026-03-05
5564,rousselix_,977,Abordable,2026-03-05
5565,eldon_94,976,Abordable,2026-03-05
5566,Kriptoneo,976,Abordable,2026-03-05
5567,elsa_st_mrt,976,Abordable,2026-03-05
5568,wiikiix,976,Abordable,2026-03-05
5569,herefor_reasons,976,Abordable,2026-03-05
5570,xavh28,976,Abordable,2026-03-05
5571,yayy40,976,Abordable,2026-03-05
5572,Eeridann,976,Abordable,2026-03-05
5573,Ryma03,976,Abordable,2026-03-05
5574,Somhokie,976,Abordable,2026-03-05
5575,pasfandeoliviergiroud,976,Abordable,2026-03-05
5576,hadrien2311,975,Abordable,2026-03-05
5577,alex_gb7,975,Abordable,2026-03-05
5578,LaVendeuseDeSel_,975,Abordable,2026-03-05
5579,qghr_,975,Abordable,2026-03-05
5580,xeraatys,975,Abordable,2026-03-05
5581,Zlu_glu,975,Abordable,2026-03-05
5582,noxaled,975,Abordable,2026-03-05
5583,larbex10,974,Abordable,2026-03-05
5584,time_llord,974,Abordable,2026-03-05
5585,KC_Xendrem,974,Abordable,2026-03-05
5586,DVSN_KNightmare,974,Abordable,2026-03-05
5587,etducoup,973,Abordable,2026-03-05
5588,Z_Blaast,973,Abordable,2026-03-05
5589,alexpns41,973,Abordable,2026-03-05
5590,ifsci0s,973,Abordable,2026-03-05
5591,oceaneo2005,973,Abordable,2026-03-05
5592,comep8,973,Abordable,2026-03-05
5593,laineme69,973,Abordable,2026-03-05
5594,speeedy_studios,973,Abordable,2026-03-05
5595,embbbo,972,Abordable,2026-03-05
5596,thekan_antexis,972,Abordable,2026-03-05
5597,SaugeBleu,972,Abordable,2026-03-05
5598,true_horacio,972,Abordable,2026-03-05
5599,19emericrac19,972,Abordable,2026-03-05
5600,n_7_95,972,Abordable,2026-03-05
5601,TransiIvanya_,972,Abordable,2026-03-05
5602,Kiryuu_Chan,972,Abordable,2026-03-05
5603,justinelng,972,Abordable,2026-03-05
5604,yanisgobin21,972,Abordable,2026-03-05
5605,ppdpjuju,972,Abordable,2026-03-05
5606,chloum33,972,Abordable,2026-03-05
5607,garriesk,972,Abordable,2026-03-05
5608,TeXxirozZ,972,Abordable,2026-03-05
5609,leenvisible,972,Abordable,2026-03-05
5610,Ayume_Yuko,971,Abordable,2026-03-05
5611,gab_0235,971,Abordable,2026-03-05
5612,rosie_pinkie,971,Abordable,2026-03-05
5613,sphinx355,971,Abordable,2026-03-05
5614,Kingsoloman78,971,Abordable,2026-03-05
5615,r1lejal,970,Abordable,2026-03-05
5616,enirual0404,970,Abordable,2026-03-05
5617,ereysie,970,Abordable,2026-03-05
5618,anthonjut44,970,Abordable,2026-03-05
5619,nolan__011,970,Abordable,2026-03-05
5620,kalaneombre,970,Abordable,2026-03-05
5621,alexandresazy,970,Abordable,2026-03-05
5622,12yboke,970,Abordable,2026-03-05
5623,imevolution1x,970,Abordable,2026-03-05
5624,Leenoo__,970,Abordable,2026-03-05
5625,Vheron_,970,Abordable,2026-03-05
5626,mx2gunrs,970,Abordable,2026-03-05
5627,jeanlion78,970,Abordable,2026-03-05
5628,ilrux,969,Abordable,2026-03-05
5629,mathou_brb,969,Abordable,2026-03-05
5630,Kreavy,969,Abordable,2026-03-05
5631,Almo_le_trublion,969,Abordable,2026-03-05
5632,Roupuch,969,Abordable,2026-03-05
5633,lisauline,969,Abordable,2026-03-05
5634,claradch27,969,Abordable,2026-03-05
5635,ThorgalARG,969,Abordable,2026-03-05
5636,Plo44,969,Abordable,2026-03-05
5637,mariuslscl,968,Abordable,2026-03-05
5638,oxygenguigui,968,Abordable,2026-03-05
5639,brn_karine05,968,Abordable,2026-03-05
5640,carltipout,968,Abordable,2026-03-05
5641,jujusail,968,Abordable,2026-03-05
5642,wintallkers,967,Abordable,2026-03-05
5643,manypiment,967,Abordable,2026-03-05
5644,matthisbienfait,967,Abordable,2026-03-05
5645,Sachad_,967,Abordable,2026-03-05
5646,Ananassassin,967,Abordable,2026-03-05
5647,estarossaaa18,967,Abordable,2026-03-05
5648,nldp_,967,Abordable,2026-03-05
5649,moutontuf,967,Abordable,2026-03-05
5650,leRandom___,967,Abordable,2026-03-05
5651,cissou3324,966,Abordable,2026-03-05
5652,durifzer,966,Abordable,2026-03-05
5653,roolerfan,966,Abordable,2026-03-05
5654,Kamaruuu_,966,Abordable,2026-03-05
5655,ophe_j,966,Abordable,2026-03-05
5656,Daurihan,966,Abordable,2026-03-05
5657,dryamate,966,Abordable,2026-03-05
5658,hansftn,966,Abordable,2026-03-05
5659,oj_dag,965,Abordable,2026-03-05
5660,eqilibr,965,Abordable,2026-03-05
5661,antofwar_,965,Abordable,2026-03-05
5662,yagarasa,965,Abordable,2026-03-05
5663,SLB_Rico,965,Abordable,2026-03-05
5664,mammy_buisson,965,Abordable,2026-03-05
5665,Dodoace,965,Abordable,2026-03-05
5666,RuxMy,965,Abordable,2026-03-05
5667,Grabape,965,Abordable,2026-03-05
5668,Kotaplasm,965,Abordable,2026-03-05
5669,clementm31,964,Abordable,2026-03-05
5670,oumsafiya69,964,Abordable,2026-03-05
5671,thomxs10,964,Abordable,2026-03-05
5672,panda_roux02,964,Abordable,2026-03-05
5673,AelloEinomrah,963,Abordable,2026-03-05
5674,thom_s23,963,Abordable,2026-03-05
5675,nanouma34,963,Abordable,2026-03-05
5676,Max0ver,963,Abordable,2026-03-05
5677,rodeo2a,963,Abordable,2026-03-05
5678,ehmelon,963,Abordable,2026-03-05
5679,foulimage,963,Abordable,2026-03-05
5680,zaceru,962,Abordable,2026-03-05
5681,calibandalsal,962,Abordable,2026-03-05
5682,guillaume841,962,Abordable,2026-03-05
5683,sortt2,962,Abordable,2026-03-05
5684,technologie06,962,Abordable,2026-03-05
5685,XxXTheDarkLicorne42XxX,962,Abordable,2026-03-05
5686,champyjk,962,Abordable,2026-03-05
5687,lynamdn,961,Abordable,2026-03-05
5688,karax18,961,Abordable,2026-03-05
5689,jeckl__,961,Abordable,2026-03-05
5690,lucylel9,961,Abordable,2026-03-05
5691,OUGOUGOUG,961,Abordable,2026-03-05
5692,val_x,961,Abordable,2026-03-05
5693,athenaprovence,961,Abordable,2026-03-05
5694,defal__,961,Abordable,2026-03-05
5695,SpectrimBP,960,Abordable,2026-03-05
5696,ceedgers,960,Abordable,2026-03-05
5697,HerleyPan,960,Abordable,2026-03-05
5698,Elmire_,960,Abordable,2026-03-05
5699,parabellumen,960,Abordable,2026-03-05
5700,llampion,960,Abordable,2026-03-05
5701,LuckyNipples,960,Abordable,2026-03-05
5702,EmkirTano,960,Abordable,2026-03-05
5703,Vlaixo,960,Abordable,2026-03-05
5704,utoooopie,960,Abordable,2026-03-05
5705,lea_vndr,960,Abordable,2026-03-05
5706,ABL3000,960,Abordable,2026-03-05
5707,roarslan,959,Abordable,2026-03-05
5708,cost159,959,Abordable,2026-03-05
5709,skydred2424,959,Abordable,2026-03-05
5710,doudfffff,959,Abordable,2026-03-05
5711,snetremo,959,Abordable,2026-03-05
5712,HBRG_LoupXray,959,Abordable,2026-03-05
5713,dumadu_7,959,Abordable,2026-03-05
5714,romensco10,959,Abordable,2026-03-05
5715,morg_aane,959,Abordable,2026-03-05
5716,mjlaucian,958,Abordable,2026-03-05
5717,Goldeenchicken,958,Abordable,2026-03-05
5718,shark_xpert,958,Abordable,2026-03-05
5719,r052525252,958,Abordable,2026-03-05
5720,halco_o,958,Abordable,2026-03-05
5721,fanniliphant,958,Abordable,2026-03-05
5722,clemento__,958,Abordable,2026-03-05
5723,manon_itak,958,Abordable,2026-03-05
5724,vorssler,958,Abordable,2026-03-05
5725,yannchodecuba,957,Abordable,2026-03-05
5726,lr_smr12,957,Abordable,2026-03-05
5727,Sunnnyy_,957,Abordable,2026-03-05
5728,matchoum_5,957,Abordable,2026-03-05
5729,nath84000,957,Abordable,2026-03-05
5730,mar_yen,957,Abordable,2026-03-05
5731,MrYannSan,957,Abordable,2026-03-05
5732,drdcclem,956,Abordable,2026-03-05
5733,OlySheep,956,Abordable,2026-03-05
5734,fourchette_44,956,Abordable,2026-03-05
5735,cleeeeeemb,956,Abordable,2026-03-05
5736,Brice2Nils,956,Abordable,2026-03-05
5737,yoyo_le_puant,956,Abordable,2026-03-05
5738,Oshiina_,956,Abordable,2026-03-05
5739,mangue1367,956,Abordable,2026-03-05
5740,calvassepower,956,Abordable,2026-03-05
5741,impala1305,956,Abordable,2026-03-05
5742,lilitous23,956,Abordable,2026-03-05
5743,lilyymaya21,956,Abordable,2026-03-05
5744,Sangsue_Alitee,956,Abordable,2026-03-05
5745,TontonBuck,955,Abordable,2026-03-05
5746,yaonxv,955,Abordable,2026-03-05
5747,aaalliiccee,955,Abordable,2026-03-05
5748,chrichri_cq,955,Abordable,2026-03-05
5749,topaze2008,955,Abordable,2026-03-05
5750,Juze_0,955,Abordable,2026-03-05
5751,poupiwi,955,Abordable,2026-03-05
5752,cramptex,954,Abordable,2026-03-05
5753,melamamie,954,Abordable,2026-03-05
5754,Kisholegum,954,Abordable,2026-03-05
5755,Itaque,954,Abordable,2026-03-05
5756,EmN1ght,954,Abordable,2026-03-05
5757,Atoms974,953,Abordable,2026-03-05
5758,TheoMoCapaldi,953,Abordable,2026-03-05
5759,fraufort,953,Abordable,2026-03-05
5760,minidefalo,953,Abordable,2026-03-05
5761,gaazwaal,953,Abordable,2026-03-05
5762,Warni_,953,Abordable,2026-03-05
5763,Ukiera,953,Abordable,2026-03-05
5764,toxadaz,953,Abordable,2026-03-05
5765,orlanegym4,953,Abordable,2026-03-05
5766,j0n77,953,Abordable,2026-03-05
5767,n4tsum3__,953,Abordable,2026-03-05
5768,lyrtimev2,953,Abordable,2026-03-05
5769,louwkaas,953,Abordable,2026-03-05
5770,CivilViperYT,953,Abordable,2026-03-05
5771,margalchakal,952,Abordable,2026-03-05
5772,mantequillast,952,Abordable,2026-03-05
5773,arsirezz,952,Abordable,2026-03-05
5774,cmilloch,952,Abordable,2026-03-05
5775,selma_elq,952,Abordable,2026-03-05
5776,lecrvyuo,951,Abordable,2026-03-05
5777,ShiNiGaMii30,951,Abordable,2026-03-05
5778,FLLAT_,951,Abordable,2026-03-05
5779,calouxwitch,951,Abordable,2026-03-05
5780,guide_sentier,951,Abordable,2026-03-05
5781,StarTheTop,951,Abordable,2026-03-05
5782,pluto_090708,951,Abordable,2026-03-05
5783,Raph_704,951,Abordable,2026-03-05
5784,deep_hoax,950,Abordable,2026-03-05
5785,slaxze2,950,Abordable,2026-03-05
5786,oshuhhh,950,Abordable,2026-03-05
5787,ItebZz_,950,Abordable,2026-03-05
5788,SoBgd,950,Abordable,2026-03-05
5789,in_draa,950,Abordable,2026-03-05
5790,Gloubi69,950,Abordable,2026-03-05
5791,nicovega76,950,Abordable,2026-03-05
5792,Stolgatt,950,Abordable,2026-03-05
5793,YuriiVGR,950,Abordable,2026-03-05
5794,klara_0711,950,Abordable,2026-03-05
5795,leo2900,949,Abordable,2026-03-05
5796,Clemmenntt,949,Abordable,2026-03-05
5797,louis_lsg,949,Abordable,2026-03-05
5798,TheNewChemist,949,Abordable,2026-03-05
5799,cella3e,949,Abordable,2026-03-05
5800,leia4137,949,Abordable,2026-03-05
5801,carefreechart,949,Abordable,2026-03-05
5802,cybernetic85,949,Abordable,2026-03-05
5803,OziGamer59,949,Abordable,2026-03-05
5804,Kayneth_dev,948,Abordable,2026-03-05
5805,mwaelle,948,Abordable,2026-03-05
5806,NicoNey,947,Abordable,2026-03-05
5807,la_louve86,947,Abordable,2026-03-05
5808,ImJoe_King,947,Abordable,2026-03-05
5809,levanort,947,Abordable,2026-03-05
5810,ludo594401,947,Abordable,2026-03-05
5811,MethEnFait,947,Abordable,2026-03-05
5812,petitbol_,946,Abordable,2026-03-05
5813,lad51,946,Abordable,2026-03-05
5814,clemdefreu,946,Abordable,2026-03-05
5815,crovore,946,Abordable,2026-03-05
5816,tvX3NON,946,Abordable,2026-03-05
5817,felagoth,946,Abordable,2026-03-05
5818,eliaator30,945,Abordable,2026-03-05
5819,valoulalala,945,Abordable,2026-03-05
5820,corfeazz,945,Abordable,2026-03-05
5821,icyfox_08,945,Abordable,2026-03-05
5822,shaliyana15212,945,Abordable,2026-03-05
5823,bmaufrais,945,Abordable,2026-03-05
5824,the_gros_rat,945,Abordable,2026-03-05
5825,rustyju2,945,Abordable,2026-03-05
5826,Valouu_LOL,945,Abordable,2026-03-05
5827,maxtrizz,945,Abordable,2026-03-05
5828,poule655,945,Abordable,2026-03-05
5829,tan__ki,944,Abordable,2026-03-05
5830,zazette40,944,Abordable,2026-03-05
5831,RobertPlatine,944,Abordable,2026-03-05
5832,arthur20171066,944,Abordable,2026-03-05
5833,dellybellules,944,Abordable,2026-03-05
5834,fufut,944,Abordable,2026-03-05
5835,Ironfirst_ow,944,Abordable,2026-03-05
5836,Dalekan,944,Abordable,2026-03-05
5837,Gougou05D,944,Abordable,2026-03-05
5838,maellementaire,944,Abordable,2026-03-05
5839,achonx51,944,Abordable,2026-03-05
5840,bastien_pasquier28,944,Abordable,2026-03-05
5841,ringo_65,944,Abordable,2026-03-05
5842,tuturst,943,Abordable,2026-03-05
5843,DeuxAiles,943,Abordable,2026-03-05
5844,hut096,943,Abordable,2026-03-05
5845,timelessmacaroni,943,Abordable,2026-03-05
5846,DJK_F,943,Abordable,2026-03-05
5847,anthoo_1705,943,Abordable,2026-03-05
5848,asterie__,943,Abordable,2026-03-05
5849,Crikxi,943,Abordable,2026-03-05
5850,p3eeps,943,Abordable,2026-03-05
5851,gogo_cvt,943,Abordable,2026-03-05
5852,rosdoxx,943,Abordable,2026-03-05
5853,tatianabibiche,943,Abordable,2026-03-05
5854,multicolorous,943,Abordable,2026-03-05
5855,rowix_la_baltringue,943,Abordable,2026-03-05
5856,Riiths,943,Abordable,2026-03-05
5857,joypolo,943,Abordable,2026-03-05
5858,thecosmicgoat_nya,942,Abordable,2026-03-05
5859,marius_rc,942,Abordable,2026-03-05
5860,dante42600,942,Abordable,2026-03-05
5861,emmacarenaaa12,942,Abordable,2026-03-05
5862,chris_magic_,942,Abordable,2026-03-05
5863,Traquenard,941,Abordable,2026-03-05
5864,xRoublard,941,Abordable,2026-03-05
5865,LeonDeFoudre,941,Abordable,2026-03-05
5866,T0IT0INE__,941,Abordable,2026-03-05
5867,rontidju,941,Abordable,2026-03-05
5868,antou_2305,940,Abordable,2026-03-05
5869,cassocios,939,Abordable,2026-03-05
5870,Jalaga,939,Abordable,2026-03-05
5871,FlavienSR,939,Abordable,2026-03-05
5872,clarycems23,939,Abordable,2026-03-05
5873,Dodolechat,939,Abordable,2026-03-05
5874,jacquzi,939,Abordable,2026-03-05
5875,Neivenz,939,Abordable,2026-03-05
5876,qualouche24,938,Abordable,2026-03-05
5877,lezherospoint,938,Abordable,2026-03-05
5878,bnk3rrr,938,Abordable,2026-03-05
5879,camillesln,937,Abordable,2026-03-05
5880,jefaispeuralafoule,937,Abordable,2026-03-05
5881,L0upin0uuu,937,Abordable,2026-03-05
5882,claudiegmlove,937,Abordable,2026-03-05
5883,zooze59,937,Abordable,2026-03-05
5884,lucie250903,937,Abordable,2026-03-05
5885,Asm0ze,936,Abordable,2026-03-05
5886,Alexdr_sle,936,Abordable,2026-03-05
5887,alfonsov2,936,Abordable,2026-03-05
5888,parti_chercher_du_pain,936,Abordable,2026-03-05
5889,fonlavesqui,936,Abordable,2026-03-05
5890,mmsth227valley,935,Abordable,2026-03-05
5891,saumon_fretillant,935,Abordable,2026-03-05
5892,yannisznt,935,Abordable,2026-03-05
5893,sanaga682,935,Abordable,2026-03-05
5894,Fikdaan,935,Abordable,2026-03-05
5895,Dreamlander63,934,Abordable,2026-03-05
5896,fixtib,934,Abordable,2026-03-05
5897,loicmpax,934,Abordable,2026-03-05
5898,geo2max_,934,Abordable,2026-03-05
5899,farlgerann,934,Abordable,2026-03-05
5900,theoLM6,934,Abordable,2026-03-05
5901,z44444kk,934,Abordable,2026-03-05
5902,raphoupedr,934,Abordable,2026-03-05
5903,totosch987,934,Abordable,2026-03-05
5904,siana23092000,934,Abordable,2026-03-05
5905,tiny_slippers,934,Abordable,2026-03-05
5906,akpoivre_,934,Abordable,2026-03-05
5907,michellegros,934,Abordable,2026-03-05
5908,Enorme_Daube,933,Abordable,2026-03-05
5909,ytr3w,933,Abordable,2026-03-05
5910,lechevalgeek,933,Abordable,2026-03-05
5911,Axah_,933,Abordable,2026-03-05
5912,the_miror2,933,Abordable,2026-03-05
5913,wronsky2694,933,Abordable,2026-03-05
5914,jeannedelneste,933,Abordable,2026-03-05
5915,Zarwantis,933,Abordable,2026-03-05
5916,anton_cdf,932,Abordable,2026-03-05
5917,Le_Curry_,932,Abordable,2026-03-05
5918,drdankmensional,932,Abordable,2026-03-05
5919,alex6344,932,Abordable,2026-03-05
5920,Caelly_,932,Abordable,2026-03-05
5921,Im_Moat,932,Abordable,2026-03-05
5922,clarinettepouette2,932,Abordable,2026-03-05
5923,Satsuki_Hyphen,931,Abordable,2026-03-05
5924,tiikaylie,931,Abordable,2026-03-05
5925,guetguet20,931,Abordable,2026-03-05
5926,shomyko,931,Abordable,2026-03-05
5927,Galaxy541,931,Abordable,2026-03-05
5928,Lesathus,931,Abordable,2026-03-05
5929,ElfeTheKing,931,Abordable,2026-03-05
5930,Gurgarath,930,Abordable,2026-03-05
5931,malorie1023,930,Abordable,2026-03-05
5932,mxmahe,930,Abordable,2026-03-05
5933,JusteCruse,930,Abordable,2026-03-05
5934,pierre_lny8,930,Abordable,2026-03-05
5935,boris3363,930,Abordable,2026-03-05
5936,Kawafu_,930,Abordable,2026-03-05
5937,noemiiiechess,930,Abordable,2026-03-05
5938,NaNoBlazeTV,930,Abordable,2026-03-05
5939,jul_fls,930,Abordable,2026-03-05
5940,Romiche_SGN,930,Abordable,2026-03-05
5941,tgrey26,930,Abordable,2026-03-05
5942,corentinnn_,930,Abordable,2026-03-05
5943,araahan,930,Abordable,2026-03-05
5944,monkeysthar,930,Abordable,2026-03-05
5945,blondinette85,930,Abordable,2026-03-05
5946,DarkJambonator,930,Abordable,2026-03-05
5947,sheepmxn,930,Abordable,2026-03-05
5948,maheru_,930,Abordable,2026-03-05
5949,Sloty_56,929,Abordable,2026-03-05
5950,ccandylene,929,Abordable,2026-03-05
5951,fluxxyew_,929,Abordable,2026-03-05
5952,elisaaarsenic,929,Abordable,2026-03-05
5953,alboukerke,929,Abordable,2026-03-05
5954,druidenaif,929,Abordable,2026-03-05
5955,Papitiery,929,Abordable,2026-03-05
5956,nico14_twitch,929,Abordable,2026-03-05
5957,dayzarak,928,Abordable,2026-03-05
5958,davy_53,928,Abordable,2026-03-05
5959,Thyme_lol,928,Abordable,2026-03-05
5960,dibz_94,928,Abordable,2026-03-05
5961,tutusse_01,928,Abordable,2026-03-05
5962,Allender_,928,Abordable,2026-03-05
5963,melman3107,927,Abordable,2026-03-05
5964,henchard31,927,Abordable,2026-03-05
5965,julioooooooooos,927,Abordable,2026-03-05
5966,Guespenguel,927,Abordable,2026-03-05
5967,ThidPiloup,927,Abordable,2026-03-05
5968,carladfr17,927,Abordable,2026-03-05
5969,clemzettoune,927,Abordable,2026-03-05
5970,PeroStriker,927,Abordable,2026-03-05
5971,balocroute,926,Abordable,2026-03-05
5972,Soudjay,926,Abordable,2026-03-05
5973,yazrod21,926,Abordable,2026-03-05
5974,vaherro,926,Abordable,2026-03-05
5975,thomascir97,926,Abordable,2026-03-05
5976,hugh0st06,926,Abordable,2026-03-05
5977,onestufflevrai,926,Abordable,2026-03-05
5978,SuperHBG,926,Abordable,2026-03-05
5979,celest1802,926,Abordable,2026-03-05
5980,FTN1814,926,Abordable,2026-03-05
5981,Boatisator,926,Abordable,2026-03-05
5982,mayabeille1510,925,Abordable,2026-03-05
5983,lucasuall,925,Abordable,2026-03-05
5984,meglyne,925,Abordable,2026-03-05
5985,pingouin_sourd,925,Abordable,2026-03-05
5986,ShowtimeXIII,925,Abordable,2026-03-05
5987,yaznari05,925,Abordable,2026-03-05
5988,worstps5player,925,Abordable,2026-03-05
5989,Duckkaebi,924,Abordable,2026-03-05
5990,alex_lefeu,924,Abordable,2026-03-05
5991,duup___,924,Abordable,2026-03-05
5992,Thenaluna,924,Abordable,2026-03-05
5993,GreenSnakeN,924,Abordable,2026-03-05
5994,tetarte55,924,Abordable,2026-03-05
5995,liuiseee,924,Abordable,2026-03-05
5996,Sinoda9145,924,Abordable,2026-03-05
5997,Olivheart,923,Abordable,2026-03-05
5998,tatol92,923,Abordable,2026-03-05
5999,pollukse,923,Abordable,2026-03-05
6000,hyppna,923,Abordable,2026-03-05
6001,Hinochi_,923,Abordable,2026-03-05
6002,loulou080677,923,Abordable,2026-03-05
6003,cassou182,923,Abordable,2026-03-05
6004,lelivrequiecrit,923,Abordable,2026-03-05
6005,Hug1320,923,Abordable,2026-03-05
6006,zozo43_,923,Abordable,2026-03-05
6007,lorentin_hs,923,Abordable,2026-03-05
6008,maloche_,923,Abordable,2026-03-05
6009,z_soodz_a,923,Abordable,2026-03-05
6010,evanatillas,922,Abordable,2026-03-05
6011,EmudDemasic,922,Abordable,2026-03-05
6012,chatwist22,922,Abordable,2026-03-05
6013,nokrozz,922,Abordable,2026-03-05
6014,Draks05,922,Abordable,2026-03-05
6015,tristzerr,922,Abordable,2026-03-05
6016,PetitEcureuil,922,Abordable,2026-03-05
6017,gripsou75,922,Abordable,2026-03-05
6018,stephbern_,922,Abordable,2026-03-05
6019,will72240,922,Abordable,2026-03-05
6020,cocopipelette,922,Abordable,2026-03-05
6021,cocopipelette,922,Abordable,2026-03-05
6022,Synchr0nes,922,Abordable,2026-03-05
6023,lukastud07,922,Abordable,2026-03-05
6024,dann_35,921,Abordable,2026-03-05
6025,lufffffyyyyy,921,Abordable,2026-03-05
6026,Floco_YT,921,Abordable,2026-03-05
6027,toxxinswitch,921,Abordable,2026-03-05
6028,grincgrinc,921,Abordable,2026-03-05
6029,0possam,920,Abordable,2026-03-05
6030,elsa_nae,920,Abordable,2026-03-05
6031,SkizoQuiche,920,Abordable,2026-03-05
6032,tomtouch_,920,Abordable,2026-03-05
6033,noVinnieshere,920,Abordable,2026-03-05
6034,Kalepom,920,Abordable,2026-03-05
6035,VS_Lazuli,919,Abordable,2026-03-05
6036,icebibird,919,Abordable,2026-03-05
6037,Antho_Clacos,919,Abordable,2026-03-05
6038,guiguicraft62,919,Abordable,2026-03-05
6039,granolan08,919,Abordable,2026-03-05
6040,miamulus,919,Abordable,2026-03-05
6041,Maneex__,918,Abordable,2026-03-05
6042,rems_747,918,Abordable,2026-03-05
6043,okayuu_,918,Abordable,2026-03-05
6044,KC_Thi,918,Abordable,2026-03-05
6045,elsa_s23,917,Abordable,2026-03-05
6046,meennttooss,917,Abordable,2026-03-05
6047,tittttiiiii,917,Abordable,2026-03-05
6048,perejosephine,917,Abordable,2026-03-05
6049,nolwennhkn,917,Abordable,2026-03-05
6050,colineluffy,917,Abordable,2026-03-05
6051,fujative,917,Abordable,2026-03-05
6052,multicut,917,Abordable,2026-03-05
6053,emimi09,917,Abordable,2026-03-05
6054,hippopow,917,Abordable,2026-03-05
6055,ArTyKZz,917,Abordable,2026-03-05
6056,Shaaru_,917,Abordable,2026-03-05
6057,Flo_28_gdn,916,Abordable,2026-03-05
6058,Wiizmaa,916,Abordable,2026-03-05
6059,trix_g1,916,Abordable,2026-03-05
6060,cleliebeum,916,Abordable,2026-03-05
6061,BlastZog,916,Abordable,2026-03-05
6062,saiko_reiji,916,Abordable,2026-03-05
6063,reysmeliodas,916,Abordable,2026-03-05
6064,Lasuite98,915,Abordable,2026-03-05
6065,la_chouette07,915,Abordable,2026-03-05
6066,miemdax,915,Abordable,2026-03-05
6067,SomehowElyse,915,Abordable,2026-03-05
6068,lachipolata69,915,Abordable,2026-03-05
6069,Destructor642,915,Abordable,2026-03-05
6070,rmnmf,915,Abordable,2026-03-05
6071,02mel0291,914,Abordable,2026-03-05
6072,IroonWhite,914,Abordable,2026-03-05
6073,catiehercule,914,Abordable,2026-03-05
6074,karelle_p,914,Abordable,2026-03-05
6075,hugoooo__,913,Abordable,2026-03-05
6076,jey_tiego,913,Abordable,2026-03-05
6077,thenassi,913,Abordable,2026-03-05
6078,Elfceys,913,Abordable,2026-03-05
6079,Spayerboy,913,Abordable,2026-03-05
6080,Snoopydop,913,Abordable,2026-03-05
6081,Amii____,912,Abordable,2026-03-05
6082,ririlaqueendecemonde,912,Abordable,2026-03-05
6083,merouane_sb,912,Abordable,2026-03-05
6084,themiis,912,Abordable,2026-03-05
6085,Monsieur_Juj,912,Abordable,2026-03-05
6086,pierrepier5,912,Abordable,2026-03-05
6087,albanne,912,Abordable,2026-03-05
6088,anjoyl,912,Abordable,2026-03-05
6089,robinaleny,911,Abordable,2026-03-05
6090,manonlsx,911,Abordable,2026-03-05
6091,Skyz23,911,Abordable,2026-03-05
6092,eliseuuuuuh,911,Abordable,2026-03-05
6093,Luthis_IV,911,Abordable,2026-03-05
6094,evan_jgt,911,Abordable,2026-03-05
6095,welcse,910,Abordable,2026-03-05
6096,shamallow65,910,Abordable,2026-03-05
6097,constant__,910,Abordable,2026-03-05
6098,poupsip,910,Abordable,2026-03-05
6099,olivresck,910,Abordable,2026-03-05
6100,Silasrashnak666,910,Abordable,2026-03-05
6101,ivan1992fev,910,Abordable,2026-03-05
6102,wolfidu,909,Abordable,2026-03-05
6103,hornetlafrappejesus,909,Abordable,2026-03-05
6104,jeanfecule,909,Abordable,2026-03-05
6105,lerazey,909,Abordable,2026-03-05
6106,pacifikcortex,909,Abordable,2026-03-05
6107,zolrm,908,Abordable,2026-03-05
6108,joraane,908,Abordable,2026-03-05
6109,lolaxtis,908,Abordable,2026-03-05
6110,dedeljoucan,908,Abordable,2026-03-05
6111,gallenssio,908,Abordable,2026-03-05
6112,Arnoldinhwow,908,Abordable,2026-03-05
6113,voutedidier,908,Abordable,2026-03-05
6114,martysw,908,Abordable,2026-03-05
6115,ttontton64,908,Abordable,2026-03-05
6116,ant0neblt,907,Abordable,2026-03-05
6117,empereurgoummeur,907,Abordable,2026-03-05
6118,Ostralo,907,Abordable,2026-03-05
6119,stormaxx2005,907,Abordable,2026-03-05
6120,lucano_09,907,Abordable,2026-03-05
6121,raph685342,907,Abordable,2026-03-05
6122,nikojau,906,Abordable,2026-03-05
6123,mathbachelier,906,Abordable,2026-03-05
6124,FR_Jess,906,Abordable,2026-03-05
6125,verypowerfulpanda,906,Abordable,2026-03-05
6126,fraiseM,906,Abordable,2026-03-05
6127,0ranginaflo,906,Abordable,2026-03-05
6128,maxencecamus,906,Abordable,2026-03-05
6129,frisk_59100,906,Abordable,2026-03-05
6130,Maxdb90,905,Abordable,2026-03-05
6131,yehudi60,905,Abordable,2026-03-05
6132,nocktrus,905,Abordable,2026-03-05
6133,LeandroZut,905,Abordable,2026-03-05
6134,Beuzmoker,905,Abordable,2026-03-05
6135,narvalzinc,904,Abordable,2026-03-05
6136,rozankya,904,Abordable,2026-03-05
6137,nathhhh04,904,Abordable,2026-03-05
6138,eno_no_no,904,Abordable,2026-03-05
6139,Hellnettles,904,Abordable,2026-03-05
6140,BoingTV,904,Abordable,2026-03-05
6141,matelllllll,904,Abordable,2026-03-05
6142,manonska,904,Abordable,2026-03-05
6143,willimouz,904,Abordable,2026-03-05
6144,svojka,903,Abordable,2026-03-05
6145,nicooo441_,903,Abordable,2026-03-05
6146,aliamelo,903,Abordable,2026-03-05
6147,alix_rcl,903,Abordable,2026-03-05
6148,loukaysi,903,Abordable,2026-03-05
6149,Nad174,903,Abordable,2026-03-05
6150,aureliedmt,902,Abordable,2026-03-05
6151,russell2temu,902,Abordable,2026-03-05
6152,poulecobaye,902,Abordable,2026-03-05
6153,loyd_rose,902,Abordable,2026-03-05
6154,Antonn_live,902,Abordable,2026-03-05
6155,hugo140604,902,Abordable,2026-03-05
6156,jademrqt,902,Abordable,2026-03-05
6157,sandrine4435,901,Abordable,2026-03-05
6158,jul_le_rs,901,Abordable,2026-03-05
6159,kalild83,901,Abordable,2026-03-05
6160,Callie450,901,Abordable,2026-03-05
6161,karosong,901,Abordable,2026-03-05
6162,vieux_fourneaux,901,Abordable,2026-03-05
6163,lolita_slv,900,Abordable,2026-03-05
6164,pierrbrn,900,Abordable,2026-03-05
6165,la_cocotte_de_l_espace,900,Abordable,2026-03-05
6166,laetichxtte,900,Abordable,2026-03-05
6167,jorundledechu,900,Abordable,2026-03-05
6168,ElPavoDeLaBroma,900,Abordable,2026-03-05
6169,LivreFrank,900,Abordable,2026-03-05
6170,germanmen77,900,Abordable,2026-03-05
6171,depgui,900,Abordable,2026-03-05
6172,oleronsan,900,Abordable,2026-03-05
6173,Sirlys,900,Abordable,2026-03-05
6174,n_thor,900,Abordable,2026-03-05
6175,Mespha,900,Abordable,2026-03-05
6176,Bix0u,900,Abordable,2026-03-05
6177,cali200508,900,Abordable,2026-03-05
6178,floriangar51110,900,Abordable,2026-03-05
6179,mlg_plq,899,Abordable,2026-03-05
6180,vesp_thynisol,899,Abordable,2026-03-05
6181,jc_2245,899,Abordable,2026-03-05
6182,Pepiinard,899,Abordable,2026-03-05
6183,Manon__08,899,Abordable,2026-03-05
6184,kharjouli,898,Abordable,2026-03-05
6185,theosmgg,898,Abordable,2026-03-05
6186,theolanquetin,898,Abordable,2026-03-05
6187,magnifisi0s,898,Abordable,2026-03-05
6188,Soeole3,897,Abordable,2026-03-05
6189,andras_sova,897,Abordable,2026-03-05
6190,quentin_i,897,Abordable,2026-03-05
6191,YorinBis,897,Abordable,2026-03-05
6192,juliecolier,897,Abordable,2026-03-05
6193,ydrasil_,896,Abordable,2026-03-05
6194,lucasdupalais,896,Abordable,2026-03-05
6195,Malouuch,896,Abordable,2026-03-05
6196,oleanna_sa,896,Abordable,2026-03-05
6197,ryceme,896,Abordable,2026-03-05
6198,tomtom_w,896,Abordable,2026-03-05
6199,kweeewk,896,Abordable,2026-03-05
6200,eddybluefingz,896,Abordable,2026-03-05
6201,zzouii,896,Abordable,2026-03-05
6202,juliethefrog16,895,Abordable,2026-03-05
6203,moutiklegros,895,Abordable,2026-03-05
6204,syra63,895,Abordable,2026-03-05
6205,valjour,895,Abordable,2026-03-05
6206,shazamatotor,895,Abordable,2026-03-05
6207,biwan93_,895,Abordable,2026-03-05
6208,rollmops54,895,Abordable,2026-03-05
6209,jana0934,895,Abordable,2026-03-05
6210,AShiito_,895,Abordable,2026-03-05
6211,NhanVinh,894,Abordable,2026-03-05
6212,chome36,894,Abordable,2026-03-05
6213,anaiskhd,894,Abordable,2026-03-05
6214,aliaxx05,894,Abordable,2026-03-05
6215,vailocs,894,Abordable,2026-03-05
6216,NiDehelp,894,Abordable,2026-03-05
6217,Cyrian012,893,Abordable,2026-03-05
6218,mariewstr,893,Abordable,2026-03-05
6219,lucas3164972,893,Abordable,2026-03-05
6220,DirectorCulte,893,Abordable,2026-03-05
6221,b0ub0uu_,893,Abordable,2026-03-05
6222,justswim79,893,Abordable,2026-03-05
6223,orange_lpb,893,Abordable,2026-03-05
6224,iaao__,892,Abordable,2026-03-05
6225,ririjr25,892,Abordable,2026-03-05
6226,theolgrs,892,Abordable,2026-03-05
6227,jgjvhnhfg_aka_venec,892,Abordable,2026-03-05
6228,Inhezia,892,Abordable,2026-03-05
6229,fabthehedgehog,892,Abordable,2026-03-05
6230,tanguyhrvx,892,Abordable,2026-03-05
6231,gobair,892,Abordable,2026-03-05
6232,joyce8212,891,Abordable,2026-03-05
6233,shym1ng,891,Abordable,2026-03-05
6234,javierpastore2716,891,Abordable,2026-03-05
6235,ficello28,891,Abordable,2026-03-05
6236,meyouxx,891,Abordable,2026-03-05
6237,lauvosges,891,Abordable,2026-03-05
6238,nargoune,891,Abordable,2026-03-05
6239,Tozkaaa_,891,Abordable,2026-03-05
6240,Aza_elm,891,Abordable,2026-03-05
6241,nathan_32200,891,Abordable,2026-03-05
6242,eloisevct,891,Abordable,2026-03-05
6243,silv20p,891,Abordable,2026-03-05
6244,dindon_furieux,890,Abordable,2026-03-05
6245,calipsodelulu,890,Abordable,2026-03-05
6246,blobygameur,890,Abordable,2026-03-05
6247,peace92111,890,Abordable,2026-03-05
6248,tonymontaratata,890,Abordable,2026-03-05
6249,mattaieauu,890,Abordable,2026-03-05
6250,maximedrz21,890,Abordable,2026-03-05
6251,cocovid92,890,Abordable,2026-03-05
6252,CaptainGolems,889,Abordable,2026-03-05
6253,arkhaten_,889,Abordable,2026-03-05
6254,baptard_,889,Abordable,2026-03-05
6255,Heughmage,889,Abordable,2026-03-05
6256,SocksWithScandals,889,Abordable,2026-03-05
6257,noahd1706,889,Abordable,2026-03-05
6258,mezzolebeauf,889,Abordable,2026-03-05
6259,sanctuc0,889,Abordable,2026-03-05
6260,noe_n,889,Abordable,2026-03-05
6261,liamverjam,889,Abordable,2026-03-05
6262,blade1751,888,Abordable,2026-03-05
6263,dreylight,888,Abordable,2026-03-05
6264,camillcb,888,Abordable,2026-03-05
6265,JeanneFakaye,888,Abordable,2026-03-05
6266,lei955,888,Abordable,2026-03-05
6267,swogii,888,Abordable,2026-03-05
6268,tturpin56,888,Abordable,2026-03-05
6269,bouriquette22,887,Abordable,2026-03-05
6270,pepitaxi,887,Abordable,2026-03-05
6271,eagledu57,887,Abordable,2026-03-05
6272,kermitcowboy_,887,Abordable,2026-03-05
6273,marsovar1,887,Abordable,2026-03-05
6274,loulou7949,887,Abordable,2026-03-05
6275,Lojaan_tv,887,Abordable,2026-03-05
6276,Grumpy_TwitchTv,887,Abordable,2026-03-05
6277,Le_Deus_Ex_Machina,887,Abordable,2026-03-05
6278,vseh69,886,Abordable,2026-03-05
6279,greyscox,886,Abordable,2026-03-05
6280,bonchourboi,886,Abordable,2026-03-05
6281,plaquette2frein961,886,Abordable,2026-03-05
6282,luciel0811,886,Abordable,2026-03-05
6283,Z4RT0CK,886,Abordable,2026-03-05
6284,mummypatatino,886,Abordable,2026-03-05
6285,Thibs_7,886,Abordable,2026-03-05
6286,titan_4nt,886,Abordable,2026-03-05
6287,elisssandre,886,Abordable,2026-03-05
6288,clemflyingman,886,Abordable,2026-03-05
6289,MargauuxAC,886,Abordable,2026-03-05
6290,kc_zarixsa,886,Abordable,2026-03-05
6291,nijucamp4,885,Abordable,2026-03-05
6292,Peizan,885,Abordable,2026-03-05
6293,Coqenstock26,885,Abordable,2026-03-05
6294,ppelafonissi,885,Abordable,2026-03-05
6295,olibnr14,885,Abordable,2026-03-05
6296,kayo38294,885,Abordable,2026-03-05
6297,bosbablue,885,Abordable,2026-03-05
6298,MaThel__,885,Abordable,2026-03-05
6299,dididou,884,Abordable,2026-03-05
6300,fushighuroh,884,Abordable,2026-03-05
6301,laurie_mrm,884,Abordable,2026-03-05
6302,kunfandi,884,Abordable,2026-03-05
6303,suplitox,884,Abordable,2026-03-05
6304,Lorencha0905,884,Abordable,2026-03-05
6305,baptdll,884,Abordable,2026-03-05
6306,Julessss16,884,Abordable,2026-03-05
6307,Atoqua,883,Abordable,2026-03-05
6308,wenwen31,883,Abordable,2026-03-05
6309,acjoka97,883,Abordable,2026-03-05
6310,keketor70000,883,Abordable,2026-03-05
6311,lise3434,883,Abordable,2026-03-05
6312,melanight1203,883,Abordable,2026-03-05
6313,nicoegd,883,Abordable,2026-03-05
6314,owellesjp,883,Abordable,2026-03-05
6315,Elstir__,882,Abordable,2026-03-05
6316,melissa_mgr,882,Abordable,2026-03-05
6317,em_y_,882,Abordable,2026-03-05
6318,dagbzz,882,Abordable,2026-03-05
6319,freipapagei,882,Abordable,2026-03-05
6320,claire_12b,881,Abordable,2026-03-05
6321,marlondujj,881,Abordable,2026-03-05
6322,tatiogan,881,Abordable,2026-03-05
6323,balboachess,881,Abordable,2026-03-05
6324,leo_roche_,881,Abordable,2026-03-05
6325,Yoyopite,881,Abordable,2026-03-05
6326,PlatSurare,881,Abordable,2026-03-05
6327,andrea_vrf,881,Abordable,2026-03-05
6328,RokkyPai,881,Abordable,2026-03-05
6329,robignolll,881,Abordable,2026-03-05
6330,graphik_dob,881,Abordable,2026-03-05
6331,Coralielwt,881,Abordable,2026-03-05
6332,melanie_jlr,880,Abordable,2026-03-05
6333,Mondielle,880,Abordable,2026-03-05
6334,Nimoow,880,Abordable,2026-03-05
6335,00_Galaxy,880,Abordable,2026-03-05
6336,its_balkab,880,Abordable,2026-03-05
6337,n0rtus17,880,Abordable,2026-03-05
6338,Piehil,879,Abordable,2026-03-05
6339,orianeno,879,Abordable,2026-03-05
6340,cous12,879,Abordable,2026-03-05
6341,Fatah_Morgannah,879,Abordable,2026-03-05
6342,xxxamelietxxx,879,Abordable,2026-03-05
6343,Nitreb2,879,Abordable,2026-03-05
6344,KC_Fekirinho,879,Abordable,2026-03-05
6345,kaholom,879,Abordable,2026-03-05
6346,levavelo,878,Abordable,2026-03-05
6347,elvipic,878,Abordable,2026-03-05
6348,zoho_lv,878,Abordable,2026-03-05
6349,sebleronflex,878,Abordable,2026-03-05
6350,otabiel,878,Abordable,2026-03-05
6351,Sinaynomis,878,Abordable,2026-03-05
6352,moonivers02,878,Abordable,2026-03-05
6353,kittybzh,878,Abordable,2026-03-05
6354,wolff_amadeus,878,Abordable,2026-03-05
6355,caamillebrnd,878,Abordable,2026-03-05
6356,radine3,878,Abordable,2026-03-05
6357,Arken4ton,878,Abordable,2026-03-05
6358,marleyy59,878,Abordable,2026-03-05
6359,v55173w,877,Abordable,2026-03-05
6360,gurvan___,877,Abordable,2026-03-05
6361,El_Joffrito,877,Abordable,2026-03-05
6362,elisim,877,Abordable,2026-03-05
6363,fripon51,877,Abordable,2026-03-05
6364,noxylithe,877,Abordable,2026-03-05
6365,macjanitch,877,Abordable,2026-03-05
6366,hisaro7,877,Abordable,2026-03-05
6367,matouleloup59,877,Abordable,2026-03-05
6368,odrania15,876,Abordable,2026-03-05
6369,charmandprout,876,Abordable,2026-03-05
6370,oskiki27,876,Abordable,2026-03-05
6371,mathiiIde_,876,Abordable,2026-03-05
6372,Lukaslerat,876,Abordable,2026-03-05
6373,raphi_12800,876,Abordable,2026-03-05
6374,jaycalva,876,Abordable,2026-03-05
6375,myriam_trn,875,Abordable,2026-03-05
6376,benkinge,875,Abordable,2026-03-05
6377,F3AVibration,875,Abordable,2026-03-05
6378,Pecheur_detoiles,875,Abordable,2026-03-05
6379,tom_460,875,Abordable,2026-03-05
6380,soblirs971,875,Abordable,2026-03-05
6381,antoinerugby1502,875,Abordable,2026-03-05
6382,n0l4n18,874,Abordable,2026-03-05
6383,juiice03,874,Abordable,2026-03-05
6384,travaillork,874,Abordable,2026-03-05
6385,ananas_blue,874,Abordable,2026-03-05
6386,bylacass,874,Abordable,2026-03-05
6387,0614672732,874,Abordable,2026-03-05
6388,vercasq,874,Abordable,2026-03-05
6389,valentinelcn,874,Abordable,2026-03-05
6390,flechebrisee26,873,Abordable,2026-03-05
6391,savoirs2026,873,Abordable,2026-03-05
6392,lacoullet,873,Abordable,2026-03-05
6393,Baccirus,873,Abordable,2026-03-05
6394,Baguette_roze,873,Abordable,2026-03-05
6395,LesHemorroidesDeTom,872,Abordable,2026-03-05
6396,dervswai,872,Abordable,2026-03-05
6397,Revoxem1,872,Abordable,2026-03-05
6398,luludnv22,872,Abordable,2026-03-05
6399,Skymonn,872,Abordable,2026-03-05
6400,pourfontripe,871,Abordable,2026-03-05
6401,brugnonfalacieux,871,Abordable,2026-03-05
6402,alisonfrs,871,Abordable,2026-03-05
6403,petiteperrruche,871,Abordable,2026-03-05
6404,Frostituay,871,Abordable,2026-03-05
6405,mgxmnrd,871,Abordable,2026-03-05
6406,dustizo,871,Abordable,2026-03-05
6407,micropo1,871,Abordable,2026-03-05
6408,so_mrr,871,Abordable,2026-03-05
6409,kant1lr,870,Abordable,2026-03-05
6410,exploseurdanus2000,870,Abordable,2026-03-05
6411,alexbid2109,870,Abordable,2026-03-05
6412,aleeekxx,870,Abordable,2026-03-05
6413,Fushimy_,870,Abordable,2026-03-05
6414,YufuLaPeche,870,Abordable,2026-03-05
6415,ameliechiapp,870,Abordable,2026-03-05
6416,antobrnt,870,Abordable,2026-03-05
6417,rapacedore,870,Abordable,2026-03-05
6418,ryussslevrai,870,Abordable,2026-03-05
6419,aleksymcrn,870,Abordable,2026-03-05
6420,chloegayming,870,Abordable,2026-03-05
6421,delea22,870,Abordable,2026-03-05
6422,cybawrg,870,Abordable,2026-03-05
6423,zuckiny,870,Abordable,2026-03-05
6424,Dauflo999,870,Abordable,2026-03-05
6425,earsthern,870,Abordable,2026-03-05
6426,anto_bill929483,870,Abordable,2026-03-05
6427,Alex282cronos,870,Abordable,2026-03-05
6428,Pataruu,870,Abordable,2026-03-05
6429,melseg2010,870,Abordable,2026-03-05
6430,josh76260,870,Abordable,2026-03-05
6431,LaitEauThe,870,Abordable,2026-03-05
6432,elnoledozo,870,Abordable,2026-03-05
6433,nicodemus32,870,Abordable,2026-03-05
6434,adi_judrock,870,Abordable,2026-03-05
6435,manonch05,870,Abordable,2026-03-05
6436,pierre927,870,Abordable,2026-03-05
6437,tudal,870,Abordable,2026-03-05
6438,mattmattador,870,Abordable,2026-03-05
6439,linkaz0,870,Abordable,2026-03-05
6440,Appolloll_,869,Abordable,2026-03-05
6441,mamarioni,869,Abordable,2026-03-05
6442,mathildee09,869,Abordable,2026-03-05
6443,xaelo668,869,Abordable,2026-03-05
6444,dreamy_koala,869,Abordable,2026-03-05
6445,itsmillycts,869,Abordable,2026-03-05
6446,patapoufi1,869,Abordable,2026-03-05
6447,ujjutz,869,Abordable,2026-03-05
6448,flocantin95,869,Abordable,2026-03-05
6449,Atagarz,869,Abordable,2026-03-05
6450,FyZowTV,869,Abordable,2026-03-05
6451,mai56590,869,Abordable,2026-03-05
6452,morganou98,868,Abordable,2026-03-05
6453,Kratryos,868,Abordable,2026-03-05
6454,lao_mds,868,Abordable,2026-03-05
6455,oh_une_marmotte,868,Abordable,2026-03-05
6456,tajineee_,868,Abordable,2026-03-05
6457,darkthibz,868,Abordable,2026-03-05
6458,nanitsu_stream,867,Abordable,2026-03-05
6459,tsukisan15,867,Abordable,2026-03-05
6460,Missgrigri,867,Abordable,2026-03-05
6461,igavroche,867,Abordable,2026-03-05
6462,eternity3328,867,Abordable,2026-03-05
6463,o_maufr,867,Abordable,2026-03-05
6464,M4sh19,867,Abordable,2026-03-05
6465,angeliqueluna,867,Abordable,2026-03-05
6466,jackie7759,867,Abordable,2026-03-05
6467,oxy2k_,867,Abordable,2026-03-05
6468,aiichi_,867,Abordable,2026-03-05
6469,marine24630,866,Abordable,2026-03-05
6470,BlackDoor67118,866,Abordable,2026-03-05
6471,xxdiegoxx56,866,Abordable,2026-03-05
6472,Steak2dinde,866,Abordable,2026-03-05
6473,audreybsq,866,Abordable,2026-03-05
6474,tytuuuuuuu,866,Abordable,2026-03-05
6475,FauconQuiVole,865,Abordable,2026-03-05
6476,mate0_oooo,865,Abordable,2026-03-05
6477,florianlzn,865,Abordable,2026-03-05
6478,louuann,865,Abordable,2026-03-05
6479,LeJawadien,865,Abordable,2026-03-05
6480,1NoobVousEpargne,865,Abordable,2026-03-05
6481,scurt51,864,Abordable,2026-03-05
6482,Youfzer,864,Abordable,2026-03-05
6483,angurionau,864,Abordable,2026-03-05
6484,florian_torres,864,Abordable,2026-03-05
6485,snake20_10,863,Abordable,2026-03-05
6486,nicosmilesc,863,Abordable,2026-03-05
6487,amel1901,863,Abordable,2026-03-05
6488,arkysflexonurmom,863,Abordable,2026-03-05
6489,YukariYuii,863,Abordable,2026-03-05
6490,vaas_1998,863,Abordable,2026-03-05
6491,nicopipo_,862,Abordable,2026-03-05
6492,byakuzen468,862,Abordable,2026-03-05
6493,lesptitsclous,862,Abordable,2026-03-05
6494,oceaane_7,862,Abordable,2026-03-05
6495,ptitevir,862,Abordable,2026-03-05
6496,shokow01,862,Abordable,2026-03-05
6497,alexevian,862,Abordable,2026-03-05
6498,SLG299,861,Abordable,2026-03-05
6499,dragonkouki,861,Abordable,2026-03-05
6500,minechirute,861,Abordable,2026-03-05
6501,flyminia,861,Abordable,2026-03-05
6502,lepdgdesolary,861,Abordable,2026-03-05
6503,xy_astral,861,Abordable,2026-03-05
6504,matsau16,861,Abordable,2026-03-05
6505,Mizanizy,860,Abordable,2026-03-05
6506,Pignouffffff,860,Abordable,2026-03-05
6507,boulebizard8,860,Abordable,2026-03-05
6508,RyZum,860,Abordable,2026-03-05
6509,LHV_doudou,860,Abordable,2026-03-05
6510,jujusuede,860,Abordable,2026-03-05
6511,maxxxx_la_menace,860,Abordable,2026-03-05
6512,peufien,860,Abordable,2026-03-05
6513,neitsabinhos,860,Abordable,2026-03-05
6514,Mouchex2Luxe,860,Abordable,2026-03-05
6515,corentin_du_94,859,Abordable,2026-03-05
6516,pezzoco,859,Abordable,2026-03-05
6517,am_nefariouz,859,Abordable,2026-03-05
6518,pacoclicot,859,Abordable,2026-03-05
6519,dasschico,859,Abordable,2026-03-05
6520,Alec_kln,859,Abordable,2026-03-05
6521,Simon_HB06,858,Abordable,2026-03-05
6522,skIyde,858,Abordable,2026-03-05
6523,ximenia47,858,Abordable,2026-03-05
6524,ammzzyym,858,Abordable,2026-03-05
6525,manonuseroff,858,Abordable,2026-03-05
6526,Pierre_Desproges,858,Abordable,2026-03-05
6527,Skytre_,858,Abordable,2026-03-05
6528,cuissedetortue,858,Abordable,2026-03-05
6529,AEG_Benammus,857,Abordable,2026-03-05
6530,alanacca69001,857,Abordable,2026-03-05
6531,ines_602,857,Abordable,2026-03-05
6532,ew0ne,857,Abordable,2026-03-05
6533,ririlecon2,857,Abordable,2026-03-05
6534,fl00da,857,Abordable,2026-03-05
6535,ARCASTlive,857,Abordable,2026-03-05
6536,clocloasse,856,Abordable,2026-03-05
6537,S0TAR0,856,Abordable,2026-03-05
6538,red_shad0w06,856,Abordable,2026-03-05
6539,Amixtub,856,Abordable,2026-03-05
6540,anto_pct,856,Abordable,2026-03-05
6541,helo_pa,856,Abordable,2026-03-05
6542,cabinx5,855,Abordable,2026-03-05
6543,neymarine,855,Abordable,2026-03-05
6544,Misiwix21,855,Abordable,2026-03-05
6545,1_eris_1,855,Abordable,2026-03-05
6546,maey11,855,Abordable,2026-03-05
6547,BenAir2d2,855,Abordable,2026-03-05
6548,rdmiin,855,Abordable,2026-03-05
6549,Estebaninhooo,854,Abordable,2026-03-05
6550,Tezahc,854,Abordable,2026-03-05
6551,alex__xx33,854,Abordable,2026-03-05
6552,jjules1712,854,Abordable,2026-03-05
6553,hadoudou,853,Abordable,2026-03-05
6554,lil_cakke,853,Abordable,2026-03-05
6555,vicomte,853,Abordable,2026-03-05
6556,laamarve,853,Abordable,2026-03-05
6557,Ruthrise,853,Abordable,2026-03-05
6558,arnaud2204,853,Abordable,2026-03-05
6559,baowben,853,Abordable,2026-03-05
6560,OhDisToRei,853,Abordable,2026-03-05
6561,pepouze__,853,Abordable,2026-03-05
6562,deiv_hihi,852,Abordable,2026-03-05
6563,lnvd3,852,Abordable,2026-03-05
6564,Line_stone,852,Abordable,2026-03-05
6565,alpha_8585,852,Abordable,2026-03-05
6566,anotix__,852,Abordable,2026-03-05
6567,cancan850,852,Abordable,2026-03-05
6568,liakarat,852,Abordable,2026-03-05
6569,antozedou,852,Abordable,2026-03-05
6570,pour_la_magie,851,Abordable,2026-03-05
6571,PatoPesteau,851,Abordable,2026-03-05
6572,theooef,851,Abordable,2026-03-05
6573,ElKraks_,851,Abordable,2026-03-05
6574,biottop,851,Abordable,2026-03-05
6575,cr4zym4p,851,Abordable,2026-03-05
6576,ourson1609,851,Abordable,2026-03-05
6577,sarahglrd,851,Abordable,2026-03-05
6578,yannou73,850,Abordable,2026-03-05
6579,Atchimays_,850,Abordable,2026-03-05
6580,Nitrox3248,850,Abordable,2026-03-05
6581,dowiil,850,Abordable,2026-03-05
6582,helios2643,850,Abordable,2026-03-05
6583,baptistepoir,850,Abordable,2026-03-05
6584,Swazik_81,849,Abordable,2026-03-05
6585,antoine_flno,849,Abordable,2026-03-05
6586,Willoooo_,849,Abordable,2026-03-05
6587,ezarial_,849,Abordable,2026-03-05
6588,Zed__d,849,Abordable,2026-03-05
6589,carvalv,848,Abordable,2026-03-05
6590,nanthraj,848,Abordable,2026-03-05
6591,1x2e3,848,Abordable,2026-03-05
6592,arthurld14,848,Abordable,2026-03-05
6593,emyyyyyyyyyyy5555555,848,Abordable,2026-03-05
6594,farfadetjovial,848,Abordable,2026-03-05
6595,maitre_hawk,848,Abordable,2026-03-05
6596,Lopiktec,848,Abordable,2026-03-05
6597,oxy_yxo,848,Abordable,2026-03-05
6598,Kaede01_,848,Abordable,2026-03-05
6599,Bigrouille,848,Abordable,2026-03-05
6600,kbens69,847,Abordable,2026-03-05
6601,fflloflo,847,Abordable,2026-03-05
6602,eagles_00,847,Abordable,2026-03-05
6603,milo24,847,Abordable,2026-03-05
6604,antoine42,847,Abordable,2026-03-05
6605,lKazz_,847,Abordable,2026-03-05
6606,Fl0WerW0rks,847,Abordable,2026-03-05
6607,mallaury_scp,847,Abordable,2026-03-05
6608,princesseunicorn,847,Abordable,2026-03-05
6609,Kentamgl,847,Abordable,2026-03-05
6610,xzazouu,847,Abordable,2026-03-05
6611,maelll__,847,Abordable,2026-03-05
6612,galimeo24,847,Abordable,2026-03-05
6613,Leuck_,847,Abordable,2026-03-05
6614,zoemonon,847,Abordable,2026-03-05
6615,mikauland29,847,Abordable,2026-03-05
6616,sc6mon,846,Abordable,2026-03-05
6617,spaceroax,846,Abordable,2026-03-05
6618,fannym72,846,Abordable,2026-03-05
6619,manoloyolo13,846,Abordable,2026-03-05
6620,klausye,846,Abordable,2026-03-05
6621,shau1s_,846,Abordable,2026-03-05
6622,Maximus_HS,846,Abordable,2026-03-05
6623,a0dine,845,Abordable,2026-03-05
6624,Laeynna,845,Abordable,2026-03-05
6625,Operacomix,845,Abordable,2026-03-05
6626,idaray,845,Abordable,2026-03-05
6627,Zaroxy0,844,Abordable,2026-03-05
6628,PifouM,844,Abordable,2026-03-05
6629,lilieflore,844,Abordable,2026-03-05
6630,Azuuko,844,Abordable,2026-03-05
6631,lana_mra,844,Abordable,2026-03-05
6632,henrilgt22,844,Abordable,2026-03-05
6633,krohoho69,844,Abordable,2026-03-05
6634,magictotonin,843,Abordable,2026-03-05
6635,helolooooooo,843,Abordable,2026-03-05
6636,Poulaiso,843,Abordable,2026-03-05
6637,FulgurisS,843,Abordable,2026-03-05
6638,nhuck,843,Abordable,2026-03-05
6639,Stadi971,843,Abordable,2026-03-05
6640,MrCruzer,843,Abordable,2026-03-05
6641,alison_vrignaud,843,Abordable,2026-03-05
6642,Silvers__Rayleigh,842,Abordable,2026-03-05
6643,djeynialo,842,Abordable,2026-03-05
6644,loetpastaga,842,Abordable,2026-03-05
6645,saiane610,842,Abordable,2026-03-05
6646,Onorya,842,Abordable,2026-03-05
6647,na_thalie_lie,842,Abordable,2026-03-05
6648,lenaikare63,842,Abordable,2026-03-05
6649,Azouuuuu,842,Abordable,2026-03-05
6650,MrArthug,842,Abordable,2026-03-05
6651,elynary,842,Abordable,2026-03-05
6652,royu_01,842,Abordable,2026-03-05
6653,royivi,842,Abordable,2026-03-05
6654,ttuv144,841,Abordable,2026-03-05
6655,melina_bd,841,Abordable,2026-03-05
6656,kiiroylw,841,Abordable,2026-03-05
6657,laudew1971,841,Abordable,2026-03-05
6658,blyziit,841,Abordable,2026-03-05
6659,EmiEmo02,841,Abordable,2026-03-05
6660,cartouchaud,841,Abordable,2026-03-05
6661,guliverse,841,Abordable,2026-03-05
6662,juliiiiiiiiiiie,841,Abordable,2026-03-05
6663,TKDkraft,840,Abordable,2026-03-05
6664,Pjvlt,840,Abordable,2026-03-05
6665,jus_lits,840,Abordable,2026-03-05
6666,Holt78,840,Abordable,2026-03-05
6667,fofie72,840,Abordable,2026-03-05
6668,SgtFaller,840,Abordable,2026-03-05
6669,xtheodore18,840,Abordable,2026-03-05
6670,dodo_rf77,840,Abordable,2026-03-05
6671,Legaudas,840,Abordable,2026-03-05
6672,loveangelmusicbitch,840,Abordable,2026-03-05
6673,simix_off0,840,Abordable,2026-03-05
6674,g24ans,840,Abordable,2026-03-05
6675,vanougonza,840,Abordable,2026-03-05
6676,Btt_Trmne,840,Abordable,2026-03-05
6677,mawion_,840,Abordable,2026-03-05
6678,maevabohers,840,Abordable,2026-03-05
6679,Mekyo,840,Abordable,2026-03-05
6680,LIMODEN,840,Abordable,2026-03-05
6681,mrthiol,840,Abordable,2026-03-05
6682,loupmny,840,Abordable,2026-03-05
6683,littledesire73,840,Abordable,2026-03-05
6684,linaabja,839,Abordable,2026-03-05
6685,gipsy_istarille,839,Abordable,2026-03-05
6686,mamounette2802,839,Abordable,2026-03-05
6687,Kileahynn,839,Abordable,2026-03-05
6688,mxrinek,839,Abordable,2026-03-05
6689,nino_jo_,839,Abordable,2026-03-05
6690,Tangstene,839,Abordable,2026-03-05
6691,laapetitechloe,839,Abordable,2026-03-05
6692,surimi18,839,Abordable,2026-03-05
6693,inferno_marto,839,Abordable,2026-03-05
6694,damien3110,839,Abordable,2026-03-05
6695,colinecrb,838,Abordable,2026-03-05
6696,azden_,838,Abordable,2026-03-05
6697,sweetteaaddict39,838,Abordable,2026-03-05
6698,Crawdge,838,Abordable,2026-03-05
6699,ninjanoir_7,838,Abordable,2026-03-05
6700,EsteMoon,838,Abordable,2026-03-05
6701,Akyrraa,838,Abordable,2026-03-05
6702,celinou7,838,Abordable,2026-03-05
6703,toinezouz,838,Abordable,2026-03-05
6704,tomrib_,838,Abordable,2026-03-05
6705,WildExos54,837,Abordable,2026-03-05
6706,yangambiwa24,837,Abordable,2026-03-05
6707,saamoht,837,Abordable,2026-03-05
6708,T0k0yamiii,837,Abordable,2026-03-05
6709,aaxelosc,837,Abordable,2026-03-05
6710,leratonlaveurbg,837,Abordable,2026-03-05
6711,shadowkoon,837,Abordable,2026-03-05
6712,Helotiede,837,Abordable,2026-03-05
6713,raptorfou16,836,Abordable,2026-03-05
6714,ronantourlouuuupe,836,Abordable,2026-03-05
6715,aganana4,836,Abordable,2026-03-05
6716,nitram_v,836,Abordable,2026-03-05
6717,dopp0,836,Abordable,2026-03-05
6718,leofandechat,836,Abordable,2026-03-05
6719,akashi_ak,836,Abordable,2026-03-05
6720,ST_Lakhtose,836,Abordable,2026-03-05
6721,aixinchun,836,Abordable,2026-03-05
6722,noxy1111,836,Abordable,2026-03-05
6723,zornyr,835,Abordable,2026-03-05
6724,swagfira,835,Abordable,2026-03-05
6725,hermiluna_223,835,Abordable,2026-03-05
6726,jeanbradley,834,Abordable,2026-03-05
6727,oslano11,834,Abordable,2026-03-05
6728,auror_e,834,Abordable,2026-03-05
6729,LeMaraicher_,833,Abordable,2026-03-05
6730,francois1307,833,Abordable,2026-03-05
6731,puceau_et_cocu,833,Abordable,2026-03-05
6732,perimetre,833,Abordable,2026-03-05
6733,optimax_prime,832,Abordable,2026-03-05
6734,darkmater164,832,Abordable,2026-03-05
6735,caammiiii_,832,Abordable,2026-03-05
6736,captainzoz12,832,Abordable,2026-03-05
6737,Briising,832,Abordable,2026-03-05
6738,ludolilijolie,831,Abordable,2026-03-05
6739,hugsz_,831,Abordable,2026-03-05
6740,charlet_ctr,831,Abordable,2026-03-05
6741,heloiserdnt,831,Abordable,2026-03-05
6742,hortensedel,830,Abordable,2026-03-05
6743,flammenquiche,830,Abordable,2026-03-05
6744,valoune74,830,Abordable,2026-03-05
6745,noa08020,830,Abordable,2026-03-05
6746,xenfo33,830,Abordable,2026-03-05
6747,soendu93,830,Abordable,2026-03-05
6748,c_212a,829,Abordable,2026-03-05
6749,allseeingskel,829,Abordable,2026-03-05
6750,elmiagli,829,Abordable,2026-03-05
6751,Fiiirra,829,Abordable,2026-03-05
6752,arthur_dmcd,829,Abordable,2026-03-05
6753,zotiqx,829,Abordable,2026-03-05
6754,Poweriser144,829,Abordable,2026-03-05
6755,axel_perr,828,Abordable,2026-03-05
6756,aurorectl1,828,Abordable,2026-03-05
6757,paul05082005,828,Abordable,2026-03-05
6758,diane_pntv,828,Abordable,2026-03-05
6759,justincg27,827,Abordable,2026-03-05
6760,baptiste255,827,Abordable,2026-03-05
6761,caral__,827,Abordable,2026-03-05
6762,ja2dr,826,Abordable,2026-03-05
6763,phoenixia129,826,Abordable,2026-03-05
6764,clem345,826,Abordable,2026-03-05
6765,kmv78,826,Abordable,2026-03-05
6766,OsyRys_4,826,Abordable,2026-03-05
6767,6vincy6,826,Abordable,2026-03-05
6768,toniooo77,825,Abordable,2026-03-05
6769,thetoniocarbo,825,Abordable,2026-03-05
6770,vanali2506,825,Abordable,2026-03-05
6771,tim_sab,825,Abordable,2026-03-05
6772,delcortes555,825,Abordable,2026-03-05
6773,manon_h_,825,Abordable,2026-03-05
6774,Carteron,825,Abordable,2026-03-05
6775,WaitF0rHit_TM,825,Abordable,2026-03-05
6776,lamere68,824,Abordable,2026-03-05
6777,cactuspomme,824,Abordable,2026-03-05
6778,Valk1205,824,Abordable,2026-03-05
6779,jonsalah11,824,Abordable,2026-03-05
6780,micronazal,824,Abordable,2026-03-05
6781,petit_teo,824,Abordable,2026-03-05
6782,Gritam,824,Abordable,2026-03-05
6783,Laoo12,823,Abordable,2026-03-05
6784,RenardRapide,823,Abordable,2026-03-05
6785,gwen230,823,Abordable,2026-03-05
6786,kuroyamy,823,Abordable,2026-03-05
6787,rvllm,822,Abordable,2026-03-05
6788,horodro,822,Abordable,2026-03-05
6789,maylisked,822,Abordable,2026-03-05
6790,herrissons45,822,Abordable,2026-03-05
6791,xxhello03xx,822,Abordable,2026-03-05
6792,0619078982,821,Abordable,2026-03-05
6793,petitcroissant38,821,Abordable,2026-03-05
6794,noa021005,821,Abordable,2026-03-05
6795,ju1ien5,821,Abordable,2026-03-05
6796,AntoineXVI_,821,Abordable,2026-03-05
6797,aaaabcd1,821,Abordable,2026-03-05
6798,bluebat59,821,Abordable,2026-03-05
6799,levlogcultureee,820,Abordable,2026-03-05
6800,ang9lee,820,Abordable,2026-03-05
6801,yilongmaa128,819,Abordable,2026-03-05
6802,PercevaI_,819,Abordable,2026-03-05
6803,manuuftn,819,Abordable,2026-03-05
6804,lucast29380,819,Abordable,2026-03-05
6805,vdecleire,819,Abordable,2026-03-05
6806,paulmilad_lz,819,Abordable,2026-03-05
6807,ori_us,819,Abordable,2026-03-05
6808,haltemanga,819,Abordable,2026-03-05
6809,kvns62,818,Abordable,2026-03-05
6810,piketaxx,818,Abordable,2026-03-05
6811,robs__0,818,Abordable,2026-03-05
6812,seln1ad,818,Abordable,2026-03-05
6813,EtchiP,817,Abordable,2026-03-05
6814,matchaflavoured8,817,Abordable,2026-03-05
6815,crex31,817,Abordable,2026-03-05
6816,lascar_34,817,Abordable,2026-03-05
6817,yoktoo,817,Abordable,2026-03-05
6818,lenarobase,817,Abordable,2026-03-05
6819,Datsuux,817,Abordable,2026-03-05
6820,ftfade3,817,Abordable,2026-03-05
6821,Pedrolito___,817,Abordable,2026-03-05
6822,vivi7613,816,Abordable,2026-03-05
6823,Kuasa,816,Abordable,2026-03-05
6824,maaaxouu,816,Abordable,2026-03-05
6825,timo2gab2,816,Abordable,2026-03-05
6826,Taerrann,816,Abordable,2026-03-05
6827,boune_6,815,Abordable,2026-03-05
6828,petitmat17,815,Abordable,2026-03-05
6829,0paradax0,815,Abordable,2026-03-05
6830,didb12,815,Abordable,2026-03-05
6831,Swathoney,815,Abordable,2026-03-05
6832,sebasti0uche,815,Abordable,2026-03-05
6833,linkseff,815,Abordable,2026-03-05
6834,tidwhitesnake,814,Abordable,2026-03-05
6835,tutitub,814,Abordable,2026-03-05
6836,magnoe9,814,Abordable,2026-03-05
6837,mariiion1,814,Abordable,2026-03-05
6838,ludivine_59400,814,Abordable,2026-03-05
6839,memerrex,814,Abordable,2026-03-05
6840,marlasc69,814,Abordable,2026-03-05
6841,mercrellica_8,814,Abordable,2026-03-05
6842,antlers21,814,Abordable,2026-03-05
6843,AkihyoGame,813,Abordable,2026-03-05
6844,paad84,813,Abordable,2026-03-05
6845,juliette_dsrt,813,Abordable,2026-03-05
6846,Shavox27,813,Abordable,2026-03-05
6847,Sebino,813,Abordable,2026-03-05
6848,tornard,812,Abordable,2026-03-05
6849,TwIx_PVP_,812,Abordable,2026-03-05
6850,vedelrichard,812,Abordable,2026-03-05
6851,alexxmecc,812,Abordable,2026-03-05
6852,ewa1958,812,Abordable,2026-03-05
6853,LyyyNeeeee,812,Abordable,2026-03-05
6854,ruxap0,812,Abordable,2026-03-05
6855,sabovvi,812,Abordable,2026-03-05
6856,Nishiaru,812,Abordable,2026-03-05
6857,Numeitha,811,Abordable,2026-03-05
6858,La_Kess,811,Abordable,2026-03-05
6859,geffg69,811,Abordable,2026-03-05
6860,kapette,811,Abordable,2026-03-05
6861,cu_png,811,Abordable,2026-03-05
6862,cleaurst6,811,Abordable,2026-03-05
6863,romandebreizh,811,Abordable,2026-03-05
6864,Dodudax,810,Abordable,2026-03-05
6865,mangoose17,810,Abordable,2026-03-05
6866,lilith_wyatt,810,Abordable,2026-03-05
6867,Frisouilles,810,Abordable,2026-03-05
6868,didine7921,810,Abordable,2026-03-05
6869,lebigkap,810,Abordable,2026-03-05
6870,lwisson,810,Abordable,2026-03-05
6871,gblinuff,810,Abordable,2026-03-05
6872,AndoSL,810,Abordable,2026-03-05
6873,hmeu45,810,Abordable,2026-03-05
6874,bobbynou59250,810,Abordable,2026-03-05
6875,tintin490,810,Abordable,2026-03-05
6876,remychp69,810,Abordable,2026-03-05
6877,poiquo,810,Abordable,2026-03-05
6878,tesschan1,810,Abordable,2026-03-05
6879,aventurier7904,810,Abordable,2026-03-05
6880,lealechatlol,810,Abordable,2026-03-05
6881,mathis_potager,810,Abordable,2026-03-05
6882,lalbert35,810,Abordable,2026-03-05
6883,Ccdragonice,810,Abordable,2026-03-05
6884,jsplusmonidentifiantetmdp,809,Abordable,2026-03-05
6885,lauralegrandd,809,Abordable,2026-03-05
6886,didoukill_,809,Abordable,2026-03-05
6887,naekoh_,809,Abordable,2026-03-05
6888,lenacupan,809,Abordable,2026-03-05
6889,torf0rt,809,Abordable,2026-03-05
6890,Cerb3res,809,Abordable,2026-03-05
6891,linhaotara,808,Abordable,2026-03-05
6892,saykio0,808,Abordable,2026-03-05
6893,leop64,808,Abordable,2026-03-05
6894,titoulehibou,808,Abordable,2026-03-05
6895,Lastot,808,Abordable,2026-03-05
6896,quentinfqu,808,Abordable,2026-03-05
6897,laurabouhh,807,Abordable,2026-03-05
6898,nouvelleabeille,807,Abordable,2026-03-05
6899,psg750,807,Abordable,2026-03-05
6900,bicloo44_,807,Abordable,2026-03-05
6901,salut_c_est_m,807,Abordable,2026-03-05
6902,Kiiddlan,807,Abordable,2026-03-05
6903,pour628combien,807,Abordable,2026-03-05
6904,binksgigi,807,Abordable,2026-03-05
6905,jimmyglinne,806,Abordable,2026-03-05
6906,giytorofdoutcluyflu,806,Abordable,2026-03-05
6907,Haty_drawing,806,Abordable,2026-03-05
6908,pier076,806,Abordable,2026-03-05
6909,maevaricelle,806,Abordable,2026-03-05
6910,Krotaaas,806,Abordable,2026-03-05
6911,nrobbiano,805,Abordable,2026-03-05
6912,8mouton8,805,Abordable,2026-03-05
6913,theobvrd,805,Abordable,2026-03-05
6914,shir0_5102,805,Abordable,2026-03-05
6915,dindana,805,Abordable,2026-03-05
6916,cl_emen1,805,Abordable,2026-03-05
6917,ele3233,804,Abordable,2026-03-05
6918,peridotdotdotdot,804,Abordable,2026-03-05
6919,lucas_dlprt,804,Abordable,2026-03-05
6920,Badeo_,804,Abordable,2026-03-05
6921,arnaudd51,804,Abordable,2026-03-05
6922,bruneljm,803,Abordable,2026-03-05
6923,Rakart0,803,Abordable,2026-03-05
6924,eyvos,803,Abordable,2026-03-05
6925,lea386,803,Abordable,2026-03-05
6926,marcobyr,803,Abordable,2026-03-05
6927,dodo_simplement,803,Abordable,2026-03-05
6928,magicarpegoo,803,Abordable,2026-03-05
6929,Spaywo,803,Abordable,2026-03-05
6930,m8kodios,803,Abordable,2026-03-05
6931,inter_ph,802,Abordable,2026-03-05
6932,Jeanfile82,802,Abordable,2026-03-05
6933,Axlouf_,802,Abordable,2026-03-05
6934,philthom38,802,Abordable,2026-03-05
6935,tobby44,802,Abordable,2026-03-05
6936,l1sa_f,802,Abordable,2026-03-05
6937,KCNahtan,802,Abordable,2026-03-05
6938,KaCiao14,802,Abordable,2026-03-05
6939,ju_le_100,802,Abordable,2026-03-05
6940,Pandawann01,802,Abordable,2026-03-05
6941,colinealm,801,Abordable,2026-03-05
6942,12cassandraja,801,Abordable,2026-03-05
6943,evil__royal,801,Abordable,2026-03-05
6944,remip_14,801,Abordable,2026-03-05
6945,candice_238,801,Abordable,2026-03-05
6946,mynooos,801,Abordable,2026-03-05
6947,Emilienjc,801,Abordable,2026-03-05
6948,deionfire35,801,Abordable,2026-03-05
6949,nounoute25,800,Abordable,2026-03-05
6950,laburnss,800,Abordable,2026-03-05
6951,svendaym,800,Abordable,2026-03-05
6952,SanLime,800,Abordable,2026-03-05
6953,nother14,800,Abordable,2026-03-05
6954,lea_ricomagique,799,Abordable,2026-03-05
6955,aymerichou666,799,Abordable,2026-03-05
6956,musorgue,799,Abordable,2026-03-05
6957,marina_lps,799,Abordable,2026-03-05
6958,henricroixrond,799,Abordable,2026-03-05
6959,apolline2010,799,Abordable,2026-03-05
6960,Paawl,799,Abordable,2026-03-05
6961,loveant13,798,Abordable,2026-03-05
6962,Spaaara_,798,Abordable,2026-03-05
6963,jujussse,798,Abordable,2026-03-05
6964,pilloweli,798,Abordable,2026-03-05
6965,jiji15250,798,Abordable,2026-03-05
6966,ramreb,797,Abordable,2026-03-05
6967,ohhtrennq,797,Abordable,2026-03-05
6968,0908flo0908,797,Abordable,2026-03-05
6969,lawracle,797,Abordable,2026-03-05
6970,lilkiju,797,Abordable,2026-03-05
6971,bordelescieux,797,Abordable,2026-03-05
6972,jotosama,797,Abordable,2026-03-05
6973,PlanctonCosmique,797,Abordable,2026-03-05
6974,pomyq,797,Abordable,2026-03-05
6975,albane_a,797,Abordable,2026-03-05
6976,AerGamedev,796,Abordable,2026-03-05
6977,lois_espoir_infini,796,Abordable,2026-03-05
6978,Jojobtz,796,Abordable,2026-03-05
6979,syni_x_,796,Abordable,2026-03-05
6980,Starcower,796,Abordable,2026-03-05
6981,justinettutina,796,Abordable,2026-03-05
6982,cerise_arg,796,Abordable,2026-03-05
6983,gigic___,796,Abordable,2026-03-05
6984,LibPA17,796,Abordable,2026-03-05
6985,sebixinhow,796,Abordable,2026-03-05
6986,garancechst,795,Abordable,2026-03-05
6987,rinekka,795,Abordable,2026-03-05
6988,standotcow,795,Abordable,2026-03-05
6989,zel_daa,795,Abordable,2026-03-05
6990,ne0_51,794,Abordable,2026-03-05
6991,alexmuse93,794,Abordable,2026-03-05
6992,chriquette,794,Abordable,2026-03-05
6993,Nebuloz_,794,Abordable,2026-03-05
6994,nbaguette,793,Abordable,2026-03-05
6995,arnange,793,Abordable,2026-03-05
6996,AlexanderAmarok,793,Abordable,2026-03-05
6997,minori_wk,793,Abordable,2026-03-05
6998,Bretagnee,793,Abordable,2026-03-05
6999,jeanfilmonpantalon,792,Abordable,2026-03-05
7000,enzo47l,792,Abordable,2026-03-05
7001,holok_tv,792,Abordable,2026-03-05
7002,aartix_00,792,Abordable,2026-03-05
7003,je_suis_une_etoile,792,Abordable,2026-03-05
7004,marinesodu22,792,Abordable,2026-03-05
7005,hugocarotte,791,Abordable,2026-03-05
7006,lo_la0503,791,Abordable,2026-03-05
7007,portos_06,791,Abordable,2026-03-05
7008,julios4,791,Abordable,2026-03-05
7009,VALMYT,791,Abordable,2026-03-05
7010,nywre,791,Abordable,2026-03-05
7011,lecureuilbleu,791,Abordable,2026-03-05
7012,chrisconchit,791,Abordable,2026-03-05
7013,Deltary_,791,Abordable,2026-03-05
7014,zebastopol8,791,Abordable,2026-03-05
7015,batou974larue,791,Abordable,2026-03-05
7016,clementfunnycool,791,Abordable,2026-03-05
7017,goldenblack49450,790,Abordable,2026-03-05
7018,perona2001,790,Abordable,2026-03-05
7019,mattttteo116,790,Abordable,2026-03-05
7020,thebunouf,790,Abordable,2026-03-05
7021,Enitnemelc,790,Abordable,2026-03-05
7022,romain_jcq,790,Abordable,2026-03-05
7023,0odys,790,Abordable,2026-03-05
7024,rrraphaelo,790,Abordable,2026-03-05
7025,stargate1907,790,Abordable,2026-03-05
7026,rayanujan,790,Abordable,2026-03-05
7027,lion5624,789,Abordable,2026-03-05
7028,bidilah,789,Abordable,2026-03-05
7029,PogthTabas,789,Abordable,2026-03-05
7030,robzdu44,789,Abordable,2026-03-05
7031,Noctolis,789,Abordable,2026-03-05
7032,wnhrv,789,Abordable,2026-03-05
7033,lespremiers,789,Abordable,2026-03-05
7034,dubunours,789,Abordable,2026-03-05
7035,lexa_gr11,789,Abordable,2026-03-05
7036,ShinzoV2,789,Abordable,2026-03-05
7037,hug_0__,789,Abordable,2026-03-05
7038,lakiias,788,Abordable,2026-03-05
7039,romanus_drp,788,Abordable,2026-03-05
7040,0uahleouff,788,Abordable,2026-03-05
7041,lihou83,787,Abordable,2026-03-05
7042,Bouhbubs,787,Abordable,2026-03-05
7043,queenlanou12,787,Abordable,2026-03-05
7044,manonchbrt,787,Abordable,2026-03-05
7045,Baoboutre,787,Abordable,2026-03-05
7046,lingover,787,Abordable,2026-03-05
7047,leptit_sudist,787,Abordable,2026-03-05
7048,lea__gclvs,787,Abordable,2026-03-05
7049,max_ime1807,787,Abordable,2026-03-05
7050,Aiyarij,787,Abordable,2026-03-05
7051,selmasada,786,Abordable,2026-03-05
7052,vero_guibert17,786,Abordable,2026-03-05
7053,emmalerx,786,Abordable,2026-03-05
7054,judr5,785,Abordable,2026-03-05
7055,trithom23,785,Abordable,2026-03-05
7056,therat72,785,Abordable,2026-03-05
7057,edairforce23,785,Abordable,2026-03-05
7058,NooXuu_,785,Abordable,2026-03-05
7059,Nieernen,785,Abordable,2026-03-05
7060,lyricarus,785,Abordable,2026-03-05
7061,aluco_88,785,Abordable,2026-03-05
7062,Walnem,785,Abordable,2026-03-05
7063,elidor_dragonneau,784,Abordable,2026-03-05
7064,pssylux,784,Abordable,2026-03-05
7065,lun_amille02,784,Abordable,2026-03-05
7066,tonci6,784,Abordable,2026-03-05
7067,crobicho,784,Abordable,2026-03-05
7068,elivic12,784,Abordable,2026-03-05
7069,Hyygow,783,Abordable,2026-03-05
7070,enabla12,783,Abordable,2026-03-05
7071,Drupthy,783,Abordable,2026-03-05
7072,kacarry100,783,Abordable,2026-03-05
7073,celia6471,783,Abordable,2026-03-05
7074,gagzzz98,783,Abordable,2026-03-05
7075,KikejMAGGLE,783,Abordable,2026-03-05
7076,ZoplayFS,783,Abordable,2026-03-05
7077,ZorillawBKZ,783,Abordable,2026-03-05
7078,Rinkeap,783,Abordable,2026-03-05
7079,lomanakd,783,Abordable,2026-03-05
7080,rocks_fgc,783,Abordable,2026-03-05
7081,flashbackshadow,783,Abordable,2026-03-05
7082,Amaezingvoid,783,Abordable,2026-03-05
7083,elleshin3,782,Abordable,2026-03-05
7084,Velkhanaaa,782,Abordable,2026-03-05
7085,Kannyara,782,Abordable,2026-03-05
7086,omniscy,782,Abordable,2026-03-05
7087,Towar6,782,Abordable,2026-03-05
7088,resau33,781,Abordable,2026-03-05
7089,Kernatol,781,Abordable,2026-03-05
7090,bachhapp,781,Abordable,2026-03-05
7091,pierrotgo,781,Abordable,2026-03-05
7092,emeuhx,781,Abordable,2026-03-05
7093,anaislallouette,781,Abordable,2026-03-05
7094,baptlantar,781,Abordable,2026-03-05
7095,maxou111_,780,Abordable,2026-03-05
7096,senjogami,780,Abordable,2026-03-05
7097,louise_250,780,Abordable,2026-03-05
7098,ewa0511,780,Abordable,2026-03-05
7099,justanicepisces,780,Abordable,2026-03-05
7100,ultimeatom,780,Abordable,2026-03-05
7101,amiralebjorn,780,Abordable,2026-03-05
7102,tapix13006,780,Abordable,2026-03-05
7103,air_ane,780,Abordable,2026-03-05
7104,cacamimi77,780,Abordable,2026-03-05
7105,loviannah,780,Abordable,2026-03-05
7106,PolaarM,780,Abordable,2026-03-05
7107,6410040,780,Abordable,2026-03-05
7108,tibotibotibo2,780,Abordable,2026-03-05
7109,Isillios,780,Abordable,2026-03-05
7110,damienbbo,780,Abordable,2026-03-05
7111,morgane0773,780,Abordable,2026-03-05
7112,pps2b,780,Abordable,2026-03-05
7113,alrunicornet,780,Abordable,2026-03-05
7114,Nairod7200,780,Abordable,2026-03-05
7115,Axl_Crepes,780,Abordable,2026-03-05
7116,bmthebuldozer,779,Abordable,2026-03-05
7117,mango29pav,779,Abordable,2026-03-05
7118,lolazipper,779,Abordable,2026-03-05
7119,eemdevil,779,Abordable,2026-03-05
7120,mkmelodic,779,Abordable,2026-03-05
7121,eliasdes68,779,Abordable,2026-03-05
7122,YooKl,778,Abordable,2026-03-05
7123,zehncool,778,Abordable,2026-03-05
7124,liaaasbl,778,Abordable,2026-03-05
7125,firebozo,778,Abordable,2026-03-05
7126,foriche,778,Abordable,2026-03-05
7127,lauriemti,778,Abordable,2026-03-05
7128,locabuzell,778,Abordable,2026-03-05
7129,TenebroA,778,Abordable,2026-03-05
7130,lalisa815,777,Abordable,2026-03-05
7131,SquidAura,777,Abordable,2026-03-05
7132,tomuuuuus,777,Abordable,2026-03-05
7133,Foujine,777,Abordable,2026-03-05
7134,cocolavetm8,777,Abordable,2026-03-05
7135,idrreal,776,Abordable,2026-03-05
7136,clemglld,776,Abordable,2026-03-05
7137,Qoreau,776,Abordable,2026-03-05
7138,lenatoxx,776,Abordable,2026-03-05
7139,tristan69p,775,Abordable,2026-03-05
7140,alpacyo,775,Abordable,2026-03-05
7141,mamiehouda,775,Abordable,2026-03-05
7142,KamakrazeeWarboy,775,Abordable,2026-03-05
7143,bobbybambou24,775,Abordable,2026-03-05
7144,witchylilyotaku,775,Abordable,2026-03-05
7145,didimost,775,Abordable,2026-03-05
7146,leastanoff,775,Abordable,2026-03-05
7147,tim_blz,775,Abordable,2026-03-05
7148,lyess57,774,Abordable,2026-03-05
7149,waldree,774,Abordable,2026-03-05
7150,LequipageDuSoleil,774,Abordable,2026-03-05
7151,gildabass,774,Abordable,2026-03-05
7152,sam2raph_52,774,Abordable,2026-03-05
7153,ouilson,774,Abordable,2026-03-05
7154,Redjy84,774,Abordable,2026-03-05
7155,pataflex31,774,Abordable,2026-03-05
7156,maelyss1110,774,Abordable,2026-03-05
7157,team_expezia,774,Abordable,2026-03-05
7158,roadukk,773,Abordable,2026-03-05
7159,Superluigi950,773,Abordable,2026-03-05
7160,123thibz,773,Abordable,2026-03-05
7161,theoflo9,773,Abordable,2026-03-05
7162,louise3482,773,Abordable,2026-03-05
7163,Foot_Cent_Biere,773,Abordable,2026-03-05
7164,Poppeiii,772,Abordable,2026-03-05
7165,nellio10,772,Abordable,2026-03-05
7166,lperr8,772,Abordable,2026-03-05
7167,perkele4242,772,Abordable,2026-03-05
7168,molucas198,772,Abordable,2026-03-05
7169,froza_panda,772,Abordable,2026-03-05
7170,leywan_,772,Abordable,2026-03-05
7171,jagadamba,772,Abordable,2026-03-05
7172,pautcho_,772,Abordable,2026-03-05
7173,made_0f_love,771,Abordable,2026-03-05
7174,tiflux29,771,Abordable,2026-03-05
7175,Jayminy,771,Abordable,2026-03-05
7176,asmmonster,770,Abordable,2026-03-05
7177,boudoubou,770,Abordable,2026-03-05
7178,CentNon_,770,Abordable,2026-03-05
7179,PalaisBourbon,770,Abordable,2026-03-05
7180,mx10_pclrsx,770,Abordable,2026-03-05
7181,vivekjosef,770,Abordable,2026-03-05
7182,Etropixx,770,Abordable,2026-03-05
7183,tasliim,769,Abordable,2026-03-05
7184,xiogo6,769,Abordable,2026-03-05
7185,imachinaire,769,Abordable,2026-03-05
7186,zornip_,769,Abordable,2026-03-05
7187,raphlamenace123,769,Abordable,2026-03-05
7188,Kagzea_,769,Abordable,2026-03-05
7189,drapsag971,768,Abordable,2026-03-05
7190,Venatys,768,Abordable,2026-03-05
7191,djeaja,768,Abordable,2026-03-05
7192,OuistiStitch,768,Abordable,2026-03-05
7193,gabriel_fsne,768,Abordable,2026-03-05
7194,YTB_Spyro,768,Abordable,2026-03-05
7195,arthur7330,768,Abordable,2026-03-05
7196,louis_pht,768,Abordable,2026-03-05
7197,Blobloob,767,Abordable,2026-03-05
7198,piratedu52,767,Abordable,2026-03-05
7199,mamandomy66,767,Abordable,2026-03-05
7200,gui12ma,767,Abordable,2026-03-05
7201,Dweezilpowa,767,Abordable,2026-03-05
7202,Mimirtylle,767,Abordable,2026-03-05
7203,DESERTSTREAMS,767,Abordable,2026-03-05
7204,TomFouk,767,Abordable,2026-03-05
7205,proxima10000,767,Abordable,2026-03-05
7206,jaderld,767,Abordable,2026-03-05
7207,furuta_mv,766,Abordable,2026-03-05
7208,VicTor_350,766,Abordable,2026-03-05
7209,Wowtwinka,766,Abordable,2026-03-05
7210,Pierroc76,766,Abordable,2026-03-05
7211,garance_10__,766,Abordable,2026-03-05
7212,florenbleu,766,Abordable,2026-03-05
7213,heliotropej,766,Abordable,2026-03-05
7214,pierrepaulejaques,765,Abordable,2026-03-05
7215,kelgbr,765,Abordable,2026-03-05
7216,legendbonobo,765,Abordable,2026-03-05
7217,Notitou,765,Abordable,2026-03-05
7218,lemeuble_sexy,764,Abordable,2026-03-05
7219,perceva,764,Abordable,2026-03-05
7220,raphlanimateurdu52,764,Abordable,2026-03-05
7221,la_ourle,764,Abordable,2026-03-05
7222,leseuletuniquey,764,Abordable,2026-03-05
7223,yonilagoul,764,Abordable,2026-03-05
7224,t_o_t_o_04,763,Abordable,2026-03-05
7225,6giger56,763,Abordable,2026-03-05
7226,wazer_x,762,Abordable,2026-03-05
7227,kakolescargot,762,Abordable,2026-03-05
7228,marguerite_29,762,Abordable,2026-03-05
7229,Nashors_tooth,762,Abordable,2026-03-05
7230,Arzigman,762,Abordable,2026-03-05
7231,Hairah,762,Abordable,2026-03-05
7232,celine30360,761,Abordable,2026-03-05
7233,Krbon_L3GEND,761,Abordable,2026-03-05
7234,guurboay,761,Abordable,2026-03-05
7235,nanej07,761,Abordable,2026-03-05
7236,alexis_h273,761,Abordable,2026-03-05
7237,dinoshan_11,761,Abordable,2026-03-05
7238,elisajsm,761,Abordable,2026-03-05
7239,Colossinge_Pop,760,Abordable,2026-03-05
7240,quentin141185,760,Abordable,2026-03-05
7241,lau4406,760,Abordable,2026-03-05
7242,lechachachat,760,Abordable,2026-03-05
7243,keauquau,760,Abordable,2026-03-05
7244,Orybles,760,Abordable,2026-03-05
7245,NeoXHyriz,760,Abordable,2026-03-05
7246,poulpirex,760,Abordable,2026-03-05
7247,leogenas69,760,Abordable,2026-03-05
7248,baalk,760,Abordable,2026-03-05
7249,tsuchikage01,760,Abordable,2026-03-05
7250,manouya2,759,Abordable,2026-03-05
7251,siphride,759,Abordable,2026-03-05
7252,jorclaz,759,Abordable,2026-03-05
7253,neslhock,759,Abordable,2026-03-05
7254,mabelfromthefall,759,Abordable,2026-03-05
7255,doctorgorille,759,Abordable,2026-03-05
7256,Vincea04,759,Abordable,2026-03-05
7257,greenouilles,759,Abordable,2026-03-05
7258,alban3544,759,Abordable,2026-03-05
7259,titime635,758,Abordable,2026-03-05
7260,GodyOwl,758,Abordable,2026-03-05
7261,CanaBeer81,758,Abordable,2026-03-05
7262,gabribusss,758,Abordable,2026-03-05
7263,laurianerbld,758,Abordable,2026-03-05
7264,nilsweed,758,Abordable,2026-03-05
7265,learbln,758,Abordable,2026-03-05
7266,matdu_51,758,Abordable,2026-03-05
7267,ymazu,758,Abordable,2026-03-05
7268,Allan4A,758,Abordable,2026-03-05
7269,bilou39iq,758,Abordable,2026-03-05
7270,lindsay0023,758,Abordable,2026-03-05
7271,rocchimo_,758,Abordable,2026-03-05
7272,milon_noe,758,Abordable,2026-03-05
7273,mag85600,757,Abordable,2026-03-05
7274,millady54,757,Abordable,2026-03-05
7275,adrideuuxx,757,Abordable,2026-03-05
7276,montidj86,757,Abordable,2026-03-05
7277,kevincommentetonmatch,757,Abordable,2026-03-05
7278,1nuit2escortes,757,Abordable,2026-03-05
7279,dorian_p22,757,Abordable,2026-03-05
7280,millat99,756,Abordable,2026-03-05
7281,myamotter,756,Abordable,2026-03-05
7282,teoulea8,756,Abordable,2026-03-05
7283,apocalypse039,756,Abordable,2026-03-05
7284,descolas_,756,Abordable,2026-03-05
7285,katarinavonb,755,Abordable,2026-03-05
7286,nithen310000,755,Abordable,2026-03-05
7287,sandoct,755,Abordable,2026-03-05
7288,jfkidkdb,755,Abordable,2026-03-05
7289,imreadytobergo,755,Abordable,2026-03-05
7290,ghalimoums,755,Abordable,2026-03-05
7291,aliiiice018374829,755,Abordable,2026-03-05
7292,quentin_de_troie,755,Abordable,2026-03-05
7293,echoox_1,755,Abordable,2026-03-05
7294,atomestar,755,Abordable,2026-03-05
7295,lebro64,755,Abordable,2026-03-05
7296,heimana02,754,Abordable,2026-03-05
7297,broccolimi,754,Abordable,2026-03-05
7298,Cedricdaswort,754,Abordable,2026-03-05
7299,Tymoche,754,Abordable,2026-03-05
7300,KheosFR,754,Abordable,2026-03-05
7301,camb85,754,Abordable,2026-03-05
7302,bylicaro,754,Abordable,2026-03-05
7303,Kamapomi,754,Abordable,2026-03-05
7304,sansylasquelette,753,Abordable,2026-03-05
7305,hugzo25,753,Abordable,2026-03-05
7306,quentinsagnespages,753,Abordable,2026-03-05
7307,mathieusolano,753,Abordable,2026-03-05
7308,jocondien56,752,Abordable,2026-03-05
7309,Shiniyomi,752,Abordable,2026-03-05
7310,pierrotdellaluna56100,752,Abordable,2026-03-05
7311,YunaBurton,751,Abordable,2026-03-05
7312,st2eve_,751,Abordable,2026-03-05
7313,Heligo,751,Abordable,2026-03-05
7314,coline_pn,751,Abordable,2026-03-05
7315,luc24170,751,Abordable,2026-03-05
7316,sunzylo,751,Abordable,2026-03-05
7317,yyyayoor,751,Abordable,2026-03-05
7318,Zephis11,750,Abordable,2026-03-05
7319,sarah_tess_twitch,750,Abordable,2026-03-05
7320,Mephistorok,750,Abordable,2026-03-05
7321,azrin,750,Abordable,2026-03-05
7322,sut3k1na,750,Abordable,2026-03-05
7323,Atlas5921,750,Abordable,2026-03-05
7324,inquii,750,Abordable,2026-03-05
7325,lorickgng,750,Abordable,2026-03-05
7326,tibro_,750,Abordable,2026-03-05
7327,reflyy,750,Abordable,2026-03-05
7328,florawhite99,750,Abordable,2026-03-05
7329,flutterzance,750,Abordable,2026-03-05
7330,isayas___,750,Abordable,2026-03-05
7331,still_mbc,750,Abordable,2026-03-05
7332,taorutadjo,750,Abordable,2026-03-05
7333,antone_vg,750,Abordable,2026-03-05
7334,Pipou_47,750,Abordable,2026-03-05
7335,clea160803,750,Abordable,2026-03-05
7336,Suwan31,749,Abordable,2026-03-05
7337,tiphaine0404,749,Abordable,2026-03-05
7338,lapetitelouise1,749,Abordable,2026-03-05
7339,Skyline_is_Blue,749,Abordable,2026-03-05
7340,toniosphere,749,Abordable,2026-03-05
7341,madou624,749,Abordable,2026-03-05
7342,airvivi,749,Abordable,2026-03-05
7343,rayhko8,749,Abordable,2026-03-05
7344,cestmoy,748,Abordable,2026-03-05
7345,florimondctgx,748,Abordable,2026-03-05
7346,zsx_apash,748,Abordable,2026-03-05
7347,kendril261,748,Abordable,2026-03-05
7348,Peohina,748,Abordable,2026-03-05
7349,YohAmida,748,Abordable,2026-03-05
7350,Liphis,748,Abordable,2026-03-05
7351,Silvers0ray,747,Abordable,2026-03-05
7352,Rayleix,747,Abordable,2026-03-05
7353,cracotte318,747,Abordable,2026-03-05
7354,nova_x_freez,747,Abordable,2026-03-05
7355,lilysead,747,Abordable,2026-03-05
7356,LMA_Reckss,747,Abordable,2026-03-05
7357,copaingeorge,747,Abordable,2026-03-05
7358,enzog3113,747,Abordable,2026-03-05
7359,huduzz,747,Abordable,2026-03-05
7360,bergamote2806,747,Abordable,2026-03-05
7361,hablazo,747,Abordable,2026-03-05
7362,miokaasan,747,Abordable,2026-03-05
7363,Rebo65,747,Abordable,2026-03-05
7364,settbronzette_,746,Abordable,2026-03-05
7365,phiphi100854,746,Abordable,2026-03-05
7366,charloutre12,746,Abordable,2026-03-05
7367,Brook1l,746,Abordable,2026-03-05
7368,maxoche,746,Abordable,2026-03-05
7369,alpharia_18,746,Abordable,2026-03-05
7370,superchat21,745,Abordable,2026-03-05
7371,Mlle_Halisson,745,Abordable,2026-03-05
7372,style_fire,745,Abordable,2026-03-05
7373,anakinskywalkeras,745,Abordable,2026-03-05
7374,saratatouille1977,745,Abordable,2026-03-05
7375,ourem,745,Abordable,2026-03-05
7376,deluxios2,745,Abordable,2026-03-05
7377,YungHooligan06,745,Abordable,2026-03-05
7378,yoshi_2007,744,Abordable,2026-03-05
7379,Aroqoo,744,Abordable,2026-03-05
7380,uhaina_,744,Abordable,2026-03-05
7381,laserbird92,744,Abordable,2026-03-05
7382,DieuJaunee,744,Abordable,2026-03-05
7383,Yurinomai,743,Abordable,2026-03-05
7384,noblearome,743,Abordable,2026-03-05
7385,tyoshisaur26,743,Abordable,2026-03-05
7386,okami_dreamin,743,Abordable,2026-03-05
7387,spayzzz92,743,Abordable,2026-03-05
7388,cookietheboss123,743,Abordable,2026-03-05
7389,belioz_,743,Abordable,2026-03-05
7390,julo_thewelsh,742,Abordable,2026-03-05
7391,SfGanl,742,Abordable,2026-03-05
7392,Chackeyyy,742,Abordable,2026-03-05
7393,mimilasouriswsh,742,Abordable,2026-03-05
7394,amandedu59141,742,Abordable,2026-03-05
7395,naoko333,741,Abordable,2026-03-05
7396,nessakl19,741,Abordable,2026-03-05
7397,valoche1709,741,Abordable,2026-03-05
7398,ana_phore,741,Abordable,2026-03-05
7399,cristale,740,Abordable,2026-03-05
7400,PingFloyder,740,Abordable,2026-03-05
7401,hugomota07,740,Abordable,2026-03-05
7402,tanguy1993,740,Abordable,2026-03-05
7403,jutobi86,739,Abordable,2026-03-05
7404,theo_latr,739,Abordable,2026-03-05
7405,HusbandoOfuscado,739,Abordable,2026-03-05
7406,blusar81,739,Abordable,2026-03-05
7407,sylgran,738,Abordable,2026-03-05
7408,mojitodejante65,738,Abordable,2026-03-05
7409,ozut2u,738,Abordable,2026-03-05
7410,ValereDeLaPlaneteTerre,738,Abordable,2026-03-05
7411,malexia111,738,Abordable,2026-03-05
7412,hypnoz_101,738,Abordable,2026-03-05
7413,AlexVI88,738,Abordable,2026-03-05
7414,inespayot,738,Abordable,2026-03-05
7415,jezabel_05,738,Abordable,2026-03-05
7416,actario_,737,Abordable,2026-03-05
7417,therabbitsgod,737,Abordable,2026-03-05
7418,Kifou9,737,Abordable,2026-03-05
7419,goldentarine,736,Abordable,2026-03-05
7420,NemLouche,736,Abordable,2026-03-05
7421,oarthur25,736,Abordable,2026-03-05
7422,darshen2,736,Abordable,2026-03-05
7423,megouzetastu,736,Abordable,2026-03-05
7424,louustick,735,Abordable,2026-03-05
7425,mick15118,734,Abordable,2026-03-05
7426,bastetth,734,Abordable,2026-03-05
7427,lafit29,734,Abordable,2026-03-05
7428,ophradinn,734,Abordable,2026-03-05
7429,albertmonsieur,734,Abordable,2026-03-05
7430,dinosouye,734,Abordable,2026-03-05
7431,ellocolucas_,734,Abordable,2026-03-05
7432,celiophan,734,Abordable,2026-03-05
7433,zCantus,734,Abordable,2026-03-05
7434,sm0nkey_,733,Abordable,2026-03-05
7435,notaaa_,733,Abordable,2026-03-05
7436,c4ss0u_,733,Abordable,2026-03-05
7437,Captenoo,733,Abordable,2026-03-05
7438,juicyman6,733,Abordable,2026-03-05
7439,SamuelTitor,733,Abordable,2026-03-05
7440,nonoop29,733,Abordable,2026-03-05
7441,karducu,733,Abordable,2026-03-05
7442,Rukeyz_,733,Abordable,2026-03-05
7443,mixlou_,733,Abordable,2026-03-05
7444,theorigine94,732,Abordable,2026-03-05
7445,Zorum21,732,Abordable,2026-03-05
7446,annick33440,732,Abordable,2026-03-05
7447,Anataa_,732,Abordable,2026-03-05
7448,guiyomm,731,Abordable,2026-03-05
7449,lmsweetdreams,731,Abordable,2026-03-05
7450,archa0ss,731,Abordable,2026-03-05
7451,paudfleurrr,731,Abordable,2026-03-05
7452,martineau72200,731,Abordable,2026-03-05
7453,fritecheddar,731,Abordable,2026-03-05
7454,perenini,730,Abordable,2026-03-05
7455,raziator15,730,Abordable,2026-03-05
7456,gwendo_la_gwendo,730,Abordable,2026-03-05
7457,SolyGhosts,730,Abordable,2026-03-05
7458,cowlehre,730,Abordable,2026-03-05
7459,clementguise,730,Abordable,2026-03-05
7460,L4iiY_,730,Abordable,2026-03-05
7461,florhy,730,Abordable,2026-03-05
7462,maxlmbrt,729,Abordable,2026-03-05
7463,abe_stitch,729,Abordable,2026-03-05
7464,sosoleil2,729,Abordable,2026-03-05
7465,Disox1,729,Abordable,2026-03-05
7466,arkhana34,729,Abordable,2026-03-05
7467,Trynzix,729,Abordable,2026-03-05
7468,jacklessur,729,Abordable,2026-03-05
7469,Skelerex,728,Abordable,2026-03-05
7470,favien_g53,728,Abordable,2026-03-05
7471,Waffis_,728,Abordable,2026-03-05
7472,notbadassassinnn,728,Abordable,2026-03-05
7473,chicohd1745,728,Abordable,2026-03-05
7474,Winnientis,728,Abordable,2026-03-05
7475,henryestbg,727,Abordable,2026-03-05
7476,thiem69,727,Abordable,2026-03-05
7477,murielfr54,727,Abordable,2026-03-05
7478,gautiesarah,727,Abordable,2026-03-05
7479,acess_nagumo,727,Abordable,2026-03-05
7480,g4b_ep2009,727,Abordable,2026-03-05
7481,scratchy68000,726,Abordable,2026-03-05
7482,franckylesang,726,Abordable,2026-03-05
7483,aurelthe17th,726,Abordable,2026-03-05
7484,Galumerk,726,Abordable,2026-03-05
7485,Sacrisanglant,726,Abordable,2026-03-05
7486,galigalawe,726,Abordable,2026-03-05
7487,mkemiiiii,726,Abordable,2026-03-05
7488,materza,726,Abordable,2026-03-05
7489,AhriRoseElmac,726,Abordable,2026-03-05
7490,Aquarelletheunicorn,725,Abordable,2026-03-05
7491,telcube01,725,Abordable,2026-03-05
7492,setawk67,724,Abordable,2026-03-05
7493,vickes6731,724,Abordable,2026-03-05
7494,titouzeubi,724,Abordable,2026-03-05
7495,thematbot,724,Abordable,2026-03-05
7496,darcko915,724,Abordable,2026-03-05
7497,popotas_muertos,724,Abordable,2026-03-05
7498,simondsy5,724,Abordable,2026-03-05
7499,kassandra1108,724,Abordable,2026-03-05
7500,rrrrrrrrrrobin,724,Abordable,2026-03-05
7501,alan31109831,724,Abordable,2026-03-05
7502,ecliiipseee04,724,Abordable,2026-03-05
7503,Djastiin,724,Abordable,2026-03-05
7504,Anzge,723,Abordable,2026-03-05
7505,sedet33,723,Abordable,2026-03-05
7506,Lunomed1,723,Abordable,2026-03-05
7507,mathildev95,723,Abordable,2026-03-05
7508,simon___adebisi,723,Abordable,2026-03-05
7509,bigfleaut,723,Abordable,2026-03-05
7510,fatethecraquito,722,Abordable,2026-03-05
7511,leonyrvl,722,Abordable,2026-03-05
7512,hiynerte,722,Abordable,2026-03-05
7513,nenioli170,722,Abordable,2026-03-05
7514,frixios_,722,Abordable,2026-03-05
7515,tinckiiwinckii1,722,Abordable,2026-03-05
7516,loiserct,722,Abordable,2026-03-05
7517,general_vador,722,Abordable,2026-03-05
7518,blackwolf6930,721,Abordable,2026-03-05
7519,darkrizen_2,721,Abordable,2026-03-05
7520,alyssac06,721,Abordable,2026-03-05
7521,luffus_tv,721,Abordable,2026-03-05
7522,insomniac_phil,721,Abordable,2026-03-05
7523,niniounette49,721,Abordable,2026-03-05
7524,freya_seidr4,721,Abordable,2026-03-05
7525,maggx3,721,Abordable,2026-03-05
7526,ykiyuk,721,Abordable,2026-03-05
7527,manjetesmorts,721,Abordable,2026-03-05
7528,dirouuu,721,Abordable,2026-03-05
7529,mathitsu9,720,Abordable,2026-03-05
7530,osarya,720,Abordable,2026-03-05
7531,tewiiy,720,Abordable,2026-03-05
7532,xel_41,720,Abordable,2026-03-05
7533,camarade_007,720,Abordable,2026-03-05
7534,juliettecrb,720,Abordable,2026-03-05
7535,dagmartrv,720,Abordable,2026-03-05
7536,grxydxy,720,Abordable,2026-03-05
7537,eresunmelon,720,Abordable,2026-03-05
7538,cycy_crevette,720,Abordable,2026-03-05
7539,IIRob1,720,Abordable,2026-03-05
7540,Mehdi_Dabu,720,Abordable,2026-03-05
7541,Zipacnaa,720,Abordable,2026-03-05
7542,pliver_,720,Abordable,2026-03-05
7543,mover6,720,Abordable,2026-03-05
7544,romainp22,720,Abordable,2026-03-05
7545,sosslpb,720,Abordable,2026-03-05
7546,emillegoat2008,720,Abordable,2026-03-05
7547,ashtray514,720,Abordable,2026-03-05
7548,nolwennfr,720,Abordable,2026-03-05
7549,Feanoldor,720,Abordable,2026-03-05
7550,chocacao25,720,Abordable,2026-03-05
7551,vic2312,720,Abordable,2026-03-05
7552,HotSillyPepper,720,Abordable,2026-03-05
7553,thefrenchcanadian1,720,Abordable,2026-03-05
7554,pepmilano,720,Abordable,2026-03-05
7555,skypos_,719,Abordable,2026-03-05
7556,nemie06,719,Abordable,2026-03-05
7557,Mouzouill,719,Abordable,2026-03-05
7558,poyo_vibes,719,Abordable,2026-03-05
7559,zonzonn8,718,Abordable,2026-03-05
7560,cece_g_m,718,Abordable,2026-03-05
7561,amayellemarie,718,Abordable,2026-03-05
7562,unaddictgamer,718,Abordable,2026-03-05
7563,jujulncl,718,Abordable,2026-03-05
7564,sarahggre,718,Abordable,2026-03-05
7565,paulo64b,718,Abordable,2026-03-05
7566,ArKanGe35,718,Abordable,2026-03-05
7567,estherrrr,717,Abordable,2026-03-05
7568,shiwaki7,717,Abordable,2026-03-05
7569,Atrex04,717,Abordable,2026-03-05
7570,line_ma,717,Abordable,2026-03-05
7571,eva_pwk,716,Abordable,2026-03-05
7572,bttwist,716,Abordable,2026-03-05
7573,redwallader,716,Abordable,2026-03-05
7574,Ansatole,716,Abordable,2026-03-05
7575,themistgeeks,716,Abordable,2026-03-05
7576,skjernsommerfeld,716,Abordable,2026-03-05
7577,6kollo9,715,Abordable,2026-03-05
7578,apachegx,715,Abordable,2026-03-05
7579,MattM1129,715,Abordable,2026-03-05
7580,marishk4,715,Abordable,2026-03-05
7581,loicknng,715,Abordable,2026-03-05
7582,Lukexys,715,Abordable,2026-03-05
7583,neluune,714,Abordable,2026-03-05
7584,wyndraxx_,714,Abordable,2026-03-05
7585,solene_bndt,714,Abordable,2026-03-05
7586,oikawadinho,714,Abordable,2026-03-05
7587,theodorusse85,713,Abordable,2026-03-05
7588,aurelienator,713,Abordable,2026-03-05
7589,roms584,713,Abordable,2026-03-05
7590,kelleurestil,713,Abordable,2026-03-05
7591,debeyyy,712,Abordable,2026-03-05
7592,lepepit0,712,Abordable,2026-03-05
7593,bladx91,712,Abordable,2026-03-05
7594,leroigogus,712,Abordable,2026-03-05
7595,JellalFRT,712,Abordable,2026-03-05
7596,lullha,712,Abordable,2026-03-05
7597,max_lechelle,712,Abordable,2026-03-05
7598,mooxile_18,711,Abordable,2026-03-05
7599,merlinpgn,711,Abordable,2026-03-05
7600,clemantiine_,711,Abordable,2026-03-05
7601,moks_14,711,Abordable,2026-03-05
7602,MrSixelas,711,Abordable,2026-03-05
7603,Skalopri,710,Abordable,2026-03-05
7604,Tooms17,710,Abordable,2026-03-05
7605,Theplopplop,710,Abordable,2026-03-05
7606,cricri6464,710,Abordable,2026-03-05
7607,creamkittyfr,710,Abordable,2026-03-05
7608,groyonfsenpai,710,Abordable,2026-03-05
7609,leilamaf,710,Abordable,2026-03-05
7610,maylisbnnrd,710,Abordable,2026-03-05
7611,morenewar,710,Abordable,2026-03-05
7612,lord_vampiron,710,Abordable,2026-03-05
7613,Darkswaglpb,709,Abordable,2026-03-05
7614,dieggdiegg,709,Abordable,2026-03-05
7615,padskywy,709,Abordable,2026-03-05
7616,awilda_coatl,709,Abordable,2026-03-05
7617,clmtgueg,709,Abordable,2026-03-05
7618,sariphe,709,Abordable,2026-03-05
7619,laulah_,708,Abordable,2026-03-05
7620,jipizor,708,Abordable,2026-03-05
7621,emtio0408_,708,Abordable,2026-03-05
7622,tedlarochelle,708,Abordable,2026-03-05
7623,larrytrooper,707,Abordable,2026-03-05
7624,cinephileerrant,707,Abordable,2026-03-05
7625,tomfcgb,707,Abordable,2026-03-05
7626,0_jfd_0,707,Abordable,2026-03-05
7627,Supermarteau15,707,Abordable,2026-03-05
7628,caroleh28,706,Abordable,2026-03-05
7629,alix_van,706,Abordable,2026-03-05
7630,kraxthar,706,Abordable,2026-03-05
7631,apagnan27s,706,Abordable,2026-03-05
7632,zozorc,706,Abordable,2026-03-05
7633,skidax,706,Abordable,2026-03-05
7634,BXLZ00,706,Abordable,2026-03-05
7635,Waxiwe_,706,Abordable,2026-03-05
7636,gaz8888,705,Abordable,2026-03-05
7637,red__40,705,Abordable,2026-03-05
7638,yayawaa,705,Abordable,2026-03-05
7639,lilu256,705,Abordable,2026-03-05
7640,jaynaloxi,705,Abordable,2026-03-05
7641,quelk1_,705,Abordable,2026-03-05
7642,Lemmos__,704,Abordable,2026-03-05
7643,emyc1703,704,Abordable,2026-03-05
7644,adem_c17,704,Abordable,2026-03-05
7645,pandore2488,704,Abordable,2026-03-05
7646,Allobe,704,Abordable,2026-03-05
7647,Halenzo,703,Abordable,2026-03-05
7648,Maksou,703,Abordable,2026-03-05
7649,jocelyne1953,703,Abordable,2026-03-05
7650,ellasticgurl,703,Abordable,2026-03-05
7651,aaronhal74,703,Abordable,2026-03-05
7652,polollow,703,Abordable,2026-03-05
7653,bavasose05,703,Abordable,2026-03-05
7654,steffyyy_,703,Abordable,2026-03-05
7655,devreix,703,Abordable,2026-03-05
7656,ilianoss31,702,Abordable,2026-03-05
7657,Squallary,702,Abordable,2026-03-05
7658,barthunne,702,Abordable,2026-03-05
7659,ju_dvx,702,Abordable,2026-03-05
7660,toncle_,702,Abordable,2026-03-05
7661,alilebaba,702,Abordable,2026-03-05
7662,BARZE02,701,Abordable,2026-03-05
7663,Mamouthest,701,Abordable,2026-03-05
7664,Camille_Roby,701,Abordable,2026-03-05
7665,chribzl,701,Abordable,2026-03-05
7666,HBKRKO619,701,Abordable,2026-03-05
7667,sensei_i_,701,Abordable,2026-03-05
7668,patamax27,700,Abordable,2026-03-05
7669,lillarion,700,Abordable,2026-03-05
7670,petitfl,700,Abordable,2026-03-05
7671,peperonipizzz,700,Abordable,2026-03-05
7672,Haggeden,700,Abordable,2026-03-05
7673,kaymoze,700,Abordable,2026-03-05
7674,anamorph0se,699,Abordable,2026-03-05
7675,candaices,699,Abordable,2026-03-05
7676,Ch0k4pikk,699,Abordable,2026-03-05
7677,annefrance75,699,Abordable,2026-03-05
7678,c3line_c,699,Abordable,2026-03-05
7679,buuche__,699,Abordable,2026-03-05
7680,Jelezia,699,Abordable,2026-03-05
7681,dadathesnail,698,Abordable,2026-03-05
7682,blackdodue,698,Abordable,2026-03-05
7683,chloe30b,698,Abordable,2026-03-05
7684,alpha_matou,698,Abordable,2026-03-05
7685,robieeng,698,Abordable,2026-03-05
7686,clembegz,697,Abordable,2026-03-05
7687,SLYDZZ_,697,Abordable,2026-03-05
7688,arzomi_,697,Abordable,2026-03-05
7689,kindermaxi07,696,Abordable,2026-03-05
7690,lhommealeatoire,696,Abordable,2026-03-05
7691,ppimbeche,696,Abordable,2026-03-05
7692,chicodelamuerte,696,Abordable,2026-03-05
7693,roxannegs,695,Abordable,2026-03-05
7694,julesville57,695,Abordable,2026-03-05
7695,Clayptocat,695,Abordable,2026-03-05
7696,racontsavix,695,Abordable,2026-03-05
7697,batlbrt,695,Abordable,2026-03-05
7698,lele070801,695,Abordable,2026-03-05
7699,timbutkuf,695,Abordable,2026-03-05
7700,Hugohash,694,Abordable,2026-03-05
7701,feucrame,694,Abordable,2026-03-05
7702,zinzid,694,Abordable,2026-03-05
7703,NepsAria,694,Abordable,2026-03-05
7704,Mariousse12,693,Abordable,2026-03-05
7705,paulhumain,693,Abordable,2026-03-05
7706,adrilexlesolex,693,Abordable,2026-03-05
7707,emilamical,693,Abordable,2026-03-05
7708,rick__,692,Abordable,2026-03-05
7709,bengreg2311,692,Abordable,2026-03-05
7710,thysmax__,692,Abordable,2026-03-05
7711,nate59160,692,Abordable,2026-03-05
7712,Ivarna,691,Abordable,2026-03-05
7713,fanterence,691,Abordable,2026-03-05
7714,agaz_ytb,691,Abordable,2026-03-05
7715,Linokox,691,Abordable,2026-03-05
7716,JusteDany,691,Abordable,2026-03-05
7717,ravs75,691,Abordable,2026-03-05
7718,bouzk69,690,Abordable,2026-03-05
7719,kikohalemon,690,Abordable,2026-03-05
7720,keres__d,690,Abordable,2026-03-05
7721,kikman2323,690,Abordable,2026-03-05
7722,loevaplr,690,Abordable,2026-03-05
7723,Thorneir_,690,Abordable,2026-03-05
7724,a_ndjel_a,690,Abordable,2026-03-05
7725,rattogs,690,Abordable,2026-03-05
7726,gabin547,690,Abordable,2026-03-05
7727,martindupe,690,Abordable,2026-03-05
7728,gigi5357,690,Abordable,2026-03-05
7729,Tayzeck,690,Abordable,2026-03-05
7730,elsadebile,689,Abordable,2026-03-05
7731,margtl21,689,Abordable,2026-03-05
7732,elr3o,689,Abordable,2026-03-05
7733,luucas_stn,689,Abordable,2026-03-05
7734,mimounoux,689,Abordable,2026-03-05
7735,tutur_ftn,689,Abordable,2026-03-05
7736,lavrairaclettee,689,Abordable,2026-03-05
7737,lepirdetous,689,Abordable,2026-03-05
7738,e5mm4,688,Abordable,2026-03-05
7739,mathilde_ja,688,Abordable,2026-03-05
7740,vacoly,688,Abordable,2026-03-05
7741,Naktyl,688,Abordable,2026-03-05
7742,xAshikata,688,Abordable,2026-03-05
7743,maxxouu__,688,Abordable,2026-03-05
7744,lilou_mp4,687,Abordable,2026-03-05
7745,lamuertedelpoulpo,687,Abordable,2026-03-05
7746,ludorinosama,687,Abordable,2026-03-05
7747,fifou_34,686,Abordable,2026-03-05
7748,ortzuu,686,Abordable,2026-03-05
7749,zilouloux123,685,Abordable,2026-03-05
7750,asphahyre_,685,Abordable,2026-03-05
7751,Sixsko,685,Abordable,2026-03-05
7752,ryztourne,685,Abordable,2026-03-05
7753,Axelinho1402,685,Abordable,2026-03-05
7754,edvardlecanard,685,Abordable,2026-03-05
7755,Yaaassine_z,685,Abordable,2026-03-05
7756,al_gameur,685,Abordable,2026-03-05
7757,asxha_,685,Abordable,2026-03-05
7758,neptun_is,685,Abordable,2026-03-05
7759,donfrigober,685,Abordable,2026-03-05
7760,Pragoserda,684,Abordable,2026-03-05
7761,Pragoserda,684,Abordable,2026-03-05
7762,Kamertur,684,Abordable,2026-03-05
7763,crranthony,684,Abordable,2026-03-05
7764,emmtyo,684,Abordable,2026-03-05
7765,carine3337,684,Abordable,2026-03-05
7766,dragondejadegaming,684,Abordable,2026-03-05
7767,mzwzz,684,Abordable,2026-03-05
7768,carloussh,683,Abordable,2026-03-05
7769,artemis2702,683,Abordable,2026-03-05
7770,sillybeat,683,Abordable,2026-03-05
7771,alexcecchinato,683,Abordable,2026-03-05
7772,maattyets10,683,Abordable,2026-03-05
7773,gauthh__,682,Abordable,2026-03-05
7774,endlessdrip,682,Abordable,2026-03-05
7775,Mosy_,682,Abordable,2026-03-05
7776,zolicas_dimensions,682,Abordable,2026-03-05
7777,moumous88lesvosges,682,Abordable,2026-03-05
7778,ancelin2402,682,Abordable,2026-03-05
7779,clement_d98,682,Abordable,2026-03-05
7780,Yanis_khff,682,Abordable,2026-03-05
7781,mi_fa_,682,Abordable,2026-03-05
7782,saavora,681,Abordable,2026-03-05
7783,nook_lebelarnaqueur,681,Abordable,2026-03-05
7784,oreillette3000,681,Abordable,2026-03-05
7785,yannetchloe,681,Abordable,2026-03-05
7786,matteosmalin,681,Abordable,2026-03-05
7787,louisecaillaud,680,Abordable,2026-03-05
7788,iamjeremyloth,680,Abordable,2026-03-05
7789,jack_whilster,680,Abordable,2026-03-05
7790,manon_ha6,680,Abordable,2026-03-05
7791,cricri20b,680,Abordable,2026-03-05
7792,Ouaf_blanc,680,Abordable,2026-03-05
7793,AMP_Tanzo,679,Abordable,2026-03-05
7794,lololeti22,679,Abordable,2026-03-05
7795,antonio_de_la_noche,679,Abordable,2026-03-05
7796,lalegende36,679,Abordable,2026-03-05
7797,tthomees,679,Abordable,2026-03-05
7798,flbflbflb,679,Abordable,2026-03-05
7799,raptorzz18,679,Abordable,2026-03-05
7800,theodebx,679,Abordable,2026-03-05
7801,pipvvv,678,Abordable,2026-03-05
7802,chacalboy07,678,Abordable,2026-03-05
7803,Mister_linkYT,678,Abordable,2026-03-05
7804,Nathh_1410,678,Abordable,2026-03-05
7805,lolipop98765432,678,Abordable,2026-03-05
7806,gilles_bourque,677,Abordable,2026-03-05
7807,Lipzon,677,Abordable,2026-03-05
7808,T_Omalley,677,Abordable,2026-03-05
7809,jujucoscu,677,Abordable,2026-03-05
7810,auxonne21,677,Abordable,2026-03-05
7811,axelmrc,677,Abordable,2026-03-05
7812,loukasss,677,Abordable,2026-03-05
7813,cromax_fr,677,Abordable,2026-03-05
7814,el_pinsaro,677,Abordable,2026-03-05
7815,cl_luna,676,Abordable,2026-03-05
7816,jo2ly,676,Abordable,2026-03-05
7817,CA_Riusma,676,Abordable,2026-03-05
7818,Nitel06,676,Abordable,2026-03-05
7819,apipouu,676,Abordable,2026-03-05
7820,Cassielle,676,Abordable,2026-03-05
7821,leonie_dct,676,Abordable,2026-03-05
7822,mula_luma,675,Abordable,2026-03-05
7823,gml_20,675,Abordable,2026-03-05
7824,kingburger14,675,Abordable,2026-03-05
7825,crira_,675,Abordable,2026-03-05
7826,ThatPlas,675,Abordable,2026-03-05
7827,saucebbq5,674,Abordable,2026-03-05
7828,XarkosSan,674,Abordable,2026-03-05
7829,Palleas,674,Abordable,2026-03-05
7830,MelvinCzK,674,Abordable,2026-03-05
7831,Hapraprar,674,Abordable,2026-03-05
7832,KaReal4990,673,Abordable,2026-03-05
7833,nanaapowah,673,Abordable,2026-03-05
7834,emmaaa_bsn,673,Abordable,2026-03-05
7835,mayavincenz,672,Abordable,2026-03-05
7836,roykow,672,Abordable,2026-03-05
7837,Aetheciane,672,Abordable,2026-03-05
7838,ElKoudou,672,Abordable,2026-03-05
7839,tim_tim27,672,Abordable,2026-03-05
7840,zoeadaa,672,Abordable,2026-03-05
7841,KaleVadore,672,Abordable,2026-03-05
7842,Porosamax,672,Abordable,2026-03-05
7843,feldrea,671,Abordable,2026-03-05
7844,waldh4ri,671,Abordable,2026-03-05
7845,elodiethbt,671,Abordable,2026-03-05
7846,thim4z,671,Abordable,2026-03-05
7847,zezereea,670,Abordable,2026-03-05
7848,kmikz91,670,Abordable,2026-03-05
7849,paigee14,670,Abordable,2026-03-05
7850,mathis__ppn,670,Abordable,2026-03-05
7851,kcmaxime,669,Abordable,2026-03-05
7852,sebth29,669,Abordable,2026-03-05
7853,Shamix_4,669,Abordable,2026-03-05
7854,Melicerte,669,Abordable,2026-03-05
7855,louuis2,669,Abordable,2026-03-05
7856,melinochee,668,Abordable,2026-03-05
7857,m4rgauuxx,668,Abordable,2026-03-05
7858,df_bribri786,668,Abordable,2026-03-05
7859,adelie_236,668,Abordable,2026-03-05
7860,Namexss,668,Abordable,2026-03-05
7861,heysuruu,668,Abordable,2026-03-05
7862,Electusf,668,Abordable,2026-03-05
7863,cessya_,668,Abordable,2026-03-05
7864,Robert_Lafondue_,668,Abordable,2026-03-05
7865,maiamgrt,667,Abordable,2026-03-05
7866,Aykonnito,667,Abordable,2026-03-05
7867,ivnoo31,667,Abordable,2026-03-05
7868,psychokwak42,667,Abordable,2026-03-05
7869,teoh59,667,Abordable,2026-03-05
7870,softpeanut,667,Abordable,2026-03-05
7871,LaSousse40,667,Abordable,2026-03-05
7872,lalyy__7,667,Abordable,2026-03-05
7873,ant0xique,667,Abordable,2026-03-05
7874,Maxiiminus,667,Abordable,2026-03-05
7875,samfrancv2,666,Abordable,2026-03-05
7876,verotang,666,Abordable,2026-03-05
7877,juliebdgt,666,Abordable,2026-03-05
7878,AnselmeO4,666,Abordable,2026-03-05
7879,lu6_zt,666,Abordable,2026-03-05
7880,Biditchoun,666,Abordable,2026-03-05
7881,zeykuu_,666,Abordable,2026-03-05
7882,shlager,666,Abordable,2026-03-05
7883,Damles,666,Abordable,2026-03-05
7884,cubman_tato,665,Abordable,2026-03-05
7885,snownzen_,665,Abordable,2026-03-05
7886,cleorttd,665,Abordable,2026-03-05
7887,cherrily18,665,Abordable,2026-03-05
7888,elodiel8,665,Abordable,2026-03-05
7889,freeze__mael,664,Abordable,2026-03-05
7890,lea_vdl14,664,Abordable,2026-03-05
7891,Antoniny03,664,Abordable,2026-03-05
7892,Scalion17,664,Abordable,2026-03-05
7893,TomannLeSandwich,664,Abordable,2026-03-05
7894,smirmork,663,Abordable,2026-03-05
7895,nellbaiolet,663,Abordable,2026-03-05
7896,Padou64,663,Abordable,2026-03-05
7897,fubular,663,Abordable,2026-03-05
7898,OhannaSky,662,Abordable,2026-03-05
7899,ddtournesol,662,Abordable,2026-03-05
7900,AoLMatthieu,662,Abordable,2026-03-05
7901,remi1408,662,Abordable,2026-03-05
7902,ArKadeAxe,662,Abordable,2026-03-05
7903,Leo_dmo,662,Abordable,2026-03-05
7904,Fuzatii,662,Abordable,2026-03-05
7905,fr_raptowr,662,Abordable,2026-03-05
7906,Henri_dmr_,661,Abordable,2026-03-05
7907,emtvn,661,Abordable,2026-03-05
7908,e_Technik,661,Abordable,2026-03-05
7909,Floninha10,661,Abordable,2026-03-05
7910,hakkuuu,660,Abordable,2026-03-05
7911,Ethysio2,660,Abordable,2026-03-05
7912,lulumatteo,660,Abordable,2026-03-05
7913,mi_lia,660,Abordable,2026-03-05
7914,alx_alm,660,Abordable,2026-03-05
7915,LeAlveris,660,Abordable,2026-03-05
7916,rebec_cruche,660,Abordable,2026-03-05
7917,christophedino,660,Abordable,2026-03-05
7918,robinnnnnnnn54,660,Abordable,2026-03-05
7919,marionlagoatt,660,Abordable,2026-03-05
7920,din0_24,660,Abordable,2026-03-05
7921,un_truc_improbable,660,Abordable,2026-03-05
7922,yugnat70,660,Abordable,2026-03-05
7923,Marsbal,660,Abordable,2026-03-05
7924,elenitaaa009,660,Abordable,2026-03-05
7925,ptf_robin,660,Abordable,2026-03-05
7926,Icebolts,660,Abordable,2026-03-05
7927,narism1,660,Abordable,2026-03-05
7928,gabicollo,660,Abordable,2026-03-05
7929,aikachi7,660,Abordable,2026-03-05
7930,Soisang,660,Abordable,2026-03-05
7931,pkmkeke1,660,Abordable,2026-03-05
7932,pretrescientologue,660,Abordable,2026-03-05
7933,Wenndalive,660,Abordable,2026-03-05
7934,miss_click_here,660,Abordable,2026-03-05
7935,didine81312,659,Abordable,2026-03-05
7936,tanguyenne,659,Abordable,2026-03-05
7937,e01hc,659,Abordable,2026-03-05
7938,hypergraphe,659,Abordable,2026-03-05
7939,volzork,659,Abordable,2026-03-05
7940,kaoutarneo,659,Abordable,2026-03-05
7941,nejee5,659,Abordable,2026-03-05
7942,aurele53,659,Abordable,2026-03-05
7943,hanako200707,658,Abordable,2026-03-05
7944,l3od3biloss,658,Abordable,2026-03-05
7945,Norsk_TiTi,658,Abordable,2026-03-05
7946,shelbyye,658,Abordable,2026-03-05
7947,poul3tt3_,658,Abordable,2026-03-05
7948,sofiane413,658,Abordable,2026-03-05
7949,clement_sport,658,Abordable,2026-03-05
7950,lemou,658,Abordable,2026-03-05
7951,pierroux0508,657,Abordable,2026-03-05
7952,zazazaokok,657,Abordable,2026-03-05
7953,reeey__,657,Abordable,2026-03-05
7954,Thyru_,657,Abordable,2026-03-05
7955,gus0310,657,Abordable,2026-03-05
7956,mendelematt,657,Abordable,2026-03-05
7957,s_sparrow10,657,Abordable,2026-03-05
7958,zextroz_,656,Abordable,2026-03-05
7959,TheSmallPreview,656,Abordable,2026-03-05
7960,Selloitah,656,Abordable,2026-03-05
7961,zoe_gregoire,656,Abordable,2026-03-05
7962,Heelaw,656,Abordable,2026-03-05
7963,MissMerrily,656,Abordable,2026-03-05
7964,Slowardz_,656,Abordable,2026-03-05
7965,littlebigrom,656,Abordable,2026-03-05
7966,KenLaFraise,656,Abordable,2026-03-05
7967,marguerite5020,656,Abordable,2026-03-05
7968,GoldMP4,656,Abordable,2026-03-05
7969,emma_educspe,655,Abordable,2026-03-05
7970,sheikahtf,655,Abordable,2026-03-05
7971,milou1811,655,Abordable,2026-03-05
7972,blueskill107,655,Abordable,2026-03-05
7973,j3ann0t,655,Abordable,2026-03-05
7974,AlricOnasrite,655,Abordable,2026-03-05
7975,LocSher,655,Abordable,2026-03-05
7976,cosyseeker,655,Abordable,2026-03-05
7977,bechamelch,654,Abordable,2026-03-05
7978,praemia,654,Abordable,2026-03-05
7979,nyx_29000,653,Abordable,2026-03-05
7980,arboretsens,653,Abordable,2026-03-05
7981,chloehtnt,653,Abordable,2026-03-05
7982,perrfre,653,Abordable,2026-03-05
7983,with3r_tv,653,Abordable,2026-03-05
7984,athenatrn,653,Abordable,2026-03-05
7985,Remiwyng,653,Abordable,2026-03-05
7986,emixam0193,652,Abordable,2026-03-05
7987,blastdrogon,652,Abordable,2026-03-05
7988,Steefler35,652,Abordable,2026-03-05
7989,sosomgt,652,Abordable,2026-03-05
7990,echtecly,652,Abordable,2026-03-05
7991,pouydee,651,Abordable,2026-03-05
7992,lou_stack,651,Abordable,2026-03-05
7993,KobraaDZN,651,Abordable,2026-03-05
7994,slalom08,651,Abordable,2026-03-05
7995,snitox122,651,Abordable,2026-03-05
7996,kaloooooooooooooooo,651,Abordable,2026-03-05
7997,bubulacastagne,650,Abordable,2026-03-05
7998,jase89,650,Abordable,2026-03-05
7999,drimix,650,Abordable,2026-03-05
8000,laulau17p,650,Abordable,2026-03-05
8001,d0ud0u1806,650,Abordable,2026-03-05
8002,carojanet2011,650,Abordable,2026-03-05
8003,Shiirosune,650,Abordable,2026-03-05
8004,graigosssss,649,Abordable,2026-03-05
8005,kirikoucr1,649,Abordable,2026-03-05
8006,nolannc455,649,Abordable,2026-03-05
8007,margooot_3,649,Abordable,2026-03-05
8008,Marshmallooo_,649,Abordable,2026-03-05
8009,neilson_2,649,Abordable,2026-03-05
8010,JungAria,649,Abordable,2026-03-05
8011,jose_asmodee,648,Abordable,2026-03-05
8012,erwaninho___,648,Abordable,2026-03-05
8013,Vivien_67,648,Abordable,2026-03-05
8014,w0lp_,648,Abordable,2026-03-05
8015,elpiib,648,Abordable,2026-03-05
8016,perrinee39,648,Abordable,2026-03-05
8017,naruraruran,648,Abordable,2026-03-05
8018,aureliervlnbook,647,Abordable,2026-03-05
8019,nastro_HvkB2S,647,Abordable,2026-03-05
8020,lipkk17,647,Abordable,2026-03-05
8021,mg_camsang62,647,Abordable,2026-03-05
8022,steve_dn,647,Abordable,2026-03-05
8023,juju40,647,Abordable,2026-03-05
8024,mariemariemarie19,647,Abordable,2026-03-05
8025,kobe25j,647,Abordable,2026-03-05
8026,sergent_garcia_,647,Abordable,2026-03-05
8027,baptiste_gl,647,Abordable,2026-03-05
8028,cecileplh,646,Abordable,2026-03-05
8029,popo9703,646,Abordable,2026-03-05
8030,m1mouna,645,Abordable,2026-03-05
8031,sill_valt,645,Abordable,2026-03-05
8032,jojooborne,645,Abordable,2026-03-05
8033,nopain_no_gain,645,Abordable,2026-03-05
8034,OkamiMorgan,645,Abordable,2026-03-05
8035,charasse91,645,Abordable,2026-03-05
8036,zehobbit67,645,Abordable,2026-03-05
8037,atchoup57,644,Abordable,2026-03-05
8038,tomdhul,644,Abordable,2026-03-05
8039,vavounee,644,Abordable,2026-03-05
8040,KreissEgis,644,Abordable,2026-03-05
8041,mestiridido,644,Abordable,2026-03-05
8042,xplosif27,643,Abordable,2026-03-05
8043,samus0607,643,Abordable,2026-03-05
8044,Hermetre_159,643,Abordable,2026-03-05
8045,Aka4517,643,Abordable,2026-03-05
8046,maxmur,643,Abordable,2026-03-05
8047,Hikitikat,643,Abordable,2026-03-05
8048,btwix38,643,Abordable,2026-03-05
8049,cyraryca,642,Abordable,2026-03-05
8050,Hib3rU,642,Abordable,2026-03-05
8051,KZN_______,642,Abordable,2026-03-05
8052,Ezeax,642,Abordable,2026-03-05
8053,yontoshi,642,Abordable,2026-03-05
8054,pamplemoui,642,Abordable,2026-03-05
8055,walterretwal,642,Abordable,2026-03-05
8056,lazzzdg,642,Abordable,2026-03-05
8057,Syndrox31,642,Abordable,2026-03-05
8058,nopen94,642,Abordable,2026-03-05
8059,maellette2,641,Abordable,2026-03-05
8060,ltndan57,641,Abordable,2026-03-05
8061,citronnade321,641,Abordable,2026-03-05
8062,itsumimariooooo,641,Abordable,2026-03-05
8063,TheMudkip84,641,Abordable,2026-03-05
8064,lagaub1,641,Abordable,2026-03-05
8065,clemcloum89,641,Abordable,2026-03-05
8066,didine_sama_,641,Abordable,2026-03-05
8067,samson_aa,641,Abordable,2026-03-05
8068,AlDLan08,641,Abordable,2026-03-05
8069,regaabi,641,Abordable,2026-03-05
8070,okasa_vr,640,Abordable,2026-03-05
8071,Tyohke,640,Abordable,2026-03-05
8072,mmr_studio,640,Abordable,2026-03-05
8073,lorena_frl,640,Abordable,2026-03-05
8074,alana_zbl,640,Abordable,2026-03-05
8075,nini_760,640,Abordable,2026-03-05
8076,kentix_63,639,Abordable,2026-03-05
8077,jindhotwheels,639,Abordable,2026-03-05
8078,rofosefe,639,Abordable,2026-03-05
8079,sterenn___,639,Abordable,2026-03-05
8080,tibo_prx,639,Abordable,2026-03-05
8081,h0stilz,639,Abordable,2026-03-05
8082,mamablr07,639,Abordable,2026-03-05
8083,ev4nesc3nce_,639,Abordable,2026-03-05
8084,LudovicHend,639,Abordable,2026-03-05
8085,Noftark,638,Abordable,2026-03-05
8086,thxmate_xvi,638,Abordable,2026-03-05
8087,msovb,638,Abordable,2026-03-05
8088,megapegasus15,638,Abordable,2026-03-05
8089,Akudara,638,Abordable,2026-03-05
8090,serinyti,638,Abordable,2026-03-05
8091,euscarla,638,Abordable,2026-03-05
8092,Netherenfroc_,638,Abordable,2026-03-05
8093,Yuta_033,638,Abordable,2026-03-05
8094,ohla2000,638,Abordable,2026-03-05
8095,pezl03,637,Abordable,2026-03-05
8096,louisemrhl,637,Abordable,2026-03-05
8097,SoFoCle,637,Abordable,2026-03-05
8098,laetis08,637,Abordable,2026-03-05
8099,Raptorrr59,637,Abordable,2026-03-05
8100,c0t0nn,637,Abordable,2026-03-05
8101,SamSuphy,637,Abordable,2026-03-05
8102,tartartnoe,637,Abordable,2026-03-05
8103,t6yll,636,Abordable,2026-03-05
8104,D0B0VAN,636,Abordable,2026-03-05
8105,haddocktrllx,636,Abordable,2026-03-05
8106,ebrbt,636,Abordable,2026-03-05
8107,boumbo_des_bois,636,Abordable,2026-03-05
8108,sabenou,635,Abordable,2026-03-05
8109,Jbblebb,635,Abordable,2026-03-05
8110,exogar_18,635,Abordable,2026-03-05
8111,antoin53,635,Abordable,2026-03-05
8112,maxwellime,635,Abordable,2026-03-05
8113,anakayui,635,Abordable,2026-03-05
8114,cora_leen,635,Abordable,2026-03-05
8115,zlatom0802,634,Abordable,2026-03-05
8116,AlexWax1,634,Abordable,2026-03-05
8117,Ardaraps,634,Abordable,2026-03-05
8118,SamLogan01,634,Abordable,2026-03-05
8119,ChanceCour1r,634,Abordable,2026-03-05
8120,dembelinhoo7,634,Abordable,2026-03-05
8121,matisteva,634,Abordable,2026-03-05
8122,max3nc3_71,634,Abordable,2026-03-05
8123,pinky_starlette2,634,Abordable,2026-03-05
8124,gR3ylord,634,Abordable,2026-03-05
8125,kuma_live,634,Abordable,2026-03-05
8126,Ansuz_Studio,634,Abordable,2026-03-05
8127,tintinsdf,634,Abordable,2026-03-05
8128,lorenm9,634,Abordable,2026-03-05
8129,Jobeceal,633,Abordable,2026-03-05
8130,VonGregy,633,Abordable,2026-03-05
8131,Asteadus,633,Abordable,2026-03-05
8132,captaineFlem,632,Abordable,2026-03-05
8133,prof_zarb,632,Abordable,2026-03-05
8134,Barlox90,632,Abordable,2026-03-05
8135,kamlngvn,632,Abordable,2026-03-05
8136,LePoissonThibautt,632,Abordable,2026-03-05
8137,locobaboso,632,Abordable,2026-03-05
8138,mathieu_brst,632,Abordable,2026-03-05
8139,venditttt,631,Abordable,2026-03-05
8140,nomadelo,631,Abordable,2026-03-05
8141,maheleha,631,Abordable,2026-03-05
8142,mc6flag77,631,Abordable,2026-03-05
8143,elo29450,631,Abordable,2026-03-05
8144,lolilolgrr,631,Abordable,2026-03-05
8145,Silvarro_lou,631,Abordable,2026-03-05
8146,robine_r,630,Abordable,2026-03-05
8147,nownoa,630,Abordable,2026-03-05
8148,horous_012,630,Abordable,2026-03-05
8149,RicT0n,630,Abordable,2026-03-05
8150,BlueSaphirria,630,Abordable,2026-03-05
8151,PX_ByoZoe,630,Abordable,2026-03-05
8152,skygames07,630,Abordable,2026-03-05
8153,XCSamsy,630,Abordable,2026-03-05
8154,lecafe9,630,Abordable,2026-03-05
8155,alexsee99,630,Abordable,2026-03-05
8156,UnMecRandom23,630,Abordable,2026-03-05
8157,flooorian,630,Abordable,2026-03-05
8158,brindilleuh,630,Abordable,2026-03-05
8159,dezed_94,630,Abordable,2026-03-05
8160,nrousselotb,630,Abordable,2026-03-05
8161,baptisaxo15,630,Abordable,2026-03-05
8162,GaszokS,630,Abordable,2026-03-05
8163,batecat22,630,Abordable,2026-03-05
8164,louisc0w,630,Abordable,2026-03-05
8165,semmaboglarka,630,Abordable,2026-03-05
8166,papiillon_,630,Abordable,2026-03-05
8167,mbrd01,630,Abordable,2026-03-05
8168,Marceau62,630,Abordable,2026-03-05
8169,ilarnek01,630,Abordable,2026-03-05
8170,antar_s,629,Abordable,2026-03-05
8171,persefall,629,Abordable,2026-03-05
8172,sw1___,629,Abordable,2026-03-05
8173,upsylycus,629,Abordable,2026-03-05
8174,luluvelo83,629,Abordable,2026-03-05
8175,jerezzinho,629,Abordable,2026-03-05
8176,Novardens,628,Abordable,2026-03-05
8177,fuzozoraire,628,Abordable,2026-03-05
8178,liliancmb,628,Abordable,2026-03-05
8179,Roroo1804,628,Abordable,2026-03-05
8180,pilzik,628,Abordable,2026-03-05
8181,amaumau3176,628,Abordable,2026-03-05
8182,palmit0s_,628,Abordable,2026-03-05
8183,bliketa,627,Abordable,2026-03-05
8184,3louan,627,Abordable,2026-03-05
8185,bigoat_,627,Abordable,2026-03-05
8186,turkishgraphik,626,Abordable,2026-03-05
8187,6rril,626,Abordable,2026-03-05
8188,flofleur2,626,Abordable,2026-03-05
8189,waaawaaaawaaa,626,Abordable,2026-03-05
8190,mathu2211,626,Abordable,2026-03-05
8191,aeeeeel,626,Abordable,2026-03-05
8192,flowars_,625,Abordable,2026-03-05
8193,skreiz17,625,Abordable,2026-03-05
8194,melbahyouki,625,Abordable,2026-03-05
8195,grimaikin22,625,Abordable,2026-03-05
8196,mlou13,625,Abordable,2026-03-05
8197,MalouReyy,625,Abordable,2026-03-05
8198,Arrkazz,625,Abordable,2026-03-05
8199,lea_knp,625,Abordable,2026-03-05
8200,celiooo03,625,Abordable,2026-03-05
8201,spacerocket___,624,Abordable,2026-03-05
8202,lokylock16,624,Abordable,2026-03-05
8203,papasmurf2407,624,Abordable,2026-03-05
8204,juanpedrau,624,Abordable,2026-03-05
8205,Sieo,624,Abordable,2026-03-05
8206,marinou32,623,Abordable,2026-03-05
8207,melydya,623,Abordable,2026-03-05
8208,lolotropforte,623,Abordable,2026-03-05
8209,NeyLshi,623,Abordable,2026-03-05
8210,Aquiltys,623,Abordable,2026-03-05
8211,Xenoz68,623,Abordable,2026-03-05
8212,ghargo92,623,Abordable,2026-03-05
8213,loulou1418,622,Abordable,2026-03-05
8214,I_LIKE_LEBLANC,622,Abordable,2026-03-05
8215,clemfiTV,622,Abordable,2026-03-05
8216,laulauide,622,Abordable,2026-03-05
8217,mariiiiionn,622,Abordable,2026-03-05
8218,jspjesuisarthur,622,Abordable,2026-03-05
8219,clem_pdf,622,Abordable,2026-03-05
8220,EkiHolic_,621,Abordable,2026-03-05
8221,cpatrier,621,Abordable,2026-03-05
8222,xaynes,621,Abordable,2026-03-05
8223,notPr0xy,620,Abordable,2026-03-05
8224,Nyki40,620,Abordable,2026-03-05
8225,salexi0,620,Abordable,2026-03-05
8226,og_shuk,620,Abordable,2026-03-05
8227,MisterCyril,620,Abordable,2026-03-05
8228,vins0806,620,Abordable,2026-03-05
8229,alose2701,620,Abordable,2026-03-05
8230,lucile0712,619,Abordable,2026-03-05
8231,amelielesurimi,619,Abordable,2026-03-05
8232,Betterbepurple,619,Abordable,2026-03-05
8233,ka3_14taine,619,Abordable,2026-03-05
8234,nosro,619,Abordable,2026-03-05
8235,Yuukirz_mk,619,Abordable,2026-03-05
8236,ewan_231,619,Abordable,2026-03-05
8237,poupoune311,618,Abordable,2026-03-05
8238,davinhyo_8,618,Abordable,2026-03-05
8239,mael2669,618,Abordable,2026-03-05
8240,Itirpel,618,Abordable,2026-03-05
8241,brobricoleur24,617,Abordable,2026-03-05
8242,madgerthaa,617,Abordable,2026-03-05
8243,Metallicanard,617,Abordable,2026-03-05
8244,arlettazzz,617,Abordable,2026-03-05
8245,loris2707,617,Abordable,2026-03-05
8246,carabas36,617,Abordable,2026-03-05
8247,Oshalz,617,Abordable,2026-03-05
8248,murddy_r6,616,Abordable,2026-03-05
8249,marin_g56,616,Abordable,2026-03-05
8250,dracis_,616,Abordable,2026-03-05
8251,marionrimbaud,616,Abordable,2026-03-05
8252,sulynhoooo,616,Abordable,2026-03-05
8253,baldacuze_nemo,616,Abordable,2026-03-05
8254,balmizzet,616,Abordable,2026-03-05
8255,elvin__19,616,Abordable,2026-03-05
8256,maxalvs,616,Abordable,2026-03-05
8257,cendrillon12,615,Abordable,2026-03-05
8258,franfoua,615,Abordable,2026-03-05
8259,canyb4z,615,Abordable,2026-03-05
8260,emmaaldr20,615,Abordable,2026-03-05
8261,ArKeiZ_,615,Abordable,2026-03-05
8262,svmi99,614,Abordable,2026-03-05
8263,jules_rufenacht,614,Abordable,2026-03-05
8264,labrugeee,614,Abordable,2026-03-05
8265,FoalEU,614,Abordable,2026-03-05
8266,nithusan_,614,Abordable,2026-03-05
8267,chloednt,613,Abordable,2026-03-05
8268,Jurassix_pack,613,Abordable,2026-03-05
8269,achartbenmor,613,Abordable,2026-03-05
8270,purplitodelfuego,613,Abordable,2026-03-05
8271,julius_gal,612,Abordable,2026-03-05
8272,matize,612,Abordable,2026-03-05
8273,lorisbjn10,612,Abordable,2026-03-05
8274,fronmd,612,Abordable,2026-03-05
8275,voltini411,611,Abordable,2026-03-05
8276,tboutv,611,Abordable,2026-03-05
8277,nulthen,611,Abordable,2026-03-05
8278,eldod_5986,611,Abordable,2026-03-05
8279,musbros4,611,Abordable,2026-03-05
8280,clarapnsn,611,Abordable,2026-03-05
8281,FrostVibes,611,Abordable,2026-03-05
8282,Chanyoooo,611,Abordable,2026-03-05
8283,antoinejotaro,611,Abordable,2026-03-05
8284,lychaaar,611,Abordable,2026-03-05
8285,noersl,610,Abordable,2026-03-05
8286,Furiious689,610,Abordable,2026-03-05
8287,jaykkokuro,610,Abordable,2026-03-05
8288,caillou326,610,Abordable,2026-03-05
8289,crostif,610,Abordable,2026-03-05
8290,le_l0102,609,Abordable,2026-03-05
8291,synix_0019,609,Abordable,2026-03-05
8292,thomler89,609,Abordable,2026-03-05
8293,yorickk_,609,Abordable,2026-03-05
8294,2006__lq,608,Abordable,2026-03-05
8295,ElFringoo,608,Abordable,2026-03-05
8296,carson_14_,608,Abordable,2026-03-05
8297,phil_elie_,608,Abordable,2026-03-05
8298,tisthali,607,Abordable,2026-03-05
8299,herhou18,607,Abordable,2026-03-05
8300,xanakka,607,Abordable,2026-03-05
8301,migraine_passagere,607,Abordable,2026-03-05
8302,jeannette123456789,607,Abordable,2026-03-05
8303,leloliecrn,607,Abordable,2026-03-05
8304,basemon2000,607,Abordable,2026-03-05
8305,mamamimamou,606,Abordable,2026-03-05
8306,quentitinus,606,Abordable,2026-03-05
8307,nialas1971,606,Abordable,2026-03-05
8308,jadechristophe,606,Abordable,2026-03-05
8309,cleeem17,606,Abordable,2026-03-05
8310,No_aaron,606,Abordable,2026-03-05
8311,cephi,606,Abordable,2026-03-05
8312,benjjharmont,605,Abordable,2026-03-05
8313,elgadina,605,Abordable,2026-03-05
8314,melo_tonie,605,Abordable,2026-03-05
8315,timo663,605,Abordable,2026-03-05
8316,furydrack,605,Abordable,2026-03-05
8317,maxjacq03,604,Abordable,2026-03-05
8318,splintercup1,604,Abordable,2026-03-05
8319,flo62280,604,Abordable,2026-03-05
8320,olbemie,604,Abordable,2026-03-05
8321,WoXayZ,604,Abordable,2026-03-05
8322,Reliop_sc2,603,Abordable,2026-03-05
8323,mrgeeknoobly,603,Abordable,2026-03-05
8324,thisma70,603,Abordable,2026-03-05
8325,katiaboop15,603,Abordable,2026-03-05
8326,titouan_p18,603,Abordable,2026-03-05
8327,Dams1412,603,Abordable,2026-03-05
8328,riwaa_,603,Abordable,2026-03-05
8329,trussi__,603,Abordable,2026-03-05
8330,Ben_P_1,603,Abordable,2026-03-05
8331,v2rlz,602,Abordable,2026-03-05
8332,Trymal_,602,Abordable,2026-03-05
8333,thuyvivalentine,602,Abordable,2026-03-05
8334,BlaBlaw_,602,Abordable,2026-03-05
8335,jcbnn1509,602,Abordable,2026-03-05
8336,kkeeborn,601,Abordable,2026-03-05
8337,margote04,601,Abordable,2026-03-05
8338,albator2310,600,Abordable,2026-03-05
8339,chanhyoo,600,Abordable,2026-03-05
8340,eloravms,600,Abordable,2026-03-05
8341,sidoniiiee,600,Abordable,2026-03-05
8342,the0neand0nl1,600,Abordable,2026-03-05
8343,Aelyaa,600,Abordable,2026-03-05
8344,shifu_mastaz,600,Abordable,2026-03-05
8345,petit_pinson,600,Abordable,2026-03-05
8346,FrostisAdvance,600,Abordable,2026-03-05
8347,julaie77,600,Abordable,2026-03-05
8348,mipomme,600,Abordable,2026-03-05
8349,axis_smn,600,Abordable,2026-03-05
8350,Bananebl,600,Abordable,2026-03-05
8351,agatheyouuh,600,Abordable,2026-03-05
8352,Iwilli26,600,Abordable,2026-03-05
8353,amaury_thblt,600,Abordable,2026-03-05
8354,rydheidkdjd,600,Abordable,2026-03-05
8355,pizza_parti,600,Abordable,2026-03-05
8356,lixtya,600,Abordable,2026-03-05
8357,antoine_pwr,600,Abordable,2026-03-05
8358,procopops,600,Abordable,2026-03-05
8359,alexe_gblng,600,Abordable,2026-03-05
8360,ambre7822,600,Abordable,2026-03-05
8361,10en8,600,Abordable,2026-03-05
8362,fanfanny76,600,Abordable,2026-03-05
8363,Ellicrum,600,Abordable,2026-03-05
8364,red_pxi,600,Abordable,2026-03-05
8365,alphax91,600,Abordable,2026-03-05
8366,rox_pas_rouky,600,Abordable,2026-03-05
8367,nalorico,600,Abordable,2026-03-05
8368,hekariel,600,Abordable,2026-03-05
8369,augustinlevrai,600,Abordable,2026-03-05
8370,yassaarr,600,Abordable,2026-03-05
8371,madeleinemsr,599,Abordable,2026-03-05
8372,romjos,599,Abordable,2026-03-05
8373,Alttamos,599,Abordable,2026-03-05
8374,Ikiinowax,599,Abordable,2026-03-05
8375,Fumeste,599,Abordable,2026-03-05
8376,Slayrig,599,Abordable,2026-03-05
8377,octopus5926,598,Abordable,2026-03-05
8378,lxlxndrxpixel,598,Abordable,2026-03-05
8379,rose_pels,598,Abordable,2026-03-05
8380,wonwart,598,Abordable,2026-03-05
8381,Sweeter00,598,Abordable,2026-03-05
8382,theophilefaye,598,Abordable,2026-03-05
8383,etnix__,597,Abordable,2026-03-05
8384,joyeuxwendy,597,Abordable,2026-03-05
8385,Grasuo,597,Abordable,2026-03-05
8386,cl_chevalier,597,Abordable,2026-03-05
8387,naaaaaass,597,Abordable,2026-03-05
8388,MacximuZ,597,Abordable,2026-03-05
8389,Poockine,597,Abordable,2026-03-05
8390,okipiike,597,Abordable,2026-03-05
8391,z4ne_whs,597,Abordable,2026-03-05
8392,BUT2TREZEGUET,597,Abordable,2026-03-05
8393,baptistedeme21,597,Abordable,2026-03-05
8394,louisbchet,596,Abordable,2026-03-05
8395,croutine29,596,Abordable,2026-03-05
8396,nyappz,596,Abordable,2026-03-05
8397,spiky_pollen,596,Abordable,2026-03-05
8398,kl_apollon,596,Abordable,2026-03-05
8399,ura_loulou,596,Abordable,2026-03-05
8400,m8_kovo,595,Abordable,2026-03-05
8401,pierre_rvlt,595,Abordable,2026-03-05
8402,emmachacha,595,Abordable,2026-03-05
8403,LoucasLuke,595,Abordable,2026-03-05
8404,azmog159_,595,Abordable,2026-03-05
8405,enae_a,595,Abordable,2026-03-05
8406,Pifoute,595,Abordable,2026-03-05
8407,lisavssr,595,Abordable,2026-03-05
8408,melvinduivon,595,Abordable,2026-03-05
8409,leroye5,595,Abordable,2026-03-05
8410,Hesianor,594,Abordable,2026-03-05
8411,SpillerBJ,594,Abordable,2026-03-05
8412,Jessouiiille,594,Abordable,2026-03-05
8413,zelie_l,594,Abordable,2026-03-05
8414,Tanuki_Bouilloire,594,Abordable,2026-03-05
8415,Anerress,594,Abordable,2026-03-05
8416,gullyiy,594,Abordable,2026-03-05
8417,edouard_g,593,Abordable,2026-03-05
8418,black_origami,593,Abordable,2026-03-05
8419,Minoreex,593,Abordable,2026-03-05
8420,Jayro_mds,593,Abordable,2026-03-05
8421,picolette33,593,Abordable,2026-03-05
8422,marg_h24,593,Abordable,2026-03-05
8423,Nitrozalex_,593,Abordable,2026-03-05
8424,brendaxxx05,593,Abordable,2026-03-05
8425,lunatik_444,593,Abordable,2026-03-05
8426,LuniqueGamus,593,Abordable,2026-03-05
8427,PaulXXVII,593,Abordable,2026-03-05
8428,clem_br_,593,Abordable,2026-03-05
8429,ellaassp,593,Abordable,2026-03-05
8430,Leuvei,593,Abordable,2026-03-05
8431,startplatinum,592,Abordable,2026-03-05
8432,solution83,592,Abordable,2026-03-05
8433,hugnark,592,Abordable,2026-03-05
8434,lelie__,592,Abordable,2026-03-05
8435,Antoonitoo,592,Abordable,2026-03-05
8436,jajalasquale,592,Abordable,2026-03-05
8437,neitsabes_4,592,Abordable,2026-03-05
8438,ddojima,592,Abordable,2026-03-05
8439,TomAxia,591,Abordable,2026-03-05
8440,Just_Qasss,591,Abordable,2026-03-05
8441,big_h04,591,Abordable,2026-03-05
8442,lisabou85,591,Abordable,2026-03-05
8443,agnessette,591,Abordable,2026-03-05
8444,spicygracee001,590,Abordable,2026-03-05
8445,obb1,590,Abordable,2026-03-05
8446,papito20416,590,Abordable,2026-03-05
8447,zorro_ao,590,Abordable,2026-03-05
8448,lenaingr,590,Abordable,2026-03-05
8449,lisaaa_leba31,590,Abordable,2026-03-05
8450,robin59399,589,Abordable,2026-03-05
8451,lineaa31,589,Abordable,2026-03-05
8452,titie78,589,Abordable,2026-03-05
8453,zerka926,589,Abordable,2026-03-05
8454,tchangyi,589,Abordable,2026-03-05
8455,pierro07,589,Abordable,2026-03-05
8456,emma_cdj,589,Abordable,2026-03-05
8457,Thorstein1989,589,Abordable,2026-03-05
8458,iswaiz17,588,Abordable,2026-03-05
8459,louloute34590,588,Abordable,2026-03-05
8460,th_e000,588,Abordable,2026-03-05
8461,bastgamin,588,Abordable,2026-03-05
8462,antho_2397,588,Abordable,2026-03-05
8463,brugaxxx,588,Abordable,2026-03-05
8464,lazlo_strange_,588,Abordable,2026-03-05
8465,kls2907,588,Abordable,2026-03-05
8466,Dan_Kurozumi,587,Abordable,2026-03-05
8467,alalalaa555,587,Abordable,2026-03-05
8468,antomario10,587,Abordable,2026-03-05
8469,ripch88,587,Abordable,2026-03-05
8470,plaf0nd_,587,Abordable,2026-03-05
8471,SoluiTV,587,Abordable,2026-03-05
8472,h_bogart25,587,Abordable,2026-03-05
8473,thierrypiot,586,Abordable,2026-03-05
8474,le_looping,586,Abordable,2026-03-05
8475,onilsam,586,Abordable,2026-03-05
8476,supersaronche,586,Abordable,2026-03-05
8477,m8_darkhac_,586,Abordable,2026-03-05
8478,toniofrrx,586,Abordable,2026-03-05
8479,ZebreNoirTV,586,Abordable,2026-03-05
8480,amirablh,585,Abordable,2026-03-05
8481,marayaa,585,Abordable,2026-03-05
8482,chrisjou95,585,Abordable,2026-03-05
8483,LePanier_,584,Abordable,2026-03-05
8484,ToToV,584,Abordable,2026-03-05
8485,gaetansimon880001,584,Abordable,2026-03-05
8486,crapialess,584,Abordable,2026-03-05
8487,Tremolow,583,Abordable,2026-03-05
8488,Ozeeeko,583,Abordable,2026-03-05
8489,EloLightyear7,583,Abordable,2026-03-05
8490,emturtle_,583,Abordable,2026-03-05
8491,h3bisan,583,Abordable,2026-03-05
8492,bl0opbl0op,583,Abordable,2026-03-05
8493,Acadix_,582,Abordable,2026-03-05
8494,solenepnd,582,Abordable,2026-03-05
8495,ZozoMaaster,582,Abordable,2026-03-05
8496,gogetamzaa,582,Abordable,2026-03-05
8497,squibidisquidgame,582,Abordable,2026-03-05
8498,tennagoni,582,Abordable,2026-03-05
8499,gnoochi973,582,Abordable,2026-03-05
8500,Packkkco,582,Abordable,2026-03-05
8501,tominou68,582,Abordable,2026-03-05
8502,Arkanssielle,582,Abordable,2026-03-05
8503,alainpellus,581,Abordable,2026-03-05
8504,rayandedtz,581,Abordable,2026-03-05
8505,sacha_k____,581,Abordable,2026-03-05
8506,belligoaal,581,Abordable,2026-03-05
8507,guillaume44000,581,Abordable,2026-03-05
8508,Nywayz,580,Abordable,2026-03-05
8509,pioupiooudu31,580,Abordable,2026-03-05
8510,fire_shot49,580,Abordable,2026-03-05
8511,nakholz,580,Abordable,2026-03-05
8512,vincelan4,580,Abordable,2026-03-05
8513,llauragq,580,Abordable,2026-03-05
8514,Kahlazar_hs,580,Abordable,2026-03-05
8515,noemie_crumble,580,Abordable,2026-03-05
8516,chaseur2_0,580,Abordable,2026-03-05
8517,JoseArribas,580,Abordable,2026-03-05
8518,nicolapi08,580,Abordable,2026-03-05
8519,Elraizher85,580,Abordable,2026-03-05
8520,timjj53,580,Abordable,2026-03-05
8521,papazouglu500,579,Abordable,2026-03-05
8522,L0L4ZZZ,579,Abordable,2026-03-05
8523,clemidoudou,579,Abordable,2026-03-05
8524,unbiseptium_127,579,Abordable,2026-03-05
8525,shiizuk0_,579,Abordable,2026-03-05
8526,niwunikonu,579,Abordable,2026-03-05
8527,19needle,579,Abordable,2026-03-05
8528,Zepsilo,579,Abordable,2026-03-05
8529,Boruug,578,Abordable,2026-03-05
8530,xig57,578,Abordable,2026-03-05
8531,MakiMikeTyson,578,Abordable,2026-03-05
8532,banana2522,578,Abordable,2026-03-05
8533,skansle,578,Abordable,2026-03-05
8534,matepala12,578,Abordable,2026-03-05
8535,ni2207,578,Abordable,2026-03-05
8536,zziace,577,Abordable,2026-03-05
8537,deraken02,577,Abordable,2026-03-05
8538,chatmalauu,577,Abordable,2026-03-05
8539,Wartux_,577,Abordable,2026-03-05
8540,trafalgar_d_anto,576,Abordable,2026-03-05
8541,mapate89,576,Abordable,2026-03-05
8542,Morfi357,576,Abordable,2026-03-05
8543,matheww824,576,Abordable,2026-03-05
8544,Chentvin,576,Abordable,2026-03-05
8545,oli21099,576,Abordable,2026-03-05
8546,accarios,576,Abordable,2026-03-05
8547,jcf1973,576,Abordable,2026-03-05
8548,rachidou79,576,Abordable,2026-03-05
8549,wormet31,576,Abordable,2026-03-05
8550,didier_des_dididas,576,Abordable,2026-03-05
8551,jainaleg,576,Abordable,2026-03-05
8552,razspender_off,575,Abordable,2026-03-05
8553,clo_dtrmp,575,Abordable,2026-03-05
8554,Jiogo18,575,Abordable,2026-03-05
8555,moeyer,575,Abordable,2026-03-05
8556,s4ch4n15,575,Abordable,2026-03-05
8557,100berydlaw,575,Abordable,2026-03-05
8558,maelle_mb,575,Abordable,2026-03-05
8559,sops31,574,Abordable,2026-03-05
8560,Nab_Babo,574,Abordable,2026-03-05
8561,marionousbb,574,Abordable,2026-03-05
8562,drqueenw,574,Abordable,2026-03-05
8563,docsimones,574,Abordable,2026-03-05
8564,mav0006,574,Abordable,2026-03-05
8565,babiche65,574,Abordable,2026-03-05
8566,loulou5900000,573,Abordable,2026-03-05
8567,antore2,573,Abordable,2026-03-05
8568,mirio_34,572,Abordable,2026-03-05
8569,mrlg1204,572,Abordable,2026-03-05
8570,aurafarmer6767_,572,Abordable,2026-03-05
8571,sunnn_4,572,Abordable,2026-03-05
8572,julio2881,572,Abordable,2026-03-05
8573,jeannelalouve,572,Abordable,2026-03-05
8574,obispienne76,571,Abordable,2026-03-05
8575,chlorophylle1_2_3_4_12,571,Abordable,2026-03-05
8576,ror0du13,571,Abordable,2026-03-05
8577,sadhill31,571,Abordable,2026-03-05
8578,avdstry,571,Abordable,2026-03-05
8579,jeannecrm,571,Abordable,2026-03-05
8580,PapaOursFR,571,Abordable,2026-03-05
8581,aaxellee,570,Abordable,2026-03-05
8582,the_answer__,570,Abordable,2026-03-05
8583,melinadlp,570,Abordable,2026-03-05
8584,molden2et2,570,Abordable,2026-03-05
8585,xaklan,570,Abordable,2026-03-05
8586,machiavel9,570,Abordable,2026-03-05
8587,cymet06,570,Abordable,2026-03-05
8588,lobytch,570,Abordable,2026-03-05
8589,adadu26,570,Abordable,2026-03-05
8590,soniabhj,570,Abordable,2026-03-05
8591,amelie_0123456789,570,Abordable,2026-03-05
8592,mllexma,570,Abordable,2026-03-05
8593,fox_start,570,Abordable,2026-03-05
8594,anatole008,570,Abordable,2026-03-05
8595,arouxxxx,570,Abordable,2026-03-05
8596,ro_choust,570,Abordable,2026-03-05
8597,et71b,570,Abordable,2026-03-05
8598,enz022543,570,Abordable,2026-03-05
8599,sopale13,570,Abordable,2026-03-05
8600,patatasbravasoff,570,Abordable,2026-03-05
8601,HarryBeau28,570,Abordable,2026-03-05
8602,louann_grs,569,Abordable,2026-03-05
8603,kaev880,569,Abordable,2026-03-05
8604,fabien_essoone,569,Abordable,2026-03-05
8605,hugoglxblt,569,Abordable,2026-03-05
8606,Noveily_,569,Abordable,2026-03-05
8607,broutteherbe,569,Abordable,2026-03-05
8608,BruNiaks,568,Abordable,2026-03-05
8609,ariesnomu64000,568,Abordable,2026-03-05
8610,Xynie31,568,Abordable,2026-03-05
8611,Namjiji,568,Abordable,2026-03-05
8612,bachoule27,568,Abordable,2026-03-05
8613,turbo_lolo,567,Abordable,2026-03-05
8614,quelleambiance,567,Abordable,2026-03-05
8615,thibautls,567,Abordable,2026-03-05
8616,ayayaya_5,567,Abordable,2026-03-05
8617,nazdrovjebr,567,Abordable,2026-03-05
8618,ingnatius63,567,Abordable,2026-03-05
8619,aaattthh,566,Abordable,2026-03-05
8620,lilou_9522,566,Abordable,2026-03-05
8621,simba39h,566,Abordable,2026-03-05
8622,bdvare57,566,Abordable,2026-03-05
8623,PtiPot2Moutarde,566,Abordable,2026-03-05
8624,oriane_morel,565,Abordable,2026-03-05
8625,ItsMeJumb,565,Abordable,2026-03-05
8626,logancidre34,565,Abordable,2026-03-05
8627,mem_line,565,Abordable,2026-03-05
8628,tcreveche,565,Abordable,2026-03-05
8629,mlle_rose_elnath,565,Abordable,2026-03-05
8630,pat0941,564,Abordable,2026-03-05
8631,mr_shampoing,564,Abordable,2026-03-05
8632,amandine_pdhm,564,Abordable,2026-03-05
8633,julie_to,564,Abordable,2026-03-05
8634,difer_chminio,564,Abordable,2026-03-05
8635,makzineuh,563,Abordable,2026-03-05
8636,kllixto,563,Abordable,2026-03-05
8637,simon_vk,563,Abordable,2026-03-05
8638,Grandasse,563,Abordable,2026-03-05
8639,Xel62,563,Abordable,2026-03-05
8640,ChiracLesPommes,563,Abordable,2026-03-05
8641,swax48,562,Abordable,2026-03-05
8642,pac2310,562,Abordable,2026-03-05
8643,coptereeli,562,Abordable,2026-03-05
8644,ophel61,562,Abordable,2026-03-05
8645,Dyorusse,562,Abordable,2026-03-05
8646,d10fcf,562,Abordable,2026-03-05
8647,messagesquisse,562,Abordable,2026-03-05
8648,EnokQLF,562,Abordable,2026-03-05
8649,gabriiielgndt,562,Abordable,2026-03-05
8650,SarahMolly_,561,Abordable,2026-03-05
8651,Yzi___,561,Abordable,2026-03-05
8652,Sirlaruss,561,Abordable,2026-03-05
8653,Khebes,561,Abordable,2026-03-05
8654,zathur,561,Abordable,2026-03-05
8655,ejlaemaes,561,Abordable,2026-03-05
8656,ldutry,561,Abordable,2026-03-05
8657,nicopradi5,561,Abordable,2026-03-05
8658,olkaaz,560,Abordable,2026-03-05
8659,julofouchke,560,Abordable,2026-03-05
8660,nofanime,560,Abordable,2026-03-05
8661,Stellaire_,560,Abordable,2026-03-05
8662,bobodabelo,560,Abordable,2026-03-05
8663,valou_gdd,560,Abordable,2026-03-05
8664,WillyBoy__17,560,Abordable,2026-03-05
8665,finekryptos,560,Abordable,2026-03-05
8666,Ylliahc,559,Abordable,2026-03-05
8667,Spasm_M,559,Abordable,2026-03-05
8668,core_rlld,559,Abordable,2026-03-05
8669,GodZilox,559,Abordable,2026-03-05
8670,Lyriia_,559,Abordable,2026-03-05
8671,Zedfox,559,Abordable,2026-03-05
8672,Masanutchi,558,Abordable,2026-03-05
8673,helioslucky,558,Abordable,2026-03-05
8674,aklimp,558,Abordable,2026-03-05
8675,mel0u,558,Abordable,2026-03-05
8676,Chandrama7,558,Abordable,2026-03-05
8677,babazou31,558,Abordable,2026-03-05
8678,baptou_sensei,558,Abordable,2026-03-05
8679,Evandar_XD,558,Abordable,2026-03-05
8680,wechinois,558,Abordable,2026-03-05
8681,Fr3igold,557,Abordable,2026-03-05
8682,Swwitcher,557,Abordable,2026-03-05
8683,leojof,557,Abordable,2026-03-05
8684,pikapikatrash,557,Abordable,2026-03-05
8685,Chokolat133,557,Abordable,2026-03-05
8686,hasfodel,556,Abordable,2026-03-05
8687,supermeme03,556,Abordable,2026-03-05
8688,Stormpoolette,556,Abordable,2026-03-05
8689,j0han76_,556,Abordable,2026-03-05
8690,Galilee__,555,Abordable,2026-03-05
8691,Capten06,555,Abordable,2026-03-05
8692,PetiteNyuti,555,Abordable,2026-03-05
8693,risedphenix,555,Abordable,2026-03-05
8694,MadSooz,555,Abordable,2026-03-05
8695,AntoiNoCry,555,Abordable,2026-03-05
8696,AdilGPM,555,Abordable,2026-03-05
8697,lenouveauzidane,555,Abordable,2026-03-05
8698,nightblood_28,555,Abordable,2026-03-05
8699,LarthaxTV,555,Abordable,2026-03-05
8700,manon_didou,554,Abordable,2026-03-05
8701,OmegaTeddyBear,554,Abordable,2026-03-05
8702,julianedrdn,554,Abordable,2026-03-05
8703,bigfoot_gaming54,554,Abordable,2026-03-05
8704,montdordu13,554,Abordable,2026-03-05
8705,crisvonhannover,553,Abordable,2026-03-05
8706,blandineb2,553,Abordable,2026-03-05
8707,Annnae,553,Abordable,2026-03-05
8708,audreybzlr,553,Abordable,2026-03-05
8709,ol_emilien_04,553,Abordable,2026-03-05
8710,Iauum,553,Abordable,2026-03-05
8711,tuyau99,552,Abordable,2026-03-05
8712,piquredu60,552,Abordable,2026-03-05
8713,nolwenn_mrt,552,Abordable,2026-03-05
8714,Starcrate90,552,Abordable,2026-03-05
8715,le_bazz,552,Abordable,2026-03-05
8716,lilie_ginko,552,Abordable,2026-03-05
8717,cindyctrmj,551,Abordable,2026-03-05
8718,FrancisAnkou,551,Abordable,2026-03-05
8719,eva__0325,551,Abordable,2026-03-05
8720,redakai08095,551,Abordable,2026-03-05
8721,bagoo22,551,Abordable,2026-03-05
8722,ultrahortensia,550,Abordable,2026-03-05
8723,myoso_otis,550,Abordable,2026-03-05
8724,mariiie68000,550,Abordable,2026-03-05
8725,jonasclln,550,Abordable,2026-03-05
8726,sarage_w,550,Abordable,2026-03-05
8727,mo0dje,550,Abordable,2026-03-05
8728,cabzfr,550,Abordable,2026-03-05
8729,draktike,550,Abordable,2026-03-05
8730,mh193,550,Abordable,2026-03-05
8731,sunnin_,550,Abordable,2026-03-05
8732,Tasmo002,550,Abordable,2026-03-05
8733,Hypernaturol,549,Abordable,2026-03-05
8734,admida2013,549,Abordable,2026-03-05
8735,king_rulian,549,Abordable,2026-03-05
8736,MelcoreHat,549,Abordable,2026-03-05
8737,kcultureqween,548,Abordable,2026-03-05
8738,N7TMSM,548,Abordable,2026-03-05
8739,RORONOA80000,548,Abordable,2026-03-05
8740,noel_noel__,548,Abordable,2026-03-05
8741,tonixbzh,548,Abordable,2026-03-05
8742,fl0flo,548,Abordable,2026-03-05
8743,clallaa,547,Abordable,2026-03-05
8744,Ramms_,547,Abordable,2026-03-05
8745,tritrimob,547,Abordable,2026-03-05
8746,bunnyto_off,546,Abordable,2026-03-05
8747,amelieraza,546,Abordable,2026-03-05
8748,gl_aledrim,546,Abordable,2026-03-05
8749,assel_dm,546,Abordable,2026-03-05
8750,Maxban__,546,Abordable,2026-03-05
8751,crevette245,545,Abordable,2026-03-05
8752,krapouchi,545,Abordable,2026-03-05
8753,AlfiShelby,545,Abordable,2026-03-05
8754,sasa_1003,545,Abordable,2026-03-05
8755,lhv_rose,545,Abordable,2026-03-05
8756,margaux_mnfcn,545,Abordable,2026-03-05
8757,grizy_deonto,545,Abordable,2026-03-05
8758,zenolekiwi,544,Abordable,2026-03-05
8759,estelle1457,544,Abordable,2026-03-05
8760,Ruka_Bartender,544,Abordable,2026-03-05
8761,anaisdeb13,544,Abordable,2026-03-05
8762,guilrickur,544,Abordable,2026-03-05
8763,Maax27,544,Abordable,2026-03-05
8764,dat_spaxxx,543,Abordable,2026-03-05
8765,Pantoofles,543,Abordable,2026-03-05
8766,PunchyStream,543,Abordable,2026-03-05
8767,jeremmmmm_sw,543,Abordable,2026-03-05
8768,sylviajos123,542,Abordable,2026-03-05
8769,issana3,542,Abordable,2026-03-05
8770,BadGones,542,Abordable,2026-03-05
8771,mayogorg,542,Abordable,2026-03-05
8772,joelemoutonbreizh,542,Abordable,2026-03-05
8773,devilbull1655,541,Abordable,2026-03-05
8774,xxantonoirxx,541,Abordable,2026-03-05
8775,dsysama,541,Abordable,2026-03-05
8776,Tomyzo,541,Abordable,2026-03-05
8777,liso3006,541,Abordable,2026-03-05
8778,hujagono,541,Abordable,2026-03-05
8779,azertm2,541,Abordable,2026-03-05
8780,chachcal,541,Abordable,2026-03-05
8781,tobiatus_,541,Abordable,2026-03-05
8782,lebarbatuan,540,Abordable,2026-03-05
8783,n3dry_75,540,Abordable,2026-03-05
8784,led0ct,540,Abordable,2026-03-05
8785,Bloodhawk_Z,540,Abordable,2026-03-05
8786,smala46,540,Abordable,2026-03-05
8787,IC_Zugurator,540,Abordable,2026-03-05
8788,raph_2828,540,Abordable,2026-03-05
8789,zoeblld,540,Abordable,2026-03-05
8790,Bidoman24,540,Abordable,2026-03-05
8791,Ayrooox_,540,Abordable,2026-03-05
8792,stmicro24,540,Abordable,2026-03-05
8793,celia_221,540,Abordable,2026-03-05
8794,Skorsi_,540,Abordable,2026-03-05
8795,dempsoo,540,Abordable,2026-03-05
8796,ax_jbn,540,Abordable,2026-03-05
8797,merda_galaxy,540,Abordable,2026-03-05
8798,Wazehh,540,Abordable,2026-03-05
8799,pauline_barre,540,Abordable,2026-03-05
8800,lexane_21,540,Abordable,2026-03-05
8801,Chipsal,540,Abordable,2026-03-05
8802,Gibbonaz,540,Abordable,2026-03-05
8803,blizzard_blanc,540,Abordable,2026-03-05
8804,tabascobrand,540,Abordable,2026-03-05
8805,sylliouche,540,Abordable,2026-03-05
8806,Silent_Co,540,Abordable,2026-03-05
8807,PoncePPP,540,Abordable,2026-03-05
8808,zepartiiw,540,Abordable,2026-03-05
8809,TimmyHS,540,Abordable,2026-03-05
8810,r4pharmacie,540,Abordable,2026-03-05
8811,cg353,539,Abordable,2026-03-05
8812,iquo78,539,Abordable,2026-03-05
8813,HoppyyX,539,Abordable,2026-03-05
8814,hugzakow,539,Abordable,2026-03-05
8815,hinnae14,539,Abordable,2026-03-05
8816,zigomar135,539,Abordable,2026-03-05
8817,Clement21456,539,Abordable,2026-03-05
8818,quentiniug,539,Abordable,2026-03-05
8819,flavgarel,539,Abordable,2026-03-05
8820,loucaz_rbx,539,Abordable,2026-03-05
8821,sharseilk,538,Abordable,2026-03-05
8822,lucptsuper59,538,Abordable,2026-03-05
8823,yanmboni,538,Abordable,2026-03-05
8824,oinari__,538,Abordable,2026-03-05
8825,baptjack7,538,Abordable,2026-03-05
8826,clemvuillot,538,Abordable,2026-03-05
8827,Cypou_,538,Abordable,2026-03-05
8828,Insupie,538,Abordable,2026-03-05
8829,flavian_73,537,Abordable,2026-03-05
8830,purpleeeeee_,537,Abordable,2026-03-05
8831,boz0bec,537,Abordable,2026-03-05
8832,captain_rom__,537,Abordable,2026-03-05
8833,friomfriom,537,Abordable,2026-03-05
8834,anshaaa,536,Abordable,2026-03-05
8835,Delta_TLM,536,Abordable,2026-03-05
8836,margot59123,536,Abordable,2026-03-05
8837,falkky88,535,Abordable,2026-03-05
8838,Maamax,535,Abordable,2026-03-05
8839,Chouquette6,535,Abordable,2026-03-05
8840,ben_dard,535,Abordable,2026-03-05
8841,bimbeles,534,Abordable,2026-03-05
8842,chawwmanyback,534,Abordable,2026-03-05
8843,amaufanaccount,534,Abordable,2026-03-05
8844,COXY4U,534,Abordable,2026-03-05
8845,mlopsk0,534,Abordable,2026-03-05
8846,couilensky,534,Abordable,2026-03-05
8847,S_m_i_l_i_n_g_,534,Abordable,2026-03-05
8848,paulweb57,534,Abordable,2026-03-05
8849,shaodey,534,Abordable,2026-03-05
8850,Satronblblbl,534,Abordable,2026-03-05
8851,paume84,533,Abordable,2026-03-05
8852,alixbchlr,533,Abordable,2026-03-05
8853,Brokeny_,533,Abordable,2026-03-05
8854,edubourg53,533,Abordable,2026-03-05
8855,emma_pec3,533,Abordable,2026-03-05
8856,tanguy_a,532,Abordable,2026-03-05
8857,pierre_l_,532,Abordable,2026-03-05
8858,pauul_mp4,532,Abordable,2026-03-05
8859,Etlara15,532,Abordable,2026-03-05
8860,bioniixx,532,Abordable,2026-03-05
8861,blackjenjak,532,Abordable,2026-03-05
8862,racconwithrizz,532,Abordable,2026-03-05
8863,girafejoyeuse,532,Abordable,2026-03-05
8864,Le_NOLAN,532,Abordable,2026-03-05
8865,Eldrokos,532,Abordable,2026-03-05
8866,Ayos351,531,Abordable,2026-03-05
8867,Grey_Tv__,531,Abordable,2026-03-05
8868,lepresquerou,531,Abordable,2026-03-05
8869,narekso,531,Abordable,2026-03-05
8870,17zbb_,531,Abordable,2026-03-05
8871,tuco630,531,Abordable,2026-03-05
8872,Bacuzi_,530,Abordable,2026-03-05
8873,vavacolcol,530,Abordable,2026-03-05
8874,alllerrrrlaaaaaaa,530,Abordable,2026-03-05
8875,Sh0kyo,530,Abordable,2026-03-05
8876,LgNasty_,530,Abordable,2026-03-05
8877,l8ul8u00,530,Abordable,2026-03-05
8878,UnAngeLibre,530,Abordable,2026-03-05
8879,Elouan_Clash,530,Abordable,2026-03-05
8880,NyghtX_Tout_Court,530,Abordable,2026-03-05
8881,prof_scarecrow,530,Abordable,2026-03-05
8882,Drakengall,529,Abordable,2026-03-05
8883,annebrg1,529,Abordable,2026-03-05
8884,Cudiinho,529,Abordable,2026-03-05
8885,lil_ale_the_og,529,Abordable,2026-03-05
8886,ciramor77,529,Abordable,2026-03-05
8887,eb010294,529,Abordable,2026-03-05
8888,alicee57,528,Abordable,2026-03-05
8889,vivastre,528,Abordable,2026-03-05
8890,julio_114,528,Abordable,2026-03-05
8891,newooo_8960,528,Abordable,2026-03-05
8892,Zayokai,528,Abordable,2026-03-05
8893,lemonsocks_25,528,Abordable,2026-03-05
8894,ce_ryd,528,Abordable,2026-03-05
8895,hvkfireghost1110,527,Abordable,2026-03-05
8896,pitouspoon,527,Abordable,2026-03-05
8897,zed2504,527,Abordable,2026-03-05
8898,wamplei0,527,Abordable,2026-03-05
8899,jessmarini,527,Abordable,2026-03-05
8900,mxtthew_01,526,Abordable,2026-03-05
8901,oscboud,526,Abordable,2026-03-05
8902,strikebikee,526,Abordable,2026-03-05
8903,justiine_msl,525,Abordable,2026-03-05
8904,doobi_5,525,Abordable,2026-03-05
8905,LaSot6,525,Abordable,2026-03-05
8906,acasbrest,525,Abordable,2026-03-05
8907,Oyashirox,525,Abordable,2026-03-05
8908,Barjhork,525,Abordable,2026-03-05
8909,chlobrgs,524,Abordable,2026-03-05
8910,globitortue,524,Abordable,2026-03-05
8911,Liaxou,524,Abordable,2026-03-05
8912,audreey_93,524,Abordable,2026-03-05
8913,itzcoatl128,524,Abordable,2026-03-05
8914,Nelymane,524,Abordable,2026-03-05
8915,ob9376,523,Abordable,2026-03-05
8916,slass_o,523,Abordable,2026-03-05
8917,valmine07,523,Abordable,2026-03-05
8918,Tsukinohi,522,Abordable,2026-03-05
8919,caeliaa,522,Abordable,2026-03-05
8920,MathMuk,522,Abordable,2026-03-05
8921,gregl3001,522,Abordable,2026-03-05
8922,winston1959,522,Abordable,2026-03-05
8923,titi_bourrigault,522,Abordable,2026-03-05
8924,clndsn,522,Abordable,2026-03-05
8925,walkaaar,522,Abordable,2026-03-05
8926,tiatia18,521,Abordable,2026-03-05
8927,at_m0s,521,Abordable,2026-03-05
8928,10ipod,520,Abordable,2026-03-05
8929,mralexouille,520,Abordable,2026-03-05
8930,executeurlama_321,520,Abordable,2026-03-05
8931,cyprienbss,520,Abordable,2026-03-05
8932,ST_kimiskii,519,Abordable,2026-03-05
8933,godcrz7,519,Abordable,2026-03-05
8934,xoller78,519,Abordable,2026-03-05
8935,lilydear4,519,Abordable,2026-03-05
8936,utopia987,519,Abordable,2026-03-05
8937,valoumm10,519,Abordable,2026-03-05
8938,yapasdenompotable,519,Abordable,2026-03-05
8939,marion_chnsvng,519,Abordable,2026-03-05
8940,geo570,519,Abordable,2026-03-05
8941,francky_lje,518,Abordable,2026-03-05
8942,robinoob,518,Abordable,2026-03-05
8943,lunivers_de_pan,518,Abordable,2026-03-05
8944,Aurelfc,518,Abordable,2026-03-05
8945,poloniumm3,518,Abordable,2026-03-05
8946,wiiwiisan,517,Abordable,2026-03-05
8947,JeanMaLeMarrant,517,Abordable,2026-03-05
8948,Hydnorio,517,Abordable,2026-03-05
8949,axelle266,517,Abordable,2026-03-05
8950,corkil,517,Abordable,2026-03-05
8951,cocolinro,517,Abordable,2026-03-05
8952,lepetitfreredehippo,517,Abordable,2026-03-05
8953,manolamrno,516,Abordable,2026-03-05
8954,lswarley_,515,Abordable,2026-03-05
8955,crims0n_emperor,515,Abordable,2026-03-05
8956,lusquah,515,Abordable,2026-03-05
8957,antoine_rscl06,515,Abordable,2026-03-05
8958,florian_pierrel,515,Abordable,2026-03-05
8959,Lupytup_,515,Abordable,2026-03-05
8960,chomeur43,514,Abordable,2026-03-05
8961,marine_bdv,514,Abordable,2026-03-05
8962,Merkinby,514,Abordable,2026-03-05
8963,raniloj,514,Abordable,2026-03-05
8964,arsenal_49160,514,Abordable,2026-03-05
8965,c_moi_guigz,514,Abordable,2026-03-05
8966,chaachouu07,513,Abordable,2026-03-05
8967,maccasss2,513,Abordable,2026-03-05
8968,letank_fm,513,Abordable,2026-03-05
8969,Ylodrath,513,Abordable,2026-03-05
8970,LiLFredi,513,Abordable,2026-03-05
8971,Neihms,513,Abordable,2026-03-05
8972,ClemsKko,513,Abordable,2026-03-05
8973,mandrino18,513,Abordable,2026-03-05
8974,TheShoukapik,513,Abordable,2026-03-05
8975,ryan59279,513,Abordable,2026-03-05
8976,JuanCarlosDeLaMuerte,513,Abordable,2026-03-05
8977,nessim26,512,Abordable,2026-03-05
8978,Sir_Godot,511,Abordable,2026-03-05
8979,takashimickey,511,Abordable,2026-03-05
8980,PianoJM,511,Abordable,2026-03-05
8981,lub54,511,Abordable,2026-03-05
8982,totocostooo,511,Abordable,2026-03-05
8983,Iragnum,511,Abordable,2026-03-05
8984,galetjade,511,Abordable,2026-03-05
8985,badnews33,511,Abordable,2026-03-05
8986,KoalaaLaLaLaLa,511,Abordable,2026-03-05
8987,clara_jcmt,511,Abordable,2026-03-05
8988,papidry,511,Abordable,2026-03-05
8989,Nymphea_f,510,Abordable,2026-03-05
8990,Tyxor18,510,Abordable,2026-03-05
8991,fncnnns,510,Abordable,2026-03-05
8992,emmaarbo,510,Abordable,2026-03-05
8993,angoel34,510,Abordable,2026-03-05
8994,mmezelda,510,Abordable,2026-03-05
8995,bokut0o_,510,Abordable,2026-03-05
8996,mattroxx_,510,Abordable,2026-03-05
8997,laurinooou,510,Abordable,2026-03-05
8998,amphibolus18,510,Abordable,2026-03-05
8999,Khonnly,510,Abordable,2026-03-05
9000,gla10m,509,Abordable,2026-03-05
9001,chicaruda1977,509,Abordable,2026-03-05
9002,Dawbloft,509,Abordable,2026-03-05
9003,Lekultura,509,Abordable,2026-03-05
9004,matttiasp55,508,Abordable,2026-03-05
9005,frufru_mc,508,Abordable,2026-03-05
9006,triglaf,507,Abordable,2026-03-05
9007,kimou__,507,Abordable,2026-03-05
9008,azeliixx,507,Abordable,2026-03-05
9009,pedrothedon420,507,Abordable,2026-03-05
9010,sp33dyyyy_,507,Abordable,2026-03-05
9011,titeize01,507,Abordable,2026-03-05
9012,zelda4508_,506,Abordable,2026-03-05
9013,byplop,506,Abordable,2026-03-05
9014,playmaaaaaaanWz,506,Abordable,2026-03-05
9015,mumisabelle,506,Abordable,2026-03-05
9016,himemira,506,Abordable,2026-03-05
9017,Bebecq_57,506,Abordable,2026-03-05
9018,akira0n0,506,Abordable,2026-03-05
9019,elo_ccb,506,Abordable,2026-03-05
9020,Koooope,506,Abordable,2026-03-05
9021,eaglesky78,505,Abordable,2026-03-05
9022,ibramih,505,Abordable,2026-03-05
9023,ThreeDuck,505,Abordable,2026-03-05
9024,sharky_r,505,Abordable,2026-03-05
9025,mamy2026,505,Abordable,2026-03-05
9026,Jux__x,505,Abordable,2026-03-05
9027,alexmouss,505,Abordable,2026-03-05
9028,ugo_32,505,Abordable,2026-03-05
9029,DelDor,505,Abordable,2026-03-05
9030,tirlititii,504,Abordable,2026-03-05
9031,lilou_zou,504,Abordable,2026-03-05
9032,samtordjman,504,Abordable,2026-03-05
9033,riseflag,504,Abordable,2026-03-05
9034,3l_b3urr3_br3ton,504,Abordable,2026-03-05
9035,daskoy35,504,Abordable,2026-03-05
9036,LennyDwazo,504,Abordable,2026-03-05
9037,pample___,504,Abordable,2026-03-05
9038,sessunet,504,Abordable,2026-03-05
9039,profit_lactique,504,Abordable,2026-03-05
9040,findfirst69,503,Abordable,2026-03-05
9041,RAAGllShOuMe,503,Abordable,2026-03-05
9042,Ayskaz22,503,Abordable,2026-03-05
9043,romi_roms_,503,Abordable,2026-03-05
9044,nougatkenan,502,Abordable,2026-03-05
9045,lindar_,502,Abordable,2026-03-05
9046,avmp_voltar,502,Abordable,2026-03-05
9047,aertaxx,501,Abordable,2026-03-05
9048,m4bad21,501,Abordable,2026-03-05
9049,agon_cc,501,Abordable,2026-03-05
9050,perry0403,501,Abordable,2026-03-05
9051,Yralluma,501,Abordable,2026-03-05
9052,legrizzly59,501,Abordable,2026-03-05
9053,bokun08,501,Abordable,2026-03-05
9054,opheeliaa13,501,Abordable,2026-03-05
9055,anitadulegue,500,Abordable,2026-03-05
9056,Sekhmetazoa,500,Abordable,2026-03-05
9057,5rox,500,Abordable,2026-03-05
9058,zanjha,500,Abordable,2026-03-05
9059,val_bsst,500,Abordable,2026-03-05
9060,LikeADemonicMind,500,Abordable,2026-03-05
9061,zarenty,499,Abordable,2026-03-05
9062,chloerbcn72,499,Abordable,2026-03-05
9063,eveutdespates,499,Abordable,2026-03-05
9064,aurelie2106,499,Abordable,2026-03-05
9065,rhum85,499,Abordable,2026-03-05
9066,tess_dsrmx,499,Abordable,2026-03-05
9067,naylil8,498,Abordable,2026-03-05
9068,avaken1,498,Abordable,2026-03-05
9069,EliotyLive,498,Abordable,2026-03-05
9070,m_spector,498,Abordable,2026-03-05
9071,margauxo123,498,Abordable,2026-03-05
9072,atombc18,498,Abordable,2026-03-05
9073,dave59300,498,Abordable,2026-03-05
9074,mister_tortue_,497,Abordable,2026-03-05
9075,graindeplutonium,497,Abordable,2026-03-05
9076,feydhakin,497,Abordable,2026-03-05
9077,AquaphobicOtter,497,Abordable,2026-03-05
9078,La_Tat_,497,Abordable,2026-03-05
9079,mariebrtln,497,Abordable,2026-03-05
9080,miyakulii,497,Abordable,2026-03-05
9081,bazeo,496,Abordable,2026-03-05
9082,nane73,496,Abordable,2026-03-05
9083,letchi1004,495,Abordable,2026-03-05
9084,flipippe,495,Abordable,2026-03-05
9085,starkaryhac,495,Abordable,2026-03-05
9086,KeuponDestroy,495,Abordable,2026-03-05
9087,saskwatch360,495,Abordable,2026-03-05
9088,dralex854,495,Abordable,2026-03-05
9089,can_nette90,495,Abordable,2026-03-05
9090,velopaillette,495,Abordable,2026-03-05
9091,mama_rjo,494,Abordable,2026-03-05
9092,antoine_qgn,494,Abordable,2026-03-05
9093,thefrenchdabeur,494,Abordable,2026-03-05
9094,chaiyu_kurusu,494,Abordable,2026-03-05
9095,Athoms31,494,Abordable,2026-03-05
9096,moussardk,494,Abordable,2026-03-05
9097,MadixLeo,493,Abordable,2026-03-05
9098,victoria_260,493,Abordable,2026-03-05
9099,antilopium29,493,Abordable,2026-03-05
9100,alexphenix789,493,Abordable,2026-03-05
9101,BLaK_dAmn,492,Abordable,2026-03-05
9102,guiggz_93,492,Abordable,2026-03-05
9103,elena_btz,492,Abordable,2026-03-05
9104,bambineauu,492,Abordable,2026-03-05
9105,alexpaillettes,492,Abordable,2026-03-05
9106,benitokobi,492,Abordable,2026-03-05
9107,Aidid17,492,Abordable,2026-03-05
9108,Whatafairfoot,491,Abordable,2026-03-05
9109,LaBenzance,491,Abordable,2026-03-05
9110,Vervantes,491,Abordable,2026-03-05
9111,nolan_le_chenapan,491,Abordable,2026-03-05
9112,dream1ng_7,491,Abordable,2026-03-05
9113,salomefimbel,491,Abordable,2026-03-05
9114,el0uuu,491,Abordable,2026-03-05
9115,arbre_a_cames,491,Abordable,2026-03-05
9116,lausoe,491,Abordable,2026-03-05
9117,Etoiles,491,Abordable,2026-03-05
9118,annathedrink,490,Abordable,2026-03-05
9119,hellomoicnana,490,Abordable,2026-03-05
9120,YLoon_,490,Abordable,2026-03-05
9121,apodeus33,490,Abordable,2026-03-05
9122,NotYourMiko,490,Abordable,2026-03-05
9123,divinogene,490,Abordable,2026-03-05
9124,noarode,490,Abordable,2026-03-05
9125,kctalhy,490,Abordable,2026-03-05
9126,surdidii,490,Abordable,2026-03-05
9127,bliboup,490,Abordable,2026-03-05
9128,Nenetteuh,489,Abordable,2026-03-05
9129,raniaxkrl785,489,Abordable,2026-03-05
9130,sim_mg,489,Abordable,2026-03-05
9131,mathieu_mr0,489,Abordable,2026-03-05
9132,lajcrayola2026,489,Abordable,2026-03-05
9133,nyrock35,489,Abordable,2026-03-05
9134,lefrabeur,488,Abordable,2026-03-05
9135,Fmax768,488,Abordable,2026-03-05
9136,rohan_51l,488,Abordable,2026-03-05
9137,vianpina,488,Abordable,2026-03-05
9138,calypso101112,488,Abordable,2026-03-05
9139,Coco_Nuts,487,Abordable,2026-03-05
9140,odebou80,487,Abordable,2026-03-05
9141,smith_et_wess0n,487,Abordable,2026-03-05
9142,SpeedHeure,487,Abordable,2026-03-05
9143,ymamaku,487,Abordable,2026-03-05
9144,HiImMigi,486,Abordable,2026-03-05
9145,pignata29,486,Abordable,2026-03-05
9146,samyto__,486,Abordable,2026-03-05
9147,errel77,486,Abordable,2026-03-05
9148,olympia_thor,486,Abordable,2026-03-05
9149,maya_twix10,486,Abordable,2026-03-05
9150,king_sek0,486,Abordable,2026-03-05
9151,malagagxs,485,Abordable,2026-03-05
9152,AFK_Florian,485,Abordable,2026-03-05
9153,paulbab133,485,Abordable,2026-03-05
9154,elisa261,484,Abordable,2026-03-05
9155,chamsousaba,484,Abordable,2026-03-05
9156,lucifer180820,484,Abordable,2026-03-05
9157,malinouu,484,Abordable,2026-03-05
9158,Kikas_02,484,Abordable,2026-03-05
9159,thibthibhs,484,Abordable,2026-03-05
9160,silv3r_ruto,484,Abordable,2026-03-05
9161,MargeKaffee,483,Abordable,2026-03-05
9162,aewnoowo,483,Abordable,2026-03-05
9163,KunderB,483,Abordable,2026-03-05
9164,lelud,482,Abordable,2026-03-05
9165,carocado23,482,Abordable,2026-03-05
9166,nekobenjo,482,Abordable,2026-03-05
9167,ANiceAtomicZuno,482,Abordable,2026-03-05
9168,deuzic,482,Abordable,2026-03-05
9169,ophelie_145,482,Abordable,2026-03-05
9170,1BeBep,481,Abordable,2026-03-05
9171,bidabooo,481,Abordable,2026-03-05
9172,ShiroHQ_,481,Abordable,2026-03-05
9173,arnogoat,481,Abordable,2026-03-05
9174,acte3pod,480,Abordable,2026-03-05
9175,wonoqo,480,Abordable,2026-03-05
9176,bena34,480,Abordable,2026-03-05
9177,levoyageurinconnue,480,Abordable,2026-03-05
9178,FloWteurs,480,Abordable,2026-03-05
9179,CoNuage9,480,Abordable,2026-03-05
9180,AElysio,480,Abordable,2026-03-05
9181,Griszette,480,Abordable,2026-03-05
9182,claramnr__,480,Abordable,2026-03-05
9183,bzhkyan,480,Abordable,2026-03-05
9184,matis_imb,480,Abordable,2026-03-05
9185,douhablee,480,Abordable,2026-03-05
9186,meily_ryz,480,Abordable,2026-03-05
9187,Kusuto_,480,Abordable,2026-03-05
9188,lisa__lrv,480,Abordable,2026-03-05
9189,bastbou,480,Abordable,2026-03-05
9190,maronnat,479,Abordable,2026-03-05
9191,eva_luluation,479,Abordable,2026-03-05
9192,norakasaplar,479,Abordable,2026-03-05
9193,Oskou,479,Abordable,2026-03-05
9194,krix_art,478,Abordable,2026-03-05
9195,Shiro_rds,478,Abordable,2026-03-05
9196,medilane,478,Abordable,2026-03-05
9197,mrhibouuu,478,Abordable,2026-03-05
9198,hugnard,478,Abordable,2026-03-05
9199,urofwu,478,Abordable,2026-03-05
9200,PrSMP,478,Abordable,2026-03-05
9201,l_rssll_trrs,478,Abordable,2026-03-05
9202,Eyrthren,478,Abordable,2026-03-05
9203,escargotsaubeurrepersille,477,Abordable,2026-03-05
9204,paulrnd9,477,Abordable,2026-03-05
9205,clement_tmsr,477,Abordable,2026-03-05
9206,McRip_78,477,Abordable,2026-03-05
9207,JuCepTion,477,Abordable,2026-03-05
9208,keoroy,477,Abordable,2026-03-05
9209,Estrellaa27,477,Abordable,2026-03-05
9210,seravan08,476,Abordable,2026-03-05
9211,d0m_1n0,476,Abordable,2026-03-05
9212,TheoGachet,476,Abordable,2026-03-05
9213,tol35_lvsq,476,Abordable,2026-03-05
9214,lili418,475,Abordable,2026-03-05
9215,moumen_i,475,Abordable,2026-03-05
9216,antonbtt,475,Abordable,2026-03-05
9217,coco_894,475,Abordable,2026-03-05
9218,wyillow,475,Abordable,2026-03-05
9219,JohnSweetTv,475,Abordable,2026-03-05
9220,FireStormLive,475,Abordable,2026-03-05
9221,lena0708c,475,Abordable,2026-03-05
9222,nonambro20,474,Abordable,2026-03-05
9223,nezukokomii,474,Abordable,2026-03-05
9224,shaarghot_,474,Abordable,2026-03-05
9225,darkswery,474,Abordable,2026-03-05
9226,blizzard_thestoat,473,Abordable,2026-03-05
9227,nonodu13124,473,Abordable,2026-03-05
9228,Quenyn_OFF,473,Abordable,2026-03-05
9229,benouchk,473,Abordable,2026-03-05
9230,lucadab34,473,Abordable,2026-03-05
9231,louisorhonbs,473,Abordable,2026-03-05
9232,hypefu_,472,Abordable,2026-03-05
9233,jagasaki6,472,Abordable,2026-03-05
9234,Thebigshow36,472,Abordable,2026-03-05
9235,gretanderson,472,Abordable,2026-03-05
9236,mb02510,472,Abordable,2026-03-05
9237,Kursset,471,Abordable,2026-03-05
9238,antoch31140,471,Abordable,2026-03-05
9239,arsene_le_sang,471,Abordable,2026-03-05
9240,chocolatinoow,471,Abordable,2026-03-05
9241,lcn_63,471,Abordable,2026-03-05
9242,LapinFraiseKiwi,471,Abordable,2026-03-05
9243,Imathis76,470,Abordable,2026-03-05
9244,emmaf68,470,Abordable,2026-03-05
9245,Swaizer_,470,Abordable,2026-03-05
9246,dfred94,470,Abordable,2026-03-05
9247,Papatapouf,470,Abordable,2026-03-05
9248,nopdn,470,Abordable,2026-03-05
9249,matkwa10,470,Abordable,2026-03-05
9250,gerstert,469,Abordable,2026-03-05
9251,em3222,469,Abordable,2026-03-05
9252,axid23,468,Abordable,2026-03-05
9253,lalatea0202,468,Abordable,2026-03-05
9254,clemtix59,468,Abordable,2026-03-05
9255,Niirto,468,Abordable,2026-03-05
9256,fabthekingg,468,Abordable,2026-03-05
9257,polissonsurlalune,468,Abordable,2026-03-05
9258,missmarvelwho,468,Abordable,2026-03-05
9259,t1ph41n3,467,Abordable,2026-03-05
9260,echecetmat4,467,Abordable,2026-03-05
9261,ant0ine_cvr,467,Abordable,2026-03-05
9262,skyfull09,467,Abordable,2026-03-05
9263,jupucine,467,Abordable,2026-03-05
9264,Bhesj,467,Abordable,2026-03-05
9265,soldat_rp11,467,Abordable,2026-03-05
9266,Walugs_,467,Abordable,2026-03-05
9267,lauriannesc,467,Abordable,2026-03-05
9268,cleopat62,466,Abordable,2026-03-05
9269,laparoule2606,466,Abordable,2026-03-05
9270,meerenfungi,466,Abordable,2026-03-05
9271,UnUtilisateurTwitch,466,Abordable,2026-03-05
9272,ycou,466,Abordable,2026-03-05
9273,anaellelabossss,466,Abordable,2026-03-05
9274,BenjiCiter,466,Abordable,2026-03-05
9275,clelyasmr,466,Abordable,2026-03-05
9276,AnthoSid,466,Abordable,2026-03-05
9277,Tismeth,466,Abordable,2026-03-05
9278,Chtreman,466,Abordable,2026-03-05
9279,elwalidinho,466,Abordable,2026-03-05
9280,Eladon__,465,Abordable,2026-03-05
9281,mogooow,465,Abordable,2026-03-05
9282,PapyTorchman_,465,Abordable,2026-03-05
9283,charliiiiiiine,465,Abordable,2026-03-05
9284,sebv428,465,Abordable,2026-03-05
9285,Aersina57,464,Abordable,2026-03-05
9286,el_picoooo,464,Abordable,2026-03-05
9287,alinebc18,464,Abordable,2026-03-05
9288,Loogy_cr,464,Abordable,2026-03-05
9289,rhubilax07,464,Abordable,2026-03-05
9290,L_Fake,464,Abordable,2026-03-05
9291,margot442,464,Abordable,2026-03-05
9292,arkod6,464,Abordable,2026-03-05
9293,mael_72130,464,Abordable,2026-03-05
9294,manonnikoumouk,463,Abordable,2026-03-05
9295,Kawardy,463,Abordable,2026-03-05
9296,mnu138,463,Abordable,2026-03-05
9297,sikdoj,463,Abordable,2026-03-05
9298,thomahawk39,463,Abordable,2026-03-05
9299,louloucstl,462,Abordable,2026-03-05
9300,charlinefritsch,462,Abordable,2026-03-05
9301,BugLess,462,Abordable,2026-03-05
9302,kc_nosa,462,Abordable,2026-03-05
9303,Sousou36,462,Abordable,2026-03-05
9304,tonylmn,461,Abordable,2026-03-05
9305,OTPTRUNDLEV5,461,Abordable,2026-03-05
9306,Lumhiz,461,Abordable,2026-03-05
9307,hippolyteuro,461,Abordable,2026-03-05
9308,jeannegdd,461,Abordable,2026-03-05
9309,paic,461,Abordable,2026-03-05
9310,el_seaweed,461,Abordable,2026-03-05
9311,odd_tether,460,Abordable,2026-03-05
9312,supra_vihankou,460,Abordable,2026-03-05
9313,marchayek09,460,Abordable,2026-03-05
9314,elilizabeth46,460,Abordable,2026-03-05
9315,Astoria6006,460,Abordable,2026-03-05
9316,eduinjed,460,Abordable,2026-03-05
9317,whiteeagle2707,460,Abordable,2026-03-05
9318,str4lande,459,Abordable,2026-03-05
9319,stkenlive,459,Abordable,2026-03-05
9320,godgaga_22,459,Abordable,2026-03-05
9321,cvigneaux,458,Abordable,2026-03-05
9322,clem_th,458,Abordable,2026-03-05
9323,pirate_124_2,457,Abordable,2026-03-05
9324,ShunaaRK,457,Abordable,2026-03-05
9325,jjdom_08,457,Abordable,2026-03-05
9326,goumsbrn,457,Abordable,2026-03-05
9327,gekai_,457,Abordable,2026-03-05
9328,Nishinosukee,457,Abordable,2026-03-05
9329,Neurocto,456,Abordable,2026-03-05
9330,ersqu1,456,Abordable,2026-03-05
9331,momolepoulpe,456,Abordable,2026-03-05
9332,ameme213,456,Abordable,2026-03-05
9333,pimanau,456,Abordable,2026-03-05
9334,meelouw_,456,Abordable,2026-03-05
9335,Ensowu,456,Abordable,2026-03-05
9336,Anahita63,455,Abordable,2026-03-05
9337,pus_harpags,455,Abordable,2026-03-05
9338,ohsheine,455,Abordable,2026-03-05
9339,lucieroussel27,455,Abordable,2026-03-05
9340,yuvjh123,455,Abordable,2026-03-05
9341,minis70,454,Abordable,2026-03-05
9342,nomdezeus_,454,Abordable,2026-03-05
9343,julie_ponpon,454,Abordable,2026-03-05
9344,oyo014,454,Abordable,2026-03-05
9345,sonerazzuro,453,Abordable,2026-03-05
9346,Dravil7,453,Abordable,2026-03-05
9347,gooxx_,453,Abordable,2026-03-05
9348,lindsay50_,452,Abordable,2026-03-05
9349,olympefr2026,452,Abordable,2026-03-05
9350,LC_laura_,451,Abordable,2026-03-05
9351,jojolepoux,451,Abordable,2026-03-05
9352,alelohm,451,Abordable,2026-03-05
9353,ugogas,451,Abordable,2026-03-05
9354,PixellwarriorTV,450,Abordable,2026-03-05
9355,opaslinho,450,Abordable,2026-03-05
9356,myriamkboff,450,Abordable,2026-03-05
9357,xNaask,450,Abordable,2026-03-05
9358,T0m_s0,450,Abordable,2026-03-05
9359,typhtoch,450,Abordable,2026-03-05
9360,pixcrash1,450,Abordable,2026-03-05
9361,clxpvt1,450,Abordable,2026-03-05
9362,Sigmus,450,Abordable,2026-03-05
9363,briochausore,450,Abordable,2026-03-05
9364,Rad60,450,Abordable,2026-03-05
9365,fayango2,450,Abordable,2026-03-05
9366,biboujils,450,Abordable,2026-03-05
9367,Klaimand__,450,Abordable,2026-03-05
9368,Keniche_la_Peniche,450,Abordable,2026-03-05
9369,bog_thoumss,450,Abordable,2026-03-05
9370,tahaxchlxe,450,Abordable,2026-03-05
9371,onijjam,450,Abordable,2026-03-05
9372,Dr__Kuma,450,Abordable,2026-03-05
9373,aminesox,450,Abordable,2026-03-05
9374,momoon_le_chat,450,Abordable,2026-03-05
9375,arta_nis22,450,Abordable,2026-03-05
9376,zaaap26,450,Abordable,2026-03-05
9377,solaris33,449,Abordable,2026-03-05
9378,amomamoma,449,Abordable,2026-03-05
9379,quentin4592,449,Abordable,2026-03-05
9380,Sinraae,449,Abordable,2026-03-05
9381,tixadorremi34,448,Abordable,2026-03-05
9382,bhamanan,448,Abordable,2026-03-05
9383,m4u5tr4p,448,Abordable,2026-03-05
9384,PSQHE,448,Abordable,2026-03-05
9385,taolescitesdor,448,Abordable,2026-03-05
9386,Sky_uu,448,Abordable,2026-03-05
9387,kiricrew_,448,Abordable,2026-03-05
9388,salutcestromi,447,Abordable,2026-03-05
9389,keaurant1,447,Abordable,2026-03-05
9390,daughness,447,Abordable,2026-03-05
9391,oneida_5,447,Abordable,2026-03-05
9392,vincz_gazol,447,Abordable,2026-03-05
9393,lucaaaaas31,446,Abordable,2026-03-05
9394,comtessetataire,446,Abordable,2026-03-05
9395,PaPriKaWorld,446,Abordable,2026-03-05
9396,byronne070806,446,Abordable,2026-03-05
9397,maxime508,446,Abordable,2026-03-05
9398,branlix2o00,446,Abordable,2026-03-05
9399,just_laow,446,Abordable,2026-03-05
9400,tf78_,446,Abordable,2026-03-05
9401,justiine224,445,Abordable,2026-03-05
9402,bibino37,445,Abordable,2026-03-05
9403,ruzzy53,445,Abordable,2026-03-05
9404,juju0832,445,Abordable,2026-03-05
9405,Philoben,445,Abordable,2026-03-05
9406,mymiaouss,445,Abordable,2026-03-05
9407,celine_fve,445,Abordable,2026-03-05
9408,gladstonelight,444,Abordable,2026-03-05
9409,meli_melouuuu,444,Abordable,2026-03-05
9410,fraag3rs,444,Abordable,2026-03-05
9411,white_eagles,443,Abordable,2026-03-05
9412,bastoslegoat2006,443,Abordable,2026-03-05
9413,sky420000,443,Abordable,2026-03-05
9414,Xoojd,443,Abordable,2026-03-05
9415,ac_richie,443,Abordable,2026-03-05
9416,docjacqueline,442,Abordable,2026-03-05
9417,grantoine12,442,Abordable,2026-03-05
9418,apocalypsor,441,Abordable,2026-03-05
9419,apolline_crn,441,Abordable,2026-03-05
9420,nightyolo11,441,Abordable,2026-03-05
9421,corineflavigny,441,Abordable,2026-03-05
9422,ablouxx,441,Abordable,2026-03-05
9423,ThomLaStar,441,Abordable,2026-03-05
9424,champoly,441,Abordable,2026-03-05
9425,CreaSept,441,Abordable,2026-03-05
9426,martin_lach,441,Abordable,2026-03-05
9427,wwaaspp,441,Abordable,2026-03-05
9428,mimie26000,440,Abordable,2026-03-05
9429,HERMES139,440,Abordable,2026-03-05
9430,felix_ftn,440,Abordable,2026-03-05
9431,rwan29200,439,Abordable,2026-03-05
9432,torfe70000,439,Abordable,2026-03-05
9433,AutrucheSupreme,439,Abordable,2026-03-05
9434,laura_ngl,439,Abordable,2026-03-05
9435,lilly040904,439,Abordable,2026-03-05
9436,Skywar67,439,Abordable,2026-03-05
9437,thibaudddddd,439,Abordable,2026-03-05
9438,UnDR_Mordred,439,Abordable,2026-03-05
9439,raggdoil,438,Abordable,2026-03-05
9440,Cdr_Gree,438,Abordable,2026-03-05
9441,vita_mayer,438,Abordable,2026-03-05
9442,nathan_atm,438,Abordable,2026-03-05
9443,Alaskacht,437,Abordable,2026-03-05
9444,thepassionet,437,Abordable,2026-03-05
9445,mathieumdt,437,Abordable,2026-03-05
9446,gabycha75,437,Abordable,2026-03-05
9447,pamart72,436,Abordable,2026-03-05
9448,jadelerouxx,436,Abordable,2026-03-05
9449,rs_elise,436,Abordable,2026-03-05
9450,nicomrzt,436,Abordable,2026-03-05
9451,tateaclaque_,436,Abordable,2026-03-05
9452,SCTom10,435,Abordable,2026-03-05
9453,caffeinated_silas,435,Abordable,2026-03-05
9454,sunty_fps,435,Abordable,2026-03-05
9455,alexisclav,435,Abordable,2026-03-05
9456,mashadormiens,435,Abordable,2026-03-05
9457,Luckylucaslal,435,Abordable,2026-03-05
9458,ly_lchnn22,435,Abordable,2026-03-05
9459,jeanne_lavender,435,Abordable,2026-03-05
9460,MiguelSurTwitch,435,Abordable,2026-03-05
9461,nonameorelse,434,Abordable,2026-03-05
9462,Shiimekii,434,Abordable,2026-03-05
9463,02_Maladavexa,434,Abordable,2026-03-05
9464,bglstory,434,Abordable,2026-03-05
9465,cagnoise,434,Abordable,2026-03-05
9466,mel_chfs,434,Abordable,2026-03-05
9467,Hawzaz,434,Abordable,2026-03-05
9468,s3msam,434,Abordable,2026-03-05
9469,ledbyg1st,433,Abordable,2026-03-05
9470,claraswi,433,Abordable,2026-03-05
9471,mflunot,433,Abordable,2026-03-05
9472,umune0,433,Abordable,2026-03-05
9473,daniel_daniel12000,433,Abordable,2026-03-05
9474,galeckid,433,Abordable,2026-03-05
9475,magikarp_sama,433,Abordable,2026-03-05
9476,elilazetank,433,Abordable,2026-03-05
9477,azerdu_,432,Abordable,2026-03-05
9478,suziiiiii9,432,Abordable,2026-03-05
9479,lillywer,432,Abordable,2026-03-05
9480,amelie_ricordel,431,Abordable,2026-03-05
9481,tom78170,431,Abordable,2026-03-05
9482,sunnymewy,431,Abordable,2026-03-05
9483,Lyca_,431,Abordable,2026-03-05
9484,itouchnittas,431,Abordable,2026-03-05
9485,Noeloisel,431,Abordable,2026-03-05
9486,6tron_,431,Abordable,2026-03-05
9487,Oxzio_,431,Abordable,2026-03-05
9488,Aurum_68,430,Abordable,2026-03-05
9489,LidenbrockDeRiv,430,Abordable,2026-03-05
9490,heptamorph,430,Abordable,2026-03-05
9491,bayadrien,430,Abordable,2026-03-05
9492,0o_chxrlie_o0,429,Abordable,2026-03-05
9493,nkun07,429,Abordable,2026-03-05
9494,ssaccha,429,Abordable,2026-03-05
9495,vinmo3,429,Abordable,2026-03-05
9496,TheauTrip,429,Abordable,2026-03-05
9497,grafew7,429,Abordable,2026-03-05
9498,Da_HuntR,428,Abordable,2026-03-05
9499,laurageuse26,428,Abordable,2026-03-05
9500,Pancy_Gum,428,Abordable,2026-03-05
9501,sarahbrgmm,428,Abordable,2026-03-05
9502,ezrapace,428,Abordable,2026-03-05
9503,bober__77,428,Abordable,2026-03-05
9504,lucien67,428,Abordable,2026-03-05
9505,adrimlvlle,428,Abordable,2026-03-05
9506,hannahzis,428,Abordable,2026-03-05
9507,URQC,428,Abordable,2026-03-05
9508,MisterJiji,428,Abordable,2026-03-05
9509,zfuvzyfsv,428,Abordable,2026-03-05
9510,nibiru667,428,Abordable,2026-03-05
9511,margow___,427,Abordable,2026-03-05
9512,Lucynfra,427,Abordable,2026-03-05
9513,Knarff_,427,Abordable,2026-03-05
9514,anemonemite,427,Abordable,2026-03-05
9515,Mel_aniM,427,Abordable,2026-03-05
9516,eclairecir,427,Abordable,2026-03-05
9517,cl3mouchee,426,Abordable,2026-03-05
9518,Astrodiesel,426,Abordable,2026-03-05
9519,taguka19,426,Abordable,2026-03-05
9520,Cat_Arse_6,426,Abordable,2026-03-05
9521,Masteque,425,Abordable,2026-03-05
9522,zazagn77,425,Abordable,2026-03-05
9523,Tigroulife,425,Abordable,2026-03-05
9524,lilian_hrv33,425,Abordable,2026-03-05
9525,Loakiine,425,Abordable,2026-03-05
9526,MMunch16,424,Abordable,2026-03-05
9527,baxqq,424,Abordable,2026-03-05
9528,dinardpleurtuit,424,Abordable,2026-03-05
9529,zo_darco,424,Abordable,2026-03-05
9530,mathysito40,424,Abordable,2026-03-05
9531,clararap,424,Abordable,2026-03-05
9532,pastouille36,424,Abordable,2026-03-05
9533,physkoteaser1,424,Abordable,2026-03-05
9534,thibsf,423,Abordable,2026-03-05
9535,Canal_7_Arte,423,Abordable,2026-03-05
9536,HeliosDesChamps,423,Abordable,2026-03-05
9537,Darkusios,422,Abordable,2026-03-05
9538,dzz_07,422,Abordable,2026-03-05
9539,Jipoule,422,Abordable,2026-03-05
9540,laurenslvl,422,Abordable,2026-03-05
9541,kikirbt,421,Abordable,2026-03-05
9542,stabilio2,421,Abordable,2026-03-05
9543,Agapanthe_,421,Abordable,2026-03-05
9544,pedrodlcrt,421,Abordable,2026-03-05
9545,servanneau_huppe,421,Abordable,2026-03-05
9546,gou2702,421,Abordable,2026-03-05
9547,regala34,421,Abordable,2026-03-05
9548,ars6588,421,Abordable,2026-03-05
9549,nayce7,421,Abordable,2026-03-05
9550,virtuoz541,420,Abordable,2026-03-05
9551,1996liliratatouille,420,Abordable,2026-03-05
9552,clemdaug28,420,Abordable,2026-03-05
9553,mldypry,420,Abordable,2026-03-05
9554,synam,420,Abordable,2026-03-05
9555,osolero,420,Abordable,2026-03-05
9556,aizome___,420,Abordable,2026-03-05
9557,refty72,420,Abordable,2026-03-05
9558,bizcharr,420,Abordable,2026-03-05
9559,Marrf_tv,420,Abordable,2026-03-05
9560,gahst42,420,Abordable,2026-03-05
9561,mannyolia,420,Abordable,2026-03-05
9562,anothadams,420,Abordable,2026-03-05
9563,QUlllCHE,420,Abordable,2026-03-05
9564,zakoala,420,Abordable,2026-03-05
9565,morganead77,420,Abordable,2026-03-05
9566,isabellemorcillo31150,420,Abordable,2026-03-05
9567,mailys_dag,420,Abordable,2026-03-05
9568,serdaiglon,420,Abordable,2026-03-05
9569,mcperrier,420,Abordable,2026-03-05
9570,Xragg,420,Abordable,2026-03-05
9571,eliaschxne,420,Abordable,2026-03-05
9572,silas_j51,420,Abordable,2026-03-05
9573,TynkerssS,420,Abordable,2026-03-05
9574,teganaz,420,Abordable,2026-03-05
9575,vlatipapajevoilaje,420,Abordable,2026-03-05
9576,bn2408,420,Abordable,2026-03-05
9577,Shelldone_,420,Abordable,2026-03-05
9578,Kaalamare,420,Abordable,2026-03-05
9579,babarugby3515,420,Abordable,2026-03-05
9580,54lut,420,Abordable,2026-03-05
9581,MaximilienOlanchipu,420,Abordable,2026-03-05
9582,AirainnOsu,420,Abordable,2026-03-05
9583,fablanta2016,420,Abordable,2026-03-05
9584,JUKLING,420,Abordable,2026-03-05
9585,cass2114,420,Abordable,2026-03-05
9586,fairyatopia,420,Abordable,2026-03-05
9587,tchoupilasauc,420,Abordable,2026-03-05
9588,Monsieur_Norb,420,Abordable,2026-03-05
9589,ambreblc12,420,Abordable,2026-03-05
9590,altazio96,419,Abordable,2026-03-05
9591,rphlm,418,Abordable,2026-03-05
9592,valmax94,418,Abordable,2026-03-05
9593,ODrealite,418,Abordable,2026-03-05
9594,sthibault06,418,Abordable,2026-03-05
9595,astro_pass,418,Abordable,2026-03-05
9596,Dyrudis,418,Abordable,2026-03-05
9597,bibish93,418,Abordable,2026-03-05
9598,Knailyy,418,Abordable,2026-03-05
9599,matteoviret,417,Abordable,2026-03-05
9600,dangremm,417,Abordable,2026-03-05
9601,na_matmut,417,Abordable,2026-03-05
9602,br77100,417,Abordable,2026-03-05
9603,naima_j0,417,Abordable,2026-03-05
9604,itazorr,416,Abordable,2026-03-05
9605,aceline19,416,Abordable,2026-03-05
9606,Raphouwww,416,Abordable,2026-03-05
9607,baldrstud,416,Abordable,2026-03-05
9608,bepau,416,Abordable,2026-03-05
9609,francoispignon_,416,Abordable,2026-03-05
9610,Mps_NYRAX,416,Abordable,2026-03-05
9611,Paulux_92,416,Abordable,2026-03-05
9612,ksalyx,416,Abordable,2026-03-05
9613,alexandre_pjd,415,Abordable,2026-03-05
9614,maylily2208,415,Abordable,2026-03-05
9615,lazystrata,415,Abordable,2026-03-05
9616,momocaillou,415,Abordable,2026-03-05
9617,olivierchamboule,415,Abordable,2026-03-05
9618,Sarkhye,415,Abordable,2026-03-05
9619,aaanzar,415,Abordable,2026-03-05
9620,4em7,414,Abordable,2026-03-05
9621,jamywest22,414,Abordable,2026-03-05
9622,Kovaxounet,414,Abordable,2026-03-05
9623,donix__17,414,Abordable,2026-03-05
9624,Eilandis,414,Abordable,2026-03-05
9625,Curtiflop,414,Abordable,2026-03-05
9626,MKTheo,414,Abordable,2026-03-05
9627,Pheli_N,413,Abordable,2026-03-05
9628,lola_brthlt,413,Abordable,2026-03-05
9629,BR__GOAT,413,Abordable,2026-03-05
9630,Chreeet,413,Abordable,2026-03-05
9631,waazor,413,Abordable,2026-03-05
9632,pepejunior_,413,Abordable,2026-03-05
9633,deplus52,413,Abordable,2026-03-05
9634,pas_le_frais,412,Abordable,2026-03-05
9635,sand73210,412,Abordable,2026-03-05
9636,drkoriginel,412,Abordable,2026-03-05
9637,jamujabo,412,Abordable,2026-03-05
9638,domoli37,412,Abordable,2026-03-05
9639,nicoleb134,412,Abordable,2026-03-05
9640,PULSAR_c,412,Abordable,2026-03-05
9641,alecoubs1,412,Abordable,2026-03-05
9642,biose007,412,Abordable,2026-03-05
9643,scaramioche,411,Abordable,2026-03-05
9644,eleag6926,411,Abordable,2026-03-05
9645,WIP_dwinor,411,Abordable,2026-03-05
9646,Dariustensile,411,Abordable,2026-03-05
9647,sicardus07,411,Abordable,2026-03-05
9648,flooo_0555,411,Abordable,2026-03-05
9649,juldelahess,410,Abordable,2026-03-05
9650,kholeraa,410,Abordable,2026-03-05
9651,en8te,410,Abordable,2026-03-05
9652,cbcvz,410,Abordable,2026-03-05
9653,sylvina35,410,Abordable,2026-03-05
9654,WakzLoL,409,Abordable,2026-03-05
9655,annerbr,409,Abordable,2026-03-05
9656,Babouchee__,409,Abordable,2026-03-05
9657,blablalban,409,Abordable,2026-03-05
9658,pybaudot44,409,Abordable,2026-03-05
9659,zizany24,409,Abordable,2026-03-05
9660,minibras42,409,Abordable,2026-03-05
9671,LuckyLucian0_,407,Abordable,2026-03-05
9672,jr5_lebest,406,Abordable,2026-03-05
9673,Ycuta,406,Abordable,2026-03-05
9674,cleodip,406,Abordable,2026-03-05
9675,gruminho,406,Abordable,2026-03-05
9676,nilod__,406,Abordable,2026-03-05
9677,juste_leblanc_,406,Abordable,2026-03-05
9678,miniwellan,406,Abordable,2026-03-05
9679,floydkoncept,406,Abordable,2026-03-05
9680,thomas_p12,405,Abordable,2026-03-05
9681,maryjane_222,405,Abordable,2026-03-05
9682,Twyste_,405,Abordable,2026-03-05
9683,zainaldiinn,405,Abordable,2026-03-05
9684,croustimax_,405,Abordable,2026-03-05
9685,melvilfg,405,Abordable,2026-03-05
9686,Umeka,405,Abordable,2026-03-05
9687,lalovve,405,Abordable,2026-03-05
9688,elioloulou333,405,Abordable,2026-03-05
9689,leroienpersonne,404,Abordable,2026-03-05
9690,calypso_0000,404,Abordable,2026-03-05
9691,bechnantes,404,Abordable,2026-03-05
9692,Midona_S,404,Abordable,2026-03-05
9693,egalismix,404,Abordable,2026-03-05
9694,Valtiram,403,Abordable,2026-03-05
9695,pilotork,403,Abordable,2026-03-05
9696,tableriema,402,Abordable,2026-03-05
9697,mega4l,402,Abordable,2026-03-05
9698,Speedself,402,Abordable,2026-03-05
9699,pogamiamiam,401,Abordable,2026-03-05
9700,minidudu02,401,Abordable,2026-03-05
9701,supervideolive83,401,Abordable,2026-03-05
9702,nompolig,401,Abordable,2026-03-05
9703,lakrixxx,401,Abordable,2026-03-05
9704,thbarnier10,401,Abordable,2026-03-05
9705,youpi05,401,Abordable,2026-03-05
9706,tigrou_prt,400,Abordable,2026-03-05
9707,Messochou,400,Abordable,2026-03-05
9708,tygno__,400,Abordable,2026-03-05
9709,El_Ery,400,Abordable,2026-03-05
9710,elisehvrd27,399,Abordable,2026-03-05
9711,melassiedtoi,399,Abordable,2026-03-05
9712,mumulatrik,399,Abordable,2026-03-05
9713,Niiiked,399,Abordable,2026-03-05
9714,bronvol,399,Abordable,2026-03-05
9715,nini27013,399,Abordable,2026-03-05
9716,Xypix,398,Abordable,2026-03-05
9717,seith667,398,Abordable,2026-03-05
9718,l0377,398,Abordable,2026-03-05
9719,Doryvo,398,Abordable,2026-03-05
9720,williaaaamm,398,Abordable,2026-03-05
9721,busmer7820,398,Abordable,2026-03-05
9722,tanguy_11_yt,398,Abordable,2026-03-05
9723,Shiasse76,398,Abordable,2026-03-05
9724,moi_pl,398,Abordable,2026-03-05
9725,dinono___,397,Abordable,2026-03-05
9726,am0_____,397,Abordable,2026-03-05
9727,lr1ne,397,Abordable,2026-03-05
9728,Litex986,397,Abordable,2026-03-05
9729,underkowe,397,Abordable,2026-03-05
9730,no1ime91,397,Abordable,2026-03-05
9731,olidemms4,397,Abordable,2026-03-05
9732,tom_acrylo,397,Abordable,2026-03-05
9733,strawcypress,397,Abordable,2026-03-05
9734,tiffanimagique,397,Abordable,2026-03-05
9735,LineCo,396,Abordable,2026-03-05
9736,avitus1111,396,Abordable,2026-03-05
9737,etijesus,396,Abordable,2026-03-05
9738,ELKAAA____,396,Abordable,2026-03-05
9739,ats_bgchacal,396,Abordable,2026-03-05
9740,Daagda_,396,Abordable,2026-03-05
9741,mapwan,395,Abordable,2026-03-05
9742,dreamiin911,395,Abordable,2026-03-05
9743,JUBATO,395,Abordable,2026-03-05
9744,ZombieMarchant,394,Abordable,2026-03-05
9745,Conanzuuu,394,Abordable,2026-03-05
9746,comep_,394,Abordable,2026-03-05
9747,Ptyo_,394,Abordable,2026-03-05
9748,muzikazu89,394,Abordable,2026-03-05
9749,dracofeuille1,394,Abordable,2026-03-05
9750,1geminig1,394,Abordable,2026-03-05
9751,tartopum95,393,Abordable,2026-03-05
9752,joxandro,393,Abordable,2026-03-05
9753,AlphaBr4vo85,393,Abordable,2026-03-05
9754,LaWill_O,392,Abordable,2026-03-05
9755,enroweb,392,Abordable,2026-03-05
9756,Kak0,392,Abordable,2026-03-05
9757,theosiv5199,392,Abordable,2026-03-05
9758,ly141963,392,Abordable,2026-03-05
9759,mozaaax,392,Abordable,2026-03-05
9760,reouven13,392,Abordable,2026-03-05
9761,Charmillya,392,Abordable,2026-03-05
9762,pinpont_p0,391,Abordable,2026-03-05
9763,yume_84,391,Abordable,2026-03-05
9764,ohkarimeuh,390,Abordable,2026-03-05
9765,janouchka12,390,Abordable,2026-03-05
9766,sllink57,390,Abordable,2026-03-05
9767,captaingreenie,390,Abordable,2026-03-05
9768,CerealesLait,390,Abordable,2026-03-05
9769,yazoo__0,390,Abordable,2026-03-05
9770,aizeoutch,390,Abordable,2026-03-05
9771,tourdeliro1,390,Abordable,2026-03-05
9772,xmascookies2,390,Abordable,2026-03-05
9773,dahu1305,390,Abordable,2026-03-05
9774,maztvv,390,Abordable,2026-03-05
9775,SaraMaths,390,Abordable,2026-03-05
9776,letoinou77,390,Abordable,2026-03-05
9777,Pyprin1,390,Abordable,2026-03-05
9778,m_ercur_y,390,Abordable,2026-03-05
9779,Houivs,390,Abordable,2026-03-05
9780,dodowytb,390,Abordable,2026-03-05
9781,mistermat00,390,Abordable,2026-03-05
9782,menardjc81,390,Abordable,2026-03-05
9783,Haxana,390,Abordable,2026-03-05
9784,nexL043,390,Abordable,2026-03-05
9785,odeee31,390,Abordable,2026-03-05
9786,kami_ami_ha,390,Abordable,2026-03-05
9787,miminemademoiselle,390,Abordable,2026-03-05
9788,furious_tnt,390,Abordable,2026-03-05
9789,flooww_tm,390,Abordable,2026-03-05
9790,lucas9741409,390,Abordable,2026-03-05
9791,DoogyDingo_,390,Abordable,2026-03-05
9792,ninon_lfbv,390,Abordable,2026-03-05
9793,sli0rotom,390,Abordable,2026-03-05
9794,alicely,390,Abordable,2026-03-05
9795,psycrom_,390,Abordable,2026-03-05
9796,prioxys_,390,Abordable,2026-03-05
9797,pipierreuwu,390,Abordable,2026-03-05
9798,apocaelips,389,Abordable,2026-03-05
9799,caravane2gitan,389,Abordable,2026-03-05
9800,Tirpse,388,Abordable,2026-03-05
9801,m8_titialix,388,Abordable,2026-03-05
9802,monpote__,388,Abordable,2026-03-05
9803,manonlqc,388,Abordable,2026-03-05
9804,lapinchatmoineau,387,Abordable,2026-03-05
9805,Jossepa_campos,387,Abordable,2026-03-05
9806,anWeP,387,Abordable,2026-03-05
9807,zazawa23072024,387,Abordable,2026-03-05
9808,lolahstn,387,Abordable,2026-03-05
9809,jblepage,387,Abordable,2026-03-05
9810,bworkyyy,387,Abordable,2026-03-05
9811,xsonnyyy,387,Abordable,2026-03-05
9812,3LC0_,386,Abordable,2026-03-05
9813,benito___o,386,Abordable,2026-03-05
9814,Noctiis___,386,Abordable,2026-03-05
9815,johan_peyr,386,Abordable,2026-03-05
9816,DIO_1926,385,Abordable,2026-03-05
9817,gwendal95610,385,Abordable,2026-03-05
9818,Klikx677,385,Abordable,2026-03-05
9819,3615kermt,385,Abordable,2026-03-05
9820,HerissonSuperbe,384,Abordable,2026-03-05
9821,GuigzzLM,384,Abordable,2026-03-05
9822,ZeBu621,384,Abordable,2026-03-05
9823,jeanne2809,384,Abordable,2026-03-05
9824,stylyrus_,384,Abordable,2026-03-05
9825,garistag,384,Abordable,2026-03-05
9826,FitzStatic,384,Abordable,2026-03-05
9827,go_gouine_or_go_home,383,Abordable,2026-03-05
9828,costa19000,383,Abordable,2026-03-05
9829,tommydu69360,383,Abordable,2026-03-05
9830,capitaine_adri,383,Abordable,2026-03-05
9831,sheluvnorth,383,Abordable,2026-03-05
9832,ameliiie07,383,Abordable,2026-03-05
9833,rachel_psv,383,Abordable,2026-03-05
9834,sunmoon10,383,Abordable,2026-03-05
9835,gayuunn,383,Abordable,2026-03-05
9836,tessad08,382,Abordable,2026-03-05
9837,ghassenbed,382,Abordable,2026-03-05
9838,mardinio7,382,Abordable,2026-03-05
9839,Rirtem,382,Abordable,2026-03-05
9840,camilooo34,382,Abordable,2026-03-05
9841,Laariann,381,Abordable,2026-03-05
9842,mariejsst,381,Abordable,2026-03-05
9843,mitch7cel,381,Abordable,2026-03-05
9844,sushi302,381,Abordable,2026-03-05
9845,bibouchkka,380,Abordable,2026-03-05
9846,nicolassankoran,380,Abordable,2026-03-05
9847,Overzimbabwe,380,Abordable,2026-03-05
9848,alaaanbrnl,380,Abordable,2026-03-05
9849,LiFO_One,380,Abordable,2026-03-05
9850,Soresss_,380,Abordable,2026-03-05
9851,caro_line2758,379,Abordable,2026-03-05
9852,brewan51,379,Abordable,2026-03-05
9853,lisa_vrn,379,Abordable,2026-03-05
9854,4zi77,379,Abordable,2026-03-05
9855,nolwenn31,379,Abordable,2026-03-05
9856,ronflex,379,Abordable,2026-03-05
9857,MorganeDonkeyGurl,379,Abordable,2026-03-05
9858,clemlem29__,379,Abordable,2026-03-05
9859,catseyes24,378,Abordable,2026-03-05
9860,Aliram69,378,Abordable,2026-03-05
9861,El_Camel,378,Abordable,2026-03-05
9862,enymel26,378,Abordable,2026-03-05
9863,manudum,378,Abordable,2026-03-05
9864,jpte1,377,Abordable,2026-03-05
9865,Grobidous,377,Abordable,2026-03-05
9866,as2_pique,377,Abordable,2026-03-05
9867,NinjaCrazyDragon,377,Abordable,2026-03-05
9868,QuizyAntho,377,Abordable,2026-03-05
9869,BlackAvatRed,377,Abordable,2026-03-05
9870,arfesezfarsi,377,Abordable,2026-03-05
9871,myt_arthur,376,Abordable,2026-03-05
9872,MarieBambelle,376,Abordable,2026-03-05
9873,fluf_fly,376,Abordable,2026-03-05
9874,oceane214,376,Abordable,2026-03-05
9875,Manon_BS,376,Abordable,2026-03-05
9876,Sephtenen,376,Abordable,2026-03-05
9877,Nathhelix123,376,Abordable,2026-03-05
9878,leonore3364,376,Abordable,2026-03-05
9879,elinagndr,376,Abordable,2026-03-05
9880,whitejackz,376,Abordable,2026-03-05
9881,hachishparmentier,375,Abordable,2026-03-05
9882,nico_b81,375,Abordable,2026-03-05
9883,rapidostrich527,375,Abordable,2026-03-05
9884,anaismokrani,375,Abordable,2026-03-05
9885,fanie410,375,Abordable,2026-03-05
9886,lolaljel,374,Abordable,2026-03-05
9887,EnaxorgolD,374,Abordable,2026-03-05
9888,lenouille_la_fripouille,374,Abordable,2026-03-05
9889,TangoNeedsHelp,374,Abordable,2026-03-05
9890,fandealonso9,374,Abordable,2026-03-05
9891,archangel_nubosi,374,Abordable,2026-03-05
9892,brune_lze,374,Abordable,2026-03-05
9893,effraie57,374,Abordable,2026-03-05
9894,Venergyt,374,Abordable,2026-03-05
9895,greenfroggy26,374,Abordable,2026-03-05
9896,Papy_Georges,374,Abordable,2026-03-05
9897,RoseaSweet_RS,373,Abordable,2026-03-05
9898,Astaterasu,373,Abordable,2026-03-05
9899,Magresss,373,Abordable,2026-03-05
9900,lauritalaborrachita,373,Abordable,2026-03-05
9901,rcoabi,373,Abordable,2026-03-05
9902,flowiine,373,Abordable,2026-03-05
9903,bougzy1,372,Abordable,2026-03-05
9904,misterfreeze218,372,Abordable,2026-03-05
9905,forzapowa,372,Abordable,2026-03-05
9906,lukartiste,371,Abordable,2026-03-05
9907,poligfaye,371,Abordable,2026-03-05
9908,Elixttt_,371,Abordable,2026-03-05
9909,Morholt_TTR,371,Abordable,2026-03-05
9910,pop200806,371,Abordable,2026-03-05
9911,manonaub123,371,Abordable,2026-03-05
9912,ze_real_gigi_flamingo,370,Abordable,2026-03-05
9913,zywa_19,370,Abordable,2026-03-05
9914,ericetco,370,Abordable,2026-03-05
9915,annie_editions,370,Abordable,2026-03-05
9916,Noobary_Player,370,Abordable,2026-03-05
9917,patou1733,370,Abordable,2026-03-05
9918,mrkiZis,369,Abordable,2026-03-05
9919,laloutre,369,Abordable,2026-03-05
9920,camille_scr,369,Abordable,2026-03-05
9921,alyas_sano,369,Abordable,2026-03-05
9922,Noctyx__,369,Abordable,2026-03-05
9923,mokalyia,368,Abordable,2026-03-05
9924,lanounett,368,Abordable,2026-03-05
9925,kerrev29,368,Abordable,2026-03-05
9926,le__gamerfou,368,Abordable,2026-03-05
9927,martinpeteul,368,Abordable,2026-03-05
9928,LEOOOLM,368,Abordable,2026-03-05
9929,justin2vezin,367,Abordable,2026-03-05
9930,Titoubreizhh,367,Abordable,2026-03-05
9931,infinity17138,367,Abordable,2026-03-05
9932,PlusQueParfaite,367,Abordable,2026-03-05
9933,GCRenan,367,Abordable,2026-03-05
9934,vixitrr,366,Abordable,2026-03-05
9935,tibobobo_,366,Abordable,2026-03-05
9936,wal_t1ne,366,Abordable,2026-03-05
9937,Sakappus,366,Abordable,2026-03-05
9938,elaura_magnaldi,366,Abordable,2026-03-05
9939,alicebattt,366,Abordable,2026-03-05
9940,melanielyonnet,366,Abordable,2026-03-05
9941,jm_s2,365,Abordable,2026-03-05
9942,dachillinghost,365,Abordable,2026-03-05
9943,C_LE_YAN,365,Abordable,2026-03-05
9944,Malikussworld,365,Abordable,2026-03-05
9945,bloodychristmaas,365,Abordable,2026-03-05
9946,Kaikkennn,365,Abordable,2026-03-05
9947,thib_jcqt,365,Abordable,2026-03-05
9948,LAdri78,365,Abordable,2026-03-05
9949,Sheryyl,365,Abordable,2026-03-05
9950,nifle__,365,Abordable,2026-03-05
9951,Guep,365,Abordable,2026-03-05
9952,ladydianou,364,Abordable,2026-03-05
9953,renard_polaire,364,Abordable,2026-03-05
9954,kaiifu,364,Abordable,2026-03-05
9955,jujupro,364,Abordable,2026-03-05
9956,elraldor,364,Abordable,2026-03-05
9957,julietteschw,364,Abordable,2026-03-05
9958,Apraya,364,Abordable,2026-03-05
9959,shuusui67_,364,Abordable,2026-03-05
9960,margotili,363,Abordable,2026-03-05
9961,ooceane26,363,Abordable,2026-03-05
9962,oceane_gna,363,Abordable,2026-03-05
9963,Laure_a,362,Abordable,2026-03-05
9964,harvid__,362,Abordable,2026-03-05
9965,Coorwinn,362,Abordable,2026-03-05
9966,indoleon,362,Abordable,2026-03-05
9967,patoutaf,362,Abordable,2026-03-05
9968,cabpedd,362,Abordable,2026-03-05
9969,lilyzfr,362,Abordable,2026-03-05
9970,mlm974,362,Abordable,2026-03-05
9971,shkoooby,362,Abordable,2026-03-05
9972,ellymak,362,Abordable,2026-03-05
9973,Zymar_Anthony,362,Abordable,2026-03-05
9974,vinceloo,362,Abordable,2026-03-05
9975,oui_oui_carabistouille,362,Abordable,2026-03-05
9976,celinegg,362,Abordable,2026-03-05
9977,lupilex,361,Abordable,2026-03-05
9978,manatown,361,Abordable,2026-03-05
9979,flo__let,361,Abordable,2026-03-05
9980,MarwenP,361,Abordable,2026-03-05
9981,VI_underscore,361,Abordable,2026-03-05
9982,zigotoooo,361,Abordable,2026-03-05
9983,BsamohT_228,360,Abordable,2026-03-05
9984,ilgrele34,360,Abordable,2026-03-05
9985,Vulpes050,360,Abordable,2026-03-05
9986,hpMarin_,360,Abordable,2026-03-05
9987,Arhievilo,360,Abordable,2026-03-05
9988,floangais,360,Abordable,2026-03-05
9989,xbelouox,360,Abordable,2026-03-05
9990,babaroii,360,Abordable,2026-03-05
9991,lucasmahler67,360,Abordable,2026-03-05
9992,pijothepijako,360,Abordable,2026-03-05
9993,cyriellepnt,360,Abordable,2026-03-05
9994,mathbartes2,360,Abordable,2026-03-05
9995,linec1990,360,Abordable,2026-03-05
9996,eden_le_beluga,360,Abordable,2026-03-05
9997,sunny44__,360,Abordable,2026-03-05
9998,ltreizem,360,Abordable,2026-03-05
9999,MaximussiX,360,Abordable,2026-03-05
10000,anaelle_turc,360,Abordable,2026-03-05
10001,jade__ackerman,360,Abordable,2026-03-05
10002,Roz_thm,360,Abordable,2026-03-05
10003,svevaxxxxx,359,Abordable,2026-03-05
10004,bredekam,359,Abordable,2026-03-05
10005,Martin_dans_la_lune,359,Abordable,2026-03-05
10006,cherrysouptv,359,Abordable,2026-03-05
10007,chnops_,359,Abordable,2026-03-05
10008,tell_i_am,358,Abordable,2026-03-05
10009,romanedbs66,358,Abordable,2026-03-05
10010,Loann05,358,Abordable,2026-03-05
10011,karashic,358,Abordable,2026-03-05
10012,Hugo2378,358,Abordable,2026-03-05
10013,nilar__,358,Abordable,2026-03-05
10014,etbsilversoul,358,Abordable,2026-03-05
10015,Josc1587,357,Abordable,2026-03-05
10016,nystha,357,Abordable,2026-03-05
10017,moulingue,357,Abordable,2026-03-05
10018,saddjax,357,Abordable,2026-03-05
10019,exas77,357,Abordable,2026-03-05
10020,Aiguerem,357,Abordable,2026-03-05
10021,pulsarino4,357,Abordable,2026-03-05
10022,l1n4321,357,Abordable,2026-03-05
10023,laet__38,357,Abordable,2026-03-05
10024,te_kus,357,Abordable,2026-03-05
10025,PoussiereBowisse,356,Abordable,2026-03-05
10026,xaloux_76,356,Abordable,2026-03-05
10027,leaaa_vck,356,Abordable,2026-03-05
10028,obiwankawhi,356,Abordable,2026-03-05
10029,nicolo06100,356,Abordable,2026-03-05
10030,KapyA_,356,Abordable,2026-03-05
10031,remmmsir,356,Abordable,2026-03-05
10032,c0i0rblind,356,Abordable,2026-03-05
10033,phonovore,356,Abordable,2026-03-05
10034,Hyve_the_otter,356,Abordable,2026-03-05
10035,BenyX8,355,Abordable,2026-03-05
10036,laaarsa07,355,Abordable,2026-03-05
10037,elsalf,354,Abordable,2026-03-05
10038,mhaax_,354,Abordable,2026-03-05
10039,Zigolul,354,Abordable,2026-03-05
10040,xAkeRoN,354,Abordable,2026-03-05
10041,salomesauz,354,Abordable,2026-03-05
10042,gdmtm,354,Abordable,2026-03-05
10043,matthysmng,354,Abordable,2026-03-05
10044,rycil,354,Abordable,2026-03-05
10045,hugo_camille,354,Abordable,2026-03-05
10046,guiiiks,353,Abordable,2026-03-05
10047,Aperiix_,353,Abordable,2026-03-05
10048,remi_bzx,353,Abordable,2026-03-05
10049,wati_teo,353,Abordable,2026-03-05
10050,Red4nter,353,Abordable,2026-03-05
10051,winzy01,353,Abordable,2026-03-05
10052,sachymi,353,Abordable,2026-03-05
10053,gobouxx,353,Abordable,2026-03-05
10054,sayanarbre,353,Abordable,2026-03-05
10055,evenlerageux,352,Abordable,2026-03-05
10056,inesgold3,352,Abordable,2026-03-05
10057,TheWoopyCOD,352,Abordable,2026-03-05
10058,MasseWindow,352,Abordable,2026-03-05
10059,myriamissimee,352,Abordable,2026-03-05
10060,Bapptistee,352,Abordable,2026-03-05
10061,Allineaa,352,Abordable,2026-03-05
10062,Im_Veads,352,Abordable,2026-03-05
10063,MrJoy27,352,Abordable,2026-03-05
10064,Baxray_,351,Abordable,2026-03-05
10065,c_lia02,351,Abordable,2026-03-05
10066,louisonbzh,351,Abordable,2026-03-05
10067,magdala_29,351,Abordable,2026-03-05
10068,Thorios2308,351,Abordable,2026-03-05
10069,Rodemic,351,Abordable,2026-03-05
10070,clementboute,351,Abordable,2026-03-05
10071,0262228841,350,Abordable,2026-03-05
10072,pat_tak,350,Abordable,2026-03-05
10073,Cosmoloser_,350,Abordable,2026-03-05
10074,moiintello,350,Abordable,2026-03-05
10075,charlottinne,350,Abordable,2026-03-05
10076,chipo_mtg,350,Abordable,2026-03-05
10077,man8n2,350,Abordable,2026-03-05
10078,intram30160,350,Abordable,2026-03-05
10079,Ziell_0,350,Abordable,2026-03-05
10080,Lyloutre61,349,Abordable,2026-03-05
10081,mr_jules_s,349,Abordable,2026-03-05
10082,victor95_,348,Abordable,2026-03-05
10083,thezoone111,348,Abordable,2026-03-05
10084,Mel0do,348,Abordable,2026-03-05
10085,BlessedSleepSeeker,348,Abordable,2026-03-05
10086,severinee39200,348,Abordable,2026-03-05
10087,ChoucrouteAuSel,348,Abordable,2026-03-05
10088,blandinedg,348,Abordable,2026-03-05
10089,Ikascouille,348,Abordable,2026-03-05
10090,GabrielLeGrandiose,347,Abordable,2026-03-05
10091,Roulade1,347,Abordable,2026-03-05
10092,benit00,347,Abordable,2026-03-05
10093,nanobops,347,Abordable,2026-03-05
10094,zaba49_,347,Abordable,2026-03-05
10095,Simonstrueu,347,Abordable,2026-03-05
10096,SevenLi87,347,Abordable,2026-03-05
10097,LamiralBastos,347,Abordable,2026-03-05
10098,inesssrb,346,Abordable,2026-03-05
10099,wislay_,346,Abordable,2026-03-05
10100,Louis_allynd,345,Abordable,2026-03-05
10101,cocob2881,345,Abordable,2026-03-05
10102,SickjEh,345,Abordable,2026-03-05
10103,mhyune,345,Abordable,2026-03-05
10104,dmarieem,345,Abordable,2026-03-05
10105,phoebeguys,345,Abordable,2026-03-05
10106,nainguin66690,345,Abordable,2026-03-05
10107,Pearlbirds,344,Abordable,2026-03-05
10108,ezekhyl,344,Abordable,2026-03-05
10109,marielou_trh,344,Abordable,2026-03-05
10110,chris072025,344,Abordable,2026-03-05
10111,CFC_Glycerol,344,Abordable,2026-03-05
10112,foxy2305,344,Abordable,2026-03-05
10113,srahmnn,343,Abordable,2026-03-05
10114,cha_choco,343,Abordable,2026-03-05
10115,Trayton_Jr,343,Abordable,2026-03-05
10116,thhd13,343,Abordable,2026-03-05
10117,vashkirry,343,Abordable,2026-03-05
10118,Zinniaa_,343,Abordable,2026-03-05
10119,Vavi10,343,Abordable,2026-03-05
10120,thomaste75,343,Abordable,2026-03-05
10121,monid_tw,343,Abordable,2026-03-05
10122,OuafOrange,343,Abordable,2026-03-05
10123,milouboy,343,Abordable,2026-03-05
10124,wsissi,343,Abordable,2026-03-05
10125,bananozaure,343,Abordable,2026-03-05
10126,Binbaski,343,Abordable,2026-03-05
10127,skanpyy,343,Abordable,2026-03-05
10128,pisen7,342,Abordable,2026-03-05
10129,TheMagYaaR,342,Abordable,2026-03-05
10130,paulinefwi,342,Abordable,2026-03-05
10131,gallosvr,342,Abordable,2026-03-05
10132,sidoow,342,Abordable,2026-03-05
10133,JSQ_NoixDeCoco,342,Abordable,2026-03-05
10134,galadanamabasa,342,Abordable,2026-03-05
10135,doreenya,342,Abordable,2026-03-05
10136,lucasdu_81,342,Abordable,2026-03-05
10137,cress_thorne,342,Abordable,2026-03-05
10138,Alseyth,342,Abordable,2026-03-05
10139,tim89756,342,Abordable,2026-03-05
10140,tangtang_27,342,Abordable,2026-03-05
10141,hekiro64,342,Abordable,2026-03-05
10142,MontiMotion,342,Abordable,2026-03-05
10143,discoshinynuts,341,Abordable,2026-03-05
10144,chenilleboy,341,Abordable,2026-03-05
10145,camlibero,341,Abordable,2026-03-05
10146,bianconhino,341,Abordable,2026-03-05
10147,asmaroah,341,Abordable,2026-03-05
10148,BladenDX,341,Abordable,2026-03-05
10149,DodoReigns,340,Abordable,2026-03-05
10150,el_nono_1,340,Abordable,2026-03-05
10151,sw4gfx,340,Abordable,2026-03-05
10152,xotimax_rt,340,Abordable,2026-03-05
10153,Gecxio,340,Abordable,2026-03-05
10154,D_d_K,340,Abordable,2026-03-05
10155,Ankrre,340,Abordable,2026-03-05
10156,Hvgzz,340,Abordable,2026-03-05
10157,alphonse_danlta,340,Abordable,2026-03-05
10158,93diabete,340,Abordable,2026-03-05
10159,portuguayy,340,Abordable,2026-03-05
10160,ciboo31,340,Abordable,2026-03-05
10161,ginny42,339,Abordable,2026-03-05
10162,ashell21,339,Abordable,2026-03-05
10163,bouribou,339,Abordable,2026-03-05
10164,mariah_bft,339,Abordable,2026-03-05
10165,srixon22,338,Abordable,2026-03-05
10166,EkstozetLoukas,338,Abordable,2026-03-05
10167,uLeana4,338,Abordable,2026-03-05
10168,gandorley,338,Abordable,2026-03-05
10169,waiii_31,338,Abordable,2026-03-05
10170,lowyiiie,338,Abordable,2026-03-05
10171,louison_73,338,Abordable,2026-03-05
10172,LECARRELAGEDUMARRIAGE,338,Abordable,2026-03-05
10173,enzoaxel71,338,Abordable,2026-03-05
10174,BrazKill,338,Abordable,2026-03-05
10175,lacroche85,337,Abordable,2026-03-05
10176,RobinniRob,337,Abordable,2026-03-05
10177,tetsuukie,337,Abordable,2026-03-05
10178,clem_commentary,337,Abordable,2026-03-05
10179,gapitou337,337,Abordable,2026-03-05
10180,Treggar_,337,Abordable,2026-03-05
10181,laetikiki98,337,Abordable,2026-03-05
10182,RamyeonMeori,337,Abordable,2026-03-05
10183,ZoZoZo51,337,Abordable,2026-03-05
10184,erlost347,337,Abordable,2026-03-05
10185,charles_glm,337,Abordable,2026-03-05
10186,quentin1467,337,Abordable,2026-03-05
10187,cl3mantino,336,Abordable,2026-03-05
10188,dArgencourt,336,Abordable,2026-03-05
10189,wazkiz,336,Abordable,2026-03-05
10190,yette5,336,Abordable,2026-03-05
10191,kelyurushka,336,Abordable,2026-03-05
10192,bimbabm,336,Abordable,2026-03-05
10193,Wizard7x9,336,Abordable,2026-03-05
10194,roi_de_la_redstone,336,Abordable,2026-03-05
10195,ruben_mgls,336,Abordable,2026-03-05
10196,jujudpommm,336,Abordable,2026-03-05
10197,Lycla_,335,Abordable,2026-03-05
10198,grizzure,335,Abordable,2026-03-05
10199,BeamySheep,335,Abordable,2026-03-05
10200,L_unique_Moustique,335,Abordable,2026-03-05
10201,portesfaciles,335,Abordable,2026-03-05
10202,lance_flammes,335,Abordable,2026-03-05
10203,jophne,335,Abordable,2026-03-05
10204,soroniii,335,Abordable,2026-03-05
10205,safoog_,334,Abordable,2026-03-05
10206,theomortuus,334,Abordable,2026-03-05
10207,ls_coconut,334,Abordable,2026-03-05
10208,ldgt23,334,Abordable,2026-03-05
10209,Oserpento78,334,Abordable,2026-03-05
10210,eliott0617,334,Abordable,2026-03-05
10211,barbor21,334,Abordable,2026-03-05
10212,unsaltyyy,334,Abordable,2026-03-05
10213,altaiir2,334,Abordable,2026-03-05
10214,jakolol,334,Abordable,2026-03-05
10215,FrozenDark31410,334,Abordable,2026-03-05
10216,Yoake05,333,Abordable,2026-03-05
10217,Yoeek,333,Abordable,2026-03-05
10218,Snowayway,333,Abordable,2026-03-05
10219,lucaselafuentee,333,Abordable,2026-03-05
10220,xRylex,333,Abordable,2026-03-05
10221,davidpaps59510,332,Abordable,2026-03-05
10222,laloupe64,332,Abordable,2026-03-05
10223,critik007,332,Abordable,2026-03-05
10224,Tellableeh,332,Abordable,2026-03-05
10225,lowann,332,Abordable,2026-03-05
10226,Fraine_,331,Abordable,2026-03-05
10227,leolatwitcheuse,331,Abordable,2026-03-05
10228,eledeux,331,Abordable,2026-03-05
10229,pilatche,331,Abordable,2026-03-05
10230,amelie1289,331,Abordable,2026-03-05
10231,noctiluq,331,Abordable,2026-03-05
10232,kw_enzo26,331,Abordable,2026-03-05
10233,MORLETTE,331,Abordable,2026-03-05
10234,tuturbitace123,330,Abordable,2026-03-05
10235,Osi_Live,330,Abordable,2026-03-05
10236,gigigilou,330,Abordable,2026-03-05
10237,raphael_p1,330,Abordable,2026-03-05
10238,Bakyste,330,Abordable,2026-03-05
10239,TheXfra,330,Abordable,2026-03-05
10240,juugraam,330,Abordable,2026-03-05
10241,domemage,330,Abordable,2026-03-05
10242,roberto_dubinks,330,Abordable,2026-03-05
10243,theotuxx,330,Abordable,2026-03-05
10244,xavduru,330,Abordable,2026-03-05
10245,ojiboyy,330,Abordable,2026-03-05
10246,waknoboss,330,Abordable,2026-03-05
10247,yayoune,330,Abordable,2026-03-05
10248,aylin_rodrigues,330,Abordable,2026-03-05
10249,calypso91070,330,Abordable,2026-03-05
10250,Shuiin,330,Abordable,2026-03-05
10251,Girameoo,330,Abordable,2026-03-05
10252,ElevenTheo,330,Abordable,2026-03-05
10253,GuntarJr,330,Abordable,2026-03-05
10254,fujitora39,330,Abordable,2026-03-05
10255,Podv_46,330,Abordable,2026-03-05
10256,6p75ou78ataguise,330,Abordable,2026-03-05
10257,Jeidotoko,330,Abordable,2026-03-05
10258,brasqun,330,Abordable,2026-03-05
10259,leodu95,330,Abordable,2026-03-05
10260,croustybapt44,330,Abordable,2026-03-05
10261,Agatio_GS,330,Abordable,2026-03-05
10262,debiboop7891,330,Abordable,2026-03-05
10263,Ferendall,330,Abordable,2026-03-05
10264,banborg_,329,Abordable,2026-03-05
10265,Wartran,329,Abordable,2026-03-05
10266,k0lge,329,Abordable,2026-03-05
10267,rehcnifdivad,329,Abordable,2026-03-05
10268,Fengeld,329,Abordable,2026-03-05
10269,luss_ttv,329,Abordable,2026-03-05
10270,g0bol,328,Abordable,2026-03-05
10271,vovox23,328,Abordable,2026-03-05
10272,juliecsd1359,328,Abordable,2026-03-05
10273,hibe1,328,Abordable,2026-03-05
10274,yunanoexorcist,328,Abordable,2026-03-05
10275,fullmetalbaguett,328,Abordable,2026-03-05
10276,victor_mantilla,328,Abordable,2026-03-05
10277,gunmar06,328,Abordable,2026-03-05
10278,mayeutt_,328,Abordable,2026-03-05
10279,paresses,328,Abordable,2026-03-05
10280,mygale,327,Abordable,2026-03-05
10281,epsylon_m_a_,327,Abordable,2026-03-05
10282,gaspprogamming,327,Abordable,2026-03-05
10283,lorena_lgsaaa,327,Abordable,2026-03-05
10284,Francois_BCN,327,Abordable,2026-03-05
10285,antmanserano,326,Abordable,2026-03-05
10286,Nexozz___,326,Abordable,2026-03-05
10287,roronoa_127,326,Abordable,2026-03-05
10288,BrianPinow,326,Abordable,2026-03-05
10289,cloclooo40,326,Abordable,2026-03-05
10290,TomySensei_,326,Abordable,2026-03-05
10291,Casaloga,326,Abordable,2026-03-05
10292,07h29,326,Abordable,2026-03-05
10293,clementpy22,326,Abordable,2026-03-05
10294,M3erkat,326,Abordable,2026-03-05
10295,sarahtech02,325,Abordable,2026-03-05
10296,danlac5,325,Abordable,2026-03-05
10297,itoli2,325,Abordable,2026-03-05
10298,gablevoyou,325,Abordable,2026-03-05
10299,Madako_P2000,325,Abordable,2026-03-05
10300,Tyflio,325,Abordable,2026-03-05
10301,kahiruka92,325,Abordable,2026-03-05
10302,Hyunan,325,Abordable,2026-03-05
10303,Zatolip,325,Abordable,2026-03-05
10304,emmaagnr,325,Abordable,2026-03-05
10305,larcher114,325,Abordable,2026-03-05
10306,Lame_Adam,324,Abordable,2026-03-05
10307,BouK_,324,Abordable,2026-03-05
10308,GhiraHerr,324,Abordable,2026-03-05
10309,claiirou,324,Abordable,2026-03-05
10310,leopiher,324,Abordable,2026-03-05
10311,arkhang,324,Abordable,2026-03-05
10312,marionettepv,324,Abordable,2026-03-05
10313,tdg_drizzy,324,Abordable,2026-03-05
10314,bowlitette,324,Abordable,2026-03-05
10315,mat_lth_,324,Abordable,2026-03-05
10316,moignoncrochu,324,Abordable,2026-03-05
10317,tag__ada,323,Abordable,2026-03-05
10318,Aderati,323,Abordable,2026-03-05
10319,BambouSL,323,Abordable,2026-03-05
10320,ROI_MILLENAIRE,322,Abordable,2026-03-05
10321,whistle865,322,Abordable,2026-03-05
10322,Impooo,322,Abordable,2026-03-05
10323,Trobyss,322,Abordable,2026-03-05
10324,heptarone,322,Abordable,2026-03-05
10325,krem_brule3110,322,Abordable,2026-03-05
10326,enora_vernerie,322,Abordable,2026-03-05
10327,Reezsea8,322,Abordable,2026-03-05
10328,djodge,322,Abordable,2026-03-05
10329,ylanntrublet,322,Abordable,2026-03-05
10330,Amyante,322,Abordable,2026-03-05
10331,diorekt,322,Abordable,2026-03-05
10332,cleme64,322,Abordable,2026-03-05
10333,maffy_alves,322,Abordable,2026-03-05
10334,Titou1600,321,Abordable,2026-03-05
10335,lau_drmnt,321,Abordable,2026-03-05
10336,simonasc1,321,Abordable,2026-03-05
10337,cassandreeee7,321,Abordable,2026-03-05
10338,michuhappy,321,Abordable,2026-03-05
10339,dayzstorm63,321,Abordable,2026-03-05
10340,purplewordle,321,Abordable,2026-03-05
10341,francium18,321,Abordable,2026-03-05
10342,maumal013,321,Abordable,2026-03-05
10343,sunny_mel_,321,Abordable,2026-03-05
10344,hhjgxfrgggcxdd,321,Abordable,2026-03-05
10345,leadudu123,320,Abordable,2026-03-05
10346,Negarose,320,Abordable,2026-03-05
10347,Frasierjones,320,Abordable,2026-03-05
10348,temari72_8,320,Abordable,2026-03-05
10349,minatomique,320,Abordable,2026-03-05
10350,kureji35,320,Abordable,2026-03-05
10351,alienor2803,320,Abordable,2026-03-05
10352,Gaspachaud,320,Abordable,2026-03-05
10353,maxouuuw_,320,Abordable,2026-03-05
10354,Remsll,320,Abordable,2026-03-05
10355,KC_hanji,319,Abordable,2026-03-05
10356,moncasse,319,Abordable,2026-03-05
10357,homard54,319,Abordable,2026-03-05
10358,skun_0,318,Abordable,2026-03-05
10359,Theo_Riginal_,318,Abordable,2026-03-05
10360,lisenn_,318,Abordable,2026-03-05
10361,henoon_jr,318,Abordable,2026-03-05
10362,Suffuu,318,Abordable,2026-03-05
10363,pastradan,318,Abordable,2026-03-05
10364,Losa49,318,Abordable,2026-03-05
10365,toadsuper,318,Abordable,2026-03-05
10366,dydy97d,318,Abordable,2026-03-05
10367,ml_allumette,318,Abordable,2026-03-05
10368,icreyma,318,Abordable,2026-03-05
10369,breauzil,318,Abordable,2026-03-05
10370,relqx_,318,Abordable,2026-03-05
10371,SkillsMTG,317,Abordable,2026-03-05
10372,Cedstorm,317,Abordable,2026-03-05
10373,UiCMoii,317,Abordable,2026-03-05
10374,05nans,317,Abordable,2026-03-05
10375,valrdn,317,Abordable,2026-03-05
10376,Kujosaki,317,Abordable,2026-03-05
10377,lah4ch,317,Abordable,2026-03-05
10378,SAN3I,317,Abordable,2026-03-05
10379,KroMiniX_,317,Abordable,2026-03-05
10380,armelbaucis,317,Abordable,2026-03-05
10381,la_romb,317,Abordable,2026-03-05
10382,bandhoegle,317,Abordable,2026-03-05
10383,Mikilra,317,Abordable,2026-03-05
10384,monkeydjude_,316,Abordable,2026-03-05
10385,laura92160,316,Abordable,2026-03-05
10386,xprtndr,316,Abordable,2026-03-05
10387,cricri7240,316,Abordable,2026-03-05
10388,fclmm28,316,Abordable,2026-03-05
10389,M8_Ines,316,Abordable,2026-03-05
10390,sabri_asb,315,Abordable,2026-03-05
10391,ben35133,315,Abordable,2026-03-05
10392,gwennaellef,315,Abordable,2026-03-05
10393,vianneydssx_,315,Abordable,2026-03-05
10394,migmax_l,315,Abordable,2026-03-05
10395,Studios97,315,Abordable,2026-03-05
10396,gangfiank,315,Abordable,2026-03-05
10397,lecanarlaque,315,Abordable,2026-03-05
10398,lil_mouk,314,Abordable,2026-03-05
10399,ImKumaZ_,314,Abordable,2026-03-05
10400,valy_grg,314,Abordable,2026-03-05
10401,ben_gx,314,Abordable,2026-03-05
10402,Nassim_Azzi,314,Abordable,2026-03-05
10403,Clemands,314,Abordable,2026-03-05
10404,AEG_taborl1n,314,Abordable,2026-03-05
10405,jordan_z7,314,Abordable,2026-03-05
10406,NacaratTV,313,Abordable,2026-03-05
10407,KhushasMusic,313,Abordable,2026-03-05
10408,Garyd0_,313,Abordable,2026-03-05
10409,lc2682,313,Abordable,2026-03-05
10410,Saumix,313,Abordable,2026-03-05
10411,Ironha_,313,Abordable,2026-03-05
10412,aurelienBZH,313,Abordable,2026-03-05
10413,NitRobZ,313,Abordable,2026-03-05
10414,aymicou,313,Abordable,2026-03-05
10415,dhoulito,313,Abordable,2026-03-05
10416,vr0umvr0um,313,Abordable,2026-03-05
10417,chiaracamus,313,Abordable,2026-03-05
10418,Xixibo01,313,Abordable,2026-03-05
10419,yasmine_bkzz,313,Abordable,2026-03-05
10420,breaks2p,313,Abordable,2026-03-05
10421,Artadin,313,Abordable,2026-03-05
10422,m4th240,313,Abordable,2026-03-05
10423,zektam,313,Abordable,2026-03-05
10424,hugame33,313,Abordable,2026-03-05
10425,Kelkinbaicil,313,Abordable,2026-03-05
10426,ludo1328,313,Abordable,2026-03-05
10427,SiliaValentine,313,Abordable,2026-03-05
10428,souillon1,313,Abordable,2026-03-05
10429,ehv4n,313,Abordable,2026-03-05
10430,benjamin_mzrd,313,Abordable,2026-03-05
10431,Aza_Naru,313,Abordable,2026-03-05
10432,F3nrir_2,312,Abordable,2026-03-05
10433,4angel4_,312,Abordable,2026-03-05
10434,Aybliicher_,312,Abordable,2026-03-05
10435,TaylordKovacs,312,Abordable,2026-03-05
10436,MsWallace24,312,Abordable,2026-03-05
10437,quentinbeau,312,Abordable,2026-03-05
10438,Fl0rekk,312,Abordable,2026-03-05
10439,Alvaluz,312,Abordable,2026-03-05
10440,ettagere,312,Abordable,2026-03-05
10441,mysticonic_,312,Abordable,2026-03-05
10442,sayan17274,312,Abordable,2026-03-05
10443,Flurze,312,Abordable,2026-03-05
10444,enryu_5,312,Abordable,2026-03-05
10445,andrealekapla,312,Abordable,2026-03-05
10446,chocodu42,312,Abordable,2026-03-05
10447,mumuOL1,312,Abordable,2026-03-05
10448,2005_nathan,312,Abordable,2026-03-05
10449,Crocfer_,312,Abordable,2026-03-05
10450,Bonnebanane,312,Abordable,2026-03-05
10451,yaku_s0ku,312,Abordable,2026-03-05
10452,lebourlingeure,311,Abordable,2026-03-05
10453,Seederant,311,Abordable,2026-03-05
10454,nahil3321,311,Abordable,2026-03-05
10455,ladypanda8415,311,Abordable,2026-03-05
10456,guizmdr,311,Abordable,2026-03-05
10457,banban008,311,Abordable,2026-03-05
10458,faabinoux,311,Abordable,2026-03-05
10459,ethankok,311,Abordable,2026-03-05
10460,nonomimininou,310,Abordable,2026-03-05
10461,yonita128,310,Abordable,2026-03-05
10462,DocValknut,310,Abordable,2026-03-05
10463,Samuelbella,310,Abordable,2026-03-05
10464,mako_twitch_,310,Abordable,2026-03-05
10465,Aylbe,310,Abordable,2026-03-05
10466,laurinefrz,309,Abordable,2026-03-05
10467,itzvaike,309,Abordable,2026-03-05
10468,ammoumaaaa,309,Abordable,2026-03-05
10469,sachouninou,309,Abordable,2026-03-05
10470,Zikouye,309,Abordable,2026-03-05
10471,evan3ssor,309,Abordable,2026-03-05
10472,scmaxime,309,Abordable,2026-03-05
10473,popmathis,309,Abordable,2026-03-05
10474,Adidino,309,Abordable,2026-03-05
10475,milkaam,309,Abordable,2026-03-05
10476,keamy__,309,Abordable,2026-03-05
10477,Papipapss,309,Abordable,2026-03-05
10478,buisssonmagiiiique,308,Abordable,2026-03-05
10479,nanoprice,308,Abordable,2026-03-05
10480,ingenuity91,308,Abordable,2026-03-05
10481,cousin_skeeeter,308,Abordable,2026-03-05
10482,bk499_,308,Abordable,2026-03-05
10483,morganezimm,308,Abordable,2026-03-05
10484,KingInTheLadder,308,Abordable,2026-03-05
10485,kowzak,308,Abordable,2026-03-05
10486,louisohh,308,Abordable,2026-03-05
10487,wanap2306,307,Abordable,2026-03-05
10488,SpinMeR0und,307,Abordable,2026-03-05
10489,nutrr_,307,Abordable,2026-03-05
10490,lepetichat0,307,Abordable,2026-03-05
10491,Muscaaa_,307,Abordable,2026-03-05
10492,yu22k,307,Abordable,2026-03-05
10493,navou_,307,Abordable,2026-03-05
10494,math_816,307,Abordable,2026-03-05
10495,waelette_,306,Abordable,2026-03-05
10496,Maksou_cs,306,Abordable,2026-03-05
10497,Shihiroka,306,Abordable,2026-03-05
10498,quevui,306,Abordable,2026-03-05
10499,olivierr67,306,Abordable,2026-03-05
10500,Themrzz,306,Abordable,2026-03-05
10501,lypoxygenases,306,Abordable,2026-03-05
10502,baptisteleplusfort,306,Abordable,2026-03-05
10503,oranette,306,Abordable,2026-03-05
10504,floraa_7_6,306,Abordable,2026-03-05
10505,Rydersxd,306,Abordable,2026-03-05
10506,MiMiZouM,306,Abordable,2026-03-05
10507,Etaxoile,305,Abordable,2026-03-05
10508,carton_mk,305,Abordable,2026-03-05
10509,edouarlasalope,305,Abordable,2026-03-05
10510,brownieananas,305,Abordable,2026-03-05
10511,kaiihuaii,305,Abordable,2026-03-05
10512,Montois97,305,Abordable,2026-03-05
10513,emeline1936,305,Abordable,2026-03-05
10514,math0ra,305,Abordable,2026-03-05
10515,Nauth3r_nioMe,305,Abordable,2026-03-05
10516,Bravael_,305,Abordable,2026-03-05
10517,Clemalb_,305,Abordable,2026-03-05
10518,kuadraxis,305,Abordable,2026-03-05
10519,Julibambam,304,Abordable,2026-03-05
10520,darky21501,304,Abordable,2026-03-05
10521,lou_cndt,304,Abordable,2026-03-05
10522,rachond74,304,Abordable,2026-03-05
10523,thomate1406,304,Abordable,2026-03-05
10524,corazonawn,304,Abordable,2026-03-05
10525,seyy26_,304,Abordable,2026-03-05
10526,Gregofrigo,304,Abordable,2026-03-05
10527,pandaddicte,304,Abordable,2026-03-05
10528,m4l07ru,303,Abordable,2026-03-05
10529,CocoWave,303,Abordable,2026-03-05
10530,spinzz,303,Abordable,2026-03-05
10531,twister58so,303,Abordable,2026-03-05
10532,voluna_,303,Abordable,2026-03-05
10533,mathvall,303,Abordable,2026-03-05
10534,raph7,303,Abordable,2026-03-05
10535,gdelataillade,303,Abordable,2026-03-05
10536,druimzeus,303,Abordable,2026-03-05
10537,LyneSG,303,Abordable,2026-03-05
10538,xLigi,303,Abordable,2026-03-05
10539,patpatgui,303,Abordable,2026-03-05
10540,leblizzard6,303,Abordable,2026-03-05
10541,Ugueaux,302,Abordable,2026-03-05
10542,jiverre77_93,302,Abordable,2026-03-05
10543,n0ny_legoat,302,Abordable,2026-03-05
10544,gabio76,302,Abordable,2026-03-05
10545,MoJjoe,302,Abordable,2026-03-05
10546,WitherFlower42,302,Abordable,2026-03-05
10547,Rafcass,302,Abordable,2026-03-05
10548,skyzz_frr,302,Abordable,2026-03-05
10549,matheo24440,302,Abordable,2026-03-05
10550,mguinard,302,Abordable,2026-03-05
10551,ldelange,302,Abordable,2026-03-05
10552,the_amazingflow,302,Abordable,2026-03-05
10553,ch4dny,302,Abordable,2026-03-05
10554,TR1ZAA,302,Abordable,2026-03-05
10555,babaskt26,302,Abordable,2026-03-05
10556,gasp71,301,Abordable,2026-03-05
10557,martruffe,301,Abordable,2026-03-05
10558,hugobg40,301,Abordable,2026-03-05
10559,leytchies_,301,Abordable,2026-03-05
10560,noe33lrch,301,Abordable,2026-03-05
10561,Genoso,301,Abordable,2026-03-05
10562,zac_prst,300,Abordable,2026-03-05
10563,melopatiss,300,Abordable,2026-03-05
10564,soe9964,300,Abordable,2026-03-05
10565,damiendieudo,300,Abordable,2026-03-05
10566,Zyroack,300,Abordable,2026-03-05
10567,Koalave,300,Abordable,2026-03-05
10568,Sam_prrt,300,Abordable,2026-03-05
10569,fred_gomes17,300,Abordable,2026-03-05
10570,imfips,300,Abordable,2026-03-05
10571,cactusazer,300,Abordable,2026-03-05
10572,maliemca,300,Abordable,2026-03-05
10573,Ledeo_Aboule,300,Abordable,2026-03-05
10574,guntay_,300,Abordable,2026-03-05
10575,kvmelia,300,Abordable,2026-03-05
10576,jojokawaiii,300,Abordable,2026-03-05
10577,vivi_bev,300,Abordable,2026-03-05
10578,d5r5,300,Abordable,2026-03-05
10579,onirique__,300,Abordable,2026-03-05
10580,xCuttyFLAM,300,Abordable,2026-03-05
10581,Adhok,300,Abordable,2026-03-05
10582,Lekarnah,300,Abordable,2026-03-05
10583,Choca_pique,300,Abordable,2026-03-05
10584,Heavxen,300,Abordable,2026-03-05
10585,NapoleonicBoy,300,Abordable,2026-03-05
10586,ahyzza,300,Abordable,2026-03-05
10587,bazukette,300,Abordable,2026-03-05
10588,dume2bf,300,Abordable,2026-03-05
10589,monstermunch018,300,Abordable,2026-03-05
10590,theoprov,300,Abordable,2026-03-05
10591,emile85200,300,Abordable,2026-03-05
10592,Kyra_Shi,300,Abordable,2026-03-05
10593,do_theo,300,Abordable,2026-03-05
10594,dadjujtm,300,Abordable,2026-03-05
10595,oszlau,300,Abordable,2026-03-05
10596,ezoara,300,Abordable,2026-03-05
10597,marylou2030,300,Abordable,2026-03-05
10598,ouichette,300,Abordable,2026-03-05
10599,louisonlastreet,300,Abordable,2026-03-05
10600,emmadrb7,300,Abordable,2026-03-05
10601,LouisonBzz,300,Abordable,2026-03-05
10602,canto0777,300,Abordable,2026-03-05
10603,martincolasroy,300,Abordable,2026-03-05
10604,Nicolass57,300,Abordable,2026-03-05
10605,flox_jr,300,Abordable,2026-03-05
10606,achille_2008,300,Abordable,2026-03-05
10607,chiploo,300,Abordable,2026-03-05
10608,makusuwu,300,Abordable,2026-03-05
10609,celyabm,300,Abordable,2026-03-05
10610,cofloflo,300,Abordable,2026-03-05
10611,homme_rit,300,Abordable,2026-03-05
10612,FitzTomgaming,300,Abordable,2026-03-05
10613,skynath29,300,Abordable,2026-03-05
10614,jeanne_29s,300,Abordable,2026-03-05
10615,M8_Fox,300,Abordable,2026-03-05
10616,Ribsouu,300,Abordable,2026-03-05
10617,Navire__,299,Abordable,2026-03-05
10618,Lonithai,299,Abordable,2026-03-05
10619,Kerdael,299,Abordable,2026-03-05
10620,alexandra_lalilalou,299,Abordable,2026-03-05
10621,Fredbox6,299,Abordable,2026-03-05
10622,Kiksoo_,299,Abordable,2026-03-05
10623,zabouzarock,299,Abordable,2026-03-05
10624,Freezzze,299,Abordable,2026-03-05
10625,pnk_matthieu,299,Abordable,2026-03-05
10626,zo_02,298,Abordable,2026-03-05
10627,Galetek_,298,Abordable,2026-03-05
10628,Mechabot_,298,Abordable,2026-03-05
10629,anna_hisse,298,Abordable,2026-03-05
10630,jurriko,298,Abordable,2026-03-05
10631,Titachie,298,Abordable,2026-03-05
10632,kcarty_cheau,298,Abordable,2026-03-05
10633,mcaroni42,298,Abordable,2026-03-05
10634,barkspard,298,Abordable,2026-03-05
10635,leboulangerdudimanche,298,Abordable,2026-03-05
10636,octaaaaaave,298,Abordable,2026-03-05
10637,Hamehtiste,298,Abordable,2026-03-05
10638,widpo_,298,Abordable,2026-03-05
10639,uluberlu_,298,Abordable,2026-03-05
10640,papiwie,298,Abordable,2026-03-05
10641,pelotte2lenne,298,Abordable,2026-03-05
10642,TwiceOW_,297,Abordable,2026-03-05
10643,Jikachu_,297,Abordable,2026-03-05
10644,syliasad,297,Abordable,2026-03-05
10645,lov_vbwd7,297,Abordable,2026-03-05
10646,alainbossons,297,Abordable,2026-03-05
10647,metalkiller0,297,Abordable,2026-03-05
10648,Red_nGK,297,Abordable,2026-03-05
10649,icefrost88,297,Abordable,2026-03-05
10650,solinosaurus,297,Abordable,2026-03-05
10651,trillerstairr,297,Abordable,2026-03-05
10652,leagressive,297,Abordable,2026-03-05
10653,zachouy,297,Abordable,2026-03-05
10654,aleclave66,297,Abordable,2026-03-05
10655,Bachat_fr,296,Abordable,2026-03-05
10656,marineperdrix,296,Abordable,2026-03-05
10657,lululaprincess,296,Abordable,2026-03-05
10658,Tismacqueen,296,Abordable,2026-03-05
10659,yovalow,296,Abordable,2026-03-05
10660,unpingouinmanchot,296,Abordable,2026-03-05
10661,niiy_7,296,Abordable,2026-03-05
10662,OohMazette,296,Abordable,2026-03-05
10663,jojo82,295,Abordable,2026-03-05
10664,remenbertboy,295,Abordable,2026-03-05
10665,sekino__,295,Abordable,2026-03-05
10666,lightnow___,295,Abordable,2026-03-05
10667,lucywxr,295,Abordable,2026-03-05
10668,zerogeek400,295,Abordable,2026-03-05
10669,Bliriusss,295,Abordable,2026-03-05
10670,chazen13,294,Abordable,2026-03-05
10671,ed_dpz_,294,Abordable,2026-03-05
10672,mystical_sunshine,294,Abordable,2026-03-05
10673,lenofa98,294,Abordable,2026-03-05
10674,tsianfai,294,Abordable,2026-03-05
10675,chcpn,294,Abordable,2026-03-05
10676,xifar08,294,Abordable,2026-03-05
10677,ophe56,294,Abordable,2026-03-05
10678,upsima,294,Abordable,2026-03-05
10679,theomrdr,294,Abordable,2026-03-05
10680,ateeyaba,293,Abordable,2026-03-05
10681,Kevartis,293,Abordable,2026-03-05
10682,herox83500,293,Abordable,2026-03-05
10683,khalashi,293,Abordable,2026-03-05
10684,castortue1,293,Abordable,2026-03-05
10685,bbm_akane,293,Abordable,2026-03-05
10686,lolocheeee,292,Abordable,2026-03-05
10687,marlie76,292,Abordable,2026-03-05
10688,Philleb444,292,Abordable,2026-03-05
10689,AtlantisTerror,292,Abordable,2026-03-05
10690,lollow16,292,Abordable,2026-03-05
10691,titi5x,292,Abordable,2026-03-05
10692,idrisadn,292,Abordable,2026-03-05
10693,jarebYT_,292,Abordable,2026-03-05
10694,Cyrock1,292,Abordable,2026-03-05
10695,natoclaquo,292,Abordable,2026-03-05
10696,oksane,292,Abordable,2026-03-05
10697,mathiasjam,292,Abordable,2026-03-05
10698,mp_1302,292,Abordable,2026-03-05
10699,nnaloj67,292,Abordable,2026-03-05
10700,Aizher,292,Abordable,2026-03-05
10701,flamme88rouge,292,Abordable,2026-03-05
10702,friki_christo,291,Abordable,2026-03-05
10703,Wezz27930,291,Abordable,2026-03-05
10704,ninooooxx,291,Abordable,2026-03-05
10705,paulare99,291,Abordable,2026-03-05
10706,Kenz92,291,Abordable,2026-03-05
10707,paulinep18,291,Abordable,2026-03-05
10708,Maxime_Adams,291,Abordable,2026-03-05
10709,grandverredeyop,291,Abordable,2026-03-05
10710,Aligatoow_,290,Abordable,2026-03-05
10711,karimotxo,290,Abordable,2026-03-05
10712,arthur742805,290,Abordable,2026-03-05
10713,shalleux,289,Abordable,2026-03-05
10714,gabinks28,289,Abordable,2026-03-05
10715,eelyaadrw,289,Abordable,2026-03-05
10716,amongthenodes,289,Abordable,2026-03-05
10717,labruti_saoul,289,Abordable,2026-03-05
10718,dollarfreakbih,289,Abordable,2026-03-05
10719,el_pulpo_roberto,289,Abordable,2026-03-05
10720,MisterGimmickFR,289,Abordable,2026-03-05
10721,MKXeltra,289,Abordable,2026-03-05
10722,cg_maelluss,289,Abordable,2026-03-05
10723,depp57,289,Abordable,2026-03-05
10724,abdaraztheking,289,Abordable,2026-03-05
10725,NeoZ_iAaa,289,Abordable,2026-03-05
10726,softwave__,289,Abordable,2026-03-05
10727,gromssss27,289,Abordable,2026-03-05
10728,arguillen_flc,288,Abordable,2026-03-05
10729,Aelkan_,288,Abordable,2026-03-05
10730,Seasis,288,Abordable,2026-03-05
10731,idada_pi,288,Abordable,2026-03-05
10732,Alphonzo__,288,Abordable,2026-03-05
10733,LavandiereDeNoz,288,Abordable,2026-03-05
10734,lepierrotdu67_,288,Abordable,2026-03-05
10735,obigruber,288,Abordable,2026-03-05
10736,spectror2,288,Abordable,2026-03-05
10737,hyrox777,288,Abordable,2026-03-05
10738,cocopops85290,288,Abordable,2026-03-05
10739,luc4rth,288,Abordable,2026-03-05
10740,St0rmy_Sama,287,Abordable,2026-03-05
10741,irisrainbows,287,Abordable,2026-03-05
10742,arthur_dbn,287,Abordable,2026-03-05
10743,mossieur_Chips,287,Abordable,2026-03-05
10744,manonvll,287,Abordable,2026-03-05
10745,cross2win,287,Abordable,2026-03-05
10746,amaram_,287,Abordable,2026-03-05
10747,shirinyoku,287,Abordable,2026-03-05
10748,Silesque,287,Abordable,2026-03-05
10749,inzemy,287,Abordable,2026-03-05
10750,sarah15902,287,Abordable,2026-03-05
10751,cookeder,287,Abordable,2026-03-05
10752,barwan06,287,Abordable,2026-03-05
10753,okuo05,287,Abordable,2026-03-05
10754,Aurebleyde,287,Abordable,2026-03-05
10755,Torice165,287,Abordable,2026-03-05
10756,pleiade1,287,Abordable,2026-03-05
10757,mayakovitch,287,Abordable,2026-03-05
10758,gaonypaloha,287,Abordable,2026-03-05
10759,Kylo_Ren_88450,286,Abordable,2026-03-05
10760,dorian080606,286,Abordable,2026-03-05
10761,d0mart,286,Abordable,2026-03-05
10762,shneu62,286,Abordable,2026-03-05
10763,gusplage31,285,Abordable,2026-03-05
10764,zeldagathe_the_sayan,285,Abordable,2026-03-05
10765,eeeeemmmaaaaaaaa,285,Abordable,2026-03-05
10766,FaIoupe,285,Abordable,2026-03-05
10767,Urbannnnnnnnnnnnn,285,Abordable,2026-03-05
10768,lpcbabe,285,Abordable,2026-03-05
10769,6ssouy,285,Abordable,2026-03-05
10770,martin_drme,285,Abordable,2026-03-05
10771,Xh4lis,285,Abordable,2026-03-05
10772,0xChamberlain,285,Abordable,2026-03-05
10773,blacksheepdsgn,284,Abordable,2026-03-05
10774,elisabco04,284,Abordable,2026-03-05
10775,cavigordios,284,Abordable,2026-03-05
10776,mama19122005,284,Abordable,2026-03-05
10777,nady_gil,284,Abordable,2026-03-05
10778,denis1351,284,Abordable,2026-03-05
10779,Turlardeo_,284,Abordable,2026-03-05
10780,Samyveltal,284,Abordable,2026-03-05
10781,aubryac,284,Abordable,2026-03-05
10782,lleanee__,284,Abordable,2026-03-05
10783,faltekdonab,284,Abordable,2026-03-05
10784,CasingNougat,284,Abordable,2026-03-05
10785,anarkyyyyyyyyy,284,Abordable,2026-03-05
10786,EmpereurRaven_Kurai,284,Abordable,2026-03-05
10787,maelis2_0,284,Abordable,2026-03-05
10788,renzo_0919,283,Abordable,2026-03-05
10789,cher_ami_3,283,Abordable,2026-03-05
10790,GregJordan,283,Abordable,2026-03-05
10791,zirconium_06,283,Abordable,2026-03-05
10792,Artivimens,283,Abordable,2026-03-05
10793,lyf13_,283,Abordable,2026-03-05
10794,thibardb,283,Abordable,2026-03-05
10795,ByCyborg,283,Abordable,2026-03-05
10796,gossip_boy7000,283,Abordable,2026-03-05
10797,tamsfg,283,Abordable,2026-03-05
10798,Havyio,283,Abordable,2026-03-05
10799,gogolgu,283,Abordable,2026-03-05
10800,niakka,283,Abordable,2026-03-05
10801,mister_banjos,283,Abordable,2026-03-05
10802,meisinga21,283,Abordable,2026-03-05
10803,inesbnc,283,Abordable,2026-03-05
10804,momoth0,283,Abordable,2026-03-05
10805,notnaly,282,Abordable,2026-03-05
10806,bilquissab,282,Abordable,2026-03-05
10807,9jo7el1,282,Abordable,2026-03-05
10808,matteco71,282,Abordable,2026-03-05
10809,Brisby38,282,Abordable,2026-03-05
10810,DarkDiablo,282,Abordable,2026-03-05
10811,lorehntl,282,Abordable,2026-03-05
10812,smeugue,282,Abordable,2026-03-05
10813,TapAs_bs,282,Abordable,2026-03-05
10814,grelesquash9,282,Abordable,2026-03-05
10815,NixOom,282,Abordable,2026-03-05
10816,inateaenfinpresque,282,Abordable,2026-03-05
10817,Freezewarzer,282,Abordable,2026-03-05
10818,ArcEnda,282,Abordable,2026-03-05
10819,leau_des_pate,282,Abordable,2026-03-05
10820,zacouski,282,Abordable,2026-03-05
10821,timux99,282,Abordable,2026-03-05
10822,lukelapin,282,Abordable,2026-03-05
10823,luludigne,282,Abordable,2026-03-05
10824,nonooooo08,282,Abordable,2026-03-05
10825,m_biscotteeuh,281,Abordable,2026-03-05
10826,MoiCestSamm,281,Abordable,2026-03-05
10827,AEG_DDB,281,Abordable,2026-03-05
10828,val_arme114,281,Abordable,2026-03-05
10829,Texxem_,281,Abordable,2026-03-05
10830,lucielacerise,281,Abordable,2026-03-05
10831,joshsbara9,281,Abordable,2026-03-05
10832,boggiventus,281,Abordable,2026-03-05
10833,sam_lebrize,281,Abordable,2026-03-05
10834,Atom4x,281,Abordable,2026-03-05
10835,glacealaframboise27,281,Abordable,2026-03-05
10836,PeryPycy,281,Abordable,2026-03-05
10837,la_moustache_de_torlk,280,Abordable,2026-03-05
10838,sajalann_ow,280,Abordable,2026-03-05
10839,henjoyz,280,Abordable,2026-03-05
10840,emmanuel0501,280,Abordable,2026-03-05
10841,fouco2007,280,Abordable,2026-03-05
10842,fransma2,280,Abordable,2026-03-05
10843,wehzy29,280,Abordable,2026-03-05
10844,francastor56,280,Abordable,2026-03-05
10845,agreabourg,280,Abordable,2026-03-05
10846,myosotile,279,Abordable,2026-03-05
10847,Onhara,279,Abordable,2026-03-05
10848,Astryphe,279,Abordable,2026-03-05
10849,addyyy83,279,Abordable,2026-03-05
10850,math_dsc,279,Abordable,2026-03-05
10851,Xelity__,279,Abordable,2026-03-05
10852,mrfanch1,279,Abordable,2026-03-05
10853,flipp_tv,279,Abordable,2026-03-05
10854,mariolle1,279,Abordable,2026-03-05
10855,Kyrlost,278,Abordable,2026-03-05
10856,edouar_kit,278,Abordable,2026-03-05
10857,ProfessorValou,278,Abordable,2026-03-05
10858,serenadlvt,278,Abordable,2026-03-05
10859,isoque_,278,Abordable,2026-03-05
10860,miakhalifoutr,278,Abordable,2026-03-05
10861,GreenStog,278,Abordable,2026-03-05
10862,antoloco7,278,Abordable,2026-03-05
10863,GuigsStream,278,Abordable,2026-03-05
10864,lusby_,277,Abordable,2026-03-05
10865,etimm_,277,Abordable,2026-03-05
10866,Akiokami_,277,Abordable,2026-03-05
10867,waitinles,277,Abordable,2026-03-05
10868,nalouche_,277,Abordable,2026-03-05
10869,LeNemP5,277,Abordable,2026-03-05
10870,scllt7,277,Abordable,2026-03-05
10871,Alkashiiii,277,Abordable,2026-03-05
10872,Great_Akagi,276,Abordable,2026-03-05
10873,FA1dN,276,Abordable,2026-03-05
10874,tolhairance,276,Abordable,2026-03-05
10875,antoine22f,276,Abordable,2026-03-05
10876,matteo_0708,276,Abordable,2026-03-05
10877,sbettho,276,Abordable,2026-03-05
10878,cle22o,276,Abordable,2026-03-05
10879,LucaTeph,276,Abordable,2026-03-05
10880,Minichewby,276,Abordable,2026-03-05
10881,Llewilles,275,Abordable,2026-03-05
10882,zep27270,275,Abordable,2026-03-05
10883,tyrna_nog,275,Abordable,2026-03-05
10884,hecatelalune,275,Abordable,2026-03-05
10885,Soka__Twitch,275,Abordable,2026-03-05
10886,lecl74,275,Abordable,2026-03-05
10887,Hachujeo,275,Abordable,2026-03-05
10888,gabi295677,275,Abordable,2026-03-05
10889,Monchisan34,275,Abordable,2026-03-05
10890,my_a_uwu,275,Abordable,2026-03-05
10891,xayko_,275,Abordable,2026-03-05
10892,KIRFY,275,Abordable,2026-03-05
10893,misterpew,275,Abordable,2026-03-05
10894,r0pss,275,Abordable,2026-03-05
10895,le_bg_danderlecht,275,Abordable,2026-03-05
10896,Eterale1,275,Abordable,2026-03-05
10897,justSkyRod,275,Abordable,2026-03-05
10898,entrecotesauceaupoivre,274,Abordable,2026-03-05
10899,chloelamalice,274,Abordable,2026-03-05
10900,slywoodfr,274,Abordable,2026-03-05
10901,louisev7,274,Abordable,2026-03-05
10902,yaya_koopa,274,Abordable,2026-03-05
10903,noriginalitea,274,Abordable,2026-03-05
10904,baika636,274,Abordable,2026-03-05
10905,frantzy92i,274,Abordable,2026-03-05
10906,raphaelegros,274,Abordable,2026-03-05
10907,LordDrkv98,274,Abordable,2026-03-05
10908,geantpersil,274,Abordable,2026-03-05
10909,didieuxxxx,274,Abordable,2026-03-05
10910,heliumsolide,274,Abordable,2026-03-05
10911,evan_dl,274,Abordable,2026-03-05
10912,JayFTBX,274,Abordable,2026-03-05
10913,Big0udi,273,Abordable,2026-03-05
10914,ratatouilletoutsec,273,Abordable,2026-03-05
10915,jeanbonnnnnnnnn,273,Abordable,2026-03-05
10916,camrk,273,Abordable,2026-03-05
10917,ala_089,273,Abordable,2026-03-05
10918,nunuche1106,273,Abordable,2026-03-05
10919,Sinoxia_,273,Abordable,2026-03-05
10920,Thilmea,273,Abordable,2026-03-05
10921,inatteignable_,273,Abordable,2026-03-05
10922,forsakenhg,273,Abordable,2026-03-05
10923,Yodathor,273,Abordable,2026-03-05
10924,hugo_fast,273,Abordable,2026-03-05
10925,mechcar,272,Abordable,2026-03-05
10926,alastralyra,272,Abordable,2026-03-05
10927,aslooow,272,Abordable,2026-03-05
10928,artthor,272,Abordable,2026-03-05
10929,ivanana76,272,Abordable,2026-03-05
10930,manutou,272,Abordable,2026-03-05
10931,ratusdetwitch,272,Abordable,2026-03-05
10932,Vilain_Kleenex,271,Abordable,2026-03-05
10933,joanne_2106,271,Abordable,2026-03-05
10934,vaerel,271,Abordable,2026-03-05
10935,irahix,271,Abordable,2026-03-05
10936,meteore056,271,Abordable,2026-03-05
10937,malo_plt,271,Abordable,2026-03-05
10938,titouan29__,270,Abordable,2026-03-05
10939,Mvsashii,270,Abordable,2026-03-05
10940,apommier02,270,Abordable,2026-03-05
10941,sosolartichaut,270,Abordable,2026-03-05
10942,xenonne45,270,Abordable,2026-03-05
10943,fr4nkandste1n,270,Abordable,2026-03-05
10944,Zeddalu_,270,Abordable,2026-03-05
10945,zazouiIIe,270,Abordable,2026-03-05
10946,blondelos,270,Abordable,2026-03-05
10947,nfoedora,270,Abordable,2026-03-05
10948,ALeBanc_,270,Abordable,2026-03-05
10949,PaulAnploa,270,Abordable,2026-03-05
10950,antho_1105,270,Abordable,2026-03-05
10951,alprazonn,270,Abordable,2026-03-05
10952,faryatw,270,Abordable,2026-03-05
10953,oxtran8,270,Abordable,2026-03-05
10954,thomdada,270,Abordable,2026-03-05
10955,gunfreek2,270,Abordable,2026-03-05
10956,bananee__pomme,270,Abordable,2026-03-05
10957,tsyloo,270,Abordable,2026-03-05
10958,SoPurple1,270,Abordable,2026-03-05
10959,Caramelow__,270,Abordable,2026-03-05
10960,ominotem,270,Abordable,2026-03-05
10961,IchBinKiki,270,Abordable,2026-03-05
10962,saturion__,270,Abordable,2026-03-05
10963,morigangg,270,Abordable,2026-03-05
10964,morro_l6,270,Abordable,2026-03-05
10965,khaynes__,270,Abordable,2026-03-05
10966,Raypez,270,Abordable,2026-03-05
10967,paperrgolf,270,Abordable,2026-03-05
10968,Benjou_,270,Abordable,2026-03-05
10969,heimest,270,Abordable,2026-03-05
10970,Zillimy,270,Abordable,2026-03-05
10971,ventrav,270,Abordable,2026-03-05
10972,Erfouille,270,Abordable,2026-03-05
10973,Victoire2809,270,Abordable,2026-03-05
10974,pikiglandeurs,270,Abordable,2026-03-05
10975,megazur_,270,Abordable,2026-03-05
10976,sim1749,270,Abordable,2026-03-05
10977,QuIrUR,270,Abordable,2026-03-05
10978,abadelia_ilyes,270,Abordable,2026-03-05
10979,charlineavon,270,Abordable,2026-03-05
10980,lynxspy971,270,Abordable,2026-03-05
10981,cmoitisma,270,Abordable,2026-03-05
10982,tit_lo,270,Abordable,2026-03-05
10983,staneeeeee,270,Abordable,2026-03-05
10984,mae_trm,270,Abordable,2026-03-05
10985,morgane_dln,270,Abordable,2026-03-05
10986,Excraaze,270,Abordable,2026-03-05
10987,alex5992,269,Abordable,2026-03-05
10988,wo0lien,269,Abordable,2026-03-05
10989,Shakemate,269,Abordable,2026-03-05
10990,twitchyeo23,269,Abordable,2026-03-05
10991,FireHearth,269,Abordable,2026-03-05
10992,FeelOSofi,269,Abordable,2026-03-05
10993,mahaux12ii89,269,Abordable,2026-03-05
10994,Ptital,269,Abordable,2026-03-05
10995,lfoulefou,269,Abordable,2026-03-05
10996,ProsperPoullet,269,Abordable,2026-03-05
10997,grrrrwafwoufgrr,269,Abordable,2026-03-05
10998,Zitutu,269,Abordable,2026-03-05
10999,pititpousset,269,Abordable,2026-03-05
11000,LaManteAThe,268,Abordable,2026-03-05
11001,irinadelatour,268,Abordable,2026-03-05
11002,melvinavril,268,Abordable,2026-03-05
11003,breizhcraft_,268,Abordable,2026-03-05
11004,yayaLG,268,Abordable,2026-03-05
11005,4ngoTV,268,Abordable,2026-03-05
11006,LittleMajesty,268,Abordable,2026-03-05
11007,terrylechat,268,Abordable,2026-03-05
11008,Raphton___,267,Abordable,2026-03-05
11009,benodigos,267,Abordable,2026-03-05
11010,saumonbl1,267,Abordable,2026-03-05
11011,jbjb10,267,Abordable,2026-03-05
11012,ozno28,266,Abordable,2026-03-05
11013,Tosteur,266,Abordable,2026-03-05
11014,Artiisiandre,266,Abordable,2026-03-05
11015,Crackose,266,Abordable,2026-03-05
11016,celiine63,266,Abordable,2026-03-05
11017,decka03,266,Abordable,2026-03-05
11018,r3tro_MXT,266,Abordable,2026-03-05
11019,youness140100,266,Abordable,2026-03-05
11020,lionnrv,266,Abordable,2026-03-05
11021,grimberyall,265,Abordable,2026-03-05
11022,annapaanda,265,Abordable,2026-03-05
11023,parzouile,265,Abordable,2026-03-05
11024,LordSandvich,265,Abordable,2026-03-05
11025,bailai_bailao,264,Abordable,2026-03-05
11026,RhayZenG0D,264,Abordable,2026-03-05
11027,lemonadeswirl30,264,Abordable,2026-03-05
11028,camille_skh,264,Abordable,2026-03-05
11029,niocal7253,264,Abordable,2026-03-05
11030,Nhewt,264,Abordable,2026-03-05
11031,Kourva4,264,Abordable,2026-03-05
11032,andrea__f,264,Abordable,2026-03-05
11033,Caporal_Dream,264,Abordable,2026-03-05
11034,salomecriv1,264,Abordable,2026-03-05
11035,rcz_pew,263,Abordable,2026-03-05
11036,iliana78000,263,Abordable,2026-03-05
11037,zozoppr,263,Abordable,2026-03-05
11038,BBB_BillyBoyBoy,263,Abordable,2026-03-05
11039,bougadi,263,Abordable,2026-03-05
11040,nitriam14,263,Abordable,2026-03-05
11041,Mysempage,263,Abordable,2026-03-05
11042,chrispitwitch,263,Abordable,2026-03-05
11043,bx024,263,Abordable,2026-03-05
11044,Kronos_85,263,Abordable,2026-03-05
11045,blackguard362,263,Abordable,2026-03-05
11046,syssarh7,263,Abordable,2026-03-05
11047,mathis_pp,263,Abordable,2026-03-05
11048,franxper,263,Abordable,2026-03-05
11049,itsyuga,262,Abordable,2026-03-05
11050,RyuShow,262,Abordable,2026-03-05
11051,rindou2703,262,Abordable,2026-03-05
11052,Roidesplatanes,262,Abordable,2026-03-05
11053,Irotann,262,Abordable,2026-03-05
11054,recoqui,262,Abordable,2026-03-05
11055,rosette06,262,Abordable,2026-03-05
11056,racouuuuun,262,Abordable,2026-03-05
11057,Keajox,262,Abordable,2026-03-05
11058,come_nook,262,Abordable,2026-03-05
11059,baabouche_,262,Abordable,2026-03-05
11060,Gi0rnno,262,Abordable,2026-03-05
11061,Vigamo,262,Abordable,2026-03-05
11062,franmerguez,262,Abordable,2026-03-05
11063,manmanu55,261,Abordable,2026-03-05
11064,maximepari,261,Abordable,2026-03-05
11065,juju92747,261,Abordable,2026-03-05
11066,armelp93,261,Abordable,2026-03-05
11067,Kara04__,261,Abordable,2026-03-05
11068,mounyane,261,Abordable,2026-03-05
11069,bremboir,260,Abordable,2026-03-05
11070,diabolitoyanito,260,Abordable,2026-03-05
11071,yozenn77,260,Abordable,2026-03-05
11072,paulineb_15,260,Abordable,2026-03-05
11073,pierdig,260,Abordable,2026-03-05
11074,alexlecongo,259,Abordable,2026-03-05
11075,homardrouges,259,Abordable,2026-03-05
11076,noemiie_18,259,Abordable,2026-03-05
11077,kylikar,259,Abordable,2026-03-05
11078,bptstid,259,Abordable,2026-03-05
11079,Floki_Attano,259,Abordable,2026-03-05
11080,candy_crv,259,Abordable,2026-03-05
11081,ayoo2312,259,Abordable,2026-03-05
11082,PawMyaa,259,Abordable,2026-03-05
11083,DawSoa,258,Abordable,2026-03-05
11084,im_baptman,258,Abordable,2026-03-05
11085,auxoxe_,258,Abordable,2026-03-05
11086,jeanmicheltryhard2000,258,Abordable,2026-03-05
11087,badprocess,258,Abordable,2026-03-05
11088,Milli3_02,258,Abordable,2026-03-05
11089,Le_Flegmatic,258,Abordable,2026-03-05
11090,flogogo1,258,Abordable,2026-03-05
11091,faseur,258,Abordable,2026-03-05
11092,reganwolf02,258,Abordable,2026-03-05
11093,johanneplsi,257,Abordable,2026-03-05
11094,ChewiiiTV,257,Abordable,2026-03-05
11095,TileManager,257,Abordable,2026-03-05
11096,kalow26,257,Abordable,2026-03-05
11097,Syrawin,257,Abordable,2026-03-05
11098,Arca13,257,Abordable,2026-03-05
11099,LeSingeSalai,257,Abordable,2026-03-05
11100,teooooo78,257,Abordable,2026-03-05
11101,nicolart_,257,Abordable,2026-03-05
11102,theshortkid6,257,Abordable,2026-03-05
11103,9luouew,257,Abordable,2026-03-05
11104,clemcloouu,257,Abordable,2026-03-05
11105,hibo0o_,257,Abordable,2026-03-05
11106,theosaur3,257,Abordable,2026-03-05
11107,byligutzz,257,Abordable,2026-03-05
11108,gabin206,257,Abordable,2026-03-05
11109,Craysor1,257,Abordable,2026-03-05
11110,benduss_,257,Abordable,2026-03-05
11111,Thor_Oden,256,Abordable,2026-03-05
11112,ninavvn,256,Abordable,2026-03-05
11113,velvet_kind,256,Abordable,2026-03-05
11114,neofario,256,Abordable,2026-03-05
11115,778need,256,Abordable,2026-03-05
11116,tom_pix3l,256,Abordable,2026-03-05
11117,zaregedish,256,Abordable,2026-03-05
11118,Go_Yeet,256,Abordable,2026-03-05
11119,bilhoute59,256,Abordable,2026-03-05
11120,Chatore_LCN,256,Abordable,2026-03-05
11121,gabatilani_lupus_nubilus,255,Abordable,2026-03-05
11122,Ravendalf,255,Abordable,2026-03-05
11123,santylor,254,Abordable,2026-03-05
11124,Limb3cile,254,Abordable,2026-03-05
11125,Darkkiler44,254,Abordable,2026-03-05
11126,mh_ockey,254,Abordable,2026-03-05
11127,nimya,254,Abordable,2026-03-05
11128,mamss59,254,Abordable,2026-03-05
11129,clara0798,254,Abordable,2026-03-05
11130,matmatha,254,Abordable,2026-03-05
11131,phymea,253,Abordable,2026-03-05
11132,viserion_77,253,Abordable,2026-03-05
11133,Yutal,253,Abordable,2026-03-05
11134,xynoseni,253,Abordable,2026-03-05
11135,vorien13,253,Abordable,2026-03-05
11136,thorfnn,253,Abordable,2026-03-05
11137,koeda_45,253,Abordable,2026-03-05
11138,freezy_noob,253,Abordable,2026-03-05
11139,yongicobay,253,Abordable,2026-03-05
11140,immoise_,253,Abordable,2026-03-05
11141,danette738,253,Abordable,2026-03-05
11142,t_max741_t,253,Abordable,2026-03-05
11143,mekekdi,253,Abordable,2026-03-05
11144,azioxmaxou,252,Abordable,2026-03-05
11145,skyzo_bzh,252,Abordable,2026-03-05
11146,brouette_divine,252,Abordable,2026-03-05
11147,lucaizoku,252,Abordable,2026-03-05
11148,perlette_24,252,Abordable,2026-03-05
11149,valdauria,252,Abordable,2026-03-05
11150,Furaka_,252,Abordable,2026-03-05
11151,romwa19,252,Abordable,2026-03-05
11152,cocooo2005,252,Abordable,2026-03-05
11153,outadoc,252,Abordable,2026-03-05
11154,lajuuj,252,Abordable,2026-03-05
11155,Vatigoat,252,Abordable,2026-03-05
11156,warkii0,252,Abordable,2026-03-05
11157,DBF_alexhuit,252,Abordable,2026-03-05
11158,meclent9,252,Abordable,2026-03-05
11159,SainteZoey,252,Abordable,2026-03-05
11160,Kureoru,252,Abordable,2026-03-05
11161,napozz_,252,Abordable,2026-03-05
11162,desnosds,251,Abordable,2026-03-05
11163,mar__gauxe,251,Abordable,2026-03-05
11164,elsaaa33,251,Abordable,2026-03-05
11165,Leoleop08,251,Abordable,2026-03-05
11166,alizeecamille,251,Abordable,2026-03-05
11167,GTS_SOLDIER,251,Abordable,2026-03-05
11168,ouistitouan_,251,Abordable,2026-03-05
11169,jecpacekejefoula,251,Abordable,2026-03-05
11170,moviesinparis,251,Abordable,2026-03-05
11171,Diamondzozo,251,Abordable,2026-03-05
11172,tictaczn_,251,Abordable,2026-03-05
11173,CanarLaquais,251,Abordable,2026-03-05
11174,biscott2316,251,Abordable,2026-03-05
11175,maxmd59,251,Abordable,2026-03-05
11176,b3njjji,251,Abordable,2026-03-05
11177,agathe_the_blues__,251,Abordable,2026-03-05
11178,waybeeyb,251,Abordable,2026-03-05
11179,jonasparatte,251,Abordable,2026-03-05
11180,EuforiaStream,250,Abordable,2026-03-05
11181,louis_caniez,250,Abordable,2026-03-05
11182,exystio,250,Abordable,2026-03-05
11183,EnergyLive_,250,Abordable,2026-03-05
11184,LordAythur,250,Abordable,2026-03-05
11185,speedybota,250,Abordable,2026-03-05
11186,kylian_suwy,250,Abordable,2026-03-05
11187,yunyx_6,250,Abordable,2026-03-05
11188,vsr_lisa,249,Abordable,2026-03-05
11189,kc_myriel,249,Abordable,2026-03-05
11190,svrt7,249,Abordable,2026-03-05
11191,esgeu,249,Abordable,2026-03-05
11192,sylvie_c15,249,Abordable,2026-03-05
11193,levraileonyx,249,Abordable,2026-03-05
11194,narb3ra,249,Abordable,2026-03-05
11195,lejduzio,249,Abordable,2026-03-05
11196,mangosteenfr,249,Abordable,2026-03-05
11197,capsulette,249,Abordable,2026-03-05
11198,clemmmssss23,249,Abordable,2026-03-05
11199,cloclo_channel34,249,Abordable,2026-03-05
11200,basos_,248,Abordable,2026-03-05
11201,ludoduroulo,248,Abordable,2026-03-05
11202,jeromegzk,248,Abordable,2026-03-05
11203,Hug0led0z0,248,Abordable,2026-03-05
11204,melssa2000,248,Abordable,2026-03-05
11205,Gamah__,248,Abordable,2026-03-05
11206,bitume_92,248,Abordable,2026-03-05
11207,50_nuances_daigris,248,Abordable,2026-03-05
11208,orlanestwt,247,Abordable,2026-03-05
11209,chiwu7,247,Abordable,2026-03-05
11210,lolavalidaa,247,Abordable,2026-03-05
11211,MaxNarb,247,Abordable,2026-03-05
11212,camelins,247,Abordable,2026-03-05
11213,SlowyyTr,247,Abordable,2026-03-05
11214,mbiron20,247,Abordable,2026-03-05
11215,ptitchickenn,247,Abordable,2026-03-05
11216,camcelestin1,247,Abordable,2026-03-05
11217,redpearl05,247,Abordable,2026-03-05
11218,Msfzyrrr,247,Abordable,2026-03-05
11219,nulwenn,247,Abordable,2026-03-05
11220,melaniehbteau,246,Abordable,2026-03-05
11221,2spy_saga,246,Abordable,2026-03-05
11222,red10100,246,Abordable,2026-03-05
11223,georges_abdo98,246,Abordable,2026-03-05
11224,t0mmy_38,246,Abordable,2026-03-05
11225,7Yayaa_,246,Abordable,2026-03-05
11226,paudfleur,246,Abordable,2026-03-05
11227,Pecha_926,246,Abordable,2026-03-05
11228,Kill_Green,246,Abordable,2026-03-05
11229,Robicheee,246,Abordable,2026-03-05
11230,FeuTigres,246,Abordable,2026-03-05
11231,bougli91,245,Abordable,2026-03-05
11232,Now_AAA,245,Abordable,2026-03-05
11233,maxchabsss,245,Abordable,2026-03-05
11234,Neldof,245,Abordable,2026-03-05
11235,Nekoda,245,Abordable,2026-03-05
11236,anna_lyz_,245,Abordable,2026-03-05
11237,komagicien,245,Abordable,2026-03-05
11238,tafaanari,245,Abordable,2026-03-05
11239,yhekkyyoo,245,Abordable,2026-03-05
11240,BauBauBiNKS,245,Abordable,2026-03-05
11241,matuch3t,245,Abordable,2026-03-05
11242,maxime072476,245,Abordable,2026-03-05
11243,McRub_,245,Abordable,2026-03-05
11244,shinartheroes,245,Abordable,2026-03-05
11245,docmedoc,245,Abordable,2026-03-05
11246,lea_th_,245,Abordable,2026-03-05
11247,kelsier_cm,245,Abordable,2026-03-05
11248,nvth17,244,Abordable,2026-03-05
11249,piflaor,244,Abordable,2026-03-05
11250,Juanitiex,244,Abordable,2026-03-05
11251,jockeytos,244,Abordable,2026-03-05
11252,Oniiryo,244,Abordable,2026-03-05
11253,callunaria,244,Abordable,2026-03-05
11254,lpeyotll,244,Abordable,2026-03-05
11255,taka_norii,244,Abordable,2026-03-05
11256,alexisflo1,244,Abordable,2026-03-05
11257,testaccount90921,244,Abordable,2026-03-05
11258,Giigite,244,Abordable,2026-03-05
11259,gerer_mi,244,Abordable,2026-03-05
11260,Rykkaaa,244,Abordable,2026-03-05
11261,mrpriape,244,Abordable,2026-03-05
11262,flavince,244,Abordable,2026-03-05
11263,combamaury,244,Abordable,2026-03-05
11264,El_pi3rr0t,244,Abordable,2026-03-05
11265,stucki92,244,Abordable,2026-03-05
11266,vitaluryknacki,244,Abordable,2026-03-05
11267,tictruc,244,Abordable,2026-03-05
11268,Avodin,244,Abordable,2026-03-05
11269,zeuwo,244,Abordable,2026-03-05
11270,Pryan_,244,Abordable,2026-03-05
11271,melk59230,243,Abordable,2026-03-05
11272,17Mogza,243,Abordable,2026-03-05
11273,Craftien_land,243,Abordable,2026-03-05
11274,Cqlii,243,Abordable,2026-03-05
11275,angie_3lexia,243,Abordable,2026-03-05
11276,robcoro,243,Abordable,2026-03-05
11277,zillaauwuu,243,Abordable,2026-03-05
11278,jnngrn,243,Abordable,2026-03-05
11279,BatoShy,243,Abordable,2026-03-05
11280,Maestrozap,243,Abordable,2026-03-05
11281,gabarbare,243,Abordable,2026-03-05
11282,wonderbdn,242,Abordable,2026-03-05
11283,aureeellllllll,242,Abordable,2026-03-05
11284,toinoucafew,242,Abordable,2026-03-05
11285,laghoss,242,Abordable,2026-03-05
11286,ludorit0,242,Abordable,2026-03-05
11287,elooturp,242,Abordable,2026-03-05
11288,Maniateck,242,Abordable,2026-03-05
11289,ameliashepherd7,242,Abordable,2026-03-05
11290,XamelnaX,242,Abordable,2026-03-05
11291,Babapouleup,242,Abordable,2026-03-05
11292,cavendiiish_,241,Abordable,2026-03-05
11293,kanshasuru,241,Abordable,2026-03-05
11294,Nar_d0,241,Abordable,2026-03-05
11295,pau4l3,241,Abordable,2026-03-05
11296,Mihark,241,Abordable,2026-03-05
11297,pepeech,241,Abordable,2026-03-05
11298,fenweex,240,Abordable,2026-03-05
11299,othman7896,240,Abordable,2026-03-05
11300,zoebred,240,Abordable,2026-03-05
11301,grnceeee,240,Abordable,2026-03-05
11302,yoyodaha,240,Abordable,2026-03-05
11303,Lauracle6,240,Abordable,2026-03-05
11304,Valnob,240,Abordable,2026-03-05
11305,balfig,240,Abordable,2026-03-05
11306,vanourocket,240,Abordable,2026-03-05
11307,Exiz__,240,Abordable,2026-03-05
11308,noodles1338,240,Abordable,2026-03-05
11309,nexo_oslo,240,Abordable,2026-03-05
11310,lagazelledujoe,240,Abordable,2026-03-05
11311,bereacteur,240,Abordable,2026-03-05
11312,skullj56_,240,Abordable,2026-03-05
11313,prinyum92,240,Abordable,2026-03-05
11314,mimanouma,240,Abordable,2026-03-05
11315,chlorys17,240,Abordable,2026-03-05
11316,sylvanuspierrusdurifus,240,Abordable,2026-03-05
11317,mistergekko,240,Abordable,2026-03-05
11318,jbz31,240,Abordable,2026-03-05
11319,laura6248,240,Abordable,2026-03-05
11320,Lexio0o,240,Abordable,2026-03-05
11321,Chromatiks,240,Abordable,2026-03-05
11322,Air1__,240,Abordable,2026-03-05
11323,bayane_b01,240,Abordable,2026-03-05
11324,somemilkandwater,240,Abordable,2026-03-05
11325,valentinnnn2604,240,Abordable,2026-03-05
11326,TrotsKyeur,240,Abordable,2026-03-05
11327,hleg54,240,Abordable,2026-03-05
11328,papaours345,240,Abordable,2026-03-05
11329,romainvr22,240,Abordable,2026-03-05
11330,misaki11011,240,Abordable,2026-03-05
11331,jst_snowy,240,Abordable,2026-03-05
11332,Akkarinnnnn,240,Abordable,2026-03-05
11333,olaf_bleu,240,Abordable,2026-03-05
11334,L1rios,240,Abordable,2026-03-05
11335,hugo_nivert,240,Abordable,2026-03-05
11336,infiniti_blast,240,Abordable,2026-03-05
11337,scalpar,240,Abordable,2026-03-05
11338,sennes_,240,Abordable,2026-03-05
11339,djodjooo5,240,Abordable,2026-03-05
11340,theotmc,240,Abordable,2026-03-05
11341,alann_784,240,Abordable,2026-03-05
11342,marmittooo,240,Abordable,2026-03-05
11343,Mlle_Daphne,240,Abordable,2026-03-05
11344,DBF_lolo74,240,Abordable,2026-03-05
11345,charlie_140703,240,Abordable,2026-03-05
11346,ReflexSNC,240,Abordable,2026-03-05
11347,pachuco0o,240,Abordable,2026-03-05
11348,katlet44,240,Abordable,2026-03-05
11349,brazzafab,240,Abordable,2026-03-05
11350,ElCookito,240,Abordable,2026-03-05
11351,vikt3k1,240,Abordable,2026-03-05
11352,dianepm64,240,Abordable,2026-03-05
11353,ozen_underscore,240,Abordable,2026-03-05
11354,elodie7953,240,Abordable,2026-03-05
11355,igorusbonitus,240,Abordable,2026-03-05
11356,tuzinholito,240,Abordable,2026-03-05
11357,jufrancois24,240,Abordable,2026-03-05
11358,ujjbalaa,240,Abordable,2026-03-05
11359,Yui_Shark,240,Abordable,2026-03-05
11360,archie_maide,240,Abordable,2026-03-05
11361,pelouse47,240,Abordable,2026-03-05
11362,Eijioklm,240,Abordable,2026-03-05
11363,Nefka_,240,Abordable,2026-03-05
11364,RoroS78,240,Abordable,2026-03-05
11365,remi10des,240,Abordable,2026-03-05
11366,lurasse,240,Abordable,2026-03-05
11367,fantenaoki,240,Abordable,2026-03-05
11368,dsellin17,240,Abordable,2026-03-05
11369,lathan49,240,Abordable,2026-03-05
11370,melycholy,240,Abordable,2026-03-05
11371,zuroukou,240,Abordable,2026-03-05
11372,ines_mnrp,240,Abordable,2026-03-05
11373,BananaProtocol1,240,Abordable,2026-03-05
11374,axalink38,240,Abordable,2026-03-05
11375,clement_634749,240,Abordable,2026-03-05
11376,tarhky,240,Abordable,2026-03-05
11377,Zeemcian,240,Abordable,2026-03-05
11378,baptou_etbest,240,Abordable,2026-03-05
11379,fauks_loutre_stagiaire,240,Abordable,2026-03-05
11380,SoftThird,240,Abordable,2026-03-05
11381,escarbille,240,Abordable,2026-03-05
11382,lauraly486,240,Abordable,2026-03-05
11383,julescaesar1499,240,Abordable,2026-03-05
11384,d1nzz,240,Abordable,2026-03-05
11385,V0kli,240,Abordable,2026-03-05
11386,le0ii0o,240,Abordable,2026-03-05
11387,shark053,239,Abordable,2026-03-05
11388,manu_02468,239,Abordable,2026-03-05
11389,Lauracine,239,Abordable,2026-03-05
11390,LAtelierDesCouleurs,239,Abordable,2026-03-05
11391,alvooor,238,Abordable,2026-03-05
11392,emmaawwe,238,Abordable,2026-03-05
11393,Gomelle,238,Abordable,2026-03-05
11394,olafvanhovsky,238,Abordable,2026-03-05
11395,shlaguitt0,238,Abordable,2026-03-05
11396,h_kolaz,238,Abordable,2026-03-05
11397,lisa_grmt,238,Abordable,2026-03-05
11398,susheagle,238,Abordable,2026-03-05
11399,Banky1506,238,Abordable,2026-03-05
11400,Scy_tes,238,Abordable,2026-03-05
11401,daminius,238,Abordable,2026-03-05
11402,3mma_v13,238,Abordable,2026-03-05
11403,micron0s,238,Abordable,2026-03-05
11404,klyydefr,238,Abordable,2026-03-05
11405,aymax4d,237,Abordable,2026-03-05
11406,ookamiii_,237,Abordable,2026-03-05
11407,Dany_351,236,Abordable,2026-03-05
11408,Wymnes,236,Abordable,2026-03-05
11409,lolau_off,236,Abordable,2026-03-05
11410,mathiilde_c,236,Abordable,2026-03-05
11411,Luminarss,236,Abordable,2026-03-05
11412,yoyoda_le_roux,236,Abordable,2026-03-05
11413,elfiaskywalker,235,Abordable,2026-03-05
11414,sidass1519,235,Abordable,2026-03-05
11415,dadouh82,235,Abordable,2026-03-05
11416,thomas_msr,235,Abordable,2026-03-05
11417,neoxioxi,235,Abordable,2026-03-05
11418,noemie_g30,235,Abordable,2026-03-05
11419,coupcoup35,234,Abordable,2026-03-05
11420,mars488,234,Abordable,2026-03-05
11421,lankytests,234,Abordable,2026-03-05
11422,Daerrow_,234,Abordable,2026-03-05
11423,dirty_tang,234,Abordable,2026-03-05
11424,k_risme,234,Abordable,2026-03-05
11425,noyale_lm,234,Abordable,2026-03-05
11426,thibau_doumeng,234,Abordable,2026-03-05
11427,rlugand68,234,Abordable,2026-03-05
11428,emyzakii,234,Abordable,2026-03-05
11429,Amakie1,233,Abordable,2026-03-05
11430,Wiloeuf,233,Abordable,2026-03-05
11431,laserdaed,233,Abordable,2026-03-05
11432,julien_cmnd,233,Abordable,2026-03-05
11433,Azurio34,233,Abordable,2026-03-05
11434,Brookiz_,233,Abordable,2026-03-05
11435,Ponce,233,Abordable,2026-03-05
11436,bibosaure,233,Abordable,2026-03-05
11437,ldrpigeon,232,Abordable,2026-03-05
11438,gurrrug,232,Abordable,2026-03-05
11439,nvenot,232,Abordable,2026-03-05
11440,crocojoejo,232,Abordable,2026-03-05
11441,cejix10,232,Abordable,2026-03-05
11442,bebe_onsm,232,Abordable,2026-03-05
11443,bapt_delaveg10,232,Abordable,2026-03-05
11444,YmuUm,232,Abordable,2026-03-05
11445,tomlrt53,232,Abordable,2026-03-05
11446,alaiksi6,232,Abordable,2026-03-05
11447,corent1s,232,Abordable,2026-03-05
11448,Auneol,232,Abordable,2026-03-05
11449,Niamro16,232,Abordable,2026-03-05
11450,LaPouleDeShurima,232,Abordable,2026-03-05
11451,crapulee_,232,Abordable,2026-03-05
11452,heiikyy,231,Abordable,2026-03-05
11453,Charlyne_NootNoot,231,Abordable,2026-03-05
11454,syr4xxxxx,231,Abordable,2026-03-05
11455,mayoucllx,231,Abordable,2026-03-05
11456,basilico0101,231,Abordable,2026-03-05
11457,art_29,230,Abordable,2026-03-05
11458,alexislafleche,230,Abordable,2026-03-05
11459,Naito____,230,Abordable,2026-03-05
11460,k3tal,230,Abordable,2026-03-05
11461,identifiants_corrects,230,Abordable,2026-03-05
11462,Aynett,230,Abordable,2026-03-05
11463,negiwilly25,230,Abordable,2026-03-05
11464,verscho_la_lambo,230,Abordable,2026-03-05
11465,math_2bk,230,Abordable,2026-03-05
11466,Maxalrun,230,Abordable,2026-03-05
11467,fef74,229,Abordable,2026-03-05
11468,cerseigrd,229,Abordable,2026-03-05
11469,ananas_2731,229,Abordable,2026-03-05
11470,djorreus,229,Abordable,2026-03-05
11471,gingermonkey00,229,Abordable,2026-03-05
11472,mizversa,228,Abordable,2026-03-05
11473,skyl_kenobi,228,Abordable,2026-03-05
11474,inesn34,228,Abordable,2026-03-05
11475,Marethyu377,228,Abordable,2026-03-05
11476,moana_c21h30o2,227,Abordable,2026-03-05
11477,Ceber_24,227,Abordable,2026-03-05
11478,clairevtff,227,Abordable,2026-03-05
11479,hozesweethoze,227,Abordable,2026-03-05
11480,lucille554,227,Abordable,2026-03-05
11481,caliendark,227,Abordable,2026-03-05
11482,monsieurcamembert,227,Abordable,2026-03-05
11483,aarowltdf,227,Abordable,2026-03-05
11484,Flo_Demo,227,Abordable,2026-03-05
11485,theohenry1610,227,Abordable,2026-03-05
11486,tristanppo,226,Abordable,2026-03-05
11487,skyllneverdie,226,Abordable,2026-03-05
11488,bambin0u,226,Abordable,2026-03-05
11489,CellMout,226,Abordable,2026-03-05
11490,poupingaelle,226,Abordable,2026-03-05
11491,cytronixe,226,Abordable,2026-03-05
11492,darkelle,226,Abordable,2026-03-05
11493,alaindu12,226,Abordable,2026-03-05
11494,kpkwklz,226,Abordable,2026-03-05
11495,Cedigold,226,Abordable,2026-03-05
11496,juamadieu,226,Abordable,2026-03-05
11497,thelululu,226,Abordable,2026-03-05
11498,camille291200,226,Abordable,2026-03-05
11499,lilya_cmy,226,Abordable,2026-03-05
11500,Caebun,226,Abordable,2026-03-05
11501,ambero4,226,Abordable,2026-03-05
11502,kiyling,226,Abordable,2026-03-05
11503,ioxks,226,Abordable,2026-03-05
11504,Ajkaz,226,Abordable,2026-03-05
11505,raykkiz,225,Abordable,2026-03-05
11506,annachronique27,225,Abordable,2026-03-05
11507,elizaza37111317,225,Abordable,2026-03-05
11508,ccrachel0,225,Abordable,2026-03-05
11509,llSiwonll,224,Abordable,2026-03-05
11510,bisule0,224,Abordable,2026-03-05
11511,august_vgn,224,Abordable,2026-03-05
11512,jimolanimoo,224,Abordable,2026-03-05
11513,Bameuskadi,224,Abordable,2026-03-05
11514,Voltek365,224,Abordable,2026-03-05
11515,Stranger_Flash,224,Abordable,2026-03-05
11516,kikikioofkekdo,223,Abordable,2026-03-05
11517,tchoumbala,223,Abordable,2026-03-05
11518,Reyru92,223,Abordable,2026-03-05
11519,moi____moi,223,Abordable,2026-03-05
11520,choco_prince,223,Abordable,2026-03-05
11521,happygood_,222,Abordable,2026-03-05
11522,liristil,222,Abordable,2026-03-05
11523,kshallz,222,Abordable,2026-03-05
11524,katy_22100,222,Abordable,2026-03-05
11525,Revido_,222,Abordable,2026-03-05
11526,Bartolomez,222,Abordable,2026-03-05
11527,georges_fromage,222,Abordable,2026-03-05
11528,Tintibulle,222,Abordable,2026-03-05
11529,enzo_bodineau,221,Abordable,2026-03-05
11530,mounefcm,221,Abordable,2026-03-05
11531,clairette_06,221,Abordable,2026-03-05
11532,Aysshii,221,Abordable,2026-03-05
11533,tonychal98,221,Abordable,2026-03-05
11534,auxane_lbrs,221,Abordable,2026-03-05
11535,jchap1459,221,Abordable,2026-03-05
11536,lowwp15,221,Abordable,2026-03-05
11537,alexnsa007,221,Abordable,2026-03-05
11538,l0uisax,221,Abordable,2026-03-05
11539,victoor2302,221,Abordable,2026-03-05
11540,Oclase_,221,Abordable,2026-03-05
11541,KZayTo,221,Abordable,2026-03-05
11542,snoopy_0905,221,Abordable,2026-03-05
11543,renardftn,221,Abordable,2026-03-05
11544,jacob_2095,221,Abordable,2026-03-05
11545,biigmath67,220,Abordable,2026-03-05
11546,shiftix_xd,220,Abordable,2026-03-05
11547,louaucarre2,220,Abordable,2026-03-05
11548,biscuitpaladin6,220,Abordable,2026-03-05
11549,knnfece,220,Abordable,2026-03-05
11550,hiejrhb8475995,219,Abordable,2026-03-05
11551,anssstri,219,Abordable,2026-03-05
11552,invisiblelillyg,219,Abordable,2026-03-05
11553,anaelle_jhl,219,Abordable,2026-03-05
11554,dodeline84,219,Abordable,2026-03-05
11555,janisss50,219,Abordable,2026-03-05
11556,kc_younes26,219,Abordable,2026-03-05
11557,bachacranta,218,Abordable,2026-03-05
11558,camille_stjalm,218,Abordable,2026-03-05
11559,sounidoo,218,Abordable,2026-03-05
11560,ch4rly_01,218,Abordable,2026-03-05
11561,ZetsuyFR,218,Abordable,2026-03-05
11562,louu795,218,Abordable,2026-03-05
11563,xxwartozzxx,218,Abordable,2026-03-05
11564,quent47,218,Abordable,2026-03-05
11565,Soniii79,217,Abordable,2026-03-05
11566,aiexis_brg,217,Abordable,2026-03-05
11567,benji1478,216,Abordable,2026-03-05
11568,niveksmash,216,Abordable,2026-03-05
11569,loulox10,216,Abordable,2026-03-05
11570,Conscko,216,Abordable,2026-03-05
11571,chrono_maitre,216,Abordable,2026-03-05
11572,aerok_76,215,Abordable,2026-03-05
11573,Patcho__,215,Abordable,2026-03-05
11574,RaphFafia05,215,Abordable,2026-03-05
11575,valoulelout,215,Abordable,2026-03-05
11576,yopcrazy,215,Abordable,2026-03-05
11577,lolaaj25,215,Abordable,2026-03-05
11578,LadyEdelweiss,215,Abordable,2026-03-05
11579,orangina3008,215,Abordable,2026-03-05
11580,kenzaazaa,215,Abordable,2026-03-05
11581,Kiricracou,215,Abordable,2026-03-05
11582,fiiqzette,214,Abordable,2026-03-05
11583,M8_Sonoix,214,Abordable,2026-03-05
11584,snowchris,214,Abordable,2026-03-05
11585,babyboys14,214,Abordable,2026-03-05
11586,GusLeCactuS,214,Abordable,2026-03-05
11587,ZeNadack,214,Abordable,2026-03-05
11588,zezitron,214,Abordable,2026-03-05
11589,Sashiko_lol,214,Abordable,2026-03-05
11590,malaoja,214,Abordable,2026-03-05
11591,leottyyy,214,Abordable,2026-03-05
11592,lpdbrx,214,Abordable,2026-03-05
11593,cindyprz,214,Abordable,2026-03-05
11594,folstein21,214,Abordable,2026-03-05
11595,LeKosby,214,Abordable,2026-03-05
11596,tnt_bs,214,Abordable,2026-03-05
11597,DrChoppeer,214,Abordable,2026-03-05
11598,Amalasunthe,214,Abordable,2026-03-05
11599,elinelaza,214,Abordable,2026-03-05
11600,YuniAnalya,213,Abordable,2026-03-05
11601,AvyAce,213,Abordable,2026-03-05
11602,Jumaica42,213,Abordable,2026-03-05
11603,dimryzer,213,Abordable,2026-03-05
11604,le_cubi_de_mamie,213,Abordable,2026-03-05
11605,marin_michmel,213,Abordable,2026-03-05
11606,le_loubard,213,Abordable,2026-03-05
11607,CR_Arthurito,213,Abordable,2026-03-05
11608,lucas16160,213,Abordable,2026-03-05
11609,alpha_lumix,212,Abordable,2026-03-05
11610,belugava,212,Abordable,2026-03-05
11611,jb8931,212,Abordable,2026-03-05
11612,annickdewavre,212,Abordable,2026-03-05
11613,novohgu,212,Abordable,2026-03-05
11614,katgoro_fphess,212,Abordable,2026-03-05
11615,IIPiRaTeII,212,Abordable,2026-03-05
11616,bf152,212,Abordable,2026-03-05
11617,cjuless,212,Abordable,2026-03-05
11618,juliostis,212,Abordable,2026-03-05
11619,kerosn94,212,Abordable,2026-03-05
11620,tanguysparadrap,211,Abordable,2026-03-05
11621,LNS_Seven,211,Abordable,2026-03-05
11622,titus_rss,211,Abordable,2026-03-05
11623,Risotto_Fr,210,Abordable,2026-03-05
11624,bLuecYan,210,Abordable,2026-03-05
11625,Rhssy_,210,Abordable,2026-03-05
11626,mattGIL,210,Abordable,2026-03-05
11627,vince47150,210,Abordable,2026-03-05
11628,petitpotdyaourt2,210,Abordable,2026-03-05
11629,ant_ld13,210,Abordable,2026-03-05
11630,boycal28,210,Abordable,2026-03-05
11631,Algosse,210,Abordable,2026-03-05
11632,C_li_ah,210,Abordable,2026-03-05
11633,kwartemp,210,Abordable,2026-03-05
11634,mylene_bqlln,210,Abordable,2026-03-05
11635,cryophenixfr,210,Abordable,2026-03-05
11636,nebsus,210,Abordable,2026-03-05
11637,rat_ix,210,Abordable,2026-03-05
11638,moonkrist,210,Abordable,2026-03-05
11639,IvanDesTables,210,Abordable,2026-03-05
11640,MonsieurEus,210,Abordable,2026-03-05
11641,BourgeoisGentilhomme,210,Abordable,2026-03-05
11642,echos987,210,Abordable,2026-03-05
11643,Thahsal,210,Abordable,2026-03-05
11644,mad__world___,210,Abordable,2026-03-05
11645,Matdu81,210,Abordable,2026-03-05
11646,paquetdeclopes,210,Abordable,2026-03-05
11647,ey_la,210,Abordable,2026-03-05
11648,Gew_tter,210,Abordable,2026-03-05
11649,bastien_f2156,210,Abordable,2026-03-05
11650,bourseur,210,Abordable,2026-03-05
11651,suuuuperman67,210,Abordable,2026-03-05
11652,jokk_9,210,Abordable,2026-03-05
11653,Saaaaaaaabbbbbbbbb,210,Abordable,2026-03-05
11654,luffytaro077,210,Abordable,2026-03-05
11655,inespplicable,210,Abordable,2026-03-05
11656,Lonardoss,210,Abordable,2026-03-05
11657,irigoss,210,Abordable,2026-03-05
11658,Falkhae,210,Abordable,2026-03-05
11659,emeline_jrdn,210,Abordable,2026-03-05
11660,linares33000,210,Abordable,2026-03-05
11661,syllo3,210,Abordable,2026-03-05
11662,mllestarling,210,Abordable,2026-03-05
11663,smats,210,Abordable,2026-03-05
11664,ydratation,210,Abordable,2026-03-05
11665,eloiselst,210,Abordable,2026-03-05
11666,pixel_2010,210,Abordable,2026-03-05
11667,clem_vlr,210,Abordable,2026-03-05
11668,julduv,210,Abordable,2026-03-05
11669,Le_Fou_Benji,210,Abordable,2026-03-05
11670,Minto3X,210,Abordable,2026-03-05
11671,le_pyjaman,210,Abordable,2026-03-05
11672,hugo3662,210,Abordable,2026-03-05
11673,math_lrg,210,Abordable,2026-03-05
11674,Kuhro93,210,Abordable,2026-03-05
11675,duanyarhs,210,Abordable,2026-03-05
11676,liloulabayle,210,Abordable,2026-03-05
11677,fuf_26,210,Abordable,2026-03-05
11678,niodau,210,Abordable,2026-03-05
11679,the_evonix,210,Abordable,2026-03-05
11680,french_cookies_,210,Abordable,2026-03-05
11681,charpl0u,210,Abordable,2026-03-05
11682,twwcu,210,Abordable,2026-03-05
11683,rorosp1,210,Abordable,2026-03-05
11684,Marels10,210,Abordable,2026-03-05
11685,drowolf25,210,Abordable,2026-03-05
11686,Papytou,210,Abordable,2026-03-05
11687,aalleexxiiss01,210,Abordable,2026-03-05
11688,swinblad,210,Abordable,2026-03-05
11689,Straff__,210,Abordable,2026-03-05
11690,cosmoschtroumpf6,210,Abordable,2026-03-05
11691,Biwix___,210,Abordable,2026-03-05
11692,alluka189,210,Abordable,2026-03-05
11693,Sorceleuse,210,Abordable,2026-03-05
11694,0livson,210,Abordable,2026-03-05
11695,enzo__gf10,210,Abordable,2026-03-05
11696,yacineb4,210,Abordable,2026-03-05
11697,morty_1607,210,Abordable,2026-03-05
11698,Juthiep,210,Abordable,2026-03-05
11699,ctLila,210,Abordable,2026-03-05
11700,l0wseez_,210,Abordable,2026-03-05
11701,Tatagnol,210,Abordable,2026-03-05
11702,remouth20,210,Abordable,2026-03-05
11703,Helle_Bored,210,Abordable,2026-03-05
11704,nolwenn0429,210,Abordable,2026-03-05
11705,angeliquelouis,210,Abordable,2026-03-05
11706,csgctaxii,210,Abordable,2026-03-05
11707,beatozoor,210,Abordable,2026-03-05
11708,ytehkjhzkhkjhkh,210,Abordable,2026-03-05
11709,charlo_42,210,Abordable,2026-03-05
11710,jKIEsav,210,Abordable,2026-03-05
11711,EricLaFrite,210,Abordable,2026-03-05
11712,Geojet,210,Abordable,2026-03-05
11713,lucecr,210,Abordable,2026-03-05
11714,reykjavik6,210,Abordable,2026-03-05
11715,suigetsu631,210,Abordable,2026-03-05
11716,screed_m,210,Abordable,2026-03-05
11717,kelyanctl,210,Abordable,2026-03-05
11718,tonio_14_,210,Abordable,2026-03-05
11719,bastooslive,210,Abordable,2026-03-05
11720,adtmeli2912,210,Abordable,2026-03-05
11721,sebastttt,210,Abordable,2026-03-05
11722,Lekk_25,210,Abordable,2026-03-05
11723,donovanbriand,210,Abordable,2026-03-05
11724,raouphkc,210,Abordable,2026-03-05
11725,natacha_p,210,Abordable,2026-03-05
11726,tiboug97228,210,Abordable,2026-03-05
11727,Warib0,210,Abordable,2026-03-05
11728,VaIIou,210,Abordable,2026-03-05
11729,stargrlll88,210,Abordable,2026-03-05
11730,clarabibaut52,210,Abordable,2026-03-05
11731,Elyxian3313,210,Abordable,2026-03-05
11732,Oromisl,210,Abordable,2026-03-05
11733,White_Meteor,210,Abordable,2026-03-05
11734,thomasbios,210,Abordable,2026-03-05
11735,tarteyflet,210,Abordable,2026-03-05
11736,OhKeM,210,Abordable,2026-03-05
11737,CitromGris,210,Abordable,2026-03-05
11738,CoodeoTV,210,Abordable,2026-03-05
11739,dhh17,210,Abordable,2026-03-05
11740,kefranc,210,Abordable,2026-03-05
11741,fr_bab0u,210,Abordable,2026-03-05
11742,benhps,210,Abordable,2026-03-05
11743,aznnono77,209,Abordable,2026-03-05
11744,xmenvinnn,209,Abordable,2026-03-05
11745,seykolz,209,Abordable,2026-03-05
11746,kakashishh,209,Abordable,2026-03-05
11747,klausmikaelson467,209,Abordable,2026-03-05
11748,misterdada02,209,Abordable,2026-03-05
11749,Ghormy,209,Abordable,2026-03-05
11750,noacsnv,208,Abordable,2026-03-05
11751,aeztot,208,Abordable,2026-03-05
11752,Raccoon_del_inferno,208,Abordable,2026-03-05
11753,studio_wisart,208,Abordable,2026-03-05
11754,lioohm11,208,Abordable,2026-03-05
11755,cemm__,207,Abordable,2026-03-05
11756,lapoulettenono,207,Abordable,2026-03-05
11757,gagou_off,207,Abordable,2026-03-05
11758,nevescar,207,Abordable,2026-03-05
11759,jakougnou,207,Abordable,2026-03-05
11760,infinity0404,207,Abordable,2026-03-05
11761,ic_astosse,206,Abordable,2026-03-05
11762,poulpib,206,Abordable,2026-03-05
11763,antoh457,206,Abordable,2026-03-05
11764,Ionaent,206,Abordable,2026-03-05
11765,jles08,206,Abordable,2026-03-05
11766,alexisgameurdu76,206,Abordable,2026-03-05
11767,jud_0range,205,Abordable,2026-03-05
11768,Kojiac,205,Abordable,2026-03-05
11769,penelopeulv,205,Abordable,2026-03-05
11770,hugopereira0,205,Abordable,2026-03-05
11771,chlo1605,205,Abordable,2026-03-05
11772,TomRoulleau,204,Abordable,2026-03-05
11773,zzzzzz29052010,204,Abordable,2026-03-05
11774,ninjasteel971,204,Abordable,2026-03-05
11775,alexlep_,204,Abordable,2026-03-05
11776,teomate8,203,Abordable,2026-03-05
11777,cptbantam,203,Abordable,2026-03-05
11778,Leroi4567,203,Abordable,2026-03-05
11779,axoul55,203,Abordable,2026-03-05
11780,SteeveRiri,203,Abordable,2026-03-05
11781,alexparverie,203,Abordable,2026-03-05
11782,hugo_denis2605,203,Abordable,2026-03-05
11783,emmental117785,203,Abordable,2026-03-05
11784,SohtreZ__,202,Abordable,2026-03-05
11785,Levins78,202,Abordable,2026-03-05
11786,seb_cdl,202,Abordable,2026-03-05
11787,drozy2626,202,Abordable,2026-03-05
11788,laurebrc,202,Abordable,2026-03-05
11789,heartofmaddy,202,Abordable,2026-03-05
11790,clemcnon,202,Abordable,2026-03-05
11791,M4mbo__,202,Abordable,2026-03-05
11792,TibaUlte,202,Abordable,2026-03-05
11793,S4R0SA,201,Abordable,2026-03-05
11794,tryscalia,201,Abordable,2026-03-05
11795,LouisR_Twitch,201,Abordable,2026-03-05
11796,tiago_mg27,201,Abordable,2026-03-05
11797,nellyepp,200,Abordable,2026-03-05
11798,christianeafr,200,Abordable,2026-03-05
11799,itsnotcha,200,Abordable,2026-03-05
11800,lepetitmoutondeux,200,Abordable,2026-03-05
11801,loulouh19,199,Abordable,2026-03-05
11802,candyce1304,199,Abordable,2026-03-05
11803,rezokoro,199,Abordable,2026-03-05
11804,jejepelikan,199,Abordable,2026-03-05
11805,Todoroki_MhdFire_NK,199,Abordable,2026-03-05
11806,WolphegonLive,199,Abordable,2026-03-05
11807,cabolognaise,198,Abordable,2026-03-05
11808,gus1249,198,Abordable,2026-03-05
11809,paarl002,198,Abordable,2026-03-05
11810,wizeko_,198,Abordable,2026-03-05
11811,Moi_0405,198,Abordable,2026-03-05
11812,felin0u,198,Abordable,2026-03-05
11813,gentilnuage66,197,Abordable,2026-03-05
11814,RedHawK04280,197,Abordable,2026-03-05
11815,flololarose,197,Abordable,2026-03-05
11816,MissHandball,197,Abordable,2026-03-05
11817,louislyr72,197,Abordable,2026-03-05
11818,ccjmc1958,197,Abordable,2026-03-05
11819,couscousfleurii,197,Abordable,2026-03-05
11820,noelitodelamuerto,197,Abordable,2026-03-05
11821,mashoum,197,Abordable,2026-03-05
11822,anaelle0501,197,Abordable,2026-03-05
11823,m4rcheur_blanc,197,Abordable,2026-03-05
11824,raclette_sky,197,Abordable,2026-03-05
11825,therybles,197,Abordable,2026-03-05
11826,Dark0oo_,197,Abordable,2026-03-05
11827,Rovi35,197,Abordable,2026-03-05
11828,reinom2,197,Abordable,2026-03-05
11829,flexheal,197,Abordable,2026-03-05
11830,mac_cime,197,Abordable,2026-03-05
11831,nesness_19,196,Abordable,2026-03-05
11832,jamzy79,196,Abordable,2026-03-05
11833,El_Shivas,196,Abordable,2026-03-05
11834,patoulamenace,196,Abordable,2026-03-05
11835,sev_e_,196,Abordable,2026-03-05
11836,WhiteDumbo,196,Abordable,2026-03-05
11837,pavakamz,196,Abordable,2026-03-05
11838,alexiel05,196,Abordable,2026-03-05
11839,anniefru54,196,Abordable,2026-03-05
11840,virginienatacha,196,Abordable,2026-03-05
11841,rom931,196,Abordable,2026-03-05
11842,SpannerLies,196,Abordable,2026-03-05
11843,mattcazor,196,Abordable,2026-03-05
11844,mecherebel,196,Abordable,2026-03-05
11845,martinob12345,196,Abordable,2026-03-05
11846,levraialph,196,Abordable,2026-03-05
11847,noaaahthl,196,Abordable,2026-03-05
11848,Zecirby,196,Abordable,2026-03-05
11849,lulustrabouy,196,Abordable,2026-03-05
11850,cobinette,196,Abordable,2026-03-05
11851,KC_Shalowe,195,Abordable,2026-03-05
11852,Youupla,195,Abordable,2026-03-05
11853,cettebonnevieillemarie,195,Abordable,2026-03-05
11854,elweisss,195,Abordable,2026-03-05
11855,blucky359,195,Abordable,2026-03-05
11856,Primordialys,194,Abordable,2026-03-05
11857,remy_gdre,194,Abordable,2026-03-05
11858,Duanoc_,194,Abordable,2026-03-05
11859,adro49bi,194,Abordable,2026-03-05
11860,valochelovesnever,194,Abordable,2026-03-05
11861,cikeos,194,Abordable,2026-03-05
11862,Mowenlein,193,Abordable,2026-03-05
11863,juliettemtrop,193,Abordable,2026-03-05
11864,un_grain_de_sable,193,Abordable,2026-03-05
11865,lehygo,193,Abordable,2026-03-05
11866,NIETTE_e_,193,Abordable,2026-03-05
11867,shaaanor,193,Abordable,2026-03-05
11868,samuelsallagoitylafitte,193,Abordable,2026-03-05
11869,toxto_jvum11,193,Abordable,2026-03-05
11870,hirons,192,Abordable,2026-03-05
11871,praioraptor,192,Abordable,2026-03-05
11872,krokvador,192,Abordable,2026-03-05
11873,clarouxxx,192,Abordable,2026-03-05
11874,guiral64,192,Abordable,2026-03-05
11875,Mavinus_,192,Abordable,2026-03-05
11876,euds78,191,Abordable,2026-03-05
11877,louisb6,191,Abordable,2026-03-05
11878,carolinedenancy,191,Abordable,2026-03-05
11879,akahiko7w,191,Abordable,2026-03-05
11880,Just__Xt,191,Abordable,2026-03-05
11881,jeffetpipioli,191,Abordable,2026-03-05
11882,manon_fhl,191,Abordable,2026-03-05
11883,margotnallet,191,Abordable,2026-03-05
11884,davidbenan,191,Abordable,2026-03-05
11885,amphi054,191,Abordable,2026-03-05
11886,alphabread__,191,Abordable,2026-03-05
11887,arti_choux,191,Abordable,2026-03-05
11888,maxou3030,191,Abordable,2026-03-05
11889,thortome,191,Abordable,2026-03-05
11890,camuscamuss,191,Abordable,2026-03-05
11891,lordhiraishin,191,Abordable,2026-03-05
11892,allgoodis,191,Abordable,2026-03-05
11893,gadouxe,191,Abordable,2026-03-05
11894,tomdudimanche,190,Abordable,2026-03-05
11895,bublesTV_,190,Abordable,2026-03-05
11896,margauxmnto,190,Abordable,2026-03-05
11897,michel49isa56,189,Abordable,2026-03-05
11898,Nataroks,189,Abordable,2026-03-05
11899,yoonchaeee,189,Abordable,2026-03-05
11900,paparsival,189,Abordable,2026-03-05
11901,matthieubst,189,Abordable,2026-03-05
11902,swilenne,189,Abordable,2026-03-05
11903,bapper21,189,Abordable,2026-03-05
11904,iHoyLe,188,Abordable,2026-03-05
11905,Goldenmerou,188,Abordable,2026-03-05
11906,MixxcderLand,188,Abordable,2026-03-05
11907,Schelnooow,188,Abordable,2026-03-05
11908,ethann12cpsdemidi,188,Abordable,2026-03-05
11909,BigfloEtOliLive,188,Abordable,2026-03-05
11910,Ianc3lot,188,Abordable,2026-03-05
11911,kc_finger,188,Abordable,2026-03-05
11912,anthox_47,188,Abordable,2026-03-05
11913,kalumeeh,188,Abordable,2026-03-05
11914,mattyfication,188,Abordable,2026-03-05
11915,Okamino_77,188,Abordable,2026-03-05
11916,Catdjuu,188,Abordable,2026-03-05
11917,melltrex,188,Abordable,2026-03-05
11918,BoidinCharles,187,Abordable,2026-03-05
11919,7zgregi,187,Abordable,2026-03-05
11920,kyowaa_,187,Abordable,2026-03-05
11921,Kiro_f0x,187,Abordable,2026-03-05
11922,chrisbroc39,187,Abordable,2026-03-05
11923,Alyanaska,186,Abordable,2026-03-05
11924,louise2505,186,Abordable,2026-03-05
11925,taiseshai,186,Abordable,2026-03-05
11926,Nightfall92C,186,Abordable,2026-03-05
11927,politooooo0,186,Abordable,2026-03-05
11928,chroma0809,186,Abordable,2026-03-05
11929,lolosk_,186,Abordable,2026-03-05
11930,cbsasmf,186,Abordable,2026-03-05
11931,Szokks_,186,Abordable,2026-03-05
11932,javeec,186,Abordable,2026-03-05
11933,caca0503,185,Abordable,2026-03-05
11934,stain_gc,184,Abordable,2026-03-05
11935,totoles,184,Abordable,2026-03-05
11936,davidvincent78,184,Abordable,2026-03-05
11937,novitae,184,Abordable,2026-03-05
11938,nyolow,184,Abordable,2026-03-05
11939,Simonet_,184,Abordable,2026-03-05
11940,flac00_,184,Abordable,2026-03-05
11941,elpianissimoo,184,Abordable,2026-03-05
11942,jblacroc,184,Abordable,2026-03-05
11943,datchbri,184,Abordable,2026-03-05
11944,elbaumet,184,Abordable,2026-03-05
11945,Myfanwi59,184,Abordable,2026-03-05
11946,lostport_,184,Abordable,2026-03-05
11947,amanineuh,184,Abordable,2026-03-05
11948,faucheur1414,184,Abordable,2026-03-05
11949,flp0100,184,Abordable,2026-03-05
11950,PlayfulChuck,184,Abordable,2026-03-05
11951,MrRmW,184,Abordable,2026-03-05
11952,marodu74,183,Abordable,2026-03-05
11953,astorath29,183,Abordable,2026-03-05
11954,Nytroooo_,183,Abordable,2026-03-05
11955,debcau,183,Abordable,2026-03-05
11956,SfpYoshi,183,Abordable,2026-03-05
11957,Vitourp,183,Abordable,2026-03-05
11958,Zeiriuu,182,Abordable,2026-03-05
11959,gigiblaum,182,Abordable,2026-03-05
11960,Alia_1864,182,Abordable,2026-03-05
11961,gigot_dagnole,182,Abordable,2026-03-05
11962,andolie_twitch,182,Abordable,2026-03-05
11963,luxuryon_,182,Abordable,2026-03-05
11964,ines_31_,181,Abordable,2026-03-05
11965,jmstudent228,181,Abordable,2026-03-05
11966,Ebuloz,181,Abordable,2026-03-05
11967,marinepx,181,Abordable,2026-03-05
11968,elleuhde,180,Abordable,2026-03-05
11969,hoymille,180,Abordable,2026-03-05
11970,titandefrondasse,180,Abordable,2026-03-05
11971,tinkywinkiie,180,Abordable,2026-03-05
11972,gamoror4,180,Abordable,2026-03-05
11973,l_u_n_d_,180,Abordable,2026-03-05
11974,khalessy17,180,Abordable,2026-03-05
11975,djo_25,180,Abordable,2026-03-05
11976,MmE_GameS_AddicT,180,Abordable,2026-03-05
11977,roxlamenace,180,Abordable,2026-03-05
11978,mururoahh,180,Abordable,2026-03-05
11979,laulilette,180,Abordable,2026-03-05
11980,zozolevraie,180,Abordable,2026-03-05
11981,massalia___,180,Abordable,2026-03-05
11982,yaourt_24,180,Abordable,2026-03-05
11983,jj_947,180,Abordable,2026-03-05
11984,zihura,180,Abordable,2026-03-05
11985,sukyos_,180,Abordable,2026-03-05
11986,Harukali,180,Abordable,2026-03-05
11987,Tortyw,180,Abordable,2026-03-05
11988,nail_artiste,180,Abordable,2026-03-05
11989,momo_cfr,180,Abordable,2026-03-05
11990,ptitpikka,180,Abordable,2026-03-05
11991,AntoineDuq,180,Abordable,2026-03-05
11992,garrenlagan,180,Abordable,2026-03-05
11993,clara_mstn,180,Abordable,2026-03-05
11994,emeric74400,180,Abordable,2026-03-05
11995,aasfax_,180,Abordable,2026-03-05
11996,Faykil13,180,Abordable,2026-03-05
11997,ahmoxfut,180,Abordable,2026-03-05
11998,Leandre0812,180,Abordable,2026-03-05
11999,rayzox28,180,Abordable,2026-03-05
12000,gael_aco,180,Abordable,2026-03-05
12001,tathan76,180,Abordable,2026-03-05
12002,leopold062,180,Abordable,2026-03-05
12003,sk199999,180,Abordable,2026-03-05
12004,babelehr,180,Abordable,2026-03-05
12005,Floked_,180,Abordable,2026-03-05
12006,invasiondecochons,180,Abordable,2026-03-05
12007,thaanatoaster,180,Abordable,2026-03-05
12008,just1bridouu,180,Abordable,2026-03-05
12009,Gamanana,180,Abordable,2026-03-05
12010,udzfoot,180,Abordable,2026-03-05
12011,raphi2506,180,Abordable,2026-03-05
12012,drag00_00n,180,Abordable,2026-03-05
12013,thonyfers,180,Abordable,2026-03-05
12014,balance_oie_re,180,Abordable,2026-03-05
12015,zguigou64,180,Abordable,2026-03-05
12016,Valtop_,180,Abordable,2026-03-05
12017,alThor_ed,180,Abordable,2026-03-05
12018,faucheuus,180,Abordable,2026-03-05
12019,Homelandcat,180,Abordable,2026-03-05
12020,Heldeur,180,Abordable,2026-03-05
12021,charlenedod,180,Abordable,2026-03-05
12022,nowayprofr,180,Abordable,2026-03-05
12023,Miyusaho,180,Abordable,2026-03-05
12024,noadacosta,180,Abordable,2026-03-05
12025,swxnnnn,180,Abordable,2026-03-05
12026,chefout,180,Abordable,2026-03-05
12027,olivbleu,180,Abordable,2026-03-05
12028,martin_supreme_cheese,180,Abordable,2026-03-05
12029,paul_tandniaize,180,Abordable,2026-03-05
12030,cookietroopboon,180,Abordable,2026-03-05
12031,cristinamatt,180,Abordable,2026-03-05
12032,vanvan53,180,Abordable,2026-03-05
12033,chloebznv,180,Abordable,2026-03-05
12034,Dahxou,180,Abordable,2026-03-05
12035,manonlinetlse,180,Abordable,2026-03-05
12036,antoineee____,180,Abordable,2026-03-05
12037,neoArtaX,180,Abordable,2026-03-05
12038,Koishi_sama,180,Abordable,2026-03-05
12039,Andaaeriel,180,Abordable,2026-03-05
12040,leaaaaa78,180,Abordable,2026-03-05
12041,liamilo,180,Abordable,2026-03-05
12042,emichordate,180,Abordable,2026-03-05
12043,ratuss_69,180,Abordable,2026-03-05
12044,Shinibarty,180,Abordable,2026-03-05
12045,Nova_Moon__,180,Abordable,2026-03-05
12046,Haanko_,180,Abordable,2026-03-05
12047,lucstar13600,180,Abordable,2026-03-05
12048,cllemncee,180,Abordable,2026-03-05
12049,papadeterii,180,Abordable,2026-03-05
12050,netolvo,180,Abordable,2026-03-05
12051,twmat_,180,Abordable,2026-03-05
12052,naganos,180,Abordable,2026-03-05
12053,mecashrekos,180,Abordable,2026-03-05
12054,lilcookie270,180,Abordable,2026-03-05
12055,ju72489,180,Abordable,2026-03-05
12056,AnsyTV,180,Abordable,2026-03-05
12057,Taciturnesan,180,Abordable,2026-03-05
12058,robin_x44x,180,Abordable,2026-03-05
12059,le_quiche_,180,Abordable,2026-03-05
12060,ebzila,180,Abordable,2026-03-05
12061,ethan_diabate,180,Abordable,2026-03-05
12062,DaGreatWorld,180,Abordable,2026-03-05
12063,LucA_B91,180,Abordable,2026-03-05
12064,yokoo59000,180,Abordable,2026-03-05
12065,Flax288,180,Abordable,2026-03-05
12066,tybannn,180,Abordable,2026-03-05
12067,atomicxgremlin,180,Abordable,2026-03-05
12068,arthurcamus,180,Abordable,2026-03-05
12069,le_cornemuseux,180,Abordable,2026-03-05
12070,JilkoniX,180,Abordable,2026-03-05
12071,b3stburg3r,180,Abordable,2026-03-05
12072,discuss__,180,Abordable,2026-03-05
12073,flameoov,180,Abordable,2026-03-05
12074,cxlestee,180,Abordable,2026-03-05
12075,LeHendrik47,180,Abordable,2026-03-05
12076,jdhwhsk,180,Abordable,2026-03-05
12077,elouche37,180,Abordable,2026-03-05
12078,terrygolooo,180,Abordable,2026-03-05
12079,Zayrelien,180,Abordable,2026-03-05
12080,averyd2,180,Abordable,2026-03-05
12081,Didactox,180,Abordable,2026-03-05
12082,lisam2803,180,Abordable,2026-03-05
12083,Carl1403,180,Abordable,2026-03-05
12084,moth__444,180,Abordable,2026-03-05
12085,Elariss_,180,Abordable,2026-03-05
12086,cubyflo,180,Abordable,2026-03-05
12087,zetronn,180,Abordable,2026-03-05
12088,banagrum_e,180,Abordable,2026-03-05
12089,pablo_chgn,180,Abordable,2026-03-05
12090,chaa_314,180,Abordable,2026-03-05
12091,le_jnc,179,Abordable,2026-03-05
12092,inferno564,179,Abordable,2026-03-05
12093,victoricard,179,Abordable,2026-03-05
12094,IPacOII,179,Abordable,2026-03-05
12095,chalderiap,179,Abordable,2026-03-05
12096,lemoize,178,Abordable,2026-03-05
12097,juli4_r,178,Abordable,2026-03-05
12098,eli78913,178,Abordable,2026-03-05
12099,turcikovitch,178,Abordable,2026-03-05
12100,edotenzo,178,Abordable,2026-03-05
12101,alexgobi,178,Abordable,2026-03-05
12102,librokoza,178,Abordable,2026-03-05
12103,valou_ht,178,Abordable,2026-03-05
12104,No_ChiCha,178,Abordable,2026-03-05
12105,saboignare,177,Abordable,2026-03-05
12106,chachou2202,177,Abordable,2026-03-05
12107,Eyakan,176,Abordable,2026-03-05
12108,nouk3364,176,Abordable,2026-03-05
12109,emmakipu,176,Abordable,2026-03-05
12110,Tsunamiiyo,176,Abordable,2026-03-05
12111,cinq_sans_seize,176,Abordable,2026-03-05
12112,hgiro22,175,Abordable,2026-03-05
12113,dx_want_t,175,Abordable,2026-03-05
12114,elfiii_elfy9,174,Abordable,2026-03-05
12115,Inferniuus,174,Abordable,2026-03-05
12116,Miquelete21,174,Abordable,2026-03-05
12117,zelog56,174,Abordable,2026-03-05
12118,jayjayflaco,174,Abordable,2026-03-05
12119,llulup,173,Abordable,2026-03-05
12120,evenc06,173,Abordable,2026-03-05
12121,k3v_bn,173,Abordable,2026-03-05
12122,carelu11,173,Abordable,2026-03-05
12123,bxubxu54,173,Abordable,2026-03-05
12124,matisu_4d4,173,Abordable,2026-03-05
12125,ErebauK,173,Abordable,2026-03-05
12126,zlaspha,173,Abordable,2026-03-05
12127,yurei_aki,172,Abordable,2026-03-05
12128,ju4n1t0ss,172,Abordable,2026-03-05
12129,enicar76,172,Abordable,2026-03-05
12130,boulaki8,172,Abordable,2026-03-05
12131,lunnella2711,172,Abordable,2026-03-05
12132,Ringskar_,172,Abordable,2026-03-05
12133,antpdu35,172,Abordable,2026-03-05
12134,rheia76,171,Abordable,2026-03-05
12135,Seahri,171,Abordable,2026-03-05
12136,SvenGC,171,Abordable,2026-03-05
12137,ilanwt,171,Abordable,2026-03-05
12138,chiddyslimbaby,171,Abordable,2026-03-05
12139,celianganlupi,170,Abordable,2026-03-05
12140,evasfts,170,Abordable,2026-03-05
12141,gabusz_,169,Abordable,2026-03-05
12142,squateuse_47,169,Abordable,2026-03-05
12143,maxime_le_goat_,169,Abordable,2026-03-05
12144,Oshlup,168,Abordable,2026-03-05
12145,youriii5,168,Abordable,2026-03-05
12146,silveney_29,168,Abordable,2026-03-05
12147,ProF_ESport,168,Abordable,2026-03-05
12148,louisgta32,167,Abordable,2026-03-05
12149,DodgingPineapple,167,Abordable,2026-03-05
12150,jeanne654,167,Abordable,2026-03-05
12151,amliesubi,167,Abordable,2026-03-05
12152,moucky_yt,167,Abordable,2026-03-05
12153,raknarok868,167,Abordable,2026-03-05
12154,linkbot_firely,166,Abordable,2026-03-05
12155,lylid29,166,Abordable,2026-03-05
12156,monsieur_zozo21,166,Abordable,2026-03-05
12157,activesocieties,166,Abordable,2026-03-05
12158,ShinnyyTwi,166,Abordable,2026-03-05
12159,srgreg62,166,Abordable,2026-03-05
12160,pandemoniumo,166,Abordable,2026-03-05
12161,calci_tv,166,Abordable,2026-03-05
12162,leacalmar,166,Abordable,2026-03-05
12163,noah_tirie,166,Abordable,2026-03-05
12164,bananaboss97,166,Abordable,2026-03-05
12165,tomythoman,166,Abordable,2026-03-05
12166,Reven_vl,166,Abordable,2026-03-05
12167,thlse,166,Abordable,2026-03-05
12168,xila42,166,Abordable,2026-03-05
12169,hugues_teyssier,166,Abordable,2026-03-05
12170,Enigamy,166,Abordable,2026-03-05
12171,etyyxx,166,Abordable,2026-03-05
12172,TW_thunderwolf,166,Abordable,2026-03-05
12173,viczai49,166,Abordable,2026-03-05
12174,Ivy_Bridge31280,166,Abordable,2026-03-05
12175,ragnarokkruger,166,Abordable,2026-03-05
12176,singo65,165,Abordable,2026-03-05
12177,Kishin_80,165,Abordable,2026-03-05
12178,boubi54x,165,Abordable,2026-03-05
12179,bewbewbew,164,Abordable,2026-03-05
12180,mamoux02,164,Abordable,2026-03-05
12181,morpho_games,164,Abordable,2026-03-05
12182,mtclement,164,Abordable,2026-03-05
12183,enzolok05,163,Abordable,2026-03-05
12184,TRKLNOCTAA,163,Abordable,2026-03-05
12185,overcreepy,163,Abordable,2026-03-05
12186,bebertlevrai,163,Abordable,2026-03-05
12187,baabslil,163,Abordable,2026-03-05
12188,Mitsuushi,163,Abordable,2026-03-05
12189,alex22O4_,163,Abordable,2026-03-05
12190,medi_gpl,162,Abordable,2026-03-05
12191,etienneruru,162,Abordable,2026-03-05
12192,perle_18,161,Abordable,2026-03-05
12193,xzaqqq,161,Abordable,2026-03-05
12194,tuturenflure,161,Abordable,2026-03-05
12195,zoe25050,161,Abordable,2026-03-05
12196,El_Gippos,161,Abordable,2026-03-05
12197,starrora_swag,161,Abordable,2026-03-05
12198,naitsu____,161,Abordable,2026-03-05
12199,hurricanescampy,161,Abordable,2026-03-05
12200,foufounef,161,Abordable,2026-03-05
12201,une_jadouu,161,Abordable,2026-03-05
12202,martin_pr_,161,Abordable,2026-03-05
12203,CaIheim,161,Abordable,2026-03-05
12204,lauranneda,161,Abordable,2026-03-05
12205,jerosom,161,Abordable,2026-03-05
12206,KeacyKenobi,161,Abordable,2026-03-05
12207,equeyran,160,Abordable,2026-03-05
12208,GalouTV,160,Abordable,2026-03-05
12209,hiboux_de_la_lune,160,Abordable,2026-03-05
12210,kazutoyaa,160,Abordable,2026-03-05
12211,mailyyyyyss,159,Abordable,2026-03-05
12212,proserpine_lovely,159,Abordable,2026-03-05
12213,Macksawn,159,Abordable,2026-03-05
12214,tpedrajas,159,Abordable,2026-03-05
12215,zozo_aratus,159,Abordable,2026-03-05
12216,Antthoss,159,Abordable,2026-03-05
12217,Lars_1204,159,Abordable,2026-03-05
12218,irisdvl,159,Abordable,2026-03-05
12219,Derasiel,159,Abordable,2026-03-05
12220,teamjbzzed,158,Abordable,2026-03-05
12221,robernardd,158,Abordable,2026-03-05
12222,Avalonyx,158,Abordable,2026-03-05
12223,roronoa2k,158,Abordable,2026-03-05
12224,cathy92tchang,157,Abordable,2026-03-05
12225,nathxeb,157,Abordable,2026-03-05
12226,camion_fruit,157,Abordable,2026-03-05
12227,ST_Franckytchup,157,Abordable,2026-03-05
12228,kingkiwi02,156,Abordable,2026-03-05
12229,AgentL02,156,Abordable,2026-03-05
12230,walidbki,156,Abordable,2026-03-05
12231,mayukimisa,156,Abordable,2026-03-05
12232,MaxPaiiiin,156,Abordable,2026-03-05
12233,ouaislequip,156,Abordable,2026-03-05
12234,arzyphale,156,Abordable,2026-03-05
12235,cecile69340,155,Abordable,2026-03-05
12236,macnocky,154,Abordable,2026-03-05
12237,Hyanato,154,Abordable,2026-03-05
12238,Mylanderp,154,Abordable,2026-03-05
12239,Prehaline,154,Abordable,2026-03-05
12240,AkaS_FTS,154,Abordable,2026-03-05
12241,paleander,154,Abordable,2026-03-05
12242,tobiochannn,154,Abordable,2026-03-05
12243,Midifix,154,Abordable,2026-03-05
12244,uranium_19,154,Abordable,2026-03-05
12245,hybiky,154,Abordable,2026-03-05
12246,adilsdi,154,Abordable,2026-03-05
12247,S0rab,153,Abordable,2026-03-05
12248,bearzo091,153,Abordable,2026-03-05
12249,paulorigolo,153,Abordable,2026-03-05
12250,arno__70,153,Abordable,2026-03-05
12251,bento0m,153,Abordable,2026-03-05
12252,Barbe__Rousse_,153,Abordable,2026-03-05
12253,edithstsik,152,Abordable,2026-03-05
12254,ThomskoBilly,152,Abordable,2026-03-05
12255,Idaaka,152,Abordable,2026-03-05
12256,CouscousDeToucan,152,Abordable,2026-03-05
12257,lulu191108,152,Abordable,2026-03-05
12258,K2Fkertos,152,Abordable,2026-03-05
12259,alban1j2,152,Abordable,2026-03-05
12260,NewLombax,152,Abordable,2026-03-05
12261,timeo_plr,152,Abordable,2026-03-05
12262,Stilitou,150,Abordable,2026-03-05
12263,nanette6868,150,Abordable,2026-03-05
12264,dongosh,150,Abordable,2026-03-05
12265,shinjuroo,150,Abordable,2026-03-05
12266,Dayvyde94,150,Abordable,2026-03-05
12267,sam_eug,150,Abordable,2026-03-05
12268,bakir692,150,Abordable,2026-03-05
12269,kalmiter,150,Abordable,2026-03-05
12270,paulby_chocapic,150,Abordable,2026-03-05
12271,levrettepunitivereformed,150,Abordable,2026-03-05
12272,revani94,150,Abordable,2026-03-05
12273,reblochon_samurai,150,Abordable,2026-03-05
12274,missmarmelade,150,Abordable,2026-03-05
12275,momoelbargeot,150,Abordable,2026-03-05
12276,tibawbaw,150,Abordable,2026-03-05
12277,TsumeFakiri,150,Abordable,2026-03-05
12278,ElPeoninho,150,Abordable,2026-03-05
12279,akirr0ss,150,Abordable,2026-03-05
12280,kcmaxxlxx,150,Abordable,2026-03-05
12281,Calamity_Jah1,150,Abordable,2026-03-05
12282,nicolain20,150,Abordable,2026-03-05
12283,leoop_0,150,Abordable,2026-03-05
12284,Pirox_76,150,Abordable,2026-03-05
12285,Kioube,150,Abordable,2026-03-05
12286,alicegsst,150,Abordable,2026-03-05
12287,lil_dew_91,150,Abordable,2026-03-05
12288,ronikiinns,150,Abordable,2026-03-05
12289,athesto_,150,Abordable,2026-03-05
12290,LeGeneralPatton,150,Abordable,2026-03-05
12291,adrien_geni,150,Abordable,2026-03-05
12292,craribow,150,Abordable,2026-03-05
12293,deutschlandofficiel,150,Abordable,2026-03-05
12294,chozetsu_,150,Abordable,2026-03-05
12295,nijikala,150,Abordable,2026-03-05
12296,AxeLegend2,150,Abordable,2026-03-05
12297,pouf45,150,Abordable,2026-03-05
12298,retroy230,150,Abordable,2026-03-05
12299,cla_gnzls,150,Abordable,2026-03-05
12300,jimzoh34,150,Abordable,2026-03-05
12301,eltasphe,150,Abordable,2026-03-05
12302,luk749,150,Abordable,2026-03-05
12303,slayyyyyyyyyyy_,150,Abordable,2026-03-05
12304,emmaangelaross,150,Abordable,2026-03-05
12305,valousse85,150,Abordable,2026-03-05
12306,Yuurei_Panic,150,Abordable,2026-03-05
12307,BenjaminGambon,150,Abordable,2026-03-05
12308,bocboc2,150,Abordable,2026-03-05
12309,bacman37,150,Abordable,2026-03-05
12310,kaelig7,150,Abordable,2026-03-05
12311,zilano_,150,Abordable,2026-03-05
12312,sauce_soja43,150,Abordable,2026-03-05
12313,s_seen,150,Abordable,2026-03-05
12314,axadious,150,Abordable,2026-03-05
12315,leprincet,150,Abordable,2026-03-05
12316,hunter_edo,150,Abordable,2026-03-05
12317,pimsoriginal,150,Abordable,2026-03-05
12318,sarah_zn_,150,Abordable,2026-03-05
12319,come_0009,150,Abordable,2026-03-05
12320,lZUMOl,150,Abordable,2026-03-05
12321,lagnarik_,150,Abordable,2026-03-05
12322,LeS1doux,150,Abordable,2026-03-05
12323,lesfollicochonnes,150,Abordable,2026-03-05
12324,cmaelwesh,150,Abordable,2026-03-05
12325,kkayjin,150,Abordable,2026-03-05
12326,ludovizzle,150,Abordable,2026-03-05
12327,sinqy__,150,Abordable,2026-03-05
12328,man_we550,150,Abordable,2026-03-05
12329,earz_ramb0,150,Abordable,2026-03-05
12330,galacno,150,Abordable,2026-03-05
12331,eloizeee77,150,Abordable,2026-03-05
12332,lululatortueninja,150,Abordable,2026-03-05
12333,tipii_,150,Abordable,2026-03-05
12334,legend_yosh_,150,Abordable,2026-03-05
12335,clemmmmss,150,Abordable,2026-03-05
12336,shika_35,150,Abordable,2026-03-05
12337,21gramsofceline,150,Abordable,2026-03-05
12338,kaveiiraa,150,Abordable,2026-03-05
12339,chagas9444,150,Abordable,2026-03-05
12340,lelefanteau,150,Abordable,2026-03-05
12341,lulugfr,150,Abordable,2026-03-05
12342,Matheiere,150,Abordable,2026-03-05
12343,parzival4235,150,Abordable,2026-03-05
12344,poposheitan,150,Abordable,2026-03-05
12345,lucasdusiecle,150,Abordable,2026-03-05
12346,Gismo_LoL,150,Abordable,2026-03-05
12347,FoxNate,150,Abordable,2026-03-05
12348,Pirate85310,150,Abordable,2026-03-05
12349,egk_wolf,150,Abordable,2026-03-05
12350,WEENZLY,150,Abordable,2026-03-05
12351,dadou55120,150,Abordable,2026-03-05
12352,darkmaxxfr,150,Abordable,2026-03-05
12353,Lolayaay,150,Abordable,2026-03-05
12354,Cristalia,150,Abordable,2026-03-05
12355,ilowhrl,150,Abordable,2026-03-05
12356,anbaut2,150,Abordable,2026-03-05
12357,josefinlandd,150,Abordable,2026-03-05
12358,Taps0605,150,Abordable,2026-03-05
12359,requinque,150,Abordable,2026-03-05
12360,42gats,150,Abordable,2026-03-05
12361,Yuro222,150,Abordable,2026-03-05
12362,PierreNoseTV,150,Abordable,2026-03-05
12363,upzzip,150,Abordable,2026-03-05
12364,jokii59,150,Abordable,2026-03-05
12365,chackey2,150,Abordable,2026-03-05
12366,merlinxmas,150,Abordable,2026-03-05
12367,camussard06,150,Abordable,2026-03-05
12368,loloroller2000,150,Abordable,2026-03-05
12369,nynon08,150,Abordable,2026-03-05
12370,lyder_live,150,Abordable,2026-03-05
12371,gadjourno21,150,Abordable,2026-03-05
12372,momoaloulou,150,Abordable,2026-03-05
12373,yayaaa94,150,Abordable,2026-03-05
12374,luluamn,150,Abordable,2026-03-05
12375,gabin1122,150,Abordable,2026-03-05
12376,romalyouni,150,Abordable,2026-03-05
12377,asuko16,150,Abordable,2026-03-05
12378,meaaah_,150,Abordable,2026-03-05
12379,hgzer_,150,Abordable,2026-03-05
12380,alexandre_lfa,150,Abordable,2026-03-05
12381,chajacq,150,Abordable,2026-03-05
12382,j_neige,150,Abordable,2026-03-05
12383,aefenelon,150,Abordable,2026-03-05
12384,memo____789,150,Abordable,2026-03-05
12385,Niavlyth,150,Abordable,2026-03-05
12386,raphahhhh,150,Abordable,2026-03-05
12387,rideuurrr,150,Abordable,2026-03-05
12388,6_Kakashi_,150,Abordable,2026-03-05
12389,fantin_cr,150,Abordable,2026-03-05
12390,ant0ine_36,150,Abordable,2026-03-05
12391,slyway14,150,Abordable,2026-03-05
12392,jessecox27,150,Abordable,2026-03-05
12393,teholee,150,Abordable,2026-03-05
12394,tiphainedltr,148,Abordable,2026-03-05
12395,chachacrtn,148,Abordable,2026-03-05
12396,tomsgameinfr,147,Abordable,2026-03-05
12397,renard28384,146,Abordable,2026-03-05
12398,alain_b_,146,Abordable,2026-03-05
12399,antoto69420,145,Abordable,2026-03-05
12400,mimiadamy,144,Abordable,2026-03-05
12401,mazarizinaza,144,Abordable,2026-03-05
12402,f__a07,143,Abordable,2026-03-05
12403,masnp,143,Abordable,2026-03-05
12404,KAARISLEPOULET,143,Abordable,2026-03-05
12405,Hugorder7,143,Abordable,2026-03-05
12406,Kiyotaka63,143,Abordable,2026-03-05
12407,m8_majupr0dga,143,Abordable,2026-03-05
12408,nightcat_m,143,Abordable,2026-03-05
12409,carlagt30,142,Abordable,2026-03-05
12410,Pandaroux_09,142,Abordable,2026-03-05
12411,apprehensivegoat59,142,Abordable,2026-03-05
12412,kristofjalet,142,Abordable,2026-03-05
12413,nina_str6,140,Abordable,2026-03-05
12414,mitzzip,140,Abordable,2026-03-05
12415,AhrKz_,138,Abordable,2026-03-05
12416,TiGen_TV,138,Abordable,2026-03-05
12417,oxxilun,138,Abordable,2026-03-05
12418,bichehumide,137,Abordable,2026-03-05
12419,Mat_hieu_,137,Abordable,2026-03-05
12420,lmu976,136,Abordable,2026-03-05
12421,kevvvin33,136,Abordable,2026-03-05
12422,Jopiterr,136,Abordable,2026-03-05
12423,ezilllo,136,Abordable,2026-03-05
12424,luckka06,136,Abordable,2026-03-05
12425,sephrane94,136,Abordable,2026-03-05
12426,space_lynk,136,Abordable,2026-03-05
12427,trilou42,136,Abordable,2026-03-05
12428,mamie_gigitte,136,Abordable,2026-03-05
12429,fennec801,136,Abordable,2026-03-05
12430,rubias09,136,Abordable,2026-03-05
12431,raydup601,136,Abordable,2026-03-05
12432,mathildemrnn,136,Abordable,2026-03-05
12433,LeZooave,136,Abordable,2026-03-05
12434,sasarob,136,Abordable,2026-03-05
12435,byterqlf,136,Abordable,2026-03-05
12436,maashh_,136,Abordable,2026-03-05
12437,nsyCrabe,136,Abordable,2026-03-05
12438,BaziIic_,136,Abordable,2026-03-05
12439,LevraiPaupaul,136,Abordable,2026-03-05
12440,tomtominours,135,Abordable,2026-03-05
12441,SKORELbucci,135,Abordable,2026-03-05
12442,analou53,135,Abordable,2026-03-05
12443,braiseee,135,Abordable,2026-03-05
12444,asmode23,134,Abordable,2026-03-05
12445,GarsideIsDead,134,Abordable,2026-03-05
12446,st_gratouilledu36,133,Abordable,2026-03-05
12447,toadster___,133,Abordable,2026-03-05
12448,lllllluxxxx,133,Abordable,2026-03-05
12449,m1samosa,132,Abordable,2026-03-05
12450,alex_levraichemin,132,Abordable,2026-03-05
12451,Nonow45,132,Abordable,2026-03-05
12452,kiinto_,132,Abordable,2026-03-05
12453,ophprz85,131,Abordable,2026-03-05
12454,tiyaetplume,131,Abordable,2026-03-05
12455,Jorge___I,130,Abordable,2026-03-05
12456,Kanass59,130,Abordable,2026-03-05
12457,stitchmod_,130,Abordable,2026-03-05
12458,sab_rll,130,Abordable,2026-03-05
12459,yacoubarbatruc,130,Abordable,2026-03-05
12460,IBloody_LaMoula,130,Abordable,2026-03-05
12461,manon14522,129,Abordable,2026-03-05
12462,lisa_razu,129,Abordable,2026-03-05
12463,KC_Sunna,129,Abordable,2026-03-05
12464,iyoan344,129,Abordable,2026-03-05
12465,hacmen76,128,Abordable,2026-03-05
12466,schertos23,128,Abordable,2026-03-05
12467,ikrameyh,128,Abordable,2026-03-05
12468,makeryaa,128,Abordable,2026-03-05
12469,kingnoxious7,128,Abordable,2026-03-05
12470,Amel1002,126,Abordable,2026-03-05
12471,meleagant62000,126,Abordable,2026-03-05
12472,ujol17,125,Abordable,2026-03-05
12473,nalouchee,124,Abordable,2026-03-05
12474,emmyyy16,124,Abordable,2026-03-05
12475,Mowglitos69,124,Abordable,2026-03-05
12476,julinho2905,124,Abordable,2026-03-05
12477,3m4rt1l1s3r4_,123,Abordable,2026-03-05
12478,Thomazepin,123,Abordable,2026-03-05
12479,gmarcelegoat,123,Abordable,2026-03-05
12480,alexgamer2172,123,Abordable,2026-03-05
12481,skirnirs,123,Abordable,2026-03-05
12482,fullbrain_,123,Abordable,2026-03-05
12483,painboulette,123,Abordable,2026-03-05
12484,timothe1708,122,Abordable,2026-03-05
12485,Xela_N9,122,Abordable,2026-03-05
12486,jeanrajh,122,Abordable,2026-03-05
12487,teyzen_,122,Abordable,2026-03-05
12488,wyzenlol,121,Abordable,2026-03-05
12489,ComradeLazyShpee,120,Abordable,2026-03-05
12490,Xandar_22,120,Abordable,2026-03-05
12491,guitaow,120,Abordable,2026-03-05
12492,gold_pho3nix,120,Abordable,2026-03-05
12493,elpaulo64,120,Abordable,2026-03-05
12494,fardreamer79,120,Abordable,2026-03-05
12495,grorentinn,120,Abordable,2026-03-05
12496,yfoxgamerpvp,120,Abordable,2026-03-05
12497,Metafesse,120,Abordable,2026-03-05
12498,FR_FuFu,120,Abordable,2026-03-05
12499,Whitepantiz,120,Abordable,2026-03-05
12500,Terrybac,120,Abordable,2026-03-05
12501,Xelo_GG,120,Abordable,2026-03-05
12502,tygruu,120,Abordable,2026-03-05
12503,THE_MEKI,120,Abordable,2026-03-05
12504,Yota_284,120,Abordable,2026-03-05
12505,Lunick28,120,Abordable,2026-03-05
12506,theohf,120,Abordable,2026-03-05
12507,lpgcyril,120,Abordable,2026-03-05
12508,manonlschr26,120,Abordable,2026-03-05
12509,gaby212121210,120,Abordable,2026-03-05
12510,Fexatsyn,120,Abordable,2026-03-05
12511,SalimLaBanquise,120,Abordable,2026-03-05
12512,petitcoq17,120,Abordable,2026-03-05
12513,michelpaste,120,Abordable,2026-03-05
12514,louiseodr,120,Abordable,2026-03-05
12515,rob127in,120,Abordable,2026-03-05
12516,linda34230,120,Abordable,2026-03-05
12517,inesgil_976,120,Abordable,2026-03-05
12518,clochettelep,120,Abordable,2026-03-05
12519,chlo_bnt,120,Abordable,2026-03-05
12520,lou142004,120,Abordable,2026-03-05
12521,nah0j_g,120,Abordable,2026-03-05
12522,xavier_deb,120,Abordable,2026-03-05
12523,keke_4002,120,Abordable,2026-03-05
12524,kayanir,120,Abordable,2026-03-05
12525,Tim_Destroyer,120,Abordable,2026-03-05
12526,pauline_mzh,120,Abordable,2026-03-05
12527,hezer_0,120,Abordable,2026-03-05
12528,superkik_15,120,Abordable,2026-03-05
12529,nar2t0,120,Abordable,2026-03-05
12530,r4nd0m__0,120,Abordable,2026-03-05
12531,gz_or,120,Abordable,2026-03-05
12532,Eppeque,120,Abordable,2026-03-05
12533,a_plant_from_nowhere,120,Abordable,2026-03-05
12534,MULEDO,120,Abordable,2026-03-05
12535,eliottjaunet,120,Abordable,2026-03-05
12536,babbambi_,120,Abordable,2026-03-05
12537,piwarrr,120,Abordable,2026-03-05
12538,arkan_______,120,Abordable,2026-03-05
12539,asthehis,120,Abordable,2026-03-05
12540,orel93,120,Abordable,2026-03-05
12541,flachaaaaat,120,Abordable,2026-03-05
12542,TheKatomb,120,Abordable,2026-03-05
12543,OnnDJ,120,Abordable,2026-03-05
12544,Dolmaur_BoardGamerAddict,120,Abordable,2026-03-05
12545,sandwi8,120,Abordable,2026-03-05
12546,Izolyne,120,Abordable,2026-03-05
12547,mathildegbe,120,Abordable,2026-03-05
12548,theboulet007,120,Abordable,2026-03-05
12549,christietms,120,Abordable,2026-03-05
12550,sw_lauriane,120,Abordable,2026-03-05
12551,nathne1,120,Abordable,2026-03-05
12552,lakecb63,120,Abordable,2026-03-05
12553,siplair,120,Abordable,2026-03-05
12554,Frdyyyy,120,Abordable,2026-03-05
12555,darkkie76,120,Abordable,2026-03-05
12556,drthibault69,120,Abordable,2026-03-05
12557,XeNNNN31,120,Abordable,2026-03-05
12558,lalim92,120,Abordable,2026-03-05
12559,papillon44350,120,Abordable,2026-03-05
12560,Anael_458,120,Abordable,2026-03-05
12561,margoulinfr,120,Abordable,2026-03-05
12562,spaulineee,120,Abordable,2026-03-05
12563,gwendaluiyap,120,Abordable,2026-03-05
12564,nonononono654,120,Abordable,2026-03-05
12565,fernoiser,120,Abordable,2026-03-05
12566,El_Platypus,120,Abordable,2026-03-05
12567,mathias2502,120,Abordable,2026-03-05
12568,R0binet_,120,Abordable,2026-03-05
12569,Oshibaru,120,Abordable,2026-03-05
12570,mat31_,120,Abordable,2026-03-05
12571,potatoooeees,120,Abordable,2026-03-05
12572,joshu2515,120,Abordable,2026-03-05
12573,toufikfik,120,Abordable,2026-03-05
12574,crista_lynn,120,Abordable,2026-03-05
12575,wass1o,120,Abordable,2026-03-05
12576,haga_rdd,120,Abordable,2026-03-05
12577,lezooooo4ve,120,Abordable,2026-03-05
12578,elonky,120,Abordable,2026-03-05
12579,raphael868,120,Abordable,2026-03-05
12580,nozcore_,120,Abordable,2026-03-05
12581,lil_titou,120,Abordable,2026-03-05
12582,yanis93m,120,Abordable,2026-03-05
12583,feizoreyzeur,120,Abordable,2026-03-05
12584,ilnyaplusdepiles,120,Abordable,2026-03-05
12585,angeceleste,120,Abordable,2026-03-05
12586,monster_dico,120,Abordable,2026-03-05
12587,douroum77,120,Abordable,2026-03-05
12588,alekksbss,120,Abordable,2026-03-05
12589,BendeRo_,118,Abordable,2026-03-05
12590,cali__424,118,Abordable,2026-03-05
12591,Syrakhuse,118,Abordable,2026-03-05
12592,OnLy__Tv,117,Abordable,2026-03-05
12593,Gazby_01,115,Abordable,2026-03-05
12594,tssaru5,113,Abordable,2026-03-05
12595,Eventage,113,Abordable,2026-03-05
12596,marylou_ppr,113,Abordable,2026-03-05
12597,Arkhaloss,113,Abordable,2026-03-05
12598,3ulia,113,Abordable,2026-03-05
12599,megthemug,113,Abordable,2026-03-05
12600,quent_dlf_,110,Abordable,2026-03-05
12601,Poupixe,110,Abordable,2026-03-05
12602,PhosfoZ,109,Abordable,2026-03-05
12603,leynha_,106,Abordable,2026-03-05
12604,hc12gamer,106,Abordable,2026-03-05
12605,kimbo_008,106,Abordable,2026-03-05
12606,Nuwri,106,Abordable,2026-03-05
12607,cenozoique,106,Abordable,2026-03-05
12608,k1000caze,106,Abordable,2026-03-05
12609,Jo_Choc,106,Abordable,2026-03-05
12610,nathanbilleau,106,Abordable,2026-03-05
12611,Eyoda974,106,Abordable,2026-03-05
12612,Flash_dawn,106,Abordable,2026-03-05
12613,Symjii,105,Abordable,2026-03-05
12614,Clem_92100,105,Abordable,2026-03-05
12615,T02L,104,Abordable,2026-03-05
12616,Mistergoosk,104,Abordable,2026-03-05
12617,williamfransen,102,Abordable,2026-03-05
12618,jos_k_a,101,Abordable,2026-03-05
12619,zackrom2,101,Abordable,2026-03-05
12620,osburth,100,Abordable,2026-03-05
12621,KeykoTV_,100,Abordable,2026-03-05
12622,kapz7__,99,Abordable,2026-03-05
12623,amaande2,99,Abordable,2026-03-05
12624,kc_adeloo,98,Abordable,2026-03-05
12625,ipsa_valou,98,Abordable,2026-03-05
12626,tornade55,98,Abordable,2026-03-05
12627,juliemarie700,98,Abordable,2026-03-05
12628,clement_1710,98,Abordable,2026-03-05
12629,Wesnoww,93,Abordable,2026-03-05
12630,omblin,93,Abordable,2026-03-05
12631,nas_la_menace95,92,Abordable,2026-03-05
12632,elasticoco,92,Abordable,2026-03-05
12633,lili0abrt,92,Abordable,2026-03-05
12634,sealixir_fr,90,Abordable,2026-03-05
12635,laly_des,90,Abordable,2026-03-05
12636,quizgoat,90,Abordable,2026-03-05
12637,billkilleuse,90,Abordable,2026-03-05
12638,anaclian,90,Abordable,2026-03-05
12639,beanjiiiii,90,Abordable,2026-03-05
12640,jon_lioka,90,Abordable,2026-03-05
12641,leleg2,90,Abordable,2026-03-05
12642,suzanne336777,90,Abordable,2026-03-05
12643,flavien_fr85,90,Abordable,2026-03-05
12644,yorkeeeeee,90,Abordable,2026-03-05
12645,enkibt,90,Abordable,2026-03-05
12646,Salakis_,90,Abordable,2026-03-05
12647,Acidu___,90,Abordable,2026-03-05
12648,kano_off,90,Abordable,2026-03-05
12649,bastounet66,90,Abordable,2026-03-05
12650,mathis8952,90,Abordable,2026-03-05
12651,lumixae,90,Abordable,2026-03-05
12652,nelodi,90,Abordable,2026-03-05
12653,Milou_510,90,Abordable,2026-03-05
12654,canastark,90,Abordable,2026-03-05
12655,djudju6471,90,Abordable,2026-03-05
12656,lenabornet,90,Abordable,2026-03-05
12657,iquera,90,Abordable,2026-03-05
12658,makayyyy,90,Abordable,2026-03-05
12659,seikeem,90,Abordable,2026-03-05
12660,Florian41,90,Abordable,2026-03-05
12661,fadoch212,90,Abordable,2026-03-05
12662,morinanaelle,90,Abordable,2026-03-05
12663,duapmip,90,Abordable,2026-03-05
12664,pern3lle,90,Abordable,2026-03-05
12665,lilooof17,90,Abordable,2026-03-05
12666,elocipe,90,Abordable,2026-03-05
12667,CDT_juel,90,Abordable,2026-03-05
12668,andreamrts,90,Abordable,2026-03-05
12669,lyokodbst,90,Abordable,2026-03-05
12670,amb9876543210,90,Abordable,2026-03-05
12671,ambreuuu24,90,Abordable,2026-03-05
12672,thonyjordan24,90,Abordable,2026-03-05
12673,laaxx_0,90,Abordable,2026-03-05
12674,kaioooox,90,Abordable,2026-03-05
12675,lilemss,90,Abordable,2026-03-05
12676,Victor_lVl_,90,Abordable,2026-03-05
12677,maya4444444,90,Abordable,2026-03-05
12678,zaurya_,90,Abordable,2026-03-05
12679,Thibault_Pap,90,Abordable,2026-03-05
12680,pofly__,90,Abordable,2026-03-05
12681,clarabttn,90,Abordable,2026-03-05
12682,lulu37860000,90,Abordable,2026-03-05
12683,sanctom_,90,Abordable,2026-03-05
12684,thomas6114000,90,Abordable,2026-03-05
12685,fatalitesfoujjji,90,Abordable,2026-03-05
12686,poulidorom,90,Abordable,2026-03-05
12687,loutrecurieuse,90,Abordable,2026-03-05
12688,leaat__,90,Abordable,2026-03-05
12689,Fontananas,90,Abordable,2026-03-05
12690,lilaagr,90,Abordable,2026-03-05
12691,22Vegaa,90,Abordable,2026-03-05
12692,blanix_x,90,Abordable,2026-03-05
12693,bvne24,90,Abordable,2026-03-05
12694,packtimfc,90,Abordable,2026-03-05
12695,snackdiino,90,Abordable,2026-03-05
12696,selcap,88,Abordable,2026-03-05
12697,pooome18,87,Abordable,2026-03-05
12698,Wolfraphraph,86,Abordable,2026-03-05
12699,sparthus_le_rat,85,Abordable,2026-03-05
12700,rosieslemonade,85,Abordable,2026-03-05
12701,maitreshot,82,Abordable,2026-03-05
12702,gar0uk,82,Abordable,2026-03-05
12703,intarwet,75,Abordable,2026-03-05
12704,mokpin,75,Abordable,2026-03-05
12705,snayer1580,75,Abordable,2026-03-05
12706,Aerow62,75,Abordable,2026-03-05
12707,coralighht,74,Abordable,2026-03-05
12708,Garudaaz,74,Abordable,2026-03-05
12709,FireWing01010101,74,Abordable,2026-03-05
12710,sensei_marley_,74,Abordable,2026-03-05
12711,enzo_rach,71,Abordable,2026-03-05
12712,Vastag__,70,Abordable,2026-03-05
12713,zatoth_r6,70,Abordable,2026-03-05
12714,Kazurudo,70,Abordable,2026-03-05
12715,clarahda,69,Abordable,2026-03-05
12716,rooooooohhhhhhh,68,Abordable,2026-03-05
12717,rs6ixx,68,Abordable,2026-03-05
12718,ZedZed_EU,68,Abordable,2026-03-05
12719,stleboss2020,68,Abordable,2026-03-05
12720,franci_l_etoile_de_mer,68,Abordable,2026-03-05
12721,elfooow,68,Abordable,2026-03-05
12722,spadriix,68,Abordable,2026-03-05
12723,Lucie361,68,Abordable,2026-03-05
12724,Sageuss,66,Abordable,2026-03-05
12725,rastalove62143,66,Abordable,2026-03-05
12726,ZaXion_YT,66,Abordable,2026-03-05
12727,Luzmog_Tvv,66,Abordable,2026-03-05
12728,cro_ki,64,Abordable,2026-03-05
12729,kikitron34,60,Abordable,2026-03-05
12730,mortphes,60,Abordable,2026-03-05
12731,lisa92dc,60,Abordable,2026-03-05
12732,khylix03,60,Abordable,2026-03-05
12733,giannisjr2,60,Abordable,2026-03-05
12734,cours_echecs_dodo,60,Abordable,2026-03-05
12735,salutatous350,60,Abordable,2026-03-05
12736,coco_bnd,60,Abordable,2026-03-05
12737,ayumi30005,60,Abordable,2026-03-05
12738,u_tumbadore,60,Abordable,2026-03-05
12739,etiennesurtonlive,60,Abordable,2026-03-05
12740,sxniadsch,60,Abordable,2026-03-05
12741,aizoo,60,Abordable,2026-03-05
12742,asiriix,60,Abordable,2026-03-05
12743,tdoignon,60,Abordable,2026-03-05
12744,heisenburger828,60,Abordable,2026-03-05
12745,thonybzh29,60,Abordable,2026-03-05
12746,elizabeth_829,60,Abordable,2026-03-05
12747,roxaneluc,60,Abordable,2026-03-05
12748,Xenbooot,60,Abordable,2026-03-05
12749,lulucbn,60,Abordable,2026-03-05
12750,foge73,60,Abordable,2026-03-05
12751,Xerios_0,60,Abordable,2026-03-05
12752,wali404,60,Abordable,2026-03-05
12753,oc_4002,60,Abordable,2026-03-05
12754,Cobottas7,60,Abordable,2026-03-05
12755,tirabit1,60,Abordable,2026-03-05
12756,ehr79,60,Abordable,2026-03-05
12757,jackartho,60,Abordable,2026-03-05
12758,val_cln,60,Abordable,2026-03-05
12759,L3xys,60,Abordable,2026-03-05
12760,Clemhostyl3,60,Abordable,2026-03-05
12761,cassano99goat,60,Abordable,2026-03-05
12762,threshol,60,Abordable,2026-03-05
12763,CecilLoul,60,Abordable,2026-03-05
12764,Ashki,60,Abordable,2026-03-05
12765,Reivilau,53,Abordable,2026-03-05
12766,94mustahil,51,Abordable,2026-03-05
12767,myte_0,45,Abordable,2026-03-05
12768,kontinuum_lxix,44,Abordable,2026-03-05
12769,darkgriezou17,44,Abordable,2026-03-05
12770,sawcisselevrai,44,Abordable,2026-03-05
12771,Nassjet,40,Abordable,2026-03-05
12772,simonvousparle,40,Abordable,2026-03-05
12773,splitzou19,40,Abordable,2026-03-05
12774,Lea_Ysha,39,Abordable,2026-03-05
12775,harryglandeur,39,Abordable,2026-03-05
12776,Neykoe,39,Abordable,2026-03-05
12777,poseidonzero94,38,Abordable,2026-03-05
12778,valleinx,38,Abordable,2026-03-05
12779,asumaa213,38,Abordable,2026-03-05
12780,daropa,31,Abordable,2026-03-05
12781,cdz_anto,30,Abordable,2026-03-05
12782,Figoluuuu,30,Abordable,2026-03-05
12783,oneilie,30,Abordable,2026-03-05
12784,grizly64,30,Abordable,2026-03-05
12785,mi_marion,30,Abordable,2026-03-05
12786,Naejirah,30,Abordable,2026-03-05
12787,kujo_01_,30,Abordable,2026-03-05
12788,nukex64,30,Abordable,2026-03-05
12789,jeetix13,30,Abordable,2026-03-05
12790,LuluX852,30,Abordable,2026-03-05
12791,maryview_,30,Abordable,2026-03-05
12792,louislgrnt,30,Abordable,2026-03-05
12793,Toumba,30,Abordable,2026-03-05
12794,Ugly_Dingzy,30,Abordable,2026-03-05
12795,marfy1232,25,Abordable,2026-03-05
12796,Alexey_yyy,24,Abordable,2026-03-05
12797,UnPand4,18,Abordable,2026-03-05
12798,noecc33,8,Abordable,2026-03-05
12799,william_lardechois,6,Abordable,2026-03-05
12800,blk_973,3,Abordable,2026-03-05
12801,roxie_mt,1,Abordable,2026-03-05
12802,JujuLaChips_,0,Abordable,2026-03-05
12803,mr_thoomas,0,Abordable,2026-03-05
12804,sauvagericc,0,Abordable,2026-03-05
12805,erzaslot,0,Abordable,2026-03-05
12806,prepathlas,0,Abordable,2026-03-05
12807,stylyrus,0,Abordable,2026-03-05
12808,lecture240,0,Abordable,2026-03-05
12809,matjam2005,0,Abordable,2026-03-05
1,Poy0o7,2353,Expert,2026-03-05
2,XavINSA_,2348,Expert,2026-03-05
3,Oriharaaa_,2344,Expert,2026-03-05
4,RED_JAZ,2319,Expert,2026-03-05
5,thanann12,2315,Expert,2026-03-05
6,Herbiv,2284,Expert,2026-03-05
7,ralph_flo,2257,Expert,2026-03-05
8,Richbis,2199,Expert,2026-03-05
9,scottsbury,2169,Expert,2026-03-05
10,Deelfe,2168,Expert,2026-03-05
11,amulus91,2160,Expert,2026-03-05
12,willy_pagnol,2144,Expert,2026-03-05
13,mdr_olfan79,2087,Expert,2026-03-05
14,Vayke084,2086,Expert,2026-03-05
15,Tapalchoix,2084,Expert,2026-03-05
16,ju_mardy,2078,Expert,2026-03-05
17,totototomas123,2074,Expert,2026-03-05
18,hawkinsstv,2070,Expert,2026-03-05
19,yoyoseb29,2069,Expert,2026-03-05
20,enzodalby,2065,Expert,2026-03-05
21,jaxa1987,2054,Expert,2026-03-05
22,armosfr,2046,Expert,2026-03-05
23,Kid_Treplev,2045,Expert,2026-03-05
24,pindeslandes2,2043,Expert,2026-03-05
25,ronalbert33,2039,Expert,2026-03-05
26,Maitre_JB,2039,Expert,2026-03-05
27,Cokeuhlikot,2038,Expert,2026-03-05
28,xanabud,2036,Expert,2026-03-05
29,erag0nyc,2010,Expert,2026-03-05
30,livebreizh,2009,Expert,2026-03-05
31,denissanchez1978,1998,Expert,2026-03-05
32,jotunheim29,1972,Expert,2026-03-05
33,Akena_EFE,1972,Expert,2026-03-05
34,N_Selenian,1934,Expert,2026-03-05
35,biugn,1934,Expert,2026-03-05
36,zigzag_ld,1928,Expert,2026-03-05
37,akypiiik,1925,Expert,2026-03-05
38,kecyftn,1923,Expert,2026-03-05
39,SkylagStream,1908,Expert,2026-03-05
40,ElColchoneroFR,1908,Expert,2026-03-05
41,alex_11_19_96,1898,Expert,2026-03-05
42,snowkey_y,1886,Expert,2026-03-05
43,athena83__,1886,Expert,2026-03-05
44,EmmyDeter,1883,Expert,2026-03-05
45,cpegorier,1860,Expert,2026-03-05
46,thehautifl,1859,Expert,2026-03-05
47,guigsdu17,1844,Expert,2026-03-05
48,smfc95,1844,Expert,2026-03-05
49,xelel06,1834,Expert,2026-03-05
50,SpleenEtFlemme,1833,Expert,2026-03-05
51,TheApac,1824,Expert,2026-03-05
52,zecharentais,1807,Expert,2026-03-05
53,AliGerBrap,1804,Expert,2026-03-05
54,B0udrick,1803,Expert,2026-03-05
55,eliaas755,1791,Expert,2026-03-05
56,lolokhali,1778,Expert,2026-03-05
57,pierre0042,1777,Expert,2026-03-05
58,Noahzis_,1773,Expert,2026-03-05
59,Lvxn_,1772,Expert,2026-03-05
60,tractopoule_,1769,Expert,2026-03-05
61,Ascogone,1754,Expert,2026-03-05
62,big_toto,1745,Expert,2026-03-05
63,TamPoque,1733,Expert,2026-03-05
64,suplex63,1721,Expert,2026-03-05
65,motel_86,1718,Expert,2026-03-05
66,TnT04100,1718,Expert,2026-03-05
67,91benda,1713,Expert,2026-03-05
68,Theodiric3,1711,Expert,2026-03-05
69,ThePylote,1709,Expert,2026-03-05
70,windsorlockwood,1702,Expert,2026-03-05
71,JankieChad,1686,Expert,2026-03-05
72,jepeuxtemontrerlescrocs,1681,Expert,2026-03-05
73,Joyphena,1680,Expert,2026-03-05
74,Annonyme31,1674,Expert,2026-03-05
75,chessopus111,1667,Expert,2026-03-05
76,gavheda,1660,Expert,2026-03-05
77,TerrliNainPosteur,1655,Expert,2026-03-05
78,sappheiross_,1650,Expert,2026-03-05
79,tan_tris,1646,Expert,2026-03-05
80,louis_lc2,1638,Expert,2026-03-05
81,jesus00733,1629,Expert,2026-03-05
82,EvilNinaSoapy,1628,Expert,2026-03-05
83,valqpuc,1628,Expert,2026-03-05
84,faberneird,1625,Expert,2026-03-05
85,TrollsDesPlaines,1624,Expert,2026-03-05
86,WarzazatXXL,1617,Expert,2026-03-05
87,mm2956,1616,Expert,2026-03-05
88,floriandrux,1612,Expert,2026-03-05
89,math953900,1603,Expert,2026-03-05
90,tomlg3415,1602,Expert,2026-03-05
91,pietrohab,1601,Expert,2026-03-05
92,Cthouloulou,1599,Expert,2026-03-05
93,itsjooris,1599,Expert,2026-03-05
94,eden91940,1593,Expert,2026-03-05
95,el_profesor1989,1580,Expert,2026-03-05
96,SaumonmanL,1567,Expert,2026-03-05
97,sbtfu_fenrir,1567,Expert,2026-03-05
98,malphas68,1565,Expert,2026-03-05
99,hugrotu,1562,Expert,2026-03-05
100,modokomso,1562,Expert,2026-03-05
101,arturizio,1558,Expert,2026-03-05
102,Clem_Brule,1555,Expert,2026-03-05
103,ChercheurdOr,1553,Expert,2026-03-05
104,romain_9_,1544,Expert,2026-03-05
105,BBAGin,1544,Expert,2026-03-05
106,the_rominou,1542,Expert,2026-03-05
107,pandaman_88,1533,Expert,2026-03-05
108,MonsieurBiganon,1528,Expert,2026-03-05
109,oopsxful,1528,Expert,2026-03-05
110,hugokml1,1523,Expert,2026-03-05
111,gusguss22,1523,Expert,2026-03-05
112,noelflantier17,1511,Expert,2026-03-05
113,vulcainta,1509,Expert,2026-03-05
114,ninodechile,1499,Expert,2026-03-05
115,MyopicTortoise,1494,Expert,2026-03-05
116,mpointc,1493,Expert,2026-03-05
117,Guirlyn,1490,Expert,2026-03-05
118,Helyades,1490,Expert,2026-03-05
119,eddydet,1489,Expert,2026-03-05
120,alternatif_,1484,Expert,2026-03-05
121,Laaampadaire,1483,Expert,2026-03-05
122,torethiel,1480,Expert,2026-03-05
123,pabl0escabo,1473,Expert,2026-03-05
124,mc_chombaart,1472,Expert,2026-03-05
125,pralun_,1472,Expert,2026-03-05
126,skoothyx,1471,Expert,2026-03-05
127,Enarkael,1468,Expert,2026-03-05
128,axzan06,1467,Expert,2026-03-05
129,Jeagles,1467,Expert,2026-03-05
130,GMachine_TV,1463,Expert,2026-03-05
131,iAyO,1460,Expert,2026-03-05
132,quindecim64,1455,Expert,2026-03-05
133,Rusfly,1448,Expert,2026-03-05
134,Preponal,1446,Expert,2026-03-05
135,asterioa_,1446,Expert,2026-03-05
136,ThemaskOo,1432,Expert,2026-03-05
137,flo_1412,1431,Expert,2026-03-05
138,sttaniss,1431,Expert,2026-03-05
139,clemdude,1428,Expert,2026-03-05
140,Superleupho,1426,Expert,2026-03-05
141,flouflouf,1425,Expert,2026-03-05
142,En0zzz,1423,Expert,2026-03-05
143,aikez7,1422,Expert,2026-03-05
144,bodopute,1421,Expert,2026-03-05
145,monsieurzozo_,1417,Expert,2026-03-05
146,ClemtiCP,1415,Expert,2026-03-05
147,La_Gej_,1411,Expert,2026-03-05
148,mourtonus,1410,Expert,2026-03-05
149,mcgregg1977,1410,Expert,2026-03-05
150,dalmuti1,1403,Expert,2026-03-05
151,Aelystos,1403,Expert,2026-03-05
152,Azdakar,1401,Expert,2026-03-05
153,playergab1,1389,Expert,2026-03-05
154,nouvier64,1389,Expert,2026-03-05
155,machicouliis,1388,Expert,2026-03-05
156,g8velo,1388,Expert,2026-03-05
157,chardonnere,1388,Expert,2026-03-05
158,rapi2244,1383,Expert,2026-03-05
159,hi8hram,1381,Expert,2026-03-05
160,Clem31011,1380,Expert,2026-03-05
161,fulgurys_noam,1380,Expert,2026-03-05
162,Vylkhin,1379,Expert,2026-03-05
163,mfp_wanderer,1371,Expert,2026-03-05
164,JeanCatherine,1366,Expert,2026-03-05
165,n_legends,1365,Expert,2026-03-05
166,MrGravlax,1364,Expert,2026-03-05
167,KuromeJ,1356,Expert,2026-03-05
168,FalconPoulet,1356,Expert,2026-03-05
169,Gogogogo,1355,Expert,2026-03-05
170,annepo9,1352,Expert,2026-03-05
171,montgolfiere23,1350,Expert,2026-03-05
172,agnruv,1347,Expert,2026-03-05
173,hassen_ijou,1347,Expert,2026-03-05
174,arkogy,1344,Expert,2026-03-05
175,armyos,1342,Expert,2026-03-05
176,Skouaibe,1341,Expert,2026-03-05
177,Ikioub,1340,Expert,2026-03-05
178,santorodu46,1339,Expert,2026-03-05
179,friday_next,1338,Expert,2026-03-05
180,pepitofurtif_,1337,Expert,2026-03-05
181,jimmyceltics95,1332,Expert,2026-03-05
182,lacremiere07,1332,Expert,2026-03-05
183,RRRubiks,1330,Expert,2026-03-05
184,luckylukeol,1328,Expert,2026-03-05
185,LeagueOfQPUC,1326,Expert,2026-03-05
186,win_le_maitre8,1324,Expert,2026-03-05
187,alicio_kh,1319,Expert,2026-03-05
188,fl8shblack,1318,Expert,2026-03-05
189,BlueHando,1318,Expert,2026-03-05
190,Lilloote,1316,Expert,2026-03-05
191,mikados83,1316,Expert,2026-03-05
192,KorovievBC,1316,Expert,2026-03-05
193,PurpleTurtle34,1314,Expert,2026-03-05
194,tengr1iaf,1314,Expert,2026-03-05
195,alexis_180_05,1312,Expert,2026-03-05
196,ratinho__7,1310,Expert,2026-03-05
197,Liquid0ceIot,1307,Expert,2026-03-05
198,derkprono,1307,Expert,2026-03-05
199,flozz42,1303,Expert,2026-03-05
200,polymathe14,1301,Expert,2026-03-05
201,LaurentxLoL,1300,Expert,2026-03-05
202,AirCeos_,1296,Expert,2026-03-05
203,robin_des_boites_,1296,Expert,2026-03-05
204,AOPMaroilles,1293,Expert,2026-03-05
205,Neicilef,1282,Expert,2026-03-05
206,eris_1207,1280,Expert,2026-03-05
207,martin_wiz,1280,Expert,2026-03-05
208,Amauryarti,1279,Expert,2026-03-05
209,Aydrow_,1278,Expert,2026-03-05
210,un_nain_parfait,1277,Expert,2026-03-05
211,pluie14,1274,Expert,2026-03-05
212,cestdric,1273,Expert,2026-03-05
213,Axelfauteuil,1272,Expert,2026-03-05
214,Feainnwedd,1270,Expert,2026-03-05
215,bill_playmo,1269,Expert,2026-03-05
216,xfwonka,1263,Expert,2026-03-05
217,Slt_,1263,Expert,2026-03-05
218,meleykali,1261,Expert,2026-03-05
219,lucie_loves_cheese,1260,Expert,2026-03-05
220,el_corsaire,1260,Expert,2026-03-05
221,Mbemsmile,1260,Expert,2026-03-05
222,ABcornichon3,1259,Expert,2026-03-05
223,internova_,1258,Expert,2026-03-05
224,Todomach,1257,Expert,2026-03-05
225,Vladousse,1253,Expert,2026-03-05
226,lukeju26,1252,Expert,2026-03-05
227,louis__4,1252,Expert,2026-03-05
228,brringer,1251,Expert,2026-03-05
229,magimiel,1250,Expert,2026-03-05
230,tout_un_fromaj,1246,Expert,2026-03-05
231,iko7,1246,Expert,2026-03-05
232,schrymp,1243,Expert,2026-03-05
233,bastonks,1241,Expert,2026-03-05
234,Skeneros,1241,Expert,2026-03-05
235,nokiou,1239,Expert,2026-03-05
236,CaNico3D,1236,Expert,2026-03-05
237,lykobro,1235,Expert,2026-03-05
238,eva_decabra,1235,Expert,2026-03-05
239,marie8263,1233,Expert,2026-03-05
240,TheNathy_,1231,Expert,2026-03-05
241,LeRemiii,1230,Expert,2026-03-05
242,Arotuf,1227,Expert,2026-03-05
243,gaofei__,1222,Expert,2026-03-05
244,semper49,1217,Expert,2026-03-05
245,L13_Graphics,1216,Expert,2026-03-05
246,melaninecolie,1216,Expert,2026-03-05
247,captnnoe,1215,Expert,2026-03-05
248,waystar_r0yco,1214,Expert,2026-03-05
249,Nevulas_,1212,Expert,2026-03-05
250,Erpic,1211,Expert,2026-03-05
251,PoireauPane,1210,Expert,2026-03-05
252,beubeulafougere,1210,Expert,2026-03-05
253,maxcanette,1209,Expert,2026-03-05
254,GnR_Blitz,1208,Expert,2026-03-05
255,bisiaam,1208,Expert,2026-03-05
256,Tchoupii66,1208,Expert,2026-03-05
257,fee_lix,1208,Expert,2026-03-05
258,lucasthelucky,1203,Expert,2026-03-05
259,vejeam,1200,Expert,2026-03-05
260,ben_poisson,1197,Expert,2026-03-05
261,KotoLePlusBo,1196,Expert,2026-03-05
262,tgraudie83,1192,Expert,2026-03-05
263,lafastod,1191,Expert,2026-03-05
264,kingofgambas,1189,Expert,2026-03-05
265,lePabe,1187,Expert,2026-03-05
266,veuchdeuf,1187,Expert,2026-03-05
267,alexsjbite,1185,Expert,2026-03-05
268,jo_dieuze,1183,Expert,2026-03-05
269,FrenchArmyGuy,1182,Expert,2026-03-05
270,noxilby23,1180,Expert,2026-03-05
271,Kerrigana,1180,Expert,2026-03-05
272,Lashlabaskme,1177,Expert,2026-03-05
273,jb64a,1173,Expert,2026-03-05
274,linkilou,1173,Expert,2026-03-05
275,le_commando,1172,Expert,2026-03-05
276,kek_eight,1171,Expert,2026-03-05
277,wyrross,1169,Expert,2026-03-05
278,balez88,1169,Expert,2026-03-05
279,ouloulouu8,1168,Expert,2026-03-05
280,sardaukar_roublard,1168,Expert,2026-03-05
281,Elfander713,1164,Expert,2026-03-05
282,theyoooop,1164,Expert,2026-03-05
283,KoalSheep,1163,Expert,2026-03-05
284,amelied33,1163,Expert,2026-03-05
285,thepetitbreton,1161,Expert,2026-03-05
286,adrioux_,1159,Expert,2026-03-05
287,dornab,1159,Expert,2026-03-05
288,LeKagoule,1156,Expert,2026-03-05
289,Feralasse,1155,Expert,2026-03-05
290,Manu230874,1153,Expert,2026-03-05
291,magnoliarain,1151,Expert,2026-03-05
292,Sebcube,1151,Expert,2026-03-05
293,theludayack,1150,Expert,2026-03-05
294,Tanukiiiiiiiiiii,1148,Expert,2026-03-05
295,EGO_bd,1146,Expert,2026-03-05
296,NagisaXpsionne,1144,Expert,2026-03-05
297,downkyz,1144,Expert,2026-03-05
298,ssk68100,1140,Expert,2026-03-05
299,0xonium3,1140,Expert,2026-03-05
300,mehdecin,1140,Expert,2026-03-05
301,LauranneChavel,1137,Expert,2026-03-05
302,Njuk,1137,Expert,2026-03-05
303,Didier_is_diamond,1135,Expert,2026-03-05
304,Rodsyyy,1135,Expert,2026-03-05
305,CorsicanGambler,1135,Expert,2026-03-05
306,lulurpz2740,1132,Expert,2026-03-05
307,lilico0410,1131,Expert,2026-03-05
308,byakorh,1130,Expert,2026-03-05
309,leb_theo,1129,Expert,2026-03-05
310,princesse_cradouille,1127,Expert,2026-03-05
311,spolioz,1124,Expert,2026-03-05
312,SabakuJulien,1122,Expert,2026-03-05
313,QuaszarMeister,1120,Expert,2026-03-05
314,nataachaaa,1118,Expert,2026-03-05
315,rd_lou,1115,Expert,2026-03-05
316,Gophie,1113,Expert,2026-03-05
317,quetzalitoo,1111,Expert,2026-03-05
318,Raiden27,1110,Expert,2026-03-05
319,sarode22_,1108,Expert,2026-03-05
320,ndkdkoslzvdi,1108,Expert,2026-03-05
321,vulcocitronade,1106,Expert,2026-03-05
322,just1mart1,1106,Expert,2026-03-05
323,matt3xbot,1104,Expert,2026-03-05
324,angelique_grdn,1102,Expert,2026-03-05
325,abdelkiks,1101,Expert,2026-03-05
326,sebnet25,1100,Expert,2026-03-05
327,mlle_cha,1099,Expert,2026-03-05
328,fl00da,1099,Expert,2026-03-05
329,jumars33,1097,Expert,2026-03-05
330,CaptainSebji,1097,Expert,2026-03-05
331,beurredoux_namnam,1095,Expert,2026-03-05
332,French_Ninja,1091,Expert,2026-03-05
333,lechapelier55,1090,Expert,2026-03-05
334,klaratsh,1088,Expert,2026-03-05
335,adr75,1087,Expert,2026-03-05
336,lm_oc,1086,Expert,2026-03-05
337,maitre_platine,1085,Expert,2026-03-05
338,carlosmir96,1084,Expert,2026-03-05
339,Eusphodus,1083,Expert,2026-03-05
340,Simboy31,1082,Expert,2026-03-05
341,3timit3,1082,Expert,2026-03-05
342,Hedw1ge,1082,Expert,2026-03-05
343,xpims,1081,Expert,2026-03-05
344,kiiiiiwiiiiii1,1081,Expert,2026-03-05
345,Gabivad,1080,Expert,2026-03-05
346,claraa_l,1079,Expert,2026-03-05
347,padekdos,1071,Expert,2026-03-05
348,Xazou72,1070,Expert,2026-03-05
349,sethzx63,1068,Expert,2026-03-05
350,Loucaluz,1066,Expert,2026-03-05
351,ninibouquiine,1061,Expert,2026-03-05
352,peyo222,1061,Expert,2026-03-05
353,Enerousse,1061,Expert,2026-03-05
354,Fressouer,1060,Expert,2026-03-05
355,captain_nemo7,1059,Expert,2026-03-05
356,guillaume_alld62,1059,Expert,2026-03-05
357,TintinTamarre,1059,Expert,2026-03-05
358,Pano404,1058,Expert,2026-03-05
359,nicogo2155,1055,Expert,2026-03-05
360,MrNerwey,1054,Expert,2026-03-05
361,kb946,1053,Expert,2026-03-05
362,Merygold_,1053,Expert,2026-03-05
363,jordantoulalan,1053,Expert,2026-03-05
364,DocUtom,1052,Expert,2026-03-05
365,the_trazom,1051,Expert,2026-03-05
366,robxa27,1051,Expert,2026-03-05
367,utopie_r,1049,Expert,2026-03-05
368,Zeltharyon,1048,Expert,2026-03-05
369,oreuga_,1047,Expert,2026-03-05
370,elcurbo,1047,Expert,2026-03-05
371,LeGouicheur,1042,Expert,2026-03-05
372,adamounaking,1041,Expert,2026-03-05
373,max5960,1039,Expert,2026-03-05
374,TonyDan_,1039,Expert,2026-03-05
375,cedricblandin,1039,Expert,2026-03-05
376,lucieebl,1037,Expert,2026-03-05
377,TiboMarsiho,1037,Expert,2026-03-05
378,Selachimorpha__,1035,Expert,2026-03-05
379,Areki_,1035,Expert,2026-03-05
380,frafrax,1033,Expert,2026-03-05
381,theodebx,1033,Expert,2026-03-05
382,BranlixLeGaulois,1032,Expert,2026-03-05
383,Serial76,1031,Expert,2026-03-05
384,lothorcanie,1031,Expert,2026-03-05
385,LittleYugo,1030,Expert,2026-03-05
386,palox_213,1029,Expert,2026-03-05
387,Valkeine,1029,Expert,2026-03-05
388,maxou1409,1028,Expert,2026-03-05
389,Loyyso,1028,Expert,2026-03-05
390,CatCahuait,1028,Expert,2026-03-05
391,baatoou,1027,Expert,2026-03-05
392,ourssucrerie,1026,Expert,2026-03-05
393,Niflheim13,1025,Expert,2026-03-05
394,HardenBoar,1025,Expert,2026-03-05
395,Candyce,1024,Expert,2026-03-05
396,speedygonzalix,1023,Expert,2026-03-05
397,toneanother,1021,Expert,2026-03-05
398,donyzi,1020,Expert,2026-03-05
399,aurelbj75,1019,Expert,2026-03-05
400,tobias_frd,1019,Expert,2026-03-05
401,apooooo__,1018,Expert,2026-03-05
402,Ryad__c,1018,Expert,2026-03-05
403,clementlaimant,1017,Expert,2026-03-05
404,raph1414,1017,Expert,2026-03-05
405,magicdidou34,1017,Expert,2026-03-05
406,TahzioRadioFrance,1017,Expert,2026-03-05
407,xx_jojodu42_xx,1016,Expert,2026-03-05
408,nonolabiscottezer,1016,Expert,2026-03-05
409,mimines1,1015,Expert,2026-03-05
410,alcarex09,1015,Expert,2026-03-05
411,artistepeintre26,1015,Expert,2026-03-05
412,Smash_MonStreamMaBataille,1015,Expert,2026-03-05
413,claude_maillou,1014,Expert,2026-03-05
414,lipstick44160,1013,Expert,2026-03-05
415,wayneseb,1011,Expert,2026-03-05
416,knackiy,1009,Expert,2026-03-05
417,anjoyl,1009,Expert,2026-03-05
418,chloeamt,1007,Expert,2026-03-05
419,Ximile,1004,Expert,2026-03-05
420,leana_amor,1004,Expert,2026-03-05
421,adriknox,1003,Expert,2026-03-05
422,HeebooKuro,1003,Expert,2026-03-05
423,may3316,1003,Expert,2026-03-05
424,ilyas_,1001,Expert,2026-03-05
425,maxkass_13,1001,Expert,2026-03-05
426,ItsMangho,998,Expert,2026-03-05
427,jomsu23,998,Expert,2026-03-05
428,sunjuux3,997,Expert,2026-03-05
429,minouche7463,996,Expert,2026-03-05
430,Paultraunesofa,995,Expert,2026-03-05
431,yeloi,994,Expert,2026-03-05
432,ImFormalYT,993,Expert,2026-03-05
433,Dodo2308,993,Expert,2026-03-05
434,bidet76,993,Expert,2026-03-05
435,nanet3974,993,Expert,2026-03-05
436,aurelie_dtv,991,Expert,2026-03-05
437,Slitter087,991,Expert,2026-03-05
438,alain195417,990,Expert,2026-03-05
439,griicha,987,Expert,2026-03-05
440,beetle_21,987,Expert,2026-03-05
441,C3PetDansLEau,987,Expert,2026-03-05
442,elpiteleto,986,Expert,2026-03-05
443,sidesoul,986,Expert,2026-03-05
444,TakoHetto,983,Expert,2026-03-05
445,Azuron_,982,Expert,2026-03-05
446,mstrsolodolo,981,Expert,2026-03-05
447,yanisflxxx,979,Expert,2026-03-05
448,ptitbouh,978,Expert,2026-03-05
449,cactuspoeme6,978,Expert,2026-03-05
450,jeremiejk,976,Expert,2026-03-05
451,mathiswolfie,975,Expert,2026-03-05
452,djyoyo123,971,Expert,2026-03-05
453,gilles_bourque,970,Expert,2026-03-05
454,eblett,970,Expert,2026-03-05
455,zeligggg,970,Expert,2026-03-05
456,BrorenTilTchoupi,970,Expert,2026-03-05
457,peacefulcatworld,969,Expert,2026-03-05
458,EldurionJ,968,Expert,2026-03-05
459,gudulesuperstar,968,Expert,2026-03-05
460,tsquoir51,968,Expert,2026-03-05
461,jakku003,967,Expert,2026-03-05
462,sherpearce,965,Expert,2026-03-05
463,CamyrtilleMC,963,Expert,2026-03-05
464,saaam888,960,Expert,2026-03-05
465,artepat,959,Expert,2026-03-05
466,ohlegigi,957,Expert,2026-03-05
467,wewen_17,955,Expert,2026-03-05
468,Mazkeem,953,Expert,2026-03-05
469,lougneh,952,Expert,2026-03-05
470,Shikoroh,949,Expert,2026-03-05
471,pandabubu,949,Expert,2026-03-05
472,rekkvinnan,949,Expert,2026-03-05
473,ivyix,948,Expert,2026-03-05
474,mpaolinocd,947,Expert,2026-03-05
475,Cezawy,946,Expert,2026-03-05
476,f4lco_10,945,Expert,2026-03-05
477,yoballers,945,Expert,2026-03-05
478,Herakles64,944,Expert,2026-03-05
479,jbalvin88,944,Expert,2026-03-05
480,Lwizhart,943,Expert,2026-03-05
481,gaubian,941,Expert,2026-03-05
482,carlitalovesbees,940,Expert,2026-03-05
483,larbex10,938,Expert,2026-03-05
484,bapt0511,938,Expert,2026-03-05
485,toujoudelika,937,Expert,2026-03-05
486,nouyork_hs,937,Expert,2026-03-05
487,zeasonb,932,Expert,2026-03-05
488,maeveaml25,931,Expert,2026-03-05
489,elflavosss,930,Expert,2026-03-05
490,Kerroaz,929,Expert,2026-03-05
491,benoireuhh,928,Expert,2026-03-05
492,MrThanaka,928,Expert,2026-03-05
493,vincentavellana,928,Expert,2026-03-05
494,skil0ne,925,Expert,2026-03-05
495,liliyii,924,Expert,2026-03-05
496,Jee64,924,Expert,2026-03-05
497,soussonoeil,923,Expert,2026-03-05
498,percvaldegalles,921,Expert,2026-03-05
499,Doubhea,920,Expert,2026-03-05
500,sachiel66,919,Expert,2026-03-05
501,helshan,919,Expert,2026-03-05
502,soaad12345,919,Expert,2026-03-05
503,metaphenix25,917,Expert,2026-03-05
504,Redfirds,917,Expert,2026-03-05
505,kalyse83,915,Expert,2026-03-05
506,servietsky488,914,Expert,2026-03-05
507,antkil02,914,Expert,2026-03-05
508,Lohem54,913,Expert,2026-03-05
509,ShowtimeXIII,913,Expert,2026-03-05
510,0xard,912,Expert,2026-03-05
511,Razac76,912,Expert,2026-03-05
512,Hinata_live,911,Expert,2026-03-05
513,Nico_Olyvian,910,Expert,2026-03-05
514,romanimaux,910,Expert,2026-03-05
515,sorzi,908,Expert,2026-03-05
516,axorem0202,906,Expert,2026-03-05
517,nnrclt,905,Expert,2026-03-05
518,prnce08,905,Expert,2026-03-05
519,MehdiYopi,905,Expert,2026-03-05
520,tomnz945,904,Expert,2026-03-05
521,Zigaroula,904,Expert,2026-03-05
522,beubaz,904,Expert,2026-03-05
523,camoxx_,902,Expert,2026-03-05
524,Adwon_,901,Expert,2026-03-05
525,dionysos1310,901,Expert,2026-03-05
526,punzeer,899,Expert,2026-03-05
527,m3ch3l,899,Expert,2026-03-05
528,Matthieu_avec_2T,898,Expert,2026-03-05
529,Sebayer,898,Expert,2026-03-05
530,Nwardezyr,897,Expert,2026-03-05
531,m8_nanocif,897,Expert,2026-03-05
532,molabikhov,896,Expert,2026-03-05
533,norak_26,894,Expert,2026-03-05
534,tamsoueg,894,Expert,2026-03-05
535,eiden94,894,Expert,2026-03-05
536,pouill4x,893,Expert,2026-03-05
537,maattieu16,893,Expert,2026-03-05
538,moletg74,892,Expert,2026-03-05
539,BehelFR,892,Expert,2026-03-05
540,zetiti270,886,Expert,2026-03-05
541,Koalet,883,Expert,2026-03-05
542,megata__,883,Expert,2026-03-05
543,Alpoca1,882,Expert,2026-03-05
544,OrelChien,880,Expert,2026-03-05
545,caerwyn8,879,Expert,2026-03-05
546,Escarryna,878,Expert,2026-03-05
547,steph1769300,877,Expert,2026-03-05
548,bolchepitch,874,Expert,2026-03-05
549,baiikoo,874,Expert,2026-03-05
550,andulo9150,872,Expert,2026-03-05
551,guigvk,871,Expert,2026-03-05
552,Dekkhen,870,Expert,2026-03-05
553,silvamillon,869,Expert,2026-03-05
554,Pierrox5,869,Expert,2026-03-05
555,cloclochlo_b,868,Expert,2026-03-05
556,Spido39,868,Expert,2026-03-05
557,berrytos,867,Expert,2026-03-05
558,Fubinix,865,Expert,2026-03-05
559,albanne,864,Expert,2026-03-05
560,marie_etsespetitstraits,863,Expert,2026-03-05
561,benjir21,862,Expert,2026-03-05
562,mb3105,862,Expert,2026-03-05
563,wazanimay_,860,Expert,2026-03-05
564,kiyuq666,859,Expert,2026-03-05
565,harveyslim,856,Expert,2026-03-05
566,valairlines_,855,Expert,2026-03-05
567,m_bouly67,853,Expert,2026-03-05
568,Zifuko_de_la_B,852,Expert,2026-03-05
569,bananaspif,852,Expert,2026-03-05
570,Guicri_,852,Expert,2026-03-05
571,lacraw666,851,Expert,2026-03-05
572,lakitex,851,Expert,2026-03-05
573,romslatempete,851,Expert,2026-03-05
574,tinckiiwinckii1,851,Expert,2026-03-05
575,nico14_twitch,851,Expert,2026-03-05
576,quentinhgg27,850,Expert,2026-03-05
577,amosdq,848,Expert,2026-03-05
578,lijiko98,848,Expert,2026-03-05
579,liam_2307,846,Expert,2026-03-05
580,EmudDemasic,846,Expert,2026-03-05
581,baretus,846,Expert,2026-03-05
582,Tilston,846,Expert,2026-03-05
583,Miloumath,846,Expert,2026-03-05
584,anais_sg,846,Expert,2026-03-05
585,zetla7,845,Expert,2026-03-05
586,RickyMuscle,845,Expert,2026-03-05
587,wiggly_boy,844,Expert,2026-03-05
588,svz_anarion,844,Expert,2026-03-05
589,TheAmazingBishop,844,Expert,2026-03-05
590,asheb00,843,Expert,2026-03-05
591,Kaourentin_,842,Expert,2026-03-05
592,eliott00000000,842,Expert,2026-03-05
593,balledegolf,841,Expert,2026-03-05
594,celsanfri,840,Expert,2026-03-05
595,emmabuisson222,840,Expert,2026-03-05
596,seblepieux,839,Expert,2026-03-05
597,sebway,838,Expert,2026-03-05
598,dy0uu,836,Expert,2026-03-05
599,maitre_oasis,836,Expert,2026-03-05
600,Yotinshull,833,Expert,2026-03-05
601,R4tatosk,831,Expert,2026-03-05
602,Ewylinia,829,Expert,2026-03-05
603,melyxis,828,Expert,2026-03-05
604,asteria3038,828,Expert,2026-03-05
605,TempoBack,828,Expert,2026-03-05
606,moriartt,827,Expert,2026-03-05
607,eliox_lapox,826,Expert,2026-03-05
608,universalis_max,825,Expert,2026-03-05
609,Ascure,824,Expert,2026-03-05
610,cla_bou_,823,Expert,2026-03-05
611,KCconstantin,822,Expert,2026-03-05
612,Fefelhhhh,819,Expert,2026-03-05
613,ssybele,818,Expert,2026-03-05
614,pascaline5956,817,Expert,2026-03-05
615,dyonisos086,817,Expert,2026-03-05
616,romelcz,817,Expert,2026-03-05
617,celin_brownie,817,Expert,2026-03-05
618,SantiDeRiv,816,Expert,2026-03-05
619,MsieurDodo,816,Expert,2026-03-05
620,batandleo,816,Expert,2026-03-05
621,suffpapy,814,Expert,2026-03-05
622,Alexdr_sle,814,Expert,2026-03-05
623,muhfassa,812,Expert,2026-03-05
624,paul_f_t,811,Expert,2026-03-05
625,jeanmichelrebou,809,Expert,2026-03-05
626,andreas09500,809,Expert,2026-03-05
627,joeyxuyhj,809,Expert,2026-03-05
628,damso_22,808,Expert,2026-03-05
629,yannmdc,807,Expert,2026-03-05
630,TsepmeTRednuhT,807,Expert,2026-03-05
631,valenting9378,806,Expert,2026-03-05
632,kraken_ti,806,Expert,2026-03-05
633,Lord_Drake_,806,Expert,2026-03-05
634,MrRuseur,802,Expert,2026-03-05
635,ton_gros_front_lisse,800,Expert,2026-03-05
636,Apost0phe,799,Expert,2026-03-05
637,malo_dschs,798,Expert,2026-03-05
638,MINISKYFALL,795,Expert,2026-03-05
639,Mouzouill,795,Expert,2026-03-05
640,FyyTox,794,Expert,2026-03-05
641,improsteur,793,Expert,2026-03-05
642,camcombloux,793,Expert,2026-03-05
643,jubryant,793,Expert,2026-03-05
644,Zaringers,793,Expert,2026-03-05
645,Aquarius_56,792,Expert,2026-03-05
646,ElHash17,792,Expert,2026-03-05
647,lucioole13,790,Expert,2026-03-05
648,matdudedude,789,Expert,2026-03-05
649,sophie_lxn,788,Expert,2026-03-05
650,Bepo____,787,Expert,2026-03-05
651,yayachoucroute_officiel,787,Expert,2026-03-05
652,RoseChateau,787,Expert,2026-03-05
653,w4ld00,785,Expert,2026-03-05
654,HouussLeRetour,784,Expert,2026-03-05
655,ares_p13,784,Expert,2026-03-05
656,lukasdurok,782,Expert,2026-03-05
657,jsplusmonidentifiantetmdp,781,Expert,2026-03-05
658,komagik,781,Expert,2026-03-05
659,Kramer_McBarrett,781,Expert,2026-03-05
660,TangDara,780,Expert,2026-03-05
661,Vorax2102,779,Expert,2026-03-05
662,eli0x58,779,Expert,2026-03-05
663,jiiraph,778,Expert,2026-03-05
664,emphaaaa,776,Expert,2026-03-05
665,gauwilzam_mp4,774,Expert,2026-03-05
666,turrix_zip,774,Expert,2026-03-05
667,cissou3324,773,Expert,2026-03-05
668,jchamign,773,Expert,2026-03-05
669,lemonkilter,773,Expert,2026-03-05
670,virgilux,772,Expert,2026-03-05
671,MTX_Magikzz,772,Expert,2026-03-05
672,Doway,772,Expert,2026-03-05
673,leunachos,771,Expert,2026-03-05
674,STEUSSO,770,Expert,2026-03-05
675,TanguyOM,770,Expert,2026-03-05
676,enzolaplante,769,Expert,2026-03-05
677,Serviiiietsky,768,Expert,2026-03-05
678,jujustumeuh,768,Expert,2026-03-05
679,Belkahiaa,768,Expert,2026-03-05
680,cloe5788a,766,Expert,2026-03-05
681,toby_hornetsfr,766,Expert,2026-03-05
682,matlhhg31,766,Expert,2026-03-05
683,gabsdou,766,Expert,2026-03-05
684,hortensia06,765,Expert,2026-03-05
685,bethored25,765,Expert,2026-03-05
686,Qorback,765,Expert,2026-03-05
687,Notitou,765,Expert,2026-03-05
688,Pagui,764,Expert,2026-03-05
689,CeresLaPlanete,764,Expert,2026-03-05
690,hugoooo0_,762,Expert,2026-03-05
691,angelique51000,760,Expert,2026-03-05
692,rnobz71,759,Expert,2026-03-05
693,v2ajnbl9,757,Expert,2026-03-05
694,nicowthehead,757,Expert,2026-03-05
695,campiignon,755,Expert,2026-03-05
696,Thib_ouille,755,Expert,2026-03-05
697,Licorne_Flakes,755,Expert,2026-03-05
698,regaabi,753,Expert,2026-03-05
699,nanou33190,752,Expert,2026-03-05
700,Sherlock_3571,751,Expert,2026-03-05
701,Roubaixe,748,Expert,2026-03-05
702,t0ul0use47,746,Expert,2026-03-05
703,louproch,744,Expert,2026-03-05
704,jefloow,743,Expert,2026-03-05
705,SquaredGrunt,742,Expert,2026-03-05
706,Rapik79,742,Expert,2026-03-05
707,coeurpendule,741,Expert,2026-03-05
708,tan__ki,740,Expert,2026-03-05
709,Demurah,739,Expert,2026-03-05
710,julien_gsmt,737,Expert,2026-03-05
711,asdelatlas,737,Expert,2026-03-05
712,ZachLeStream,737,Expert,2026-03-05
713,clallema,735,Expert,2026-03-05
714,bletzpack,735,Expert,2026-03-05
715,poupoutte,734,Expert,2026-03-05
716,domitille_sans,734,Expert,2026-03-05
717,nathbgnn,733,Expert,2026-03-05
718,Brigadoon8,733,Expert,2026-03-05
719,KixLaMenace_,731,Expert,2026-03-05
720,lul_fdz,730,Expert,2026-03-05
721,linfinitumm,730,Expert,2026-03-05
722,remissile_,730,Expert,2026-03-05
723,lealavraiee,729,Expert,2026-03-05
724,Typlouf_,728,Expert,2026-03-05
725,zenox170,728,Expert,2026-03-05
726,enzolebogose,728,Expert,2026-03-05
727,CharlemagneDuBled,728,Expert,2026-03-05
728,Kowalsky06,727,Expert,2026-03-05
729,flow56300,727,Expert,2026-03-05
730,salutbob720,727,Expert,2026-03-05
731,ang9lee,727,Expert,2026-03-05
732,DTJ_01,727,Expert,2026-03-05
733,toxxinswitch,726,Expert,2026-03-05
734,LSel_grenade,726,Expert,2026-03-05
735,Fantomas44,725,Expert,2026-03-05
736,grootplan,725,Expert,2026-03-05
737,Kelzara,725,Expert,2026-03-05
738,Lily_ace,725,Expert,2026-03-05
739,JudastaZ_,725,Expert,2026-03-05
740,JoshBrolin34,724,Expert,2026-03-05
741,firox_91,724,Expert,2026-03-05
742,mx2gunrs,724,Expert,2026-03-05
743,pneumothorman,723,Expert,2026-03-05
744,cledesol45,723,Expert,2026-03-05
745,passerine23,723,Expert,2026-03-05
746,Lodjigg,722,Expert,2026-03-05
747,guezman555,722,Expert,2026-03-05
748,pachangaboi,721,Expert,2026-03-05
749,stone__island_,720,Expert,2026-03-05
750,Themrzz,719,Expert,2026-03-05
751,Narim0,715,Expert,2026-03-05
752,Light_srh,715,Expert,2026-03-05
753,bapinho_22,713,Expert,2026-03-05
754,jylix_,712,Expert,2026-03-05
755,snakinho74,712,Expert,2026-03-05
756,tuktuk286,711,Expert,2026-03-05
757,mockingjay1230,711,Expert,2026-03-05
758,Erx0n,711,Expert,2026-03-05
759,AhriRoseElmac,711,Expert,2026-03-05
760,romaiin3898,710,Expert,2026-03-05
761,TamagoSpace,710,Expert,2026-03-05
762,mrthiol,709,Expert,2026-03-05
763,miniacs,708,Expert,2026-03-05
764,DANLCARTON,707,Expert,2026-03-05
765,aodhan_lb,706,Expert,2026-03-05
766,kimpawssible,705,Expert,2026-03-05
767,ademonio3,705,Expert,2026-03-05
768,druidebonux,704,Expert,2026-03-05
769,battlamenace,704,Expert,2026-03-05
770,inesr81,704,Expert,2026-03-05
771,el_jaguar8,704,Expert,2026-03-05
772,keryoma,703,Expert,2026-03-05
773,freulanf,703,Expert,2026-03-05
774,xenol57,703,Expert,2026-03-05
775,noebsn,702,Expert,2026-03-05
776,ZenysDrago,701,Expert,2026-03-05
777,martiinuuus,700,Expert,2026-03-05
778,wyngfire,700,Expert,2026-03-05
779,srusru0805,700,Expert,2026-03-05
780,Tourop29,699,Expert,2026-03-05
781,Adar59,696,Expert,2026-03-05
782,Asmowo,695,Expert,2026-03-05
783,SileksTV,694,Expert,2026-03-05
784,djolissu,693,Expert,2026-03-05
785,Hemistiche_,693,Expert,2026-03-05
786,gfunkybasse,693,Expert,2026-03-05
787,OzymandiasFG,693,Expert,2026-03-05
788,maximeouais,691,Expert,2026-03-05
789,naoofr,691,Expert,2026-03-05
790,bipraxk,691,Expert,2026-03-05
791,Asefy42,690,Expert,2026-03-05
792,vanptide,689,Expert,2026-03-05
793,loooulouuuuuuuuuuuuu,688,Expert,2026-03-05
794,bonjourpierre,688,Expert,2026-03-05
795,otikiz,687,Expert,2026-03-05
796,RedcraftMaster,687,Expert,2026-03-05
797,gaspacho2303,687,Expert,2026-03-05
798,jeanbradley,686,Expert,2026-03-05
799,Buttercupsz_,686,Expert,2026-03-05
800,rebox_fn,686,Expert,2026-03-05
801,louis_bzl,686,Expert,2026-03-05
802,formiwan,685,Expert,2026-03-05
803,thebabet,684,Expert,2026-03-05
804,Lem0n_seed,680,Expert,2026-03-05
805,ModZoL,680,Expert,2026-03-05
806,dechannes,680,Expert,2026-03-05
807,dr_andral,678,Expert,2026-03-05
808,Whytetiger,676,Expert,2026-03-05
809,Aza_elm,676,Expert,2026-03-05
810,aRReVn0,674,Expert,2026-03-05
811,stervox_,674,Expert,2026-03-05
812,KiViK___,671,Expert,2026-03-05
813,fhorn23,671,Expert,2026-03-05
814,flexyyzzz,671,Expert,2026-03-05
815,Kiddy74,669,Expert,2026-03-05
816,plntel,668,Expert,2026-03-05
817,ghalimoums,667,Expert,2026-03-05
818,justerango,667,Expert,2026-03-05
819,kittybzh,666,Expert,2026-03-05
820,pitimikma3l,665,Expert,2026-03-05
821,conni2507,664,Expert,2026-03-05
822,onestufflevrai,663,Expert,2026-03-05
823,luxakyy,663,Expert,2026-03-05
824,prealexx,662,Expert,2026-03-05
825,dondiego6818_,662,Expert,2026-03-05
826,tristan_ryu,662,Expert,2026-03-05
827,alshimistes,662,Expert,2026-03-05
828,Theagaphie,662,Expert,2026-03-05
829,ThaoIan,661,Expert,2026-03-05
830,ayoo231211,660,Expert,2026-03-05
831,clapuik,660,Expert,2026-03-05
832,arthurlongin,660,Expert,2026-03-05
833,Skribbled_,659,Expert,2026-03-05
834,Kenshima,659,Expert,2026-03-05
835,WizerWx,659,Expert,2026-03-05
836,surfysamy23,659,Expert,2026-03-05
837,lerefugedugamer,658,Expert,2026-03-05
838,Shogaro,656,Expert,2026-03-05
839,azgar0,654,Expert,2026-03-05
840,Quentin_FTW,654,Expert,2026-03-05
841,LeNono_TV,654,Expert,2026-03-05
842,fab_oo,653,Expert,2026-03-05
843,kepler_232,653,Expert,2026-03-05
844,eliot_mh,653,Expert,2026-03-05
845,Fl0bio,653,Expert,2026-03-05
846,quenssee,652,Expert,2026-03-05
847,piejeh,652,Expert,2026-03-05
848,Meiin__,649,Expert,2026-03-05
849,eesil,649,Expert,2026-03-05
850,Balem88,648,Expert,2026-03-05
851,psycholink91,648,Expert,2026-03-05
852,Pititlink,648,Expert,2026-03-05
853,Rabenas,648,Expert,2026-03-05
854,Wolfwar78,644,Expert,2026-03-05
855,foulimage,644,Expert,2026-03-05
856,matbudd,641,Expert,2026-03-05
857,cellowo,641,Expert,2026-03-05
858,FirsTerZ,640,Expert,2026-03-05
859,saiko_reiji,640,Expert,2026-03-05
860,jaden37_,639,Expert,2026-03-05
861,armilz,639,Expert,2026-03-05
862,ev4n1r56,639,Expert,2026-03-05
863,nash_ol,638,Expert,2026-03-05
864,clement0330,637,Expert,2026-03-05
865,Bubble__Lisa,637,Expert,2026-03-05
866,balboachess,636,Expert,2026-03-05
867,FXzoroarc,636,Expert,2026-03-05
868,mmaattd,635,Expert,2026-03-05
869,loulou_lezeub,635,Expert,2026-03-05
870,tiny_slippers,635,Expert,2026-03-05
871,DocKrakan,634,Expert,2026-03-05
872,SulfuryDBX,634,Expert,2026-03-05
873,LHV_Sky_DreaM_,633,Expert,2026-03-05
874,ejiil2,633,Expert,2026-03-05
875,lucasinhoom,633,Expert,2026-03-05
876,bobbbyz,631,Expert,2026-03-05
877,mathou_brb,631,Expert,2026-03-05
878,titiriprag,631,Expert,2026-03-05
879,siana23092000,631,Expert,2026-03-05
880,flash_mc_cime,630,Expert,2026-03-05
881,lulu77_,626,Expert,2026-03-05
882,2Mimoch,626,Expert,2026-03-05
883,Kaizonic,626,Expert,2026-03-05
884,Dintitan_G,625,Expert,2026-03-05
885,Patchi6249,625,Expert,2026-03-05
886,crgrd,625,Expert,2026-03-05
887,Nisignem,624,Expert,2026-03-05
888,billmall44310,624,Expert,2026-03-05
889,suuuuzon,623,Expert,2026-03-05
890,baptiste_mnst,622,Expert,2026-03-05
891,keyrran,622,Expert,2026-03-05
892,Idthesheep,622,Expert,2026-03-05
893,laurelineldr,622,Expert,2026-03-05
894,Elyar_TV,622,Expert,2026-03-05
895,Lesathus,622,Expert,2026-03-05
896,arntet,621,Expert,2026-03-05
897,Webelu,621,Expert,2026-03-05
898,yav_jr,621,Expert,2026-03-05
899,Grantef,620,Expert,2026-03-05
900,hulot3012,620,Expert,2026-03-05
901,MrYannSan,620,Expert,2026-03-05
902,Niels_Elit,618,Expert,2026-03-05
903,Operacomix,617,Expert,2026-03-05
904,PlanetGeek,617,Expert,2026-03-05
905,clarartichaud,617,Expert,2026-03-05
906,Valais14,616,Expert,2026-03-05
907,cha_pristi,614,Expert,2026-03-05
908,zaynwtf_,614,Expert,2026-03-05
909,MDCe,614,Expert,2026-03-05
910,linkseff,614,Expert,2026-03-05
911,henricroixrond,613,Expert,2026-03-05
912,BillyBeardo,613,Expert,2026-03-05
913,babou945,612,Expert,2026-03-05
914,Damles,612,Expert,2026-03-05
915,mwtoshi,611,Expert,2026-03-05
916,ngollo13,610,Expert,2026-03-05
917,AVistaDeNas,610,Expert,2026-03-05
918,arianeblack,609,Expert,2026-03-05
919,Waaave__,609,Expert,2026-03-05
920,xTwenkyy,608,Expert,2026-03-05
921,astrologia14,608,Expert,2026-03-05
922,galakmoody,606,Expert,2026-03-05
923,anarkyyyyyyyyy,606,Expert,2026-03-05
924,mathieu_34920,606,Expert,2026-03-05
925,airvivi,605,Expert,2026-03-05
926,franny59,605,Expert,2026-03-05
927,Almo_le_trublion,604,Expert,2026-03-05
928,HadrienCl,604,Expert,2026-03-05
929,XmasFather,603,Expert,2026-03-05
930,freez_skiiz2,602,Expert,2026-03-05
931,TessoTV,602,Expert,2026-03-05
932,Boubouze25,601,Expert,2026-03-05
933,kekeyakari7,599,Expert,2026-03-05
934,melman3107,597,Expert,2026-03-05
935,Neohoops,596,Expert,2026-03-05
936,javierpastore2716,595,Expert,2026-03-05
937,roylapoutre68,593,Expert,2026-03-05
938,chibrillignac,592,Expert,2026-03-05
939,glantichou,592,Expert,2026-03-05
940,alex_pingg,591,Expert,2026-03-05
941,Janken01,590,Expert,2026-03-05
942,zkkdlin,589,Expert,2026-03-05
943,kiiara1234,589,Expert,2026-03-05
944,golrad,588,Expert,2026-03-05
945,hypoallergenique__,588,Expert,2026-03-05
946,hugojoubert01,588,Expert,2026-03-05
947,yannisznt,588,Expert,2026-03-05
948,Youfzer,587,Expert,2026-03-05
949,pawaaaa_,587,Expert,2026-03-05
950,robinase1,586,Expert,2026-03-05
951,trithom23,586,Expert,2026-03-05
952,fixfax83,586,Expert,2026-03-05
953,Tchiktchikk,586,Expert,2026-03-05
954,mllepams,585,Expert,2026-03-05
955,JusteDany,585,Expert,2026-03-05
956,Ju_Tess,585,Expert,2026-03-05
957,Neaflys,585,Expert,2026-03-05
958,Pexmab,584,Expert,2026-03-05
959,Tornoz,584,Expert,2026-03-05
960,kaliro_fr,583,Expert,2026-03-05
961,Pikaxyyy,583,Expert,2026-03-05
962,mjlaucian,582,Expert,2026-03-05
963,R0ch8,582,Expert,2026-03-05
964,escomparr,582,Expert,2026-03-05
965,TayKo007,582,Expert,2026-03-05
966,Ratman258,582,Expert,2026-03-05
967,vivekjosef,582,Expert,2026-03-05
968,jokair09,582,Expert,2026-03-05
969,Myssa,581,Expert,2026-03-05
970,doctorkelogs,580,Expert,2026-03-05
971,sky_little,580,Expert,2026-03-05
972,jspjesuisarthur,580,Expert,2026-03-05
973,littledesire73,579,Expert,2026-03-05
974,Galaxy541,578,Expert,2026-03-05
975,Kernatol,577,Expert,2026-03-05
976,vassago1986,577,Expert,2026-03-05
977,marickette,576,Expert,2026-03-05
978,neyka_a,575,Expert,2026-03-05
979,Kezelem_TL,574,Expert,2026-03-05
980,chicodelamuerte,574,Expert,2026-03-05
981,triskell35,574,Expert,2026-03-05
982,nicomygoddd,572,Expert,2026-03-05
983,romain_1410,571,Expert,2026-03-05
984,boogawanga,571,Expert,2026-03-05
985,blaisematuidigoat,571,Expert,2026-03-05
986,grosveineux85,570,Expert,2026-03-05
987,Nonajo29,569,Expert,2026-03-05
988,cha_gbb_,569,Expert,2026-03-05
989,Nxlqn,569,Expert,2026-03-05
990,cherub_fan,568,Expert,2026-03-05
991,ptnmjsp,566,Expert,2026-03-05
992,flolepetitflocon,565,Expert,2026-03-05
993,ykiyuk,565,Expert,2026-03-05
994,gashii_na,565,Expert,2026-03-05
995,romanitou_,564,Expert,2026-03-05
996,blurrynat,564,Expert,2026-03-05
997,Marrbol,562,Expert,2026-03-05
998,remi3191,562,Expert,2026-03-05
999,lilianlr10,561,Expert,2026-03-05
1000,astridgnd,561,Expert,2026-03-05
1001,maedandelion,560,Expert,2026-03-05
1002,clara9306,560,Expert,2026-03-05
1003,silia4,560,Expert,2026-03-05
1004,Gauffragon,560,Expert,2026-03-05
1005,Damonarix,560,Expert,2026-03-05
1006,picon02,559,Expert,2026-03-05
1007,Luthis_IV,558,Expert,2026-03-05
1008,riiixxx,556,Expert,2026-03-05
1009,Ramei_Taphore,556,Expert,2026-03-05
1010,theolebgdu35,554,Expert,2026-03-05
1011,arthur_dmcd,554,Expert,2026-03-05
1012,maxenzz,554,Expert,2026-03-05
1013,frzzzzz63,553,Expert,2026-03-05
1014,embrouaze,552,Expert,2026-03-05
1015,Damdam13600,552,Expert,2026-03-05
1016,Prototype4K,551,Expert,2026-03-05
1017,perrfre,551,Expert,2026-03-05
1018,matooooooooooo0,551,Expert,2026-03-05
1019,Brice2Nils,550,Expert,2026-03-05
1020,FrencheQuiche,550,Expert,2026-03-05
1021,haltemanga,550,Expert,2026-03-05
1022,fb_julien,548,Expert,2026-03-05
1023,Retsillo,548,Expert,2026-03-05
1024,bi_e,548,Expert,2026-03-05
1025,tintochette_,547,Expert,2026-03-05
1026,lusquah,547,Expert,2026-03-05
1027,no_lan_deng,546,Expert,2026-03-05
1028,crimsonrom,544,Expert,2026-03-05
1029,derpepino,544,Expert,2026-03-05
1030,twitchbolognaise,544,Expert,2026-03-05
1031,O_Tawa,544,Expert,2026-03-05
1032,neocommedansmatrix,543,Expert,2026-03-05
1033,wind57050,543,Expert,2026-03-05
1034,robsfool,543,Expert,2026-03-05
1035,harry_dean_stanton,542,Expert,2026-03-05
1036,Ritz_Fickz,542,Expert,2026-03-05
1037,aepsilon2,541,Expert,2026-03-05
1038,pliver_,540,Expert,2026-03-05
1039,cocoboit,540,Expert,2026-03-05
1040,excalibur2924,540,Expert,2026-03-05
1041,pierre52190,540,Expert,2026-03-05
1042,Rorotte_,540,Expert,2026-03-05
1043,Arg_a,540,Expert,2026-03-05
1044,provencal_le_gaulois_kmlt,539,Expert,2026-03-05
1045,arnaud2204,539,Expert,2026-03-05
1046,lounapsch,538,Expert,2026-03-05
1047,Wowtwinka,537,Expert,2026-03-05
1048,aprif,536,Expert,2026-03-05
1049,percheval,536,Expert,2026-03-05
1050,najayaaa,533,Expert,2026-03-05
1051,cloclolette,533,Expert,2026-03-05
1052,DrRichard89,533,Expert,2026-03-05
1053,batlamy49,532,Expert,2026-03-05
1054,jeffSeven,532,Expert,2026-03-05
1055,luiop34,531,Expert,2026-03-05
1056,marionvgv,531,Expert,2026-03-05
1057,RoyalNwKadoc,529,Expert,2026-03-05
1058,HerrEks,529,Expert,2026-03-05
1059,WBCorp,528,Expert,2026-03-05
1060,moutig29200,528,Expert,2026-03-05
1061,lescargotvadrouilleur,528,Expert,2026-03-05
1062,lukasmelchior95,527,Expert,2026-03-05
1063,gob1lad_,527,Expert,2026-03-05
1064,BoulangerDeCristal,527,Expert,2026-03-05
1065,elwalidinho,527,Expert,2026-03-05
1066,elisim,526,Expert,2026-03-05
1067,setawk67,525,Expert,2026-03-05
1068,eldon947,525,Expert,2026-03-05
1069,captaindeadpool55,525,Expert,2026-03-05
1070,Lopiktec,525,Expert,2026-03-05
1071,baptdll,525,Expert,2026-03-05
1072,pierto840,525,Expert,2026-03-05
1073,reeey__,524,Expert,2026-03-05
1074,elisaaarsenic,524,Expert,2026-03-05
1075,infer_not,523,Expert,2026-03-05
1076,KheosFR,523,Expert,2026-03-05
1077,Mugis,523,Expert,2026-03-05
1078,btwix38,523,Expert,2026-03-05
1079,uncledrew_85,522,Expert,2026-03-05
1080,Ragnarok410,521,Expert,2026-03-05
1081,MiisterBueno,521,Expert,2026-03-05
1082,chek56,520,Expert,2026-03-05
1083,emmavossoeurs2,519,Expert,2026-03-05
1084,midnight_rdb,518,Expert,2026-03-05
1085,Shatrani44,518,Expert,2026-03-05
1086,Maeridiann,517,Expert,2026-03-05
1087,PoLLux5,517,Expert,2026-03-05
1088,manuerequin,516,Expert,2026-03-05
1089,thomasvbgh,516,Expert,2026-03-05
1090,gui12ma,515,Expert,2026-03-05
1091,mathildegregoire,515,Expert,2026-03-05
1092,sar_yer,515,Expert,2026-03-05
1093,laulaux_,515,Expert,2026-03-05
1094,Spayerboy,515,Expert,2026-03-05
1095,xraymnd,513,Expert,2026-03-05
1096,Wataroux,510,Expert,2026-03-05
1097,nazdrovjebr,510,Expert,2026-03-05
1098,Monsieur_Juj,509,Expert,2026-03-05
1099,dimvalax,508,Expert,2026-03-05
1100,momotte21,508,Expert,2026-03-05
1101,lasnoe7,507,Expert,2026-03-05
1102,WanDayo_,507,Expert,2026-03-05
1103,lepetitlouloudanslaforet,507,Expert,2026-03-05
1104,guiguich9,506,Expert,2026-03-05
1105,mateteee,506,Expert,2026-03-05
1106,echtecly,506,Expert,2026-03-05
1107,SKlearner,506,Expert,2026-03-05
1108,nainbustibo,505,Expert,2026-03-05
1109,nicowdt,505,Expert,2026-03-05
1110,MystCloud,504,Expert,2026-03-05
1111,Amethyste_tp,504,Expert,2026-03-05
1112,Kalepom,504,Expert,2026-03-05
1113,ecureuilbleu,503,Expert,2026-03-05
1114,theolgrs,503,Expert,2026-03-05
1115,skIyde,502,Expert,2026-03-05
1116,man0nmaoui,500,Expert,2026-03-05
1117,stiglitztz,499,Expert,2026-03-05
1118,clararap,498,Expert,2026-03-05
1119,YungHooligan06,498,Expert,2026-03-05
1120,TalArtemis,497,Expert,2026-03-05
1121,seizeh,496,Expert,2026-03-05
1122,Floco_YT,496,Expert,2026-03-05
1123,leofandechat,495,Expert,2026-03-05
1124,lau_ra_7,495,Expert,2026-03-05
1125,CaptainBaroud,495,Expert,2026-03-05
1126,shlager,494,Expert,2026-03-05
1127,WeKantStop,493,Expert,2026-03-05
1128,estarossaaa18,492,Expert,2026-03-05
1129,popolp5678,490,Expert,2026-03-05
1130,Aniade_,490,Expert,2026-03-05
1131,Beerslayer06,490,Expert,2026-03-05
1132,raaa_aph,489,Expert,2026-03-05
1133,KC_Feloux,487,Expert,2026-03-05
1134,Krotaaas,487,Expert,2026-03-05
1135,daceae_,486,Expert,2026-03-05
1136,babajem,485,Expert,2026-03-05
1137,lou_lb5,484,Expert,2026-03-05
1138,xovves,484,Expert,2026-03-05
1139,jeanne_lavender,482,Expert,2026-03-05
1140,Gui13700,481,Expert,2026-03-05
1141,titinelagrande,480,Expert,2026-03-05
1142,vincenzo35230,480,Expert,2026-03-05
1143,Raptorrr59,480,Expert,2026-03-05
1144,PapyPomme,480,Expert,2026-03-05
1145,pacoclicot,480,Expert,2026-03-05
1146,mxrinek,479,Expert,2026-03-05
1147,w0lf_ti9r0ux,478,Expert,2026-03-05
1148,martincloson,477,Expert,2026-03-05
1149,EykuySs,477,Expert,2026-03-05
1150,jacklemalin,476,Expert,2026-03-05
1151,Foujine,476,Expert,2026-03-05
1152,eyrochi,475,Expert,2026-03-05
1153,lynn_22_,475,Expert,2026-03-05
1154,geffg69,474,Expert,2026-03-05
1155,jrm_f,474,Expert,2026-03-05
1156,nemesis_0503,474,Expert,2026-03-05
1157,DarkCharlemagne,474,Expert,2026-03-05
1158,baptister42,473,Expert,2026-03-05
1159,murddy_r6,472,Expert,2026-03-05
1160,malozer35,472,Expert,2026-03-05
1161,Hattir,472,Expert,2026-03-05
1162,klara_0711,472,Expert,2026-03-05
1163,ScarrsX,471,Expert,2026-03-05
1164,yuumaas,470,Expert,2026-03-05
1165,Ruityde,470,Expert,2026-03-05
1166,lucilecdt,470,Expert,2026-03-05
1167,Oasiisgood,470,Expert,2026-03-05
1168,still_mbc,469,Expert,2026-03-05
1169,GiganThor_,469,Expert,2026-03-05
1170,SLG299,468,Expert,2026-03-05
1171,6m67,468,Expert,2026-03-05
1172,strainedbutcute,467,Expert,2026-03-05
1173,Poweriser144,467,Expert,2026-03-05
1174,Bresko_Emc,467,Expert,2026-03-05
1175,FlashD19,466,Expert,2026-03-05
1176,theovtie,465,Expert,2026-03-05
1177,ew0ne,465,Expert,2026-03-05
1178,segotte70,465,Expert,2026-03-05
1179,Waylannon,464,Expert,2026-03-05
1180,atropine35,464,Expert,2026-03-05
1181,hugo140604,464,Expert,2026-03-05
1182,ethany42,464,Expert,2026-03-05
1183,IamSid3WiNdeR,463,Expert,2026-03-05
1184,agon_cc,463,Expert,2026-03-05
1185,LilithMajor,463,Expert,2026-03-05
1186,Khryd,463,Expert,2026-03-05
1187,responseau,463,Expert,2026-03-05
1188,tombasket4426,462,Expert,2026-03-05
1189,Faudero,461,Expert,2026-03-05
1190,albertmonsieur,460,Expert,2026-03-05
1191,lepriscie,460,Expert,2026-03-05
1192,edgar_2204,459,Expert,2026-03-05
1193,lKazz_,458,Expert,2026-03-05
1194,BananCeleste,458,Expert,2026-03-05
1195,moutontuf,458,Expert,2026-03-05
1196,pandaddicte,458,Expert,2026-03-05
1197,germanmen77,457,Expert,2026-03-05
1198,siropmonarde,457,Expert,2026-03-05
1199,misteralex2112,457,Expert,2026-03-05
1200,ChatRose49,457,Expert,2026-03-05
1201,charlotteg4,456,Expert,2026-03-05
1202,Tyney_,455,Expert,2026-03-05
1203,beavounet12,454,Expert,2026-03-05
1204,shimz22,454,Expert,2026-03-05
1205,NitroFirZen,454,Expert,2026-03-05
1206,Pifoute,452,Expert,2026-03-05
1207,tellure52,452,Expert,2026-03-05
1208,vesp_thynisol,451,Expert,2026-03-05
1209,Enwey,451,Expert,2026-03-05
1210,galaxy101201,451,Expert,2026-03-05
1211,mathitsu9,450,Expert,2026-03-05
1212,venini92,449,Expert,2026-03-05
1213,lnl8d,448,Expert,2026-03-05
1214,MatForceur,448,Expert,2026-03-05
1215,eddybluefingz,448,Expert,2026-03-05
1216,MethEnFait,448,Expert,2026-03-05
1217,Holt78,447,Expert,2026-03-05
1218,idaje,447,Expert,2026-03-05
1219,kot_db,446,Expert,2026-03-05
1220,jujy57,446,Expert,2026-03-05
1221,blackraven560276,446,Expert,2026-03-05
1222,markaragnos501,445,Expert,2026-03-05
1223,leo7128,443,Expert,2026-03-05
1224,Pragoserda,441,Expert,2026-03-05
1225,pierre2408,440,Expert,2026-03-05
1226,malpz7,439,Expert,2026-03-05
1227,Sanjicook51,439,Expert,2026-03-05
1228,choukakiller,439,Expert,2026-03-05
1229,celliiinee,438,Expert,2026-03-05
1230,ringo_65,438,Expert,2026-03-05
1231,deltimekl,437,Expert,2026-03-05
1232,joshuadepedi,436,Expert,2026-03-05
1233,SadakoKimimura,433,Expert,2026-03-05
1234,miemdax,430,Expert,2026-03-05
1235,BARZE02,429,Expert,2026-03-05
1236,alexanepineau,428,Expert,2026-03-05
1237,loucaz_rbx,428,Expert,2026-03-05
1238,haddocktrllx,427,Expert,2026-03-05
1239,Tibogecko59,426,Expert,2026-03-05
1240,nefeit_rl,426,Expert,2026-03-05
1241,Jakp0t_,423,Expert,2026-03-05
1242,mario_kartoffel,421,Expert,2026-03-05
1243,labubette,420,Expert,2026-03-05
1244,LeAlveris,420,Expert,2026-03-05
1245,Desillusion0,420,Expert,2026-03-05
1246,FlorusHippocampe,420,Expert,2026-03-05
1247,qualouche24,419,Expert,2026-03-05
1248,daffyduckamaru,419,Expert,2026-03-05
1249,lorena_frl,419,Expert,2026-03-05
1250,aramistouille,418,Expert,2026-03-05
1251,gros_nazeee,418,Expert,2026-03-05
1252,coraliearg,418,Expert,2026-03-05
1253,nougatkenan,417,Expert,2026-03-05
1254,arthurlefu,417,Expert,2026-03-05
1255,bobbybambou24,416,Expert,2026-03-05
1256,Shyyx44,415,Expert,2026-03-05
1257,racconwithrizz,415,Expert,2026-03-05
1258,shadowandhopes,413,Expert,2026-03-05
1259,ridzuWZK,413,Expert,2026-03-05
1260,Bebecq_57,412,Expert,2026-03-05
1261,ahorushiro,411,Expert,2026-03-05
1262,TTouille,410,Expert,2026-03-05
1263,ElFringoo,409,Expert,2026-03-05
1264,Samoussam,409,Expert,2026-03-05
1265,camarade_007,408,Expert,2026-03-05
1266,GL_Gabdau,407,Expert,2026-03-05
1267,general_vador,407,Expert,2026-03-05
1268,sweetteaaddict39,406,Expert,2026-03-05
1269,clemrev85,404,Expert,2026-03-05
1270,DIO_1926,403,Expert,2026-03-05
1271,perejosephine,402,Expert,2026-03-05
1272,TitiSco49,402,Expert,2026-03-05
1273,drderrien,401,Expert,2026-03-05
1274,DianeHn,401,Expert,2026-03-05
1275,Thephoenix15,401,Expert,2026-03-05
1276,prunorigolo,400,Expert,2026-03-05
1277,sirnitneroc,400,Expert,2026-03-05
1278,h_bogart25,400,Expert,2026-03-05
1279,mintarra21,400,Expert,2026-03-05
1280,Spryven_,399,Expert,2026-03-05
1281,Barjhork,399,Expert,2026-03-05
1282,t1ph41n3,398,Expert,2026-03-05
1283,Marsbal,398,Expert,2026-03-05
1284,lixtya,398,Expert,2026-03-05
1285,Hrognaar,398,Expert,2026-03-05
1286,davinhyo_8,397,Expert,2026-03-05
1287,leroigogus,397,Expert,2026-03-05
1288,Leroms1,397,Expert,2026-03-05
1289,LeMart14,396,Expert,2026-03-05
1290,alilabase18,395,Expert,2026-03-05
1291,dgdrhzse,391,Expert,2026-03-05
1292,hugo840,391,Expert,2026-03-05
1293,cbkine,390,Expert,2026-03-05
1294,vic2312,390,Expert,2026-03-05
1295,omniscy,390,Expert,2026-03-05
1296,Lastot,389,Expert,2026-03-05
1297,dzekonomies,389,Expert,2026-03-05
1298,ShinoxEU,386,Expert,2026-03-05
1299,guighzy,384,Expert,2026-03-05
1300,BauBauBiNKS,384,Expert,2026-03-05
1301,nanor20p,382,Expert,2026-03-05
1302,xLe0_,382,Expert,2026-03-05
1303,Cihrzad,380,Expert,2026-03-05
1304,BenjiElChti,380,Expert,2026-03-05
1305,pilloweli,380,Expert,2026-03-05
1306,sharpyl,379,Expert,2026-03-05
1307,Packkkco,379,Expert,2026-03-05
1308,Koriio,378,Expert,2026-03-05
1309,Lupytup_,377,Expert,2026-03-05
1310,Callie450,376,Expert,2026-03-05
1311,highdrien34,376,Expert,2026-03-05
1312,cost4r,375,Expert,2026-03-05
1313,kyinio,374,Expert,2026-03-05
1314,annotir,374,Expert,2026-03-05
1315,The_Doctor_Brown,373,Expert,2026-03-05
1316,demonrider_155,373,Expert,2026-03-05
1317,ttbox21,372,Expert,2026-03-05
1318,jmpunk59,372,Expert,2026-03-05
1319,Yakouze,372,Expert,2026-03-05
1320,Gritam,371,Expert,2026-03-05
1321,titilebest2,368,Expert,2026-03-05
1322,w0lp_,368,Expert,2026-03-05
1323,yann_m15,368,Expert,2026-03-05
1324,LeNareux,367,Expert,2026-03-05
1325,fewart24,367,Expert,2026-03-05
1326,hft40,367,Expert,2026-03-05
1327,smyno0,366,Expert,2026-03-05
1328,roolerfan,366,Expert,2026-03-05
1329,karelle_p,366,Expert,2026-03-05
1330,le_bazz,366,Expert,2026-03-05
1331,kaboumza85,365,Expert,2026-03-05
1332,la_romb,365,Expert,2026-03-05
1333,Azedine85,365,Expert,2026-03-05
1334,elvin__19,365,Expert,2026-03-05
1335,saamoht,364,Expert,2026-03-05
1336,Valk1205,362,Expert,2026-03-05
1337,Lyllubia,362,Expert,2026-03-05
1338,ttomy91,362,Expert,2026-03-05
1339,JSQ_NoixDeCoco,361,Expert,2026-03-05
1340,zerom_13,361,Expert,2026-03-05
1341,lilllice,360,Expert,2026-03-05
1342,ju_le_100,360,Expert,2026-03-05
1343,pepitto84,359,Expert,2026-03-05
1344,tudal,358,Expert,2026-03-05
1345,Spaywo,357,Expert,2026-03-05
1346,chavouille,357,Expert,2026-03-05
1347,lapetitelouise1,356,Expert,2026-03-05
1348,apodeus33,356,Expert,2026-03-05
1349,stibimi,356,Expert,2026-03-05
1350,damis59,356,Expert,2026-03-05
1351,Gaga_san,354,Expert,2026-03-05
1352,Yokai67twitch,353,Expert,2026-03-05
1353,sullyzok25,352,Expert,2026-03-05
1354,phhierre,351,Expert,2026-03-05
1355,TheNewChemist,350,Expert,2026-03-05
1356,riquinos,350,Expert,2026-03-05
1357,olkaaz,349,Expert,2026-03-05
1358,YuriiVGR,349,Expert,2026-03-05
1359,5kronizer,348,Expert,2026-03-05
1360,jeeeun63,347,Expert,2026-03-05
1361,zehncool,347,Expert,2026-03-05
1362,guillef77,344,Expert,2026-03-05
1363,malo_ok,344,Expert,2026-03-05
1364,AlanGoud,343,Expert,2026-03-05
1365,Guitouuu,343,Expert,2026-03-05
1366,carlos_ej9,342,Expert,2026-03-05
1367,zlc_zip,341,Expert,2026-03-05
1368,Tehk_Now,341,Expert,2026-03-05
1369,vsatanas,341,Expert,2026-03-05
1370,mhaax_,340,Expert,2026-03-05
1371,ac_richie,340,Expert,2026-03-05
1372,olivierpapaye,339,Expert,2026-03-05
1373,JadixaTV,338,Expert,2026-03-05
1374,rontidju,338,Expert,2026-03-05
1375,teoulea8,337,Expert,2026-03-05
1376,valoune74,337,Expert,2026-03-05
1377,clementdjir,336,Expert,2026-03-05
1378,ThorPenn,335,Expert,2026-03-05
1379,superlipopette_zazou,334,Expert,2026-03-05
1380,vanHinano,333,Expert,2026-03-05
1381,Pierma_,332,Expert,2026-03-05
1382,arkysflexonurmom,332,Expert,2026-03-05
1383,klausye,331,Expert,2026-03-05
1384,MalouReyy,330,Expert,2026-03-05
1385,whitefox1806,330,Expert,2026-03-05
1386,istiis,330,Expert,2026-03-05
1387,laapetitechloe,330,Expert,2026-03-05
1388,obb1,329,Expert,2026-03-05
1389,lekerx24,329,Expert,2026-03-05
1390,31mdlp,329,Expert,2026-03-05
1391,papazouglu500,328,Expert,2026-03-05
1392,noahd1706,328,Expert,2026-03-05
1393,MaroixCompagnie,328,Expert,2026-03-05
1394,buuche__,327,Expert,2026-03-05
1395,JordanVdl,326,Expert,2026-03-05
1396,OrgeVenus,326,Expert,2026-03-05
1397,okasa_vr,324,Expert,2026-03-05
1398,asstorm1,324,Expert,2026-03-05
1399,Yaaassine_z,323,Expert,2026-03-05
1400,paullmrtn,322,Expert,2026-03-05
1401,amndnb,322,Expert,2026-03-05
1402,SuperCookie37,322,Expert,2026-03-05
1403,Lioad,321,Expert,2026-03-05
1404,Scadeur,321,Expert,2026-03-05
1405,ttrixo,320,Expert,2026-03-05
1406,Sophie_Ldr,319,Expert,2026-03-05
1407,obus325,318,Expert,2026-03-05
1408,mur_de_brik,318,Expert,2026-03-05
1409,clement_tmsr,317,Expert,2026-03-05
1410,marin_g56,316,Expert,2026-03-05
1411,pierre_lny8,316,Expert,2026-03-05
1412,tonio385,316,Expert,2026-03-05
1413,Titoouu_,315,Expert,2026-03-05
1414,LeKosby,315,Expert,2026-03-05
1415,Antho_Clacos,315,Expert,2026-03-05
1416,jacklessur,315,Expert,2026-03-05
1417,charlet_ctr,314,Expert,2026-03-05
1418,Daerrow_,313,Expert,2026-03-05
1419,eliot25000,312,Expert,2026-03-05
1420,mayakovitch,311,Expert,2026-03-05
1421,davy_53,310,Expert,2026-03-05
1422,mathvall,309,Expert,2026-03-05
1423,Allineaa,309,Expert,2026-03-05
1424,AlfiShelby,306,Expert,2026-03-05
1425,jade_sicsic,306,Expert,2026-03-05
1426,Waxiwe_,306,Expert,2026-03-05
1427,loukaysi,305,Expert,2026-03-05
1428,thetoniocarbo,304,Expert,2026-03-05
1429,Kamertur,304,Expert,2026-03-05
1430,m_spector,304,Expert,2026-03-05
1431,ryceme,304,Expert,2026-03-05
1432,roro2553,304,Expert,2026-03-05
1433,NhanVinh,303,Expert,2026-03-05
1434,migemary,303,Expert,2026-03-05
1435,zoebullition,302,Expert,2026-03-05
1436,candoudouz,302,Expert,2026-03-05
1437,Starcower,301,Expert,2026-03-05
1438,gallenssio,301,Expert,2026-03-05
1439,FloWteurs,300,Expert,2026-03-05
1440,Mitalias_,300,Expert,2026-03-05
1441,Vincea04,300,Expert,2026-03-05
1442,zepartiiw,300,Expert,2026-03-05
1443,Millay,300,Expert,2026-03-05
1444,YukariYuii,299,Expert,2026-03-05
1445,cowlehre,298,Expert,2026-03-05
1446,celinou7,298,Expert,2026-03-05
1447,og_shuk,296,Expert,2026-03-05
1448,sebleronflex,296,Expert,2026-03-05
1449,Nhewt,296,Expert,2026-03-05
1450,lithme_,295,Expert,2026-03-05
1451,notbadassassinnn,293,Expert,2026-03-05
1452,LuniqueGamus,293,Expert,2026-03-05
1453,minibras42,292,Expert,2026-03-05
1454,Kelkinbaicil,291,Expert,2026-03-05
1455,Gloups,290,Expert,2026-03-05
1456,totobass08600,290,Expert,2026-03-05
1457,gdmtm,289,Expert,2026-03-05
1458,banana2522,288,Expert,2026-03-05
1459,Hawzaz,288,Expert,2026-03-05
1460,pepelitossss,287,Expert,2026-03-05
1461,EkiHolic_,285,Expert,2026-03-05
1462,makzime_,285,Expert,2026-03-05
1463,Sinaynomis,285,Expert,2026-03-05
1464,leniplentqui,284,Expert,2026-03-05
1465,redst0,283,Expert,2026-03-05
1466,jindhotwheels,282,Expert,2026-03-05
1467,SlyErwan,282,Expert,2026-03-05
1468,halco_o,282,Expert,2026-03-05
1469,far_innn,282,Expert,2026-03-05
1470,roarslan,281,Expert,2026-03-05
1471,nonamnitud,281,Expert,2026-03-05
1472,perimetre,281,Expert,2026-03-05
1473,anakayui,281,Expert,2026-03-05
1474,Mbaptiste20,279,Expert,2026-03-05
1475,arouxxxx,278,Expert,2026-03-05
1476,jeremystranger,278,Expert,2026-03-05
1477,Mikkoku_chan,278,Expert,2026-03-05
1478,MrSkorpiox,276,Expert,2026-03-05
1479,defal__,276,Expert,2026-03-05
1480,kelsier_cm,273,Expert,2026-03-05
1481,Sw4pyG4m3s,272,Expert,2026-03-05
1482,Frasierjones,271,Expert,2026-03-05
1483,copaingeorge,271,Expert,2026-03-05
1484,abraksas95,271,Expert,2026-03-05
1485,RicT0n,270,Expert,2026-03-05
1486,tibro_,270,Expert,2026-03-05
1487,stinkysidh,270,Expert,2026-03-05
1488,Goshtbusters44,270,Expert,2026-03-05
1489,anachocolat78,270,Expert,2026-03-05
1490,clemdefreu,269,Expert,2026-03-05
1491,Olvibo,268,Expert,2026-03-05
1492,thibsf,266,Expert,2026-03-05
1493,eldod_5986,266,Expert,2026-03-05
1494,Clemerfed,264,Expert,2026-03-05
1495,Clem_92100,264,Expert,2026-03-05
1496,gigiblaum,259,Expert,2026-03-05
1497,martineau72200,259,Expert,2026-03-05
1498,Vavi10,257,Expert,2026-03-05
1499,at_m0s,256,Expert,2026-03-05
1500,kraxthar,255,Expert,2026-03-05
1501,lotusroussette,255,Expert,2026-03-05
1502,Robert_Lafondue_,254,Expert,2026-03-05
1503,sf_mat,252,Expert,2026-03-05
1504,timar_san,252,Expert,2026-03-05
1505,flodel76,252,Expert,2026-03-05
1506,Tayzeck,252,Expert,2026-03-05
1507,ANiceAtomicZuno,251,Expert,2026-03-05
1508,galeckid,250,Expert,2026-03-05
1509,alex73630,250,Expert,2026-03-05
1510,EmilieGU,250,Expert,2026-03-05
1511,thiem69,249,Expert,2026-03-05
1512,prof_scarecrow,249,Expert,2026-03-05
1513,bilhoute59,248,Expert,2026-03-05
1514,meglyne,247,Expert,2026-03-05
1515,blyziit,247,Expert,2026-03-05
1516,parzouile,247,Expert,2026-03-05
1517,clementguise,246,Expert,2026-03-05
1518,dest6n6,244,Expert,2026-03-05
1519,Darkswaglpb,244,Expert,2026-03-05
1520,Khazu_,244,Expert,2026-03-05
1521,Mimozia_,244,Expert,2026-03-05
1522,farfadetjovial,244,Expert,2026-03-05
1523,kindermaxi07,243,Expert,2026-03-05
1524,ghargo92,243,Expert,2026-03-05
1525,QuizyAntho,242,Expert,2026-03-05
1526,lulumatteo,240,Expert,2026-03-05
1527,Axlouf_,240,Expert,2026-03-05
1528,Hyygow,240,Expert,2026-03-05
1529,607v6hdi,240,Expert,2026-03-05
1530,raptorfou16,240,Expert,2026-03-05
1531,piecout,240,Expert,2026-03-05
1532,juicyman6,240,Expert,2026-03-05
1533,biboujils,240,Expert,2026-03-05
1534,LuckyNipples,240,Expert,2026-03-05
1535,clemger30,240,Expert,2026-03-05
1536,Soisang,240,Expert,2026-03-05
1537,Pipou_47,240,Expert,2026-03-05
1538,manon14522,239,Expert,2026-03-05
1539,lisalyca,239,Expert,2026-03-05
1540,geantpersil,239,Expert,2026-03-05
1541,aymericdep,238,Expert,2026-03-05
1542,Curtiflop,238,Expert,2026-03-05
1543,Evandar_XD,238,Expert,2026-03-05
1544,Thakeax,236,Expert,2026-03-05
1545,max4h,236,Expert,2026-03-05
1546,tanguyenne,235,Expert,2026-03-05
1547,nibiru667,232,Expert,2026-03-05
1548,Sunnnyy_,231,Expert,2026-03-05
1549,wiikiix,230,Expert,2026-03-05
1550,perkele4242,230,Expert,2026-03-05
1551,romain_jcq,230,Expert,2026-03-05
1552,milobito,229,Expert,2026-03-05
1553,SiliaValentine,229,Expert,2026-03-05
1554,inferno_marto,229,Expert,2026-03-05
1555,ujjutz,228,Expert,2026-03-05
1556,7thsymphony,228,Expert,2026-03-05
1557,Ouaf_blanc,228,Expert,2026-03-05
1558,locabuzell,228,Expert,2026-03-05
1559,Caebun,227,Expert,2026-03-05
1560,Araclove31,227,Expert,2026-03-05
1561,lad51,226,Expert,2026-03-05
1562,champoly,226,Expert,2026-03-05
1563,Leo_dmo,226,Expert,2026-03-05
1564,effygies26,226,Expert,2026-03-05
1565,Kirosath,224,Expert,2026-03-05
1566,topaze2008,224,Expert,2026-03-05
1567,hippo__games,224,Expert,2026-03-05
1568,freipapagei,224,Expert,2026-03-05
1569,Luxian71,224,Expert,2026-03-05
1570,admylex33,222,Expert,2026-03-05
1571,Reydark59,222,Expert,2026-03-05
1572,Pandawann01,222,Expert,2026-03-05
1573,charmandprout,221,Expert,2026-03-05
1574,Cudiinho,221,Expert,2026-03-05
1575,Mimirtylle,220,Expert,2026-03-05
1576,ngu9572,219,Expert,2026-03-05
1577,softwave__,217,Expert,2026-03-05
1578,Sacrisanglant,216,Expert,2026-03-05
1579,niwiarz,216,Expert,2026-03-05
1580,laurianerbld,214,Expert,2026-03-05
1581,la_souillure,213,Expert,2026-03-05
1582,NeoXHyriz,213,Expert,2026-03-05
1583,Ironfirst_ow,212,Expert,2026-03-05
1584,Yodathor,212,Expert,2026-03-05
1585,marlondujj,210,Expert,2026-03-05
1586,antonbtt,210,Expert,2026-03-05
1587,Z4RT0CK,210,Expert,2026-03-05
1588,Thorneir_,210,Expert,2026-03-05
1589,Truepika,210,Expert,2026-03-05
1590,rollo2k17,210,Expert,2026-03-05
1591,AlricOnasrite,210,Expert,2026-03-05
1592,ValereDeLaPlaneteTerre,210,Expert,2026-03-05
1593,k0lge,210,Expert,2026-03-05
1594,KenLaFraise,210,Expert,2026-03-05
1595,pretrescientologue,210,Expert,2026-03-05
1596,octanegirl77,209,Expert,2026-03-05
1597,Jalaga,209,Expert,2026-03-05
1598,bougzy1,208,Expert,2026-03-05
1599,puceau_et_cocu,208,Expert,2026-03-05
1600,Ensowu,208,Expert,2026-03-05
1601,vever2134,207,Expert,2026-03-05
1602,Boruug,206,Expert,2026-03-05
1603,falkky88,206,Expert,2026-03-05
1604,profit_lactique,206,Expert,2026-03-05
1605,laghoss,200,Expert,2026-03-05
1606,apocaelips,200,Expert,2026-03-05
1607,amomamoma,199,Expert,2026-03-05
1608,lepierrotdu67_,197,Expert,2026-03-05
1609,vins0806,197,Expert,2026-03-05
1610,armand08_,196,Expert,2026-03-05
1611,lodestroy,196,Expert,2026-03-05
1612,BadGones,195,Expert,2026-03-05
1613,yorickk_,195,Expert,2026-03-05
1614,standotcow,194,Expert,2026-03-05
1615,bluebat59,194,Expert,2026-03-05
1616,KuriStream,192,Expert,2026-03-05
1617,evan3ssor,192,Expert,2026-03-05
1618,AEG_Benammus,192,Expert,2026-03-05
1619,0uahleouff,192,Expert,2026-03-05
1620,stargate1907,192,Expert,2026-03-05
1621,rozankya,191,Expert,2026-03-05
1622,art_29,190,Expert,2026-03-05
1623,Ruka_Bartender,190,Expert,2026-03-05
1624,Iwilli26,190,Expert,2026-03-05
1625,adroseee,188,Expert,2026-03-05
1626,kelyurushka,187,Expert,2026-03-05
1627,valochelovesnever,187,Expert,2026-03-05
1628,julian12122005,186,Expert,2026-03-05
1629,line_ma,183,Expert,2026-03-05
1630,Aza_Naru,183,Expert,2026-03-05
1631,wazkiz,181,Expert,2026-03-05
1632,Marceau62,181,Expert,2026-03-05
1633,hecatelalune,180,Expert,2026-03-05
1634,bidilah,180,Expert,2026-03-05
1635,Cedigold,180,Expert,2026-03-05
1636,emichordate,180,Expert,2026-03-05
1637,petochedu52,180,Expert,2026-03-05
1638,roidada5,180,Expert,2026-03-05
1639,xiram95,180,Expert,2026-03-05
1640,3l_b3urr3_br3ton,180,Expert,2026-03-05
1641,zetaxc25,180,Expert,2026-03-05
1642,Allan4A,180,Expert,2026-03-05
1643,flameoov,180,Expert,2026-03-05
1644,gagelibuzz,180,Expert,2026-03-05
1645,Insupie,178,Expert,2026-03-05
1646,Justdothatman,177,Expert,2026-03-05
1647,hugom64,176,Expert,2026-03-05
1648,clemlo23,176,Expert,2026-03-05
1649,nicosmilesc,176,Expert,2026-03-05
1650,ArKeiZ_,176,Expert,2026-03-05
1651,assel_dm,175,Expert,2026-03-05
1652,purplewordle,172,Expert,2026-03-05
1653,coco_n9_,171,Expert,2026-03-05
1654,Overzimbabwe,169,Expert,2026-03-05
1655,legendbonobo,167,Expert,2026-03-05
1656,MelcoreHat,167,Expert,2026-03-05
1657,tim_tim27,166,Expert,2026-03-05
1658,selmasada,165,Expert,2026-03-05
1659,yoktoo,165,Expert,2026-03-05
1660,hugo_camille,165,Expert,2026-03-05
1661,tom78170,164,Expert,2026-03-05
1662,Tuuttuurr,164,Expert,2026-03-05
1663,Gregofrigo,164,Expert,2026-03-05
1664,petitebiche,159,Expert,2026-03-05
1665,Porosamax,158,Expert,2026-03-05
1666,Skymonn,158,Expert,2026-03-05
1667,lorentin_hs,156,Expert,2026-03-05
1668,eb010294,156,Expert,2026-03-05
1669,emmental117785,156,Expert,2026-03-05
1670,Sousou36,156,Expert,2026-03-05
1671,LadyD4rk_,154,Expert,2026-03-05
1672,LyneSG,154,Expert,2026-03-05
1673,LeonDeFoudre,153,Expert,2026-03-05
1674,captaingreenie,150,Expert,2026-03-05
1675,jud_0range,150,Expert,2026-03-05
1676,Roro_L,150,Expert,2026-03-05
1677,mcperrier,150,Expert,2026-03-05
1678,megapegasus15,150,Expert,2026-03-05
1679,Pataruu,150,Expert,2026-03-05
1680,Eijioklm,150,Expert,2026-03-05
1691,Pascalouuu,150,Expert,2026-03-05
1692,poupiwi,150,Expert,2026-03-05
1693,shooteerr85,150,Expert,2026-03-05
1694,badnews33,148,Expert,2026-03-05
1695,emyzakii,148,Expert,2026-03-05
1696,VoImoG,147,Expert,2026-03-05
1697,elsa_gllt,147,Expert,2026-03-05
1698,SoBgd,146,Expert,2026-03-05
1699,apple7954,144,Expert,2026-03-05
1700,buggsbun2856,140,Expert,2026-03-05
1701,0odys,139,Expert,2026-03-05
1702,Tuilespaprika,138,Expert,2026-03-05
1703,kaitosamatv,136,Expert,2026-03-05
1704,MrJoy27,136,Expert,2026-03-05
1705,LMA_Reckss,135,Expert,2026-03-05
1706,makusuwu,135,Expert,2026-03-05
1707,kyhosa,135,Expert,2026-03-05
1708,meennttooss,134,Expert,2026-03-05
1709,YT_Shirotv,134,Expert,2026-03-05
1710,ohla2000,134,Expert,2026-03-05
1711,Magicaboy1,132,Expert,2026-03-05
1712,Pantoofles,132,Expert,2026-03-05
1713,ElKoudou,132,Expert,2026-03-05
1714,patapoufi1,132,Expert,2026-03-05
1715,owellesjp,132,Expert,2026-03-05
1716,kaiihuaii,126,Expert,2026-03-05
1717,meteor21x,126,Expert,2026-03-05
1718,sushi302,124,Expert,2026-03-05
1719,pastradan,124,Expert,2026-03-05
1720,thebunouf,124,Expert,2026-03-05
1721,IPacOII,124,Expert,2026-03-05
1722,quent47,124,Expert,2026-03-05
1723,crims0n_emperor,123,Expert,2026-03-05
1724,Walnem,122,Expert,2026-03-05
1725,maxmur,121,Expert,2026-03-05
1726,F4yaman,121,Expert,2026-03-05
1727,Hikitikat,121,Expert,2026-03-05
1728,Rhssy_,120,Expert,2026-03-05
1729,Reliop_sc2,120,Expert,2026-03-05
1730,RemyJn_,120,Expert,2026-03-05
1731,rorosp1,120,Expert,2026-03-05
1732,lumi5717,120,Expert,2026-03-05
1733,marcolino13000,120,Expert,2026-03-05
1734,petiteperrruche,120,Expert,2026-03-05
1735,ctLila,120,Expert,2026-03-05
1736,Tatagnol,120,Expert,2026-03-05
1737,lilysead,120,Expert,2026-03-05
1738,onijjam,120,Expert,2026-03-05
1739,EmN1ght,120,Expert,2026-03-05
1740,Avodin,120,Expert,2026-03-05
1741,agreabourg,120,Expert,2026-03-05
1742,Eldrokos,120,Expert,2026-03-05
1743,alex6344,113,Expert,2026-03-05
1744,tvX3NON,113,Expert,2026-03-05
1745,AMP_Tanzo,110,Expert,2026-03-05
1746,piketaxx,110,Expert,2026-03-05
1747,Loisyoyo_,110,Expert,2026-03-05
1748,TenebroA,110,Expert,2026-03-05
1749,thomate1406,106,Expert,2026-03-05
1750,Binbaski,106,Expert,2026-03-05
1751,d0mart,104,Expert,2026-03-05
1752,ashell21,104,Expert,2026-03-05
1753,franxper,102,Expert,2026-03-05
1754,maxime_le_goat_,102,Expert,2026-03-05
1755,darkstar2710,99,Expert,2026-03-05
1756,MsWallace24,96,Expert,2026-03-05
1757,annick33440,96,Expert,2026-03-05
1758,indoleon,96,Expert,2026-03-05
1759,teganaz,96,Expert,2026-03-05
1760,Axelinho1402,96,Expert,2026-03-05
1761,4ngoTV,96,Expert,2026-03-05
1762,relqx_,96,Expert,2026-03-05
1763,ewan_231,96,Expert,2026-03-05
1764,margauxmnto,91,Expert,2026-03-05
1765,toadsuper,91,Expert,2026-03-05
1766,rebasah,90,Expert,2026-03-05
1767,mamiehouda,90,Expert,2026-03-05
1768,Yutal,90,Expert,2026-03-05
1769,theooef,90,Expert,2026-03-05
1770,khaynes__,90,Expert,2026-03-05
1771,djeynialo,90,Expert,2026-03-05
1772,diabolitoyanito,90,Expert,2026-03-05
1773,Koishi_sama,90,Expert,2026-03-05
1774,karashic,90,Expert,2026-03-05
1775,julianedrdn,90,Expert,2026-03-05
1776,remi10des,90,Expert,2026-03-05
1777,reflyy,90,Expert,2026-03-05
1778,42gats,90,Expert,2026-03-05
1779,Shiirosune,90,Expert,2026-03-05
1780,pierrepier5,90,Expert,2026-03-05
1781,6_Kakashi_,90,Expert,2026-03-05
1782,sakuretsu1234,90,Expert,2026-03-05
1783,lucilecln,90,Expert,2026-03-05
1784,PlayfulChuck,90,Expert,2026-03-05
1785,ambreblc12,90,Expert,2026-03-05
1786,Aybliicher_,88,Expert,2026-03-05
1787,banban008,86,Expert,2026-03-05
1788,bebertlevrai,86,Expert,2026-03-05
1789,renardftn,86,Expert,2026-03-05
1790,lisavssr,84,Expert,2026-03-05
1791,DeuxAiles,75,Expert,2026-03-05
1792,sarahggre,74,Expert,2026-03-05
1793,nitram_v,74,Expert,2026-03-05
1794,inesn34,74,Expert,2026-03-05
1795,Ikascouille,74,Expert,2026-03-05
1796,Luminarss,73,Expert,2026-03-05
1797,JellalFRT,72,Expert,2026-03-05
1798,Just__Xt,71,Expert,2026-03-05
1799,Myfanwi59,71,Expert,2026-03-05
1800,ju4n1t0ss,69,Expert,2026-03-05
1801,chaloupen,66,Expert,2026-03-05
1802,monpote__,65,Expert,2026-03-05
1803,TwiceOW_,63,Expert,2026-03-05
1804,valmax94,60,Expert,2026-03-05
1805,Lycla_,60,Expert,2026-03-05
1806,syllo3,60,Expert,2026-03-05
1807,SKORELbucci,60,Expert,2026-03-05
1808,patinmau,60,Expert,2026-03-05
1809,Bouhbubs,60,Expert,2026-03-05
1810,bocboc2,60,Expert,2026-03-05
1811,floangais,60,Expert,2026-03-05
1812,azeliixx,60,Expert,2026-03-05
1813,man_we550,60,Expert,2026-03-05
1814,Marels10,60,Expert,2026-03-05
1815,lobytch,60,Expert,2026-03-05
1816,cherrysouptv,60,Expert,2026-03-05
1817,biwan93_,60,Expert,2026-03-05
1818,ashtray514,60,Expert,2026-03-05
1819,riseflag,60,Expert,2026-03-05
1820,iroflane,60,Expert,2026-03-05
1821,ethan_diabate,60,Expert,2026-03-05
1822,RasperGrimm,60,Expert,2026-03-05
1823,sabovvi,60,Expert,2026-03-05
1824,leoluffyfannnn,60,Expert,2026-03-05
1825,luludigne,60,Expert,2026-03-05
1826,KeacyKenobi,60,Expert,2026-03-05
1827,tiffanimagique,60,Expert,2026-03-05
1828,Remiwyng,60,Expert,2026-03-05
1829,kevluct,56,Expert,2026-03-05
1830,T0k0yamiii,54,Expert,2026-03-05
1831,azukesen,50,Expert,2026-03-05
1832,creepstone,50,Expert,2026-03-05
1833,Taerrann,50,Expert,2026-03-05
1834,M4sh19,50,Expert,2026-03-05
1835,ZetsuyFR,46,Expert,2026-03-05
1836,l_rssll_trrs,45,Expert,2026-03-05
1837,bigoat_,45,Expert,2026-03-05
1838,sw1___,44,Expert,2026-03-05
1839,carolinedenancy,43,Expert,2026-03-05
1840,zaceru,42,Expert,2026-03-05
1841,johan_peyr,42,Expert,2026-03-05
1842,Charmillya,41,Expert,2026-03-05
1843,gunmar06,39,Expert,2026-03-05
1844,empereurgoummeur,36,Expert,2026-03-05
1845,lov_vbwd7,31,Expert,2026-03-05
1846,djo_25,30,Expert,2026-03-05
1847,ldrpigeon,30,Expert,2026-03-05
1848,sosolartichaut,30,Expert,2026-03-05
1849,THE_MEKI,30,Expert,2026-03-05
1850,Kioube,30,Expert,2026-03-05
1851,FrancisAnkou,30,Expert,2026-03-05
1852,maxime508,30,Expert,2026-03-05
1853,migmax_l,30,Expert,2026-03-05
1854,gaaston____,30,Expert,2026-03-05
1855,paigee14,30,Expert,2026-03-05
1856,ellymak,30,Expert,2026-03-05
1857,potatoooeees,30,Expert,2026-03-05
1858,alpharia_18,30,Expert,2026-03-05
1859,b3stburg3r,30,Expert,2026-03-05
1860,AlphaH3lo,30,Expert,2026-03-05
1861,leodu95,30,Expert,2026-03-05
1862,No_ChiCha,30,Expert,2026-03-05
1863,skynath29,30,Expert,2026-03-05
1864,Maax27,30,Expert,2026-03-05
1865,Nad174,30,Expert,2026-03-05
1866,Ferendall,30,Expert,2026-03-05
1867,12yboke,26,Expert,2026-03-05
1868,fr_bab0u,26,Expert,2026-03-05
1869,margtl21,20,Expert,2026-03-05
1870,IIPiRaTeII,20,Expert,2026-03-05
1871,fransma2,20,Expert,2026-03-05
1872,Ribsouu,16,Expert,2026-03-05
1873,Nywayz,15,Expert,2026-03-05
1874,flova55,14,Expert,2026-03-05
1875,fiiqzette,0,Expert,2026-03-05
1876,Lunick28,0,Expert,2026-03-05
1877,RequiesPace,0,Expert,2026-03-05
1878,Falkhae,0,Expert,2026-03-05
1879,emile85200,0,Expert,2026-03-05
1880,babyboys14,0,Expert,2026-03-05
1881,tolhairance,0,Expert,2026-03-05
1882,jujupro,0,Expert,2026-03-05
1883,Mehdi_Dabu,0,Expert,2026-03-05
1884,niodau,0,Expert,2026-03-05
1885,manu_02468,0,Expert,2026-03-05
1886,OnLy__Tv,0,Expert,2026-03-05
1887,Drakengall,0,Expert,2026-03-05
1888,melassiedtoi,0,Expert,2026-03-05
1889,chefout,0,Expert,2026-03-05
1890,olivbleu,0,Expert,2026-03-05
1891,LHV_doudou,0,Expert,2026-03-05
1892,Kerdael,0,Expert,2026-03-05
1893,cosmoschtroumpf6,0,Expert,2026-03-05
1894,TapAs_bs,0,Expert,2026-03-05
1895,inquii,0,Expert,2026-03-05
1896,alphabread__,0,Expert,2026-03-05
1897,lecture240,0,Expert,2026-03-05
1898,Annnae,0,Expert,2026-03-05
1899,rubias09,0,Expert,2026-03-05
1900,Heughmage,0,Expert,2026-03-05
1901,lhv_rose,0,Expert,2026-03-05
1902,ch4rly_01,0,Expert,2026-03-05
1903,mathieumdt,0,Expert,2026-03-05
1904,thelululu,0,Expert,2026-03-05
1905,loulox10,0,Expert,2026-03-05
1906,gossip_boy7000,0,Expert,2026-03-05
1907,asxha_,0,Expert,2026-03-05
1908,Disox1,0,Expert,2026-03-05
1909,Clemands,0,Expert,2026-03-05
1910,gogolgu,0,Expert,2026-03-05
1911,CaIheim,0,Expert,2026-03-05
1912,iyoan344,0,Expert,2026-03-05
1913,lukelapin,0,Expert,2026-03-05
1914,geo570,0,Expert,2026-03-05
1915,heliumsolide,0,Expert,2026-03-05
1916,Wartux_,0,Expert,2026-03-05
1917,cikeos,0,Expert,2026-03-05
